source	same bytes kept at	would have gone to
YACC gitversion/YACC1-2020/PCB/Working - Under Develolpment/BUS-PROD-V2.0/CAMOutputs/Assembly/yacc2buss.txt	hardware/bus/backplane/eagle/v2.0/fab/CAMOutputs/Assembly/yacc2buss.txt	archive/superseded-revisions/pcb-misc/Working - Under Develolpment/BUS-PROD-V2.0/CAMOutputs/Assembly/yacc2buss.txt
YACC gitversion/YACC1-2020/PCB/Working - Under Develolpment/BUS-PROD-V2.0/CAMOutputs/DrillFiles/drill_1_16.xln	hardware/bus/backplane/eagle/v2.0/fab/CAMOutputs/DrillFiles/drill_1_16.xln	archive/superseded-revisions/pcb-misc/Working - Under Develolpment/BUS-PROD-V2.0/CAMOutputs/DrillFiles/drill_1_16.xln
YACC gitversion/YACC1-2020/PCB/Working - Under Develolpment/BUS-PROD-V2.0/CAMOutputs/GerberFiles/Archive.zip	hardware/bus/backplane/eagle/v2.0/fab/CAMOutputs/GerberFiles/Archive.zip	archive/superseded-revisions/pcb-misc/Working - Under Develolpment/BUS-PROD-V2.0/CAMOutputs/GerberFiles/Archive.zip
YACC gitversion/YACC1-2020/PCB/Working - Under Develolpment/BUS-PROD-V2.0/CAMOutputs/GerberFiles/copper_bottom_l4.gbr	hardware/bus/backplane/eagle/v2.0/fab/CAMOutputs/GerberFiles/copper_bottom_l4.gbr	archive/superseded-revisions/pcb-misc/Working - Under Develolpment/BUS-PROD-V2.0/CAMOutputs/GerberFiles/copper_bottom_l4.gbr
YACC gitversion/YACC1-2020/PCB/Working - Under Develolpment/BUS-PROD-V2.0/CAMOutputs/GerberFiles/copper_inner_l2.gbr	hardware/bus/backplane/eagle/v2.0/fab/CAMOutputs/GerberFiles/copper_inner_l2.gbr	archive/superseded-revisions/pcb-misc/Working - Under Develolpment/BUS-PROD-V2.0/CAMOutputs/GerberFiles/copper_inner_l2.gbr
YACC gitversion/YACC1-2020/PCB/Working - Under Develolpment/BUS-PROD-V2.0/CAMOutputs/GerberFiles/copper_inner_l3.gbr	hardware/bus/backplane/eagle/v2.0/fab/CAMOutputs/GerberFiles/copper_inner_l3.gbr	archive/superseded-revisions/pcb-misc/Working - Under Develolpment/BUS-PROD-V2.0/CAMOutputs/GerberFiles/copper_inner_l3.gbr
YACC gitversion/YACC1-2020/PCB/Working - Under Develolpment/BUS-PROD-V2.0/CAMOutputs/GerberFiles/copper_top_l1.gbr	hardware/bus/backplane/eagle/v2.0/fab/CAMOutputs/GerberFiles/copper_top_l1.gbr	archive/superseded-revisions/pcb-misc/Working - Under Develolpment/BUS-PROD-V2.0/CAMOutputs/GerberFiles/copper_top_l1.gbr
YACC gitversion/YACC1-2020/PCB/Working - Under Develolpment/BUS-PROD-V2.0/CAMOutputs/GerberFiles/drill_1_16.xln	hardware/bus/backplane/eagle/v2.0/fab/CAMOutputs/DrillFiles/drill_1_16.xln	archive/superseded-revisions/pcb-misc/Working - Under Develolpment/BUS-PROD-V2.0/CAMOutputs/GerberFiles/drill_1_16.xln
YACC gitversion/YACC1-2020/PCB/Working - Under Develolpment/BUS-PROD-V2.0/CAMOutputs/GerberFiles/gerber_job.gbrjob	hardware/bus/backplane/eagle/v2.0/fab/CAMOutputs/GerberFiles/gerber_job.gbrjob	archive/superseded-revisions/pcb-misc/Working - Under Develolpment/BUS-PROD-V2.0/CAMOutputs/GerberFiles/gerber_job.gbrjob
YACC gitversion/YACC1-2020/PCB/Working - Under Develolpment/BUS-PROD-V2.0/CAMOutputs/GerberFiles/profile.gbr	hardware/bus/backplane/eagle/v2.0/fab/CAMOutputs/GerberFiles/profile.gbr	archive/superseded-revisions/pcb-misc/Working - Under Develolpment/BUS-PROD-V2.0/CAMOutputs/GerberFiles/profile.gbr
YACC gitversion/YACC1-2020/PCB/Working - Under Develolpment/BUS-PROD-V2.0/CAMOutputs/GerberFiles/silkscreen_top.gbr	hardware/bus/backplane/eagle/v2.0/fab/CAMOutputs/GerberFiles/silkscreen_top.gbr	archive/superseded-revisions/pcb-misc/Working - Under Develolpment/BUS-PROD-V2.0/CAMOutputs/GerberFiles/silkscreen_top.gbr
YACC gitversion/YACC1-2020/PCB/Working - Under Develolpment/BUS-PROD-V2.0/CAMOutputs/GerberFiles/soldermask_bottom.gbr	hardware/bus/backplane/eagle/v2.0/fab/CAMOutputs/GerberFiles/soldermask_bottom.gbr	archive/superseded-revisions/pcb-misc/Working - Under Develolpment/BUS-PROD-V2.0/CAMOutputs/GerberFiles/soldermask_bottom.gbr
YACC gitversion/YACC1-2020/PCB/Working - Under Develolpment/BUS-PROD-V2.0/CAMOutputs/GerberFiles/soldermask_top.gbr	hardware/bus/backplane/eagle/v2.0/fab/CAMOutputs/GerberFiles/soldermask_top.gbr	archive/superseded-revisions/pcb-misc/Working - Under Develolpment/BUS-PROD-V2.0/CAMOutputs/GerberFiles/soldermask_top.gbr
YACC gitversion/YACC1-2020/PCB/Working - Under Develolpment/BUS-PROD-V2.0/test.ctl	hardware/libraries/eagle/test.ctl	archive/superseded-revisions/pcb-misc/Working - Under Develolpment/BUS-PROD-V2.0/test.ctl
YACC gitversion/YACC1-2020/PCB/Working - Under Develolpment/BUS-PROD-V2.0/yacc2buss.brd	hardware/bus/backplane/eagle/v2.0/yacc2buss.brd	archive/superseded-revisions/pcb-misc/Working - Under Develolpment/BUS-PROD-V2.0/yacc2buss.brd
YACC gitversion/YACC1-2020/PCB/Working - Under Develolpment/BUS-PROD-V2.0/yacc2buss.dxf	hardware/bus/backplane/eagle/v2.0/yacc2buss.dxf	archive/superseded-revisions/pcb-misc/Working - Under Develolpment/BUS-PROD-V2.0/yacc2buss.dxf
YACC gitversion/YACC1-2020/PCB/Working - Under Develolpment/BUS-PROD-V2.0/yacc2buss.pdf	hardware/bus/backplane/eagle/v2.0/yacc2buss.pdf	archive/superseded-revisions/pcb-misc/Working - Under Develolpment/BUS-PROD-V2.0/yacc2buss.pdf
YACC gitversion/YACC1-2020/PCB/Working - Under Develolpment/BUS-PROD-V2.0/yacc2buss.pro	hardware/bus/backplane/eagle/v2.0/yacc2buss.pro	archive/superseded-revisions/pcb-misc/Working - Under Develolpment/BUS-PROD-V2.0/yacc2buss.pro
YACC gitversion/YACC1-2020/PCB/Working - Under Develolpment/BUS-PROD-V2.0/yacc2buss.sch	hardware/bus/backplane/eagle/v2.0/yacc2buss.sch	archive/superseded-revisions/pcb-misc/Working - Under Develolpment/BUS-PROD-V2.0/yacc2buss.sch
YACC gitversion/YACC1-2020/PCB/Working - Under Develolpment/BUS-PROD-V2.0/yacc2buss.svg	hardware/bus/backplane/eagle/v2.0/yacc2buss.svg	archive/superseded-revisions/pcb-misc/Working - Under Develolpment/BUS-PROD-V2.0/yacc2buss.svg
YACC gitversion/YACC1-2020/PCB/Working - Under Develolpment/BUS-PROD-V2.0/yacc2buss_brd.pdf	hardware/bus/backplane/eagle/v2.0/yacc2buss_brd.pdf	archive/superseded-revisions/pcb-misc/Working - Under Develolpment/BUS-PROD-V2.0/yacc2buss_brd.pdf
YACC gitversion/YACC1-2020/PCB/Working - Under Develolpment/BUS-PROD-V2.0/yacc2buss_brd.svg	hardware/bus/backplane/eagle/v2.0/yacc2buss_brd.svg	archive/superseded-revisions/pcb-misc/Working - Under Develolpment/BUS-PROD-V2.0/yacc2buss_brd.svg
YACC gitversion/YACC1-2020/PCB/Working - Under Develolpment/Mem Register V1.0/CAMOutputs/Assembly/Mem Register V1.0.txt	hardware/cards/mem-register/eagle/v1.0/fab/CAMOutputs/Assembly/Mem Register V1.0.txt	archive/superseded-revisions/pcb-misc/Working - Under Develolpment/Mem Register V1.0/CAMOutputs/Assembly/Mem Register V1.0.txt
YACC gitversion/YACC1-2020/PCB/Working - Under Develolpment/Mem Register V1.0/CAMOutputs/DrillFiles/drill_1_16.xln	hardware/cards/mem-register/eagle/v1.0/fab/CAMOutputs/DrillFiles/drill_1_16.xln	archive/superseded-revisions/pcb-misc/Working - Under Develolpment/Mem Register V1.0/CAMOutputs/DrillFiles/drill_1_16.xln
YACC gitversion/YACC1-2020/PCB/Working - Under Develolpment/Mem Register V1.0/CAMOutputs/GerberFiles/Archive.zip	hardware/cards/mem-register/eagle/v1.0/fab/CAMOutputs/GerberFiles/Archive.zip	archive/superseded-revisions/pcb-misc/Working - Under Develolpment/Mem Register V1.0/CAMOutputs/GerberFiles/Archive.zip
YACC gitversion/YACC1-2020/PCB/Working - Under Develolpment/Mem Register V1.0/CAMOutputs/GerberFiles/copper_bottom.gbr	hardware/cards/mem-register/eagle/v1.0/fab/CAMOutputs/GerberFiles/copper_bottom.gbr	archive/superseded-revisions/pcb-misc/Working - Under Develolpment/Mem Register V1.0/CAMOutputs/GerberFiles/copper_bottom.gbr
YACC gitversion/YACC1-2020/PCB/Working - Under Develolpment/Mem Register V1.0/CAMOutputs/GerberFiles/copper_top.gbr	hardware/cards/mem-register/eagle/v1.0/fab/CAMOutputs/GerberFiles/copper_top.gbr	archive/superseded-revisions/pcb-misc/Working - Under Develolpment/Mem Register V1.0/CAMOutputs/GerberFiles/copper_top.gbr
YACC gitversion/YACC1-2020/PCB/Working - Under Develolpment/Mem Register V1.0/CAMOutputs/GerberFiles/drill_1_16.xln	hardware/cards/mem-register/eagle/v1.0/fab/CAMOutputs/DrillFiles/drill_1_16.xln	archive/superseded-revisions/pcb-misc/Working - Under Develolpment/Mem Register V1.0/CAMOutputs/GerberFiles/drill_1_16.xln
YACC gitversion/YACC1-2020/PCB/Working - Under Develolpment/Mem Register V1.0/CAMOutputs/GerberFiles/gerber_job.gbrjob	hardware/cards/mem-register/eagle/v1.0/fab/CAMOutputs/GerberFiles/gerber_job.gbrjob	archive/superseded-revisions/pcb-misc/Working - Under Develolpment/Mem Register V1.0/CAMOutputs/GerberFiles/gerber_job.gbrjob
YACC gitversion/YACC1-2020/PCB/Working - Under Develolpment/Mem Register V1.0/CAMOutputs/GerberFiles/silkscreen_top.gbr	hardware/cards/mem-register/eagle/v1.0/fab/CAMOutputs/GerberFiles/silkscreen_top.gbr	archive/superseded-revisions/pcb-misc/Working - Under Develolpment/Mem Register V1.0/CAMOutputs/GerberFiles/silkscreen_top.gbr
YACC gitversion/YACC1-2020/PCB/Working - Under Develolpment/Mem Register V1.0/CAMOutputs/GerberFiles/soldermask_bottom.gbr	hardware/cards/mem-register/eagle/v1.0/fab/CAMOutputs/GerberFiles/soldermask_bottom.gbr	archive/superseded-revisions/pcb-misc/Working - Under Develolpment/Mem Register V1.0/CAMOutputs/GerberFiles/soldermask_bottom.gbr
YACC gitversion/YACC1-2020/PCB/Working - Under Develolpment/Mem Register V1.0/CAMOutputs/GerberFiles/soldermask_top.gbr	hardware/cards/mem-register/eagle/v1.0/fab/CAMOutputs/GerberFiles/soldermask_top.gbr	archive/superseded-revisions/pcb-misc/Working - Under Develolpment/Mem Register V1.0/CAMOutputs/GerberFiles/soldermask_top.gbr
YACC gitversion/YACC1-2020/PCB/Working - Under Develolpment/Mem Register V1.0/Mem Register V1.0.brd	hardware/cards/mem-register/eagle/v1.0/Mem Register V1.0.brd	archive/superseded-revisions/pcb-misc/Working - Under Develolpment/Mem Register V1.0/Mem Register V1.0.brd
YACC gitversion/YACC1-2020/PCB/Working - Under Develolpment/Mem Register V1.0/Mem Register V1.0.pro	hardware/cards/mem-register/eagle/v1.0/Mem Register V1.0.pro	archive/superseded-revisions/pcb-misc/Working - Under Develolpment/Mem Register V1.0/Mem Register V1.0.pro
YACC gitversion/YACC1-2020/PCB/Working - Under Develolpment/Mem Register V1.0/Mem Register V1.0.sch	hardware/cards/mem-register/eagle/v1.0/Mem Register V1.0.sch	archive/superseded-revisions/pcb-misc/Working - Under Develolpment/Mem Register V1.0/Mem Register V1.0.sch
YACC gitversion/YACC1-2020/PCB/Working - Under Develolpment/Mem Register V1.0/test.ctl	hardware/libraries/eagle/test.ctl	archive/superseded-revisions/pcb-misc/Working - Under Develolpment/Mem Register V1.0/test.ctl
YACC gitversion/YACC1-2020/PCB/Working - Under Develolpment/Mem Switch V1.0/CAMOutputs/Assembly/Mem Switch V1.0.txt	hardware/cards/mem-switch/eagle/deprecated/v1.0/fab/CAMOutputs/Assembly/Mem Switch V1.0.txt	archive/superseded-revisions/pcb-misc/Working - Under Develolpment/Mem Switch V1.0/CAMOutputs/Assembly/Mem Switch V1.0.txt
YACC gitversion/YACC1-2020/PCB/Working - Under Develolpment/Mem Switch V1.0/CAMOutputs/DrillFiles/drill_1_16.xln	hardware/cards/mem-switch/eagle/deprecated/v1.0/fab/CAMOutputs/DrillFiles/drill_1_16.xln	archive/superseded-revisions/pcb-misc/Working - Under Develolpment/Mem Switch V1.0/CAMOutputs/DrillFiles/drill_1_16.xln
YACC gitversion/YACC1-2020/PCB/Working - Under Develolpment/Mem Switch V1.0/CAMOutputs/GerberFiles/Archive.zip	hardware/cards/mem-switch/eagle/deprecated/v1.0/fab/CAMOutputs/GerberFiles/Archive.zip	archive/superseded-revisions/pcb-misc/Working - Under Develolpment/Mem Switch V1.0/CAMOutputs/GerberFiles/Archive.zip
YACC gitversion/YACC1-2020/PCB/Working - Under Develolpment/Mem Switch V1.0/CAMOutputs/GerberFiles/copper_bottom.gbr	hardware/cards/mem-switch/eagle/deprecated/v1.0/fab/CAMOutputs/GerberFiles/copper_bottom.gbr	archive/superseded-revisions/pcb-misc/Working - Under Develolpment/Mem Switch V1.0/CAMOutputs/GerberFiles/copper_bottom.gbr
YACC gitversion/YACC1-2020/PCB/Working - Under Develolpment/Mem Switch V1.0/CAMOutputs/GerberFiles/copper_top.gbr	hardware/cards/mem-switch/eagle/deprecated/v1.0/fab/CAMOutputs/GerberFiles/copper_top.gbr	archive/superseded-revisions/pcb-misc/Working - Under Develolpment/Mem Switch V1.0/CAMOutputs/GerberFiles/copper_top.gbr
YACC gitversion/YACC1-2020/PCB/Working - Under Develolpment/Mem Switch V1.0/CAMOutputs/GerberFiles/drill_1_16.xln	hardware/cards/mem-switch/eagle/deprecated/v1.0/fab/CAMOutputs/DrillFiles/drill_1_16.xln	archive/superseded-revisions/pcb-misc/Working - Under Develolpment/Mem Switch V1.0/CAMOutputs/GerberFiles/drill_1_16.xln
YACC gitversion/YACC1-2020/PCB/Working - Under Develolpment/Mem Switch V1.0/CAMOutputs/GerberFiles/gerber_job.gbrjob	hardware/cards/mem-switch/eagle/deprecated/v1.0/fab/CAMOutputs/GerberFiles/gerber_job.gbrjob	archive/superseded-revisions/pcb-misc/Working - Under Develolpment/Mem Switch V1.0/CAMOutputs/GerberFiles/gerber_job.gbrjob
YACC gitversion/YACC1-2020/PCB/Working - Under Develolpment/Mem Switch V1.0/CAMOutputs/GerberFiles/silkscreen_top.gbr	hardware/cards/mem-switch/eagle/deprecated/v1.0/fab/CAMOutputs/GerberFiles/silkscreen_top.gbr	archive/superseded-revisions/pcb-misc/Working - Under Develolpment/Mem Switch V1.0/CAMOutputs/GerberFiles/silkscreen_top.gbr
YACC gitversion/YACC1-2020/PCB/Working - Under Develolpment/Mem Switch V1.0/CAMOutputs/GerberFiles/soldermask_bottom.gbr	hardware/cards/mem-switch/eagle/deprecated/v1.0/fab/CAMOutputs/GerberFiles/soldermask_bottom.gbr	archive/superseded-revisions/pcb-misc/Working - Under Develolpment/Mem Switch V1.0/CAMOutputs/GerberFiles/soldermask_bottom.gbr
YACC gitversion/YACC1-2020/PCB/Working - Under Develolpment/Mem Switch V1.0/CAMOutputs/GerberFiles/soldermask_top.gbr	hardware/cards/mem-switch/eagle/deprecated/v1.0/fab/CAMOutputs/GerberFiles/soldermask_top.gbr	archive/superseded-revisions/pcb-misc/Working - Under Develolpment/Mem Switch V1.0/CAMOutputs/GerberFiles/soldermask_top.gbr
YACC gitversion/YACC1-2020/PCB/Working - Under Develolpment/Mem Switch V1.0/Mem Switch V1.0.brd	hardware/cards/mem-switch/eagle/deprecated/v1.0/Mem Switch V1.0.brd	archive/superseded-revisions/pcb-misc/Working - Under Develolpment/Mem Switch V1.0/Mem Switch V1.0.brd
YACC gitversion/YACC1-2020/PCB/Working - Under Develolpment/Mem Switch V1.0/Mem Switch V1.0.sch	hardware/cards/mem-switch/eagle/deprecated/v1.0/Mem Switch V1.0.sch	archive/superseded-revisions/pcb-misc/Working - Under Develolpment/Mem Switch V1.0/Mem Switch V1.0.sch
YACC gitversion/YACC1-2020/PCB/Working - Under Develolpment/Mem Switch V1.0/test.ctl	hardware/libraries/eagle/test.ctl	archive/superseded-revisions/pcb-misc/Working - Under Develolpment/Mem Switch V1.0/test.ctl
YACC gitversion/YACC1-2020/PCB/Working - Under Develolpment/Mem Switch V1.1/CAMOutputs/Assembly/Mem Switch V1.1.txt	hardware/cards/mem-switch/eagle/v1.1/fab/CAMOutputs/Assembly/Mem Switch V1.1.txt	archive/superseded-revisions/pcb-misc/Working - Under Develolpment/Mem Switch V1.1/CAMOutputs/Assembly/Mem Switch V1.1.txt
YACC gitversion/YACC1-2020/PCB/Working - Under Develolpment/Mem Switch V1.1/CAMOutputs/DrillFiles/drill_1_16.xln	hardware/cards/mem-switch/eagle/v1.1/fab/CAMOutputs/DrillFiles/drill_1_16.xln	archive/superseded-revisions/pcb-misc/Working - Under Develolpment/Mem Switch V1.1/CAMOutputs/DrillFiles/drill_1_16.xln
YACC gitversion/YACC1-2020/PCB/Working - Under Develolpment/Mem Switch V1.1/CAMOutputs/GerberFiles/Archive.zip	hardware/cards/mem-switch/eagle/v1.1/fab/CAMOutputs/GerberFiles/Archive.zip	archive/superseded-revisions/pcb-misc/Working - Under Develolpment/Mem Switch V1.1/CAMOutputs/GerberFiles/Archive.zip
YACC gitversion/YACC1-2020/PCB/Working - Under Develolpment/Mem Switch V1.1/CAMOutputs/GerberFiles/copper_bottom.gbr	hardware/cards/mem-switch/eagle/v1.1/fab/CAMOutputs/GerberFiles/copper_bottom.gbr	archive/superseded-revisions/pcb-misc/Working - Under Develolpment/Mem Switch V1.1/CAMOutputs/GerberFiles/copper_bottom.gbr
YACC gitversion/YACC1-2020/PCB/Working - Under Develolpment/Mem Switch V1.1/CAMOutputs/GerberFiles/copper_top.gbr	hardware/cards/mem-switch/eagle/v1.1/fab/CAMOutputs/GerberFiles/copper_top.gbr	archive/superseded-revisions/pcb-misc/Working - Under Develolpment/Mem Switch V1.1/CAMOutputs/GerberFiles/copper_top.gbr
YACC gitversion/YACC1-2020/PCB/Working - Under Develolpment/Mem Switch V1.1/CAMOutputs/GerberFiles/drill_1_16.xln	hardware/cards/mem-switch/eagle/v1.1/fab/CAMOutputs/DrillFiles/drill_1_16.xln	archive/superseded-revisions/pcb-misc/Working - Under Develolpment/Mem Switch V1.1/CAMOutputs/GerberFiles/drill_1_16.xln
YACC gitversion/YACC1-2020/PCB/Working - Under Develolpment/Mem Switch V1.1/CAMOutputs/GerberFiles/gerber_job.gbrjob	hardware/cards/mem-switch/eagle/v1.1/fab/CAMOutputs/GerberFiles/gerber_job.gbrjob	archive/superseded-revisions/pcb-misc/Working - Under Develolpment/Mem Switch V1.1/CAMOutputs/GerberFiles/gerber_job.gbrjob
YACC gitversion/YACC1-2020/PCB/Working - Under Develolpment/Mem Switch V1.1/CAMOutputs/GerberFiles/silkscreen_top.gbr	hardware/cards/mem-switch/eagle/v1.1/fab/CAMOutputs/GerberFiles/silkscreen_top.gbr	archive/superseded-revisions/pcb-misc/Working - Under Develolpment/Mem Switch V1.1/CAMOutputs/GerberFiles/silkscreen_top.gbr
YACC gitversion/YACC1-2020/PCB/Working - Under Develolpment/Mem Switch V1.1/CAMOutputs/GerberFiles/soldermask_bottom.gbr	hardware/cards/mem-switch/eagle/v1.1/fab/CAMOutputs/GerberFiles/soldermask_bottom.gbr	archive/superseded-revisions/pcb-misc/Working - Under Develolpment/Mem Switch V1.1/CAMOutputs/GerberFiles/soldermask_bottom.gbr
YACC gitversion/YACC1-2020/PCB/Working - Under Develolpment/Mem Switch V1.1/CAMOutputs/GerberFiles/soldermask_top.gbr	hardware/cards/mem-switch/eagle/v1.1/fab/CAMOutputs/GerberFiles/soldermask_top.gbr	archive/superseded-revisions/pcb-misc/Working - Under Develolpment/Mem Switch V1.1/CAMOutputs/GerberFiles/soldermask_top.gbr
YACC gitversion/YACC1-2020/PCB/Working - Under Develolpment/Mem Switch V1.1/Mem Switch V1.1.brd	hardware/cards/mem-switch/eagle/v1.1/Mem Switch V1.1.brd	archive/superseded-revisions/pcb-misc/Working - Under Develolpment/Mem Switch V1.1/Mem Switch V1.1.brd
YACC gitversion/YACC1-2020/PCB/Working - Under Develolpment/Mem Switch V1.1/Mem Switch V1.1.pro	hardware/cards/mem-switch/eagle/v1.1/Mem Switch V1.1.pro	archive/superseded-revisions/pcb-misc/Working - Under Develolpment/Mem Switch V1.1/Mem Switch V1.1.pro
YACC gitversion/YACC1-2020/PCB/Working - Under Develolpment/Mem Switch V1.1/Mem Switch V1.1.sch	hardware/cards/mem-switch/eagle/v1.1/Mem Switch V1.1.sch	archive/superseded-revisions/pcb-misc/Working - Under Develolpment/Mem Switch V1.1/Mem Switch V1.1.sch
YACC gitversion/YACC1-2020/PCB/Working - Under Develolpment/Mem Switch V1.1/Notes.rtf	hardware/cards/mem-switch/eagle/v1.1/Notes.rtf	archive/superseded-revisions/pcb-misc/Working - Under Develolpment/Mem Switch V1.1/Notes.rtf
YACC gitversion/YACC1-2020/PCB/Working - Under Develolpment/Mem Switch V1.1/test.ctl	hardware/libraries/eagle/test.ctl	archive/superseded-revisions/pcb-misc/Working - Under Develolpment/Mem Switch V1.1/test.ctl
YACC gitversion/YACC1-2020/PCB/Working - Under Develolpment/Old and obsolete/ALU-V3.3-notused/CAMOutputs/GerberFiles/drill_15_16.xln	archive/superseded-revisions/working-old-and-obsolete/ALU-V3.3-notused/CAMOutputs/DrillFiles/drill_15_16.xln	archive/superseded-revisions/working-old-and-obsolete/ALU-V3.3-notused/CAMOutputs/GerberFiles/drill_15_16.xln
YACC gitversion/YACC1-2020/PCB/Working - Under Develolpment/Old and obsolete/ALU-V3.3-notused/CAMOutputs/GerberFiles/drill_1_2.xln	archive/superseded-revisions/working-old-and-obsolete/ALU-V3.3-notused/CAMOutputs/DrillFiles/drill_1_2.xln	archive/superseded-revisions/working-old-and-obsolete/ALU-V3.3-notused/CAMOutputs/GerberFiles/drill_1_2.xln
YACC gitversion/YACC1-2020/PCB/Working - Under Develolpment/Old and obsolete/ALU-V3.3-notused/gerbers/CAMOutputs/Assembly/ALU V3.1.txt	hardware/cards/alu/eagle/deprecated/v3.1-buried-vias/fab/gerbers/CAMOutputs/Assembly/ALU V3.1.txt	archive/superseded-revisions/working-old-and-obsolete/ALU-V3.3-notused/gerbers/CAMOutputs/Assembly/ALU V3.1.txt
YACC gitversion/YACC1-2020/PCB/Working - Under Develolpment/Old and obsolete/ALU-V3.3-notused/gerbers/CAMOutputs/DrillFiles/drill_15_16.xln	hardware/cards/alu/eagle/deprecated/v3.1-buried-vias/fab/gerbers/CAMOutputs/DrillFiles/drill_15_16.xln	archive/superseded-revisions/working-old-and-obsolete/ALU-V3.3-notused/gerbers/CAMOutputs/DrillFiles/drill_15_16.xln
YACC gitversion/YACC1-2020/PCB/Working - Under Develolpment/Old and obsolete/ALU-V3.3-notused/gerbers/CAMOutputs/DrillFiles/drill_1_2.xln	hardware/cards/alu/eagle/deprecated/v3.1-buried-vias/fab/gerbers/CAMOutputs/DrillFiles/drill_1_2.xln	archive/superseded-revisions/working-old-and-obsolete/ALU-V3.3-notused/gerbers/CAMOutputs/DrillFiles/drill_1_2.xln
YACC gitversion/YACC1-2020/PCB/Working - Under Develolpment/Old and obsolete/ALU-V3.3-notused/gerbers/CAMOutputs/GerberFiles/Archive.zip	hardware/cards/alu/eagle/deprecated/v3.1-buried-vias/fab/gerbers/CAMOutputs/GerberFiles/Archive.zip	archive/superseded-revisions/working-old-and-obsolete/ALU-V3.3-notused/gerbers/CAMOutputs/GerberFiles/Archive.zip
YACC gitversion/YACC1-2020/PCB/Working - Under Develolpment/Old and obsolete/ALU-V3.3-notused/gerbers/CAMOutputs/GerberFiles/copper_bottom_l4.gbr	hardware/cards/alu/eagle/deprecated/v3.1-buried-vias/fab/gerbers/CAMOutputs/GerberFiles/copper_bottom_l4.gbr	archive/superseded-revisions/working-old-and-obsolete/ALU-V3.3-notused/gerbers/CAMOutputs/GerberFiles/copper_bottom_l4.gbr
YACC gitversion/YACC1-2020/PCB/Working - Under Develolpment/Old and obsolete/ALU-V3.3-notused/gerbers/CAMOutputs/GerberFiles/copper_inner_l2.gbr	hardware/cards/alu/eagle/deprecated/v3.1-buried-vias/fab/gerbers/CAMOutputs/GerberFiles/copper_inner_l2.gbr	archive/superseded-revisions/working-old-and-obsolete/ALU-V3.3-notused/gerbers/CAMOutputs/GerberFiles/copper_inner_l2.gbr
YACC gitversion/YACC1-2020/PCB/Working - Under Develolpment/Old and obsolete/ALU-V3.3-notused/gerbers/CAMOutputs/GerberFiles/copper_inner_l3.gbr	hardware/cards/alu/eagle/deprecated/v3.1-buried-vias/fab/gerbers/CAMOutputs/GerberFiles/copper_inner_l3.gbr	archive/superseded-revisions/working-old-and-obsolete/ALU-V3.3-notused/gerbers/CAMOutputs/GerberFiles/copper_inner_l3.gbr
YACC gitversion/YACC1-2020/PCB/Working - Under Develolpment/Old and obsolete/ALU-V3.3-notused/gerbers/CAMOutputs/GerberFiles/copper_top_l1.gbr	hardware/cards/alu/eagle/deprecated/v3.1-buried-vias/fab/gerbers/CAMOutputs/GerberFiles/copper_top_l1.gbr	archive/superseded-revisions/working-old-and-obsolete/ALU-V3.3-notused/gerbers/CAMOutputs/GerberFiles/copper_top_l1.gbr
YACC gitversion/YACC1-2020/PCB/Working - Under Develolpment/Old and obsolete/ALU-V3.3-notused/gerbers/CAMOutputs/GerberFiles/drill_15_16.xln	hardware/cards/alu/eagle/deprecated/v3.1-buried-vias/fab/gerbers/CAMOutputs/DrillFiles/drill_15_16.xln	archive/superseded-revisions/working-old-and-obsolete/ALU-V3.3-notused/gerbers/CAMOutputs/GerberFiles/drill_15_16.xln
YACC gitversion/YACC1-2020/PCB/Working - Under Develolpment/Old and obsolete/ALU-V3.3-notused/gerbers/CAMOutputs/GerberFiles/drill_1_2.xln	hardware/cards/alu/eagle/deprecated/v3.1-buried-vias/fab/gerbers/CAMOutputs/DrillFiles/drill_1_2.xln	archive/superseded-revisions/working-old-and-obsolete/ALU-V3.3-notused/gerbers/CAMOutputs/GerberFiles/drill_1_2.xln
YACC gitversion/YACC1-2020/PCB/Working - Under Develolpment/Old and obsolete/ALU-V3.3-notused/gerbers/CAMOutputs/GerberFiles/gerber_job.gbrjob	hardware/cards/alu/eagle/deprecated/v3.1-buried-vias/fab/gerbers/CAMOutputs/GerberFiles/gerber_job.gbrjob	archive/superseded-revisions/working-old-and-obsolete/ALU-V3.3-notused/gerbers/CAMOutputs/GerberFiles/gerber_job.gbrjob
YACC gitversion/YACC1-2020/PCB/Working - Under Develolpment/Old and obsolete/ALU-V3.3-notused/gerbers/CAMOutputs/GerberFiles/silkscreen_top.gbr	hardware/cards/alu/eagle/deprecated/v3.1-buried-vias/fab/gerbers/CAMOutputs/GerberFiles/silkscreen_top.gbr	archive/superseded-revisions/working-old-and-obsolete/ALU-V3.3-notused/gerbers/CAMOutputs/GerberFiles/silkscreen_top.gbr
YACC gitversion/YACC1-2020/PCB/Working - Under Develolpment/Old and obsolete/ALU-V3.3-notused/gerbers/CAMOutputs/GerberFiles/soldermask_bottom.gbr	hardware/cards/alu/eagle/deprecated/v3.1-buried-vias/fab/gerbers/CAMOutputs/GerberFiles/soldermask_bottom.gbr	archive/superseded-revisions/working-old-and-obsolete/ALU-V3.3-notused/gerbers/CAMOutputs/GerberFiles/soldermask_bottom.gbr
YACC gitversion/YACC1-2020/PCB/Working - Under Develolpment/Old and obsolete/ALU-V3.3-notused/gerbers/CAMOutputs/GerberFiles/soldermask_top.gbr	hardware/cards/alu/eagle/deprecated/v3.1-buried-vias/fab/gerbers/CAMOutputs/GerberFiles/soldermask_top.gbr	archive/superseded-revisions/working-old-and-obsolete/ALU-V3.3-notused/gerbers/CAMOutputs/GerberFiles/soldermask_top.gbr
YACC gitversion/YACC1-2020/PCB/Working - Under Develolpment/eeprom adaptor/eeprom adaptor.brd	hardware/cards/sequencer-memory/accessories/eeprom-adaptor/eeprom adaptor.brd	archive/superseded-revisions/pcb-misc/Working - Under Develolpment/eeprom adaptor/eeprom adaptor.brd
YACC gitversion/YACC1-2020/PCB/Working - Under Develolpment/eeprom adaptor/eeprom adaptor.pro	hardware/cards/sequencer-memory/accessories/eeprom-adaptor/eeprom adaptor.pro	archive/superseded-revisions/pcb-misc/Working - Under Develolpment/eeprom adaptor/eeprom adaptor.pro
YACC gitversion/YACC1-2020/PCB/Working - Under Develolpment/eeprom adaptor/eeprom adaptor.sch	hardware/cards/sequencer-memory/accessories/eeprom-adaptor/eeprom adaptor.sch	archive/superseded-revisions/pcb-misc/Working - Under Develolpment/eeprom adaptor/eeprom adaptor.sch
YACC gitversion/YACC1-2020/Software/Assembler/old/a18-xcode/a18/asmcmds.c	archive/superseded-revisions/software-old-obsolete/Assembler-old/asmcmds.c	archive/third-party/a18-cug149-xcode/a18/asmcmds.c
YACC gitversion/YACC1-2020/Software/Assembler/old/a18-xcode/a18/header.h	archive/superseded-revisions/software-old-obsolete/Assembler-old/header.h	archive/third-party/a18-cug149-xcode/a18/header.h
YACC gitversion/YACC1-2020/Software/Assembler/old/a18-xcode/a18/mstrings.c	archive/superseded-revisions/software-old-obsolete/Assembler-old/mstrings.c	archive/third-party/a18-cug149-xcode/a18/mstrings.c
YACC gitversion/YACC1-2020/Software/Assembler/old/a18-xcode/a18/mstrings.h	software/assembler/upstream/rcasm-2.2/mstrings.h	archive/third-party/a18-cug149-xcode/a18/mstrings.h
YACC gitversion/YACC1-2020/Software/Assembler/old/a18-xcode/a18/support.c	archive/superseded-revisions/software-old-obsolete/Assembler-old/support.c	archive/third-party/a18-cug149-xcode/a18/support.c
YACC gitversion/YACC1-2020/Software/Assembler/old/rcasm-old/1805.def	software/assembler/upstream/rcasm-2.2/1805.def	archive/superseded-revisions/assembler-port-2020/rcasm-old/1805.def
YACC gitversion/YACC1-2020/Software/Assembler/old/rcasm-old/8080.asm	software/assembler/upstream/rcasm-2.2/8080.asm	archive/superseded-revisions/assembler-port-2020/rcasm-old/8080.asm
YACC gitversion/YACC1-2020/Software/Assembler/old/rcasm/1805.def	software/assembler/upstream/rcasm-2.2/1805.def	archive/superseded-revisions/assembler-port-2020/rcasm/1805.def
YACC gitversion/YACC1-2020/Software/Assembler/old/rcasm/8080.asm	software/assembler/upstream/rcasm-2.2/8080.asm	archive/superseded-revisions/assembler-port-2020/rcasm/8080.asm
YACC gitversion/YACC1-2020/Software/Assembler/old/rcasm/8080.def	archive/superseded-revisions/assembler-port-2020/rcasm-old/8080.def	archive/superseded-revisions/assembler-port-2020/rcasm/8080.def
YACC gitversion/YACC1-2020/Software/Assembler/old/rcasm/abc	archive/superseded-revisions/assembler-port-2020/rcasm-old/abc	archive/superseded-revisions/assembler-port-2020/rcasm/abc
YACC gitversion/YACC1-2020/Software/Assembler/old/rcasm/rcasm.rc	archive/superseded-revisions/assembler-port-2020/rcasm-old/rcasm.rc	archive/superseded-revisions/assembler-port-2020/rcasm/rcasm.rc
YACC gitversion/YACC1-2020/Software/Assembler/old/rcasm/temp.asm	archive/superseded-revisions/assembler-port-2020/rcasm-old/temp.asm	archive/superseded-revisions/assembler-port-2020/rcasm/temp.asm
YACC gitversion/YACC1-2020/Software/Assembler/old/rcasm/temp.img	archive/superseded-revisions/assembler-port-2020/rcasm-old/temp.img	archive/superseded-revisions/assembler-port-2020/rcasm/temp.img
YACC gitversion/YACC1-2020/Software/Assembler/old/rcasm/test18.asm	archive/superseded-revisions/assembler-port-2020/rcasm-old/test18.asm	archive/superseded-revisions/assembler-port-2020/rcasm/test18.asm
YACC gitversion/YACC1-2020/Software/Assembler/old/rcasm/test18.img	archive/superseded-revisions/assembler-port-2020/rcasm-old/test18.img	archive/superseded-revisions/assembler-port-2020/rcasm/test18.img
YACC gitversion/YACC1-2020/Software/Assembler/old/rcasm/yacc1test.asm	tests/assembler/history-2020/yacc1testorig.asm	archive/superseded-revisions/assembler-port-2020/rcasm/yacc1test.asm
YACC gitversion/YACC1-2020/Software/Sequencer Card/old & obselete/Sequencer Aug 17 pre cleanup/EEPROM.ino	embedded/sequencer-card/deprecated/sequencer1/EEPROM.ino	archive/superseded-revisions/sequencer-card-old/Sequencer Aug 17 pre cleanup/EEPROM.ino
YACC gitversion/YACC1-2020/Software/Sequencer Card/old & obselete/Sequencer Aug 17 pre cleanup/IO.ino	embedded/sequencer-card/deprecated/sequencer1/IO.ino	archive/superseded-revisions/sequencer-card-old/Sequencer Aug 17 pre cleanup/IO.ino
YACC gitversion/YACC1-2020/Software/Sequencer Card/old & obselete/Sequencer copy/EEPROM.ino	embedded/sequencer-card/deprecated/sequencer1/EEPROM.ino	archive/superseded-revisions/sequencer-card-old/Sequencer copy/EEPROM.ino
YACC1-2020/Software-vs/Old-obselete/Assembler-old/abc	archive/superseded-revisions/assembler-port-2020/rcasm-old/abc	archive/superseded-revisions/software-old-obsolete/Assembler-old/abc
YACC1-2020/Software-vs/Old-obselete/Assembler-old/mstrings.h	software/assembler/upstream/rcasm-2.2/mstrings.h	archive/superseded-revisions/software-old-obsolete/Assembler-old/mstrings.h
YACC1-2020/Software-vs/Old-obselete/Assembler-old/yacc1test.prg	archive/superseded-revisions/assembler-port-2020/rcasm/yacc1test.prg	archive/superseded-revisions/software-old-obsolete/Assembler-old/yacc1test.prg
YACC1-2020/Software-vs/Old-obselete/Assembler-old/yacc1testorig.asm	tests/assembler/history-2020/yacc1testorig.asm	archive/superseded-revisions/software-old-obsolete/Assembler-old/yacc1testorig.asm
YACC1-2020/Software/Sequencer Card/old & obselete/Sequencer Aug 17 pre cleanup/EEPROM.ino	embedded/sequencer-card/deprecated/sequencer1/EEPROM.ino	archive/superseded-revisions/sequencer-card-old/Sequencer Aug 17 pre cleanup/EEPROM.ino
YACC1-2020/Software/Sequencer Card/old & obselete/Sequencer Aug 17 pre cleanup/IO.ino	embedded/sequencer-card/deprecated/sequencer1/IO.ino	archive/superseded-revisions/sequencer-card-old/Sequencer Aug 17 pre cleanup/IO.ino
YACC1-2020/Software/Sequencer Card/old & obselete/Sequencer Aug 17 pre cleanup/Sequencer.ino	archive/superseded-revisions/sequencer-card-old/Sequencer Aug 17 pre cleanup/Sequencer.ino	archive/superseded-revisions/sequencer-card-old/Sequencer Aug 17 pre cleanup/Sequencer.ino
YACC1-2020/Software/Sequencer Card/old & obselete/Sequencer Aug 17 pre cleanup/download.ino	archive/superseded-revisions/sequencer-card-old/Sequencer Aug 17 pre cleanup/download.ino	archive/superseded-revisions/sequencer-card-old/Sequencer Aug 17 pre cleanup/download.ino
YACC1-2020/Software/Sequencer Card/old & obselete/Sequencer Aug 17 pre cleanup/uCodeRAM.ino	archive/superseded-revisions/sequencer-card-old/Sequencer Aug 17 pre cleanup/uCodeRAM.ino	archive/superseded-revisions/sequencer-card-old/Sequencer Aug 17 pre cleanup/uCodeRAM.ino
YACC1-2020/Software/Sequencer Card/old & obselete/Sequencer Aug 17 pre cleanup/uCodeROM.ino	archive/superseded-revisions/sequencer-card-old/Sequencer Aug 17 pre cleanup/uCodeROM.ino	archive/superseded-revisions/sequencer-card-old/Sequencer Aug 17 pre cleanup/uCodeROM.ino
YACC1-2020/Software/Sequencer Card/old & obselete/Sequencer copy/EEPROM.ino	embedded/sequencer-card/deprecated/sequencer1/EEPROM.ino	archive/superseded-revisions/sequencer-card-old/Sequencer copy/EEPROM.ino
YACC1-2020/Software/Sequencer Card/old & obselete/Sequencer copy/IO.ino	archive/superseded-revisions/sequencer-card-old/Sequencer copy/IO.ino	archive/superseded-revisions/sequencer-card-old/Sequencer copy/IO.ino
YACC1-2020/Software/Sequencer Card/old & obselete/Sequencer copy/Sequencer.ino	archive/superseded-revisions/sequencer-card-old/Sequencer copy/Sequencer.ino	archive/superseded-revisions/sequencer-card-old/Sequencer copy/Sequencer.ino
YACC1-2020/Software/Sequencer Card/old & obselete/Sequencer copy/download.ino	archive/superseded-revisions/sequencer-card-old/Sequencer copy/download.ino	archive/superseded-revisions/sequencer-card-old/Sequencer copy/download.ino
YACC1-2020/Software/Sequencer Card/old & obselete/Sequencer copy/uCodeRAM.ino	archive/superseded-revisions/sequencer-card-old/Sequencer copy/uCodeRAM.ino	archive/superseded-revisions/sequencer-card-old/Sequencer copy/uCodeRAM.ino
YACC1-2020/Software/Sequencer Card/old & obselete/Sequencer copy/uCodeROM.ino	archive/superseded-revisions/sequencer-card-old/Sequencer copy/uCodeROM.ino	archive/superseded-revisions/sequencer-card-old/Sequencer copy/uCodeROM.ino
YACC1-2020/Software/Sequencer Card/old & obselete/uCode-Generator copy/CodeGen.h	archive/superseded-revisions/sequencer-card-old/uCode-Generator copy/CodeGen.h	archive/superseded-revisions/sequencer-card-old/uCode-Generator copy/CodeGen.h
YACC1-2020/Software/Sequencer Card/old & obselete/uCode-Generator copy/code.h	archive/superseded-revisions/sequencer-card-old/uCode-Generator copy/code.h	archive/superseded-revisions/sequencer-card-old/uCode-Generator copy/code.h
YACC1-2020/Software/Sequencer Card/old & obselete/uCode-Generator copy/code.h.orig.h	archive/superseded-revisions/sequencer-card-old/uCode-Generator copy/code.h.orig.h	archive/superseded-revisions/sequencer-card-old/uCode-Generator copy/code.h.orig.h
YACC1-2020/Software/Sequencer Card/old & obselete/uCode-Generator copy/controlLine.c	archive/superseded-revisions/sequencer-card-old/uCode-Generator copy/controlLine.c	archive/superseded-revisions/sequencer-card-old/uCode-Generator copy/controlLine.c
YACC1-2020/Software/Sequencer Card/old & obselete/uCode-Generator copy/main.c	archive/superseded-revisions/sequencer-card-old/uCode-Generator copy/main.c	archive/superseded-revisions/sequencer-card-old/uCode-Generator copy/main.c
YACC1-2020/Software/Sequencer Card/old & obselete/uCode-Generator copy/nbproject/Makefile-Debug.mk	archive/superseded-revisions/sequencer-card-old/uCode-Generator copy/nbproject/Makefile-Debug.mk	archive/superseded-revisions/sequencer-card-old/uCode-Generator copy/nbproject/Makefile-Debug.mk
YACC1-2020/Software/Sequencer Card/old & obselete/uCode-Generator copy/nbproject/Makefile-Release.mk	archive/superseded-revisions/sequencer-card-old/uCode-Generator copy/nbproject/Makefile-Release.mk	archive/superseded-revisions/sequencer-card-old/uCode-Generator copy/nbproject/Makefile-Release.mk
YACC1-2020/Software/Sequencer Card/old & obselete/uCode-Generator copy/nbproject/Makefile-impl.mk	archive/superseded-revisions/sequencer-card-old/uCode-Generator copy/nbproject/Makefile-impl.mk	archive/superseded-revisions/sequencer-card-old/uCode-Generator copy/nbproject/Makefile-impl.mk
YACC1-2020/Software/Sequencer Card/old & obselete/uCode-Generator copy/nbproject/Makefile-variables.mk	archive/superseded-revisions/sequencer-card-old/uCode-Generator copy/nbproject/Makefile-variables.mk	archive/superseded-revisions/sequencer-card-old/uCode-Generator copy/nbproject/Makefile-variables.mk
YACC1-2020/Software/Sequencer Card/old & obselete/uCode-Generator copy/nbproject/Package-Debug.bash	archive/superseded-revisions/sequencer-card-old/uCode-Generator copy/nbproject/Package-Debug.bash	archive/superseded-revisions/sequencer-card-old/uCode-Generator copy/nbproject/Package-Debug.bash
YACC1-2020/Software/Sequencer Card/old & obselete/uCode-Generator copy/nbproject/Package-Release.bash	archive/superseded-revisions/sequencer-card-old/uCode-Generator copy/nbproject/Package-Release.bash	archive/superseded-revisions/sequencer-card-old/uCode-Generator copy/nbproject/Package-Release.bash
YACC1-2020/Software/Sequencer Card/old & obselete/uCode-Generator copy/nbproject/configurations.xml	archive/superseded-revisions/sequencer-card-old/uCode-Generator copy/nbproject/configurations.xml	archive/superseded-revisions/sequencer-card-old/uCode-Generator copy/nbproject/configurations.xml
YACC1-2020/Software/Sequencer Card/old & obselete/uCode-Generator copy/nbproject/project.xml	archive/superseded-revisions/sequencer-card-old/uCode-Generator copy/nbproject/project.xml	archive/superseded-revisions/sequencer-card-old/uCode-Generator copy/nbproject/project.xml
YACC1-2020/Software/Sequencer Card/old & obselete/uCode-Generator copy/signal.h	archive/superseded-revisions/sequencer-card-old/uCode-Generator copy/signal.h	archive/superseded-revisions/sequencer-card-old/uCode-Generator copy/signal.h
YACC1-2020/Software/Sequencer Card/old & obselete/uCode-Generator copy/test.hex	archive/superseded-revisions/sequencer-card-old/uCode-Generator copy/test.hex	archive/superseded-revisions/sequencer-card-old/uCode-Generator copy/test.hex
YACC1-2020/Software/Sequencer Card/old & obselete/uCode-Generator copy/test.hex.short.hex	archive/superseded-revisions/sequencer-card-old/uCode-Generator copy/test.hex.short.hex	archive/superseded-revisions/sequencer-card-old/uCode-Generator copy/test.hex.short.hex
YACC1-2020/Software/Sequencer Card/old & obselete/uCode-Generator copy/test.hexz	archive/superseded-revisions/sequencer-card-old/uCode-Generator copy/test.hexz	archive/superseded-revisions/sequencer-card-old/uCode-Generator copy/test.hexz
YACC1-2024/Software-vs/Old-obselete/Assembler-old/Readme.md	archive/superseded-revisions/software-old-obsolete/Assembler-old/Readme.md	archive/superseded-revisions/software-old-obsolete/Assembler-old/Readme.md
YACC1-2024/Software-vs/Old-obselete/Assembler-old/a18	archive/superseded-revisions/software-old-obsolete/Assembler-old/a18	archive/superseded-revisions/software-old-obsolete/Assembler-old/a18
YACC1-2024/Software-vs/Old-obselete/Assembler-old/abc	archive/superseded-revisions/assembler-port-2020/rcasm-old/abc	archive/superseded-revisions/software-old-obsolete/Assembler-old/abc
YACC1-2024/Software-vs/Old-obselete/Assembler-old/asm.c	archive/superseded-revisions/software-old-obsolete/Assembler-old/asm.c	archive/superseded-revisions/software-old-obsolete/Assembler-old/asm.c
YACC1-2024/Software-vs/Old-obselete/Assembler-old/asmcmds.c	archive/superseded-revisions/software-old-obsolete/Assembler-old/asmcmds.c	archive/superseded-revisions/software-old-obsolete/Assembler-old/asmcmds.c
YACC1-2024/Software-vs/Old-obselete/Assembler-old/header.h	archive/superseded-revisions/software-old-obsolete/Assembler-old/header.h	archive/superseded-revisions/software-old-obsolete/Assembler-old/header.h
YACC1-2024/Software-vs/Old-obselete/Assembler-old/mstrings.c	archive/superseded-revisions/software-old-obsolete/Assembler-old/mstrings.c	archive/superseded-revisions/software-old-obsolete/Assembler-old/mstrings.c
YACC1-2024/Software-vs/Old-obselete/Assembler-old/mstrings.h	software/assembler/upstream/rcasm-2.2/mstrings.h	archive/superseded-revisions/software-old-obsolete/Assembler-old/mstrings.h
YACC1-2024/Software-vs/Old-obselete/Assembler-old/support.c	archive/superseded-revisions/software-old-obsolete/Assembler-old/support.c	archive/superseded-revisions/software-old-obsolete/Assembler-old/support.c
YACC1-2024/Software-vs/Old-obselete/Assembler-old/yacc1.def	archive/superseded-revisions/software-old-obsolete/Assembler-old/yacc1.def	archive/superseded-revisions/software-old-obsolete/Assembler-old/yacc1.def
YACC1-2024/Software-vs/Old-obselete/Assembler-old/yacc1test.asm	archive/superseded-revisions/software-old-obsolete/Assembler-old/yacc1test.asm	archive/superseded-revisions/software-old-obsolete/Assembler-old/yacc1test.asm
YACC1-2024/Software-vs/Old-obselete/Assembler-old/yacc1test.img	archive/superseded-revisions/software-old-obsolete/Assembler-old/yacc1test.img	archive/superseded-revisions/software-old-obsolete/Assembler-old/yacc1test.img
YACC1-2024/Software-vs/Old-obselete/Assembler-old/yacc1test.prg	archive/superseded-revisions/assembler-port-2020/rcasm/yacc1test.prg	archive/superseded-revisions/software-old-obsolete/Assembler-old/yacc1test.prg
YACC1-2024/Software-vs/Old-obselete/Assembler-old/yacc1testorig.asm	tests/assembler/history-2020/yacc1testorig.asm	archive/superseded-revisions/software-old-obsolete/Assembler-old/yacc1testorig.asm
YACC1-2024/Software-vs/Old-obselete/Emulator/insInfo.c	archive/superseded-revisions/software-old-obsolete/Emulator/insInfo.c	archive/superseded-revisions/software-old-obsolete/Emulator/insInfo.c
YACC1-2024/Software-vs/Old-obselete/Emulator/intelhex.c	archive/superseded-revisions/software-old-obsolete/Emulator/intelhex.c	archive/superseded-revisions/software-old-obsolete/Emulator/intelhex.c
YACC1-2024/Software-vs/Old-obselete/Emulator/main.c	archive/superseded-revisions/software-old-obsolete/Emulator/main.c	archive/superseded-revisions/software-old-obsolete/Emulator/main.c
YACC1-2024/Software-vs/Old-obselete/Emulator/nbproject/Makefile-Debug.mk	archive/superseded-revisions/software-old-obsolete/Emulator/nbproject/Makefile-Debug.mk	archive/superseded-revisions/software-old-obsolete/Emulator/nbproject/Makefile-Debug.mk
YACC1-2024/Software-vs/Old-obselete/Emulator/nbproject/Makefile-Release.mk	archive/superseded-revisions/software-old-obsolete/Emulator/nbproject/Makefile-Release.mk	archive/superseded-revisions/software-old-obsolete/Emulator/nbproject/Makefile-Release.mk
YACC1-2024/Software-vs/Old-obselete/Emulator/nbproject/Makefile-impl.mk	archive/superseded-revisions/software-old-obsolete/Emulator/nbproject/Makefile-impl.mk	archive/superseded-revisions/software-old-obsolete/Emulator/nbproject/Makefile-impl.mk
YACC1-2024/Software-vs/Old-obselete/Emulator/nbproject/Makefile-variables.mk	archive/superseded-revisions/software-old-obsolete/Emulator/nbproject/Makefile-variables.mk	archive/superseded-revisions/software-old-obsolete/Emulator/nbproject/Makefile-variables.mk
YACC1-2024/Software-vs/Old-obselete/Emulator/nbproject/Package-Debug.bash	archive/superseded-revisions/software-old-obsolete/Emulator/nbproject/Package-Debug.bash	archive/superseded-revisions/software-old-obsolete/Emulator/nbproject/Package-Debug.bash
YACC1-2024/Software-vs/Old-obselete/Emulator/nbproject/Package-Release.bash	archive/superseded-revisions/software-old-obsolete/Emulator/nbproject/Package-Release.bash	archive/superseded-revisions/software-old-obsolete/Emulator/nbproject/Package-Release.bash
YACC1-2024/Software-vs/Old-obselete/Emulator/nbproject/configurations.xml	archive/superseded-revisions/software-old-obsolete/Emulator/nbproject/configurations.xml	archive/superseded-revisions/software-old-obsolete/Emulator/nbproject/configurations.xml
YACC1-2024/Software-vs/Old-obselete/Emulator/nbproject/project.xml	archive/superseded-revisions/software-old-obsolete/Emulator/nbproject/project.xml	archive/superseded-revisions/software-old-obsolete/Emulator/nbproject/project.xml
YACC1-2024/Software-vs/Old-obselete/Memory Card/test EPROM/eprom.bin	archive/superseded-revisions/software-old-obsolete/Memory Card/test EPROM/eprom.bin	archive/superseded-revisions/software-old-obsolete/Memory Card/test EPROM/eprom.bin
YACC1-2024/Software-vs/Old-obselete/Memory Card/test EPROM/main.c	archive/superseded-revisions/software-old-obsolete/Memory Card/test EPROM/main.c	archive/superseded-revisions/software-old-obsolete/Memory Card/test EPROM/main.c
YACC1-2024/Software-vs/Old-obselete/Memory Card/test EPROM/nbproject/Makefile-Debug.mk	archive/superseded-revisions/software-old-obsolete/Memory Card/test EPROM/nbproject/Makefile-Debug.mk	archive/superseded-revisions/software-old-obsolete/Memory Card/test EPROM/nbproject/Makefile-Debug.mk
YACC1-2024/Software-vs/Old-obselete/Memory Card/test EPROM/nbproject/Makefile-Release.mk	archive/superseded-revisions/software-old-obsolete/Memory Card/test EPROM/nbproject/Makefile-Release.mk	archive/superseded-revisions/software-old-obsolete/Memory Card/test EPROM/nbproject/Makefile-Release.mk
YACC1-2024/Software-vs/Old-obselete/Memory Card/test EPROM/nbproject/Makefile-impl.mk	archive/superseded-revisions/software-old-obsolete/Memory Card/test EPROM/nbproject/Makefile-impl.mk	archive/superseded-revisions/software-old-obsolete/Memory Card/test EPROM/nbproject/Makefile-impl.mk
YACC1-2024/Software-vs/Old-obselete/Memory Card/test EPROM/nbproject/Makefile-variables.mk	archive/superseded-revisions/software-old-obsolete/Memory Card/test EPROM/nbproject/Makefile-variables.mk	archive/superseded-revisions/software-old-obsolete/Memory Card/test EPROM/nbproject/Makefile-variables.mk
YACC1-2024/Software-vs/Old-obselete/Memory Card/test EPROM/nbproject/Package-Debug.bash	archive/superseded-revisions/software-old-obsolete/Memory Card/test EPROM/nbproject/Package-Debug.bash	archive/superseded-revisions/software-old-obsolete/Memory Card/test EPROM/nbproject/Package-Debug.bash
YACC1-2024/Software-vs/Old-obselete/Memory Card/test EPROM/nbproject/Package-Release.bash	archive/superseded-revisions/software-old-obsolete/Memory Card/test EPROM/nbproject/Package-Release.bash	archive/superseded-revisions/software-old-obsolete/Memory Card/test EPROM/nbproject/Package-Release.bash
YACC1-2024/Software-vs/Old-obselete/Memory Card/test EPROM/nbproject/configurations.xml	archive/superseded-revisions/software-old-obsolete/Memory Card/test EPROM/nbproject/configurations.xml	archive/superseded-revisions/software-old-obsolete/Memory Card/test EPROM/nbproject/configurations.xml
YACC1-2024/Software-vs/Old-obselete/Memory Card/test EPROM/nbproject/project.xml	archive/superseded-revisions/software-old-obsolete/Memory Card/test EPROM/nbproject/project.xml	archive/superseded-revisions/software-old-obsolete/Memory Card/test EPROM/nbproject/project.xml
YACC1-2024/Software-vs/Old-obselete/Tiny-basic-notused/.github/workflows/c-cpp.yml	archive/superseded-revisions/software-old-obsolete/Tiny-basic-notused/.github/workflows/c-cpp.yml	archive/superseded-revisions/software-old-obsolete/Tiny-basic-notused/.github/workflows/c-cpp.yml
YACC1-2024/Software-vs/Old-obselete/Tiny-basic-notused/LICENSE	archive/superseded-revisions/software-old-obsolete/Tiny-basic-notused/LICENSE	archive/superseded-revisions/software-old-obsolete/Tiny-basic-notused/LICENSE
YACC1-2024/Software-vs/Old-obselete/Tiny-basic-notused/README.md	archive/superseded-revisions/software-old-obsolete/Tiny-basic-notused/README.md	archive/superseded-revisions/software-old-obsolete/Tiny-basic-notused/README.md
YACC1-2024/Software-vs/Old-obselete/Tiny-basic-notused/examples/fibonacci.tb	archive/superseded-revisions/software-old-obsolete/Tiny-basic-notused/examples/fibonacci.tb	archive/superseded-revisions/software-old-obsolete/Tiny-basic-notused/examples/fibonacci.tb
YACC1-2024/Software-vs/Old-obselete/Tiny-basic-notused/examples/helloworld.tb	archive/superseded-revisions/software-old-obsolete/Tiny-basic-notused/examples/helloworld.tb	archive/superseded-revisions/software-old-obsolete/Tiny-basic-notused/examples/helloworld.tb
YACC1-2024/Software-vs/Old-obselete/Tiny-basic-notused/examples/stars.tb	archive/superseded-revisions/software-old-obsolete/Tiny-basic-notused/examples/stars.tb	archive/superseded-revisions/software-old-obsolete/Tiny-basic-notused/examples/stars.tb
YACC1-2024/Software-vs/Old-obselete/Tiny-basic-notused/grammar.md	archive/superseded-revisions/software-old-obsolete/Tiny-basic-notused/grammar.md	archive/superseded-revisions/software-old-obsolete/Tiny-basic-notused/grammar.md
YACC1-2024/Software-vs/Old-obselete/Tiny-basic-notused/makefile	archive/superseded-revisions/software-old-obsolete/Tiny-basic-notused/makefile	archive/superseded-revisions/software-old-obsolete/Tiny-basic-notused/makefile
YACC1-2024/Software-vs/Old-obselete/Tiny-basic-notused/nbproject/configurations.xml	archive/superseded-revisions/software-old-obsolete/Tiny-basic-notused/nbproject/configurations.xml	archive/superseded-revisions/software-old-obsolete/Tiny-basic-notused/nbproject/configurations.xml
YACC1-2024/Software-vs/Old-obselete/Tiny-basic-notused/nbproject/project.xml	archive/superseded-revisions/software-old-obsolete/Tiny-basic-notused/nbproject/project.xml	archive/superseded-revisions/software-old-obsolete/Tiny-basic-notused/nbproject/project.xml
YACC1-2024/Software-vs/Old-obselete/Tiny-basic-notused/readme.ken	archive/superseded-revisions/software-old-obsolete/Tiny-basic-notused/readme.ken	archive/superseded-revisions/software-old-obsolete/Tiny-basic-notused/readme.ken
YACC1-2024/Software-vs/Old-obselete/Tiny-basic-notused/src/core.h	archive/superseded-revisions/software-old-obsolete/Tiny-basic-notused/src/core.h	archive/superseded-revisions/software-old-obsolete/Tiny-basic-notused/src/core.h
YACC1-2024/Software-vs/Old-obselete/Tiny-basic-notused/src/lexer.c	archive/superseded-revisions/software-old-obsolete/Tiny-basic-notused/src/lexer.c	archive/superseded-revisions/software-old-obsolete/Tiny-basic-notused/src/lexer.c
YACC1-2024/Software-vs/Old-obselete/Tiny-basic-notused/src/lexer.h	archive/superseded-revisions/software-old-obsolete/Tiny-basic-notused/src/lexer.h	archive/superseded-revisions/software-old-obsolete/Tiny-basic-notused/src/lexer.h
YACC1-2024/Software-vs/Old-obselete/Tiny-basic-notused/src/parser.c	archive/superseded-revisions/software-old-obsolete/Tiny-basic-notused/src/parser.c	archive/superseded-revisions/software-old-obsolete/Tiny-basic-notused/src/parser.c
YACC1-2024/Software-vs/Old-obselete/Tiny-basic-notused/src/parserx.c	archive/superseded-revisions/software-old-obsolete/Tiny-basic-notused/src/parserx.c	archive/superseded-revisions/software-old-obsolete/Tiny-basic-notused/src/parserx.c
YACC1-2024/Software-vs/Old-obselete/Tiny-basic-notused/src/symboltable.c	archive/superseded-revisions/software-old-obsolete/Tiny-basic-notused/src/symboltable.c	archive/superseded-revisions/software-old-obsolete/Tiny-basic-notused/src/symboltable.c
YACC1-2024/Software-vs/Old-obselete/Tiny-basic-notused/src/symboltable.h	archive/superseded-revisions/software-old-obsolete/Tiny-basic-notused/src/symboltable.h	archive/superseded-revisions/software-old-obsolete/Tiny-basic-notused/src/symboltable.h
YACC1-2024/Software-vs/Old-obselete/Tiny-basic-notused/src/tokens.h	archive/superseded-revisions/software-old-obsolete/Tiny-basic-notused/src/tokens.h	archive/superseded-revisions/software-old-obsolete/Tiny-basic-notused/src/tokens.h
YACC1-2024/Software-vs/Old-obselete/disassembler/main.c	archive/superseded-revisions/software-old-obsolete/disassembler/main.c	archive/superseded-revisions/software-old-obsolete/disassembler/main.c
YACC1-2024/Software-vs/Old-obselete/disassembler/test.123	archive/superseded-revisions/software-old-obsolete/disassembler/test.123	archive/superseded-revisions/software-old-obsolete/disassembler/test.123
YACC1-2024/Software/Sequencer Card/disasm/code.h	software/disassembler/disasm2/code.h	archive/superseded-revisions/disasm-v1/code.h
YACC1-2024/Software/Sequencer Card/disasm/main.c	archive/conflict-losers/YACC1-2024/Software/Sequencer Card/disasm/main.c	archive/superseded-revisions/disasm-v1/main.c
YACC1-2024/Software/Sequencer Card/disasm/nbproject/configurations.xml	software/disassembler/disasm2/nbproject/configurations.xml	archive/superseded-revisions/disasm-v1/nbproject/configurations.xml
YACC1-2024/Software/Sequencer Card/disasm/yaccsignal.h.old.h	software/disassembler/disasm2/yaccsignal.h.old.h	archive/superseded-revisions/disasm-v1/yaccsignal.h.old.h
YACC1-2024/Software/Sequencer Card/old & obselete/Sequencer Aug 17 pre cleanup/EEPROM.ino	embedded/sequencer-card/deprecated/sequencer1/EEPROM.ino	archive/superseded-revisions/sequencer-card-old/Sequencer Aug 17 pre cleanup/EEPROM.ino
YACC1-2024/Software/Sequencer Card/old & obselete/Sequencer Aug 17 pre cleanup/IO.ino	embedded/sequencer-card/deprecated/sequencer1/IO.ino	archive/superseded-revisions/sequencer-card-old/Sequencer Aug 17 pre cleanup/IO.ino
YACC1-2024/Software/Sequencer Card/old & obselete/Sequencer Aug 17 pre cleanup/Sequencer.ino	archive/superseded-revisions/sequencer-card-old/Sequencer Aug 17 pre cleanup/Sequencer.ino	archive/superseded-revisions/sequencer-card-old/Sequencer Aug 17 pre cleanup/Sequencer.ino
YACC1-2024/Software/Sequencer Card/old & obselete/Sequencer Aug 17 pre cleanup/download.ino	archive/superseded-revisions/sequencer-card-old/Sequencer Aug 17 pre cleanup/download.ino	archive/superseded-revisions/sequencer-card-old/Sequencer Aug 17 pre cleanup/download.ino
YACC1-2024/Software/Sequencer Card/old & obselete/Sequencer Aug 17 pre cleanup/uCodeRAM.ino	archive/superseded-revisions/sequencer-card-old/Sequencer Aug 17 pre cleanup/uCodeRAM.ino	archive/superseded-revisions/sequencer-card-old/Sequencer Aug 17 pre cleanup/uCodeRAM.ino
YACC1-2024/Software/Sequencer Card/old & obselete/Sequencer Aug 17 pre cleanup/uCodeROM.ino	archive/superseded-revisions/sequencer-card-old/Sequencer Aug 17 pre cleanup/uCodeROM.ino	archive/superseded-revisions/sequencer-card-old/Sequencer Aug 17 pre cleanup/uCodeROM.ino
YACC1-2024/Software/Sequencer Card/old & obselete/Sequencer copy/EEPROM.ino	embedded/sequencer-card/deprecated/sequencer1/EEPROM.ino	archive/superseded-revisions/sequencer-card-old/Sequencer copy/EEPROM.ino
YACC1-2024/Software/Sequencer Card/old & obselete/Sequencer copy/IO.ino	archive/superseded-revisions/sequencer-card-old/Sequencer copy/IO.ino	archive/superseded-revisions/sequencer-card-old/Sequencer copy/IO.ino
YACC1-2024/Software/Sequencer Card/old & obselete/Sequencer copy/Sequencer.ino	archive/superseded-revisions/sequencer-card-old/Sequencer copy/Sequencer.ino	archive/superseded-revisions/sequencer-card-old/Sequencer copy/Sequencer.ino
YACC1-2024/Software/Sequencer Card/old & obselete/Sequencer copy/download.ino	archive/superseded-revisions/sequencer-card-old/Sequencer copy/download.ino	archive/superseded-revisions/sequencer-card-old/Sequencer copy/download.ino
YACC1-2024/Software/Sequencer Card/old & obselete/Sequencer copy/uCodeRAM.ino	archive/superseded-revisions/sequencer-card-old/Sequencer copy/uCodeRAM.ino	archive/superseded-revisions/sequencer-card-old/Sequencer copy/uCodeRAM.ino
YACC1-2024/Software/Sequencer Card/old & obselete/Sequencer copy/uCodeROM.ino	archive/superseded-revisions/sequencer-card-old/Sequencer copy/uCodeROM.ino	archive/superseded-revisions/sequencer-card-old/Sequencer copy/uCodeROM.ino
YACC1-2024/Software/Sequencer Card/old & obselete/uCode-Generator copy/CodeGen.h	archive/superseded-revisions/sequencer-card-old/uCode-Generator copy/CodeGen.h	archive/superseded-revisions/sequencer-card-old/uCode-Generator copy/CodeGen.h
YACC1-2024/Software/Sequencer Card/old & obselete/uCode-Generator copy/code.h	archive/superseded-revisions/sequencer-card-old/uCode-Generator copy/code.h	archive/superseded-revisions/sequencer-card-old/uCode-Generator copy/code.h
YACC1-2024/Software/Sequencer Card/old & obselete/uCode-Generator copy/code.h.orig.h	archive/superseded-revisions/sequencer-card-old/uCode-Generator copy/code.h.orig.h	archive/superseded-revisions/sequencer-card-old/uCode-Generator copy/code.h.orig.h
YACC1-2024/Software/Sequencer Card/old & obselete/uCode-Generator copy/controlLine.c	archive/superseded-revisions/sequencer-card-old/uCode-Generator copy/controlLine.c	archive/superseded-revisions/sequencer-card-old/uCode-Generator copy/controlLine.c
YACC1-2024/Software/Sequencer Card/old & obselete/uCode-Generator copy/main.c	archive/superseded-revisions/sequencer-card-old/uCode-Generator copy/main.c	archive/superseded-revisions/sequencer-card-old/uCode-Generator copy/main.c
YACC1-2024/Software/Sequencer Card/old & obselete/uCode-Generator copy/nbproject/Makefile-Debug.mk	archive/superseded-revisions/sequencer-card-old/uCode-Generator copy/nbproject/Makefile-Debug.mk	archive/superseded-revisions/sequencer-card-old/uCode-Generator copy/nbproject/Makefile-Debug.mk
YACC1-2024/Software/Sequencer Card/old & obselete/uCode-Generator copy/nbproject/Makefile-Release.mk	archive/superseded-revisions/sequencer-card-old/uCode-Generator copy/nbproject/Makefile-Release.mk	archive/superseded-revisions/sequencer-card-old/uCode-Generator copy/nbproject/Makefile-Release.mk
YACC1-2024/Software/Sequencer Card/old & obselete/uCode-Generator copy/nbproject/Makefile-impl.mk	archive/superseded-revisions/sequencer-card-old/uCode-Generator copy/nbproject/Makefile-impl.mk	archive/superseded-revisions/sequencer-card-old/uCode-Generator copy/nbproject/Makefile-impl.mk
YACC1-2024/Software/Sequencer Card/old & obselete/uCode-Generator copy/nbproject/Makefile-variables.mk	archive/superseded-revisions/sequencer-card-old/uCode-Generator copy/nbproject/Makefile-variables.mk	archive/superseded-revisions/sequencer-card-old/uCode-Generator copy/nbproject/Makefile-variables.mk
YACC1-2024/Software/Sequencer Card/old & obselete/uCode-Generator copy/nbproject/Package-Debug.bash	archive/superseded-revisions/sequencer-card-old/uCode-Generator copy/nbproject/Package-Debug.bash	archive/superseded-revisions/sequencer-card-old/uCode-Generator copy/nbproject/Package-Debug.bash
YACC1-2024/Software/Sequencer Card/old & obselete/uCode-Generator copy/nbproject/Package-Release.bash	archive/superseded-revisions/sequencer-card-old/uCode-Generator copy/nbproject/Package-Release.bash	archive/superseded-revisions/sequencer-card-old/uCode-Generator copy/nbproject/Package-Release.bash
YACC1-2024/Software/Sequencer Card/old & obselete/uCode-Generator copy/nbproject/configurations.xml	archive/superseded-revisions/sequencer-card-old/uCode-Generator copy/nbproject/configurations.xml	archive/superseded-revisions/sequencer-card-old/uCode-Generator copy/nbproject/configurations.xml
YACC1-2024/Software/Sequencer Card/old & obselete/uCode-Generator copy/nbproject/project.xml	archive/superseded-revisions/sequencer-card-old/uCode-Generator copy/nbproject/project.xml	archive/superseded-revisions/sequencer-card-old/uCode-Generator copy/nbproject/project.xml
YACC1-2024/Software/Sequencer Card/old & obselete/uCode-Generator copy/signal.h	archive/superseded-revisions/sequencer-card-old/uCode-Generator copy/signal.h	archive/superseded-revisions/sequencer-card-old/uCode-Generator copy/signal.h
YACC1-2024/Software/Sequencer Card/old & obselete/uCode-Generator copy/test.hex	archive/superseded-revisions/sequencer-card-old/uCode-Generator copy/test.hex	archive/superseded-revisions/sequencer-card-old/uCode-Generator copy/test.hex
YACC1-2024/Software/Sequencer Card/old & obselete/uCode-Generator copy/test.hex.short.hex	archive/superseded-revisions/sequencer-card-old/uCode-Generator copy/test.hex.short.hex	archive/superseded-revisions/sequencer-card-old/uCode-Generator copy/test.hex.short.hex
YACC1-2024/Software/Sequencer Card/old & obselete/uCode-Generator copy/test.hexz	archive/superseded-revisions/sequencer-card-old/uCode-Generator copy/test.hexz	archive/superseded-revisions/sequencer-card-old/uCode-Generator copy/test.hexz
YACC1-2024/Software/Sequencer Card/uCode-Generator/code.h.orig.h	archive/superseded-revisions/sequencer-card-old/uCode-Generator copy/code.h.orig.h	archive/superseded-revisions/ucode-generator-v1/code.h.orig.h
YACC1-2024/Software/Sequencer Card/uCode-Generator/nbproject/Makefile-impl.mk	archive/superseded-revisions/sequencer-card-old/uCode-Generator copy/nbproject/Makefile-impl.mk	archive/superseded-revisions/ucode-generator-v1/nbproject/Makefile-impl.mk
YACC1-2024/Software/Sequencer Card/uCode-Generator/nbproject/Makefile-variables.mk	archive/superseded-revisions/sequencer-card-old/uCode-Generator copy/nbproject/Makefile-variables.mk	archive/superseded-revisions/ucode-generator-v1/nbproject/Makefile-variables.mk
YACC1-2024/Software/Sequencer Card/uCode-Generator/nbproject/Package-Debug.bash	archive/superseded-revisions/sequencer-card-old/uCode-Generator copy/nbproject/Package-Debug.bash	archive/superseded-revisions/ucode-generator-v1/nbproject/Package-Debug.bash
YACC1-2024/Software/Sequencer Card/uCode-Generator/nbproject/Package-Release.bash	archive/superseded-revisions/sequencer-card-old/uCode-Generator copy/nbproject/Package-Release.bash	archive/superseded-revisions/ucode-generator-v1/nbproject/Package-Release.bash
YACC1-2024/Software/Sequencer Card/uCode-Generator/nbproject/project.xml	archive/superseded-revisions/sequencer-card-old/uCode-Generator copy/nbproject/project.xml	archive/superseded-revisions/ucode-generator-v1/nbproject/project.xml
YACC1-2024/Software/Sequencer Card/uCode-Generator/test.hex.short.hex	archive/superseded-revisions/sequencer-card-old/uCode-Generator copy/test.hex.short.hex	archive/superseded-revisions/ucode-generator-v1/test.hex.short.hex
YACC1-master/Opcodes Yacc1 - Sheet1.pdf	archive/gen1-2015-2018/YACC1A1/Simulation/z-old/Opcodes Yacc1 - Sheet1.pdf	archive/gen1-2015-2018/YACC1-master-python-2015/Opcodes Yacc1 - Sheet1.pdf
YACC1-master/README.md	archive/gen1-2015-2018/YACC1A1/Simulation/z-old/README.md	archive/gen1-2015-2018/YACC1-master-python-2015/README.md
YACC1-master/Yacc1-Assembler/.idea/Yacc1-Assembler.iml	archive/gen1-2015-2018/YACC1A1/Simulation/Yacc1-Assembler/.idea/Yacc1-Assembler.iml	archive/gen1-2015-2018/YACC1-master-python-2015/Yacc1-Assembler/.idea/Yacc1-Assembler.iml
YACC1-master/Yacc1-Assembler/.idea/encodings.xml	archive/gen1-2015-2018/YACC1A1/Simulation/Yacc1-Assembler/.idea/encodings.xml	archive/gen1-2015-2018/YACC1-master-python-2015/Yacc1-Assembler/.idea/encodings.xml
YACC1-master/Yacc1-Assembler/.idea/misc.xml	archive/gen1-2015-2018/YACC1A1/Simulation/Yacc1-Assembler/.idea/misc.xml	archive/gen1-2015-2018/YACC1-master-python-2015/Yacc1-Assembler/.idea/misc.xml
YACC1-master/Yacc1-Assembler/.idea/modules.xml	archive/gen1-2015-2018/YACC1A1/Simulation/Yacc1-Assembler/.idea/modules.xml	archive/gen1-2015-2018/YACC1-master-python-2015/Yacc1-Assembler/.idea/modules.xml
YACC1-master/Yacc1-Assembler/.idea/other.xml	archive/gen1-2015-2018/YACC1A1/Simulation/Yacc1-Assembler/.idea/other.xml	archive/gen1-2015-2018/YACC1-master-python-2015/Yacc1-Assembler/.idea/other.xml
YACC1-master/Yacc1-Assembler/.idea/scopes/scope_settings.xml	archive/gen1-2015-2018/YACC1A1/Simulation/Yacc1-Assembler/.idea/scopes/scope_settings.xml	archive/gen1-2015-2018/YACC1-master-python-2015/Yacc1-Assembler/.idea/scopes/scope_settings.xml
YACC1-master/Yacc1-Assembler/.idea/testrunner.xml	archive/gen1-2015-2018/YACC1A1/Simulation/Yacc1-Assembler/.idea/testrunner.xml	archive/gen1-2015-2018/YACC1-master-python-2015/Yacc1-Assembler/.idea/testrunner.xml
YACC1-master/Yacc1-Assembler/.idea/vcs.xml	archive/gen1-2015-2018/YACC1A1/Simulation/Yacc1-Assembler/.idea/vcs.xml	archive/gen1-2015-2018/YACC1-master-python-2015/Yacc1-Assembler/.idea/vcs.xml
YACC1-master/Yacc1-Assembler/.idea/workspace.xml	archive/gen1-2015-2018/YACC1A1/Simulation/Yacc1-Assembler/.idea/workspace.xml	archive/gen1-2015-2018/YACC1-master-python-2015/Yacc1-Assembler/.idea/workspace.xml
YACC1-master/Yacc1-Assembler/loadrom	archive/gen1-2015-2018/YACC1A1/Simulation/Yacc1-Assembler/loadrom	archive/gen1-2015-2018/YACC1-master-python-2015/Yacc1-Assembler/loadrom
YACC1-master/Yacc1-Assembler/main.py	archive/gen1-2015-2018/YACC1A1/Simulation/Yacc1-Assembler/main.py	archive/gen1-2015-2018/YACC1-master-python-2015/Yacc1-Assembler/main.py
YACC1-master/Yacc1-Assembler/workfile.asm	archive/gen1-2015-2018/YACC1A1/Simulation/Yacc1-Assembler/workfile.asm	archive/gen1-2015-2018/YACC1-master-python-2015/Yacc1-Assembler/workfile.asm
YACC1-master/Yacc1-Assembler/workfile2.asm	archive/gen1-2015-2018/YACC1A1/Simulation/Yacc1-Assembler/workfile2.asm	archive/gen1-2015-2018/YACC1-master-python-2015/Yacc1-Assembler/workfile2.asm
YACC1-master/Yacc1-Assembler/workfile2.lst	archive/gen1-2015-2018/YACC1A1/Simulation/Yacc1-Assembler/workfile2.lst	archive/gen1-2015-2018/YACC1-master-python-2015/Yacc1-Assembler/workfile2.lst
YACC1-master/yacc1 micro code rom creator/.idea/encodings.xml	archive/gen1-2015-2018/YACC1A1/Simulation/Yacc1-Assembler/.idea/encodings.xml	archive/gen1-2015-2018/YACC1-master-python-2015/yacc1 micro code rom creator/.idea/encodings.xml
YACC1-master/yacc1 micro code rom creator/.idea/misc.xml	archive/gen1-2015-2018/YACC1A1/Simulation/Yacc1-Assembler/.idea/misc.xml	archive/gen1-2015-2018/YACC1-master-python-2015/yacc1 micro code rom creator/.idea/misc.xml
YACC1-master/yacc1 micro code rom creator/.idea/modules.xml	archive/gen1-2015-2018/YACC1A1/Simulation/yacc1 micro code rom creator/.idea/modules.xml	archive/gen1-2015-2018/YACC1-master-python-2015/yacc1 micro code rom creator/.idea/modules.xml
YACC1-master/yacc1 micro code rom creator/.idea/other.xml	archive/gen1-2015-2018/YACC1A1/Simulation/Yacc1-Assembler/.idea/other.xml	archive/gen1-2015-2018/YACC1-master-python-2015/yacc1 micro code rom creator/.idea/other.xml
YACC1-master/yacc1 micro code rom creator/.idea/scopes/scope_settings.xml	archive/gen1-2015-2018/YACC1A1/Simulation/Yacc1-Assembler/.idea/scopes/scope_settings.xml	archive/gen1-2015-2018/YACC1-master-python-2015/yacc1 micro code rom creator/.idea/scopes/scope_settings.xml
YACC1-master/yacc1 micro code rom creator/.idea/testrunner.xml	archive/gen1-2015-2018/YACC1A1/Simulation/Yacc1-Assembler/.idea/testrunner.xml	archive/gen1-2015-2018/YACC1-master-python-2015/yacc1 micro code rom creator/.idea/testrunner.xml
YACC1-master/yacc1 micro code rom creator/.idea/vcs.xml	archive/gen1-2015-2018/YACC1A1/Simulation/Yacc1-Assembler/.idea/vcs.xml	archive/gen1-2015-2018/YACC1-master-python-2015/yacc1 micro code rom creator/.idea/vcs.xml
YACC1-master/yacc1 micro code rom creator/.idea/workspace.xml	archive/gen1-2015-2018/YACC1A1/Simulation/yacc1 micro code rom creator/.idea/workspace.xml	archive/gen1-2015-2018/YACC1-master-python-2015/yacc1 micro code rom creator/.idea/workspace.xml
YACC1-master/yacc1 micro code rom creator/.idea/yacc1 micro code rom creator.iml	archive/gen1-2015-2018/YACC1A1/Simulation/Yacc1-Assembler/.idea/Yacc1-Assembler.iml	archive/gen1-2015-2018/YACC1-master-python-2015/yacc1 micro code rom creator/.idea/yacc1 micro code rom creator.iml
YACC1-master/yacc1 micro code rom creator/codefile	archive/gen1-2015-2018/YACC1A1/Simulation/yacc1 micro code rom creator/codefile	archive/gen1-2015-2018/YACC1-master-python-2015/yacc1 micro code rom creator/codefile
YACC1-master/yacc1 micro code rom creator/main.py	archive/gen1-2015-2018/YACC1A1/Simulation/yacc1 micro code rom creator/main.py	archive/gen1-2015-2018/YACC1-master-python-2015/yacc1 micro code rom creator/main.py
YACC1-master/yacc1 micro code rom creator/testfile	archive/gen1-2015-2018/YACC1A1/Simulation/yacc1 micro code rom creator/testfile	archive/gen1-2015-2018/YACC1-master-python-2015/yacc1 micro code rom creator/testfile
YACCS-OLD/YACC1-2020 July 2021 backup/Data Sheets/1802 Microprocessor Instructions.pdf	docs/datasheets/1802 Microprocessor Instructions.pdf	archive/superseded-revisions/snapshot-2021-07/Data Sheets/1802 Microprocessor Instructions.pdf
YACCS-OLD/YACC1-2020 July 2021 backup/Data Sheets/24lc512.pdf	docs/datasheets/24lc512.pdf	archive/superseded-revisions/snapshot-2021-07/Data Sheets/24lc512.pdf
YACCS-OLD/YACC1-2020 July 2021 backup/Data Sheets/24lc64.pdf	docs/datasheets/24lc64.pdf	archive/superseded-revisions/snapshot-2021-07/Data Sheets/24lc64.pdf
YACCS-OLD/YACC1-2020 July 2021 backup/Data Sheets/27c256.pdf	docs/datasheets/27c256.pdf	archive/superseded-revisions/snapshot-2021-07/Data Sheets/27c256.pdf
YACCS-OLD/YACC1-2020 July 2021 backup/Data Sheets/27c64.pdf	docs/datasheets/27c64.pdf	archive/superseded-revisions/snapshot-2021-07/Data Sheets/27c64.pdf
YACCS-OLD/YACC1-2020 July 2021 backup/Data Sheets/28c64.pdf	docs/datasheets/28c64.pdf	archive/superseded-revisions/snapshot-2021-07/Data Sheets/28c64.pdf
YACCS-OLD/YACC1-2020 July 2021 backup/Data Sheets/74139.pdf	docs/datasheets/74139.pdf	archive/superseded-revisions/snapshot-2021-07/Data Sheets/74139.pdf
YACCS-OLD/YACC1-2020 July 2021 backup/Data Sheets/74150.pdf	docs/datasheets/74150.pdf	archive/superseded-revisions/snapshot-2021-07/Data Sheets/74150.pdf
YACCS-OLD/YACC1-2020 July 2021 backup/Data Sheets/74192.pdf	docs/datasheets/74192.pdf	archive/superseded-revisions/snapshot-2021-07/Data Sheets/74192.pdf
YACCS-OLD/YACC1-2020 July 2021 backup/Data Sheets/74194.pdf	docs/datasheets/74194.pdf	archive/superseded-revisions/snapshot-2021-07/Data Sheets/74194.pdf
YACCS-OLD/YACC1-2020 July 2021 backup/Data Sheets/74240.pdf	docs/datasheets/74240.pdf	archive/superseded-revisions/snapshot-2021-07/Data Sheets/74240.pdf
YACCS-OLD/YACC1-2020 July 2021 backup/Data Sheets/74244.pdf	docs/datasheets/74244.pdf	archive/superseded-revisions/snapshot-2021-07/Data Sheets/74244.pdf
YACCS-OLD/YACC1-2020 July 2021 backup/Data Sheets/74245.pdf	docs/datasheets/74245.pdf	archive/superseded-revisions/snapshot-2021-07/Data Sheets/74245.pdf
YACCS-OLD/YACC1-2020 July 2021 backup/Data Sheets/74374.pdf	docs/datasheets/74374.pdf	archive/superseded-revisions/snapshot-2021-07/Data Sheets/74374.pdf
YACCS-OLD/YACC1-2020 July 2021 backup/Data Sheets/744078.pdf	docs/datasheets/744078.pdf	archive/superseded-revisions/snapshot-2021-07/Data Sheets/744078.pdf
YACCS-OLD/YACC1-2020 July 2021 backup/Data Sheets/7474.pdf	docs/datasheets/7474.pdf	archive/superseded-revisions/snapshot-2021-07/Data Sheets/7474.pdf
YACCS-OLD/YACC1-2020 July 2021 backup/Data Sheets/7483.pdf	docs/datasheets/7483.pdf	archive/superseded-revisions/snapshot-2021-07/Data Sheets/7483.pdf
YACCS-OLD/YACC1-2020 July 2021 backup/Data Sheets/7485.pdf	docs/datasheets/7485.pdf	archive/superseded-revisions/snapshot-2021-07/Data Sheets/7485.pdf
YACCS-OLD/YACC1-2020 July 2021 backup/Data Sheets/74HC_HCT04.pdf	docs/datasheets/74HC_HCT04.pdf	archive/superseded-revisions/snapshot-2021-07/Data Sheets/74HC_HCT04.pdf
YACCS-OLD/YACC1-2020 July 2021 backup/Data Sheets/74ls194 truth table.png	docs/datasheets/74ls194 truth table.png	archive/superseded-revisions/snapshot-2021-07/Data Sheets/74ls194 truth table.png
YACCS-OLD/YACC1-2020 July 2021 backup/Data Sheets/AS6C62256.pdf	docs/datasheets/AS6C62256.pdf	archive/superseded-revisions/snapshot-2021-07/Data Sheets/AS6C62256.pdf
YACCS-OLD/YACC1-2020 July 2021 backup/Data Sheets/AS6C6264.pdf	docs/datasheets/AS6C6264.pdf	archive/superseded-revisions/snapshot-2021-07/Data Sheets/AS6C6264.pdf
YACCS-OLD/YACC1-2020 July 2021 backup/Data Sheets/MAX220-MAX249.pdf	docs/datasheets/MAX220-MAX249.pdf	archive/superseded-revisions/snapshot-2021-07/Data Sheets/MAX220-MAX249.pdf
YACCS-OLD/YACC1-2020 July 2021 backup/Data Sheets/MX25L4006E, 3V, 4Mb, v1.6.pdf	docs/datasheets/MX25L4006E, 3V, 4Mb, v1.6.pdf	archive/superseded-revisions/snapshot-2021-07/Data Sheets/MX25L4006E, 3V, 4Mb, v1.6.pdf
YACCS-OLD/YACC1-2020 July 2021 backup/Data Sheets/PC16550D.pdf	docs/datasheets/PC16550D.pdf	archive/superseded-revisions/snapshot-2021-07/Data Sheets/PC16550D.pdf
YACCS-OLD/YACC1-2020 July 2021 backup/Data Sheets/TIL311-1.pdf	docs/datasheets/TIL311-1.pdf	archive/superseded-revisions/snapshot-2021-07/Data Sheets/TIL311-1.pdf
YACCS-OLD/YACC1-2020 July 2021 backup/Data Sheets/UM245R.pdf	docs/datasheets/UM245R.pdf	archive/superseded-revisions/snapshot-2021-07/Data Sheets/UM245R.pdf
YACCS-OLD/YACC1-2020 July 2021 backup/Data Sheets/til311.pdf	docs/datasheets/til311.pdf	archive/superseded-revisions/snapshot-2021-07/Data Sheets/til311.pdf
YACCS-OLD/YACC1-2020 July 2021 backup/General Notes/NOTES-Update from old project.rtf	docs/history/general-notes/NOTES-Update from old project.rtf	archive/superseded-revisions/snapshot-2021-07/General Notes/NOTES-Update from old project.rtf
YACCS-OLD/YACC1-2020 July 2021 backup/General Notes/README.md	docs/history/general-notes/README.md	archive/superseded-revisions/snapshot-2021-07/General Notes/README.md
YACCS-OLD/YACC1-2020 July 2021 backup/General Notes/dev notes.rtf	docs/history/general-notes/dev notes.rtf	archive/superseded-revisions/snapshot-2021-07/General Notes/dev notes.rtf
YACCS-OLD/YACC1-2020 July 2021 backup/PCB/Production/ALU-V3.2/ALU V3.2.sch	hardware/cards/alu/eagle/v3.2/ALU V3.2.sch	archive/superseded-revisions/snapshot-2021-07/PCB/Production/ALU-V3.2/ALU V3.2.sch
YACCS-OLD/YACC1-2020 July 2021 backup/PCB/Production/BUS-PROD-V1.1/Build Notes.rtf	hardware/bus/backplane/eagle/deprecated/v1.1/Build Notes.rtf	archive/superseded-revisions/snapshot-2021-07/PCB/Production/BUS-PROD-V1.1/Build Notes.rtf
YACCS-OLD/YACC1-2020 July 2021 backup/PCB/Production/BUS-PROD-V1.1/gerbers.zip	hardware/bus/backplane/eagle/deprecated/v1.1/fab/gerbers.zip	archive/superseded-revisions/snapshot-2021-07/PCB/Production/BUS-PROD-V1.1/gerbers.zip
YACCS-OLD/YACC1-2020 July 2021 backup/PCB/Production/BUS-PROD-V1.1/yacc2buss.brd	hardware/bus/backplane/eagle/deprecated/v1.1/yacc2buss.brd	archive/superseded-revisions/snapshot-2021-07/PCB/Production/BUS-PROD-V1.1/yacc2buss.brd
YACCS-OLD/YACC1-2020 July 2021 backup/PCB/Production/BUS-PROD-V1.1/yacc2buss.dri	hardware/bus/backplane/eagle/deprecated/v1.1/fab/yacc2buss.dri	archive/superseded-revisions/snapshot-2021-07/PCB/Production/BUS-PROD-V1.1/yacc2buss.dri
YACCS-OLD/YACC1-2020 July 2021 backup/PCB/Production/BUS-PROD-V1.1/yacc2buss.gpi	hardware/bus/backplane/eagle/deprecated/v1.1/fab/yacc2buss.gpi	archive/superseded-revisions/snapshot-2021-07/PCB/Production/BUS-PROD-V1.1/yacc2buss.gpi
YACCS-OLD/YACC1-2020 July 2021 backup/PCB/Production/BUS-PROD-V1.1/yacc2buss.pdf	hardware/bus/backplane/eagle/deprecated/v1.1/yacc2buss.pdf	archive/superseded-revisions/snapshot-2021-07/PCB/Production/BUS-PROD-V1.1/yacc2buss.pdf
YACCS-OLD/YACC1-2020 July 2021 backup/PCB/Production/BUS-PROD-V1.1/yacc2buss.pro	hardware/bus/backplane/eagle/deprecated/v1.1/yacc2buss.pro	archive/superseded-revisions/snapshot-2021-07/PCB/Production/BUS-PROD-V1.1/yacc2buss.pro
YACCS-OLD/YACC1-2020 July 2021 backup/PCB/Production/BUS-PROD-V1.1/yacc2buss.sch	hardware/bus/backplane/eagle/deprecated/v1.1/yacc2buss.sch	archive/superseded-revisions/snapshot-2021-07/PCB/Production/BUS-PROD-V1.1/yacc2buss.sch
YACCS-OLD/YACC1-2020 July 2021 backup/PCB/Production/Bus Jumper Horizontal V3.2/CAMOutputs/Assembly/Jumper Board Horizontal V3.1.txt	hardware/bus/bus-jumper-horizontal/eagle/v3.2/fab/CAMOutputs/Assembly/Jumper Board Horizontal V3.1.txt	archive/superseded-revisions/snapshot-2021-07/PCB/Production/Bus Jumper Horizontal V3.2/CAMOutputs/Assembly/Jumper Board Horizontal V3.1.txt
YACCS-OLD/YACC1-2020 July 2021 backup/PCB/Production/Bus Jumper Horizontal V3.2/CAMOutputs/DrillFiles/drill_1_16.xln	hardware/bus/bus-jumper-horizontal/eagle/v3.2/fab/CAMOutputs/DrillFiles/drill_1_16.xln	archive/superseded-revisions/snapshot-2021-07/PCB/Production/Bus Jumper Horizontal V3.2/CAMOutputs/DrillFiles/drill_1_16.xln
YACCS-OLD/YACC1-2020 July 2021 backup/PCB/Production/Bus Jumper Horizontal V3.2/CAMOutputs/GerberFiles/Archive.zip	hardware/bus/bus-jumper-horizontal/eagle/v3.2/fab/CAMOutputs/GerberFiles/Archive.zip	archive/superseded-revisions/snapshot-2021-07/PCB/Production/Bus Jumper Horizontal V3.2/CAMOutputs/GerberFiles/Archive.zip
YACCS-OLD/YACC1-2020 July 2021 backup/PCB/Production/Bus Jumper Horizontal V3.2/CAMOutputs/GerberFiles/copper_bottom_l4.gbr	hardware/bus/bus-jumper-horizontal/eagle/v3.2/fab/CAMOutputs/GerberFiles/copper_bottom_l4.gbr	archive/superseded-revisions/snapshot-2021-07/PCB/Production/Bus Jumper Horizontal V3.2/CAMOutputs/GerberFiles/copper_bottom_l4.gbr
YACCS-OLD/YACC1-2020 July 2021 backup/PCB/Production/Bus Jumper Horizontal V3.2/CAMOutputs/GerberFiles/copper_inner_l2.gbr	hardware/bus/bus-jumper-horizontal/eagle/v3.2/fab/CAMOutputs/GerberFiles/copper_inner_l2.gbr	archive/superseded-revisions/snapshot-2021-07/PCB/Production/Bus Jumper Horizontal V3.2/CAMOutputs/GerberFiles/copper_inner_l2.gbr
YACCS-OLD/YACC1-2020 July 2021 backup/PCB/Production/Bus Jumper Horizontal V3.2/CAMOutputs/GerberFiles/copper_inner_l3.gbr	hardware/bus/bus-jumper-horizontal/eagle/v3.2/fab/CAMOutputs/GerberFiles/copper_inner_l3.gbr	archive/superseded-revisions/snapshot-2021-07/PCB/Production/Bus Jumper Horizontal V3.2/CAMOutputs/GerberFiles/copper_inner_l3.gbr
YACCS-OLD/YACC1-2020 July 2021 backup/PCB/Production/Bus Jumper Horizontal V3.2/CAMOutputs/GerberFiles/copper_top_l1.gbr	hardware/bus/bus-jumper-horizontal/eagle/v3.2/fab/CAMOutputs/GerberFiles/copper_top_l1.gbr	archive/superseded-revisions/snapshot-2021-07/PCB/Production/Bus Jumper Horizontal V3.2/CAMOutputs/GerberFiles/copper_top_l1.gbr
YACCS-OLD/YACC1-2020 July 2021 backup/PCB/Production/Bus Jumper Horizontal V3.2/CAMOutputs/GerberFiles/drill_1_16.xln	hardware/bus/bus-jumper-horizontal/eagle/v3.2/fab/CAMOutputs/DrillFiles/drill_1_16.xln	archive/superseded-revisions/snapshot-2021-07/PCB/Production/Bus Jumper Horizontal V3.2/CAMOutputs/GerberFiles/drill_1_16.xln
YACCS-OLD/YACC1-2020 July 2021 backup/PCB/Production/Bus Jumper Horizontal V3.2/CAMOutputs/GerberFiles/gerber_job.gbrjob	hardware/bus/bus-jumper-horizontal/eagle/v3.2/fab/CAMOutputs/GerberFiles/gerber_job.gbrjob	archive/superseded-revisions/snapshot-2021-07/PCB/Production/Bus Jumper Horizontal V3.2/CAMOutputs/GerberFiles/gerber_job.gbrjob
YACCS-OLD/YACC1-2020 July 2021 backup/PCB/Production/Bus Jumper Horizontal V3.2/CAMOutputs/GerberFiles/profile.gbr	hardware/bus/bus-jumper-horizontal/eagle/v3.2/fab/CAMOutputs/GerberFiles/profile.gbr	archive/superseded-revisions/snapshot-2021-07/PCB/Production/Bus Jumper Horizontal V3.2/CAMOutputs/GerberFiles/profile.gbr
YACCS-OLD/YACC1-2020 July 2021 backup/PCB/Production/Bus Jumper Horizontal V3.2/CAMOutputs/GerberFiles/silkscreen_top.gbr	hardware/bus/bus-jumper-horizontal/eagle/deprecated/v3.0/fab/CAMOutputs/GerberFiles/silkscreen_top.gbr	archive/superseded-revisions/snapshot-2021-07/PCB/Production/Bus Jumper Horizontal V3.2/CAMOutputs/GerberFiles/silkscreen_top.gbr
YACCS-OLD/YACC1-2020 July 2021 backup/PCB/Production/Bus Jumper Horizontal V3.2/CAMOutputs/GerberFiles/soldermask_bottom.gbr	hardware/bus/bus-jumper-horizontal/eagle/v3.2/fab/CAMOutputs/GerberFiles/soldermask_bottom.gbr	archive/superseded-revisions/snapshot-2021-07/PCB/Production/Bus Jumper Horizontal V3.2/CAMOutputs/GerberFiles/soldermask_bottom.gbr
YACCS-OLD/YACC1-2020 July 2021 backup/PCB/Production/Bus Jumper Horizontal V3.2/CAMOutputs/GerberFiles/soldermask_top.gbr	hardware/bus/bus-jumper-horizontal/eagle/v3.2/fab/CAMOutputs/GerberFiles/soldermask_top.gbr	archive/superseded-revisions/snapshot-2021-07/PCB/Production/Bus Jumper Horizontal V3.2/CAMOutputs/GerberFiles/soldermask_top.gbr
YACCS-OLD/YACC1-2020 July 2021 backup/PCB/Production/Bus Jumper Horizontal V3.2/Jumper Board Horizontal V3.1.brd	hardware/bus/bus-jumper-horizontal/eagle/v3.2/Jumper Board Horizontal V3.1.brd	archive/superseded-revisions/snapshot-2021-07/PCB/Production/Bus Jumper Horizontal V3.2/Jumper Board Horizontal V3.1.brd
YACCS-OLD/YACC1-2020 July 2021 backup/PCB/Production/Bus Jumper Horizontal V3.2/Jumper Board Horizontal V3.1.pro	hardware/bus/bus-jumper-horizontal/eagle/v3.2/Jumper Board Horizontal V3.1.pro	archive/superseded-revisions/snapshot-2021-07/PCB/Production/Bus Jumper Horizontal V3.2/Jumper Board Horizontal V3.1.pro
YACCS-OLD/YACC1-2020 July 2021 backup/PCB/Production/Bus Jumper Horizontal V3.2/Jumper Board Horizontal V3.1_00.pro	hardware/bus/bus-jumper-horizontal/eagle/v3.2/Jumper Board Horizontal V3.1_00.pro	archive/superseded-revisions/snapshot-2021-07/PCB/Production/Bus Jumper Horizontal V3.2/Jumper Board Horizontal V3.1_00.pro
YACCS-OLD/YACC1-2020 July 2021 backup/PCB/Production/Bus Jumper Horizontal V3.2/Jumper Board Horizontal V3.1_01.pro	hardware/bus/bus-jumper-horizontal/eagle/v3.2/Jumper Board Horizontal V3.1_01.pro	archive/superseded-revisions/snapshot-2021-07/PCB/Production/Bus Jumper Horizontal V3.2/Jumper Board Horizontal V3.1_01.pro
YACCS-OLD/YACC1-2020 July 2021 backup/PCB/Production/Bus Jumper Horizontal V3.2/Jumper Board Horizontal V3.1_02.pro	hardware/bus/bus-jumper-horizontal/eagle/v3.2/Jumper Board Horizontal V3.1_02.pro	archive/superseded-revisions/snapshot-2021-07/PCB/Production/Bus Jumper Horizontal V3.2/Jumper Board Horizontal V3.1_02.pro
YACCS-OLD/YACC1-2020 July 2021 backup/PCB/Production/Bus Jumper Horizontal V3.2/Jumper Board Horizontal V3.1_03.pro	hardware/bus/bus-jumper-horizontal/eagle/v3.2/Jumper Board Horizontal V3.1_03.pro	archive/superseded-revisions/snapshot-2021-07/PCB/Production/Bus Jumper Horizontal V3.2/Jumper Board Horizontal V3.1_03.pro
YACCS-OLD/YACC1-2020 July 2021 backup/PCB/Production/Bus Jumper Horizontal V3.2/Notes.rtf	hardware/bus/bus-jumper-horizontal/eagle/v3.2/Notes.rtf	archive/superseded-revisions/snapshot-2021-07/PCB/Production/Bus Jumper Horizontal V3.2/Notes.rtf
YACCS-OLD/YACC1-2020 July 2021 backup/PCB/Production/Bus Jumper Vertical V3.0/CAMOutputs/Assembly/Jumper Board V3.0.txt	hardware/bus/bus-jumper-vertical/eagle/v3.0/fab/CAMOutputs/Assembly/Jumper Board V3.0.txt	archive/superseded-revisions/snapshot-2021-07/PCB/Production/Bus Jumper Vertical V3.0/CAMOutputs/Assembly/Jumper Board V3.0.txt
YACCS-OLD/YACC1-2020 July 2021 backup/PCB/Production/Bus Jumper Vertical V3.0/CAMOutputs/DrillFiles/drill_1_16.xln	hardware/bus/bus-jumper-vertical/eagle/v3.0/fab/CAMOutputs/DrillFiles/drill_1_16.xln	archive/superseded-revisions/snapshot-2021-07/PCB/Production/Bus Jumper Vertical V3.0/CAMOutputs/DrillFiles/drill_1_16.xln
YACCS-OLD/YACC1-2020 July 2021 backup/PCB/Production/Bus Jumper Vertical V3.0/CAMOutputs/GerberFiles/Archive.zip	hardware/bus/bus-jumper-vertical/eagle/v3.0/fab/CAMOutputs/GerberFiles/Archive.zip	archive/superseded-revisions/snapshot-2021-07/PCB/Production/Bus Jumper Vertical V3.0/CAMOutputs/GerberFiles/Archive.zip
YACCS-OLD/YACC1-2020 July 2021 backup/PCB/Production/Bus Jumper Vertical V3.0/CAMOutputs/GerberFiles/copper_bottom.gbr	hardware/bus/bus-jumper-vertical/eagle/v3.0/fab/CAMOutputs/GerberFiles/copper_bottom.gbr	archive/superseded-revisions/snapshot-2021-07/PCB/Production/Bus Jumper Vertical V3.0/CAMOutputs/GerberFiles/copper_bottom.gbr
YACCS-OLD/YACC1-2020 July 2021 backup/PCB/Production/Bus Jumper Vertical V3.0/CAMOutputs/GerberFiles/copper_top.gbr	hardware/bus/bus-jumper-vertical/eagle/v3.0/fab/CAMOutputs/GerberFiles/copper_top.gbr	archive/superseded-revisions/snapshot-2021-07/PCB/Production/Bus Jumper Vertical V3.0/CAMOutputs/GerberFiles/copper_top.gbr
YACCS-OLD/YACC1-2020 July 2021 backup/PCB/Production/Bus Jumper Vertical V3.0/CAMOutputs/GerberFiles/drill_1_16.xln	hardware/bus/bus-jumper-vertical/eagle/v3.0/fab/CAMOutputs/DrillFiles/drill_1_16.xln	archive/superseded-revisions/snapshot-2021-07/PCB/Production/Bus Jumper Vertical V3.0/CAMOutputs/GerberFiles/drill_1_16.xln
YACCS-OLD/YACC1-2020 July 2021 backup/PCB/Production/Bus Jumper Vertical V3.0/CAMOutputs/GerberFiles/gerber_job.gbrjob	hardware/bus/bus-jumper-vertical/eagle/v3.0/fab/CAMOutputs/GerberFiles/gerber_job.gbrjob	archive/superseded-revisions/snapshot-2021-07/PCB/Production/Bus Jumper Vertical V3.0/CAMOutputs/GerberFiles/gerber_job.gbrjob
YACCS-OLD/YACC1-2020 July 2021 backup/PCB/Production/Bus Jumper Vertical V3.0/CAMOutputs/GerberFiles/profile.gbr	hardware/bus/bus-jumper-vertical/eagle/v3.0/fab/CAMOutputs/GerberFiles/profile.gbr	archive/superseded-revisions/snapshot-2021-07/PCB/Production/Bus Jumper Vertical V3.0/CAMOutputs/GerberFiles/profile.gbr
YACCS-OLD/YACC1-2020 July 2021 backup/PCB/Production/Bus Jumper Vertical V3.0/CAMOutputs/GerberFiles/silkscreen_top.gbr	hardware/bus/bus-jumper-vertical/eagle/v3.0/fab/CAMOutputs/GerberFiles/silkscreen_top.gbr	archive/superseded-revisions/snapshot-2021-07/PCB/Production/Bus Jumper Vertical V3.0/CAMOutputs/GerberFiles/silkscreen_top.gbr
YACCS-OLD/YACC1-2020 July 2021 backup/PCB/Production/Bus Jumper Vertical V3.0/CAMOutputs/GerberFiles/soldermask_bottom.gbr	hardware/bus/bus-jumper-vertical/eagle/v3.0/fab/CAMOutputs/GerberFiles/soldermask_bottom.gbr	archive/superseded-revisions/snapshot-2021-07/PCB/Production/Bus Jumper Vertical V3.0/CAMOutputs/GerberFiles/soldermask_bottom.gbr
YACCS-OLD/YACC1-2020 July 2021 backup/PCB/Production/Bus Jumper Vertical V3.0/CAMOutputs/GerberFiles/soldermask_top.gbr	hardware/bus/bus-jumper-vertical/eagle/v3.0/fab/CAMOutputs/GerberFiles/soldermask_top.gbr	archive/superseded-revisions/snapshot-2021-07/PCB/Production/Bus Jumper Vertical V3.0/CAMOutputs/GerberFiles/soldermask_top.gbr
YACCS-OLD/YACC1-2020 July 2021 backup/PCB/Production/Bus Jumper Vertical V3.0/Jumper Board V3.0.brd	hardware/bus/bus-jumper-vertical/eagle/v3.0/Jumper Board V3.0.brd	archive/superseded-revisions/snapshot-2021-07/PCB/Production/Bus Jumper Vertical V3.0/Jumper Board V3.0.brd
YACCS-OLD/YACC1-2020 July 2021 backup/PCB/Production/Bus Jumper Vertical V3.0/Jumper Board V3.0.pro	hardware/bus/bus-jumper-vertical/eagle/v3.0/Jumper Board V3.0.pro	archive/superseded-revisions/snapshot-2021-07/PCB/Production/Bus Jumper Vertical V3.0/Jumper Board V3.0.pro
YACCS-OLD/YACC1-2020 July 2021 backup/PCB/Production/Bus Tester V3.1/CAMOutputs/GerberFiles/Archive.zip	hardware/cards/bus-tester/eagle/v3.1/fab/CAMOutputs/GerberFiles/Archive.zip	archive/superseded-revisions/snapshot-2021-07/PCB/Production/Bus Tester V3.1/CAMOutputs/GerberFiles/Archive.zip
YACCS-OLD/YACC1-2020 July 2021 backup/PCB/Production/Bus Tester orig/Build Notes.rtf	hardware/cards/bus-tester/eagle/v1.1/Build Notes.rtf	archive/superseded-revisions/snapshot-2021-07/PCB/Production/Bus Tester orig/Build Notes.rtf
YACCS-OLD/YACC1-2020 July 2021 backup/PCB/Production/Bus Tester orig/gerbers.zip	hardware/cards/bus-tester/eagle/v1.1/fab/gerbers.zip	archive/superseded-revisions/snapshot-2021-07/PCB/Production/Bus Tester orig/gerbers.zip
YACCS-OLD/YACC1-2020 July 2021 backup/PCB/Production/Bus Tester orig/tester.brd	hardware/cards/bus-tester/eagle/v1.1/tester.brd	archive/superseded-revisions/snapshot-2021-07/PCB/Production/Bus Tester orig/tester.brd
YACCS-OLD/YACC1-2020 July 2021 backup/PCB/Production/Bus Tester orig/tester.dri	hardware/cards/bus-tester/eagle/v1.1/fab/tester.dri	archive/superseded-revisions/snapshot-2021-07/PCB/Production/Bus Tester orig/tester.dri
YACCS-OLD/YACC1-2020 July 2021 backup/PCB/Production/Bus Tester orig/tester.gpi	hardware/cards/bus-tester/eagle/v1.1/fab/tester.gpi	archive/superseded-revisions/snapshot-2021-07/PCB/Production/Bus Tester orig/tester.gpi
YACCS-OLD/YACC1-2020 July 2021 backup/PCB/Production/Bus Tester orig/tester.pro	hardware/cards/bus-tester/eagle/v1.1/tester.pro	archive/superseded-revisions/snapshot-2021-07/PCB/Production/Bus Tester orig/tester.pro
YACCS-OLD/YACC1-2020 July 2021 backup/PCB/Production/Bus Tester orig/tester.sch	hardware/cards/bus-tester/eagle/v1.1/tester.sch	archive/superseded-revisions/snapshot-2021-07/PCB/Production/Bus Tester orig/tester.sch
YACCS-OLD/YACC1-2020 July 2021 backup/PCB/Production/IO-V-1.1/IO V1.1.brd	hardware/cards/io/eagle/v1.1/IO V1.1.brd	archive/superseded-revisions/snapshot-2021-07/PCB/Production/IO-V-1.1/IO V1.1.brd
YACCS-OLD/YACC1-2020 July 2021 backup/PCB/Production/IO-V-1.1/IO V1.1.sch	hardware/cards/io/eagle/v1.1/IO V1.1.sch	archive/superseded-revisions/snapshot-2021-07/PCB/Production/IO-V-1.1/IO V1.1.sch
YACCS-OLD/YACC1-2020 July 2021 backup/PCB/Production/Memory v1.2/Build Notes.rtf	hardware/cards/memory/eagle/deprecated/v1.2/Build Notes.rtf	archive/superseded-revisions/snapshot-2021-07/PCB/Production/Memory v1.2/Build Notes.rtf
YACCS-OLD/YACC1-2020 July 2021 backup/PCB/Production/Memory v1.2/CAMOutputs/Assembly/Memory V1.0.txt	hardware/cards/memory/eagle/deprecated/v1.1/fab/CAMOutputs/Assembly/Memory V1.0.txt	archive/superseded-revisions/snapshot-2021-07/PCB/Production/Memory v1.2/CAMOutputs/Assembly/Memory V1.0.txt
YACCS-OLD/YACC1-2020 July 2021 backup/PCB/Production/Memory v1.2/CAMOutputs/Assembly/Memory V1.2.csv	hardware/cards/memory/eagle/deprecated/v1.2/fab/CAMOutputs/Assembly/Memory V1.2.csv	archive/superseded-revisions/snapshot-2021-07/PCB/Production/Memory v1.2/CAMOutputs/Assembly/Memory V1.2.csv
YACCS-OLD/YACC1-2020 July 2021 backup/PCB/Production/Memory v1.2/CAMOutputs/DrillFiles/drill_1_16.xln	hardware/cards/memory/eagle/deprecated/v1.2/fab/CAMOutputs/DrillFiles/drill_1_16.xln	archive/superseded-revisions/snapshot-2021-07/PCB/Production/Memory v1.2/CAMOutputs/DrillFiles/drill_1_16.xln
YACCS-OLD/YACC1-2020 July 2021 backup/PCB/Production/Memory v1.2/CAMOutputs/GerberFiles/Archive.zip	hardware/cards/memory/eagle/deprecated/v1.2/fab/CAMOutputs/GerberFiles/Archive.zip	archive/superseded-revisions/snapshot-2021-07/PCB/Production/Memory v1.2/CAMOutputs/GerberFiles/Archive.zip
YACCS-OLD/YACC1-2020 July 2021 backup/PCB/Production/Memory v1.2/CAMOutputs/GerberFiles/copper_bottom_l4.gbr	hardware/cards/memory/eagle/deprecated/v1.2/fab/CAMOutputs/GerberFiles/copper_bottom_l4.gbr	archive/superseded-revisions/snapshot-2021-07/PCB/Production/Memory v1.2/CAMOutputs/GerberFiles/copper_bottom_l4.gbr
YACCS-OLD/YACC1-2020 July 2021 backup/PCB/Production/Memory v1.2/CAMOutputs/GerberFiles/copper_inner_l2.gbr	hardware/cards/memory/eagle/deprecated/v1.2/fab/CAMOutputs/GerberFiles/copper_inner_l2.gbr	archive/superseded-revisions/snapshot-2021-07/PCB/Production/Memory v1.2/CAMOutputs/GerberFiles/copper_inner_l2.gbr
YACCS-OLD/YACC1-2020 July 2021 backup/PCB/Production/Memory v1.2/CAMOutputs/GerberFiles/copper_inner_l3.gbr	hardware/cards/memory/eagle/deprecated/v1.2/fab/CAMOutputs/GerberFiles/copper_inner_l3.gbr	archive/superseded-revisions/snapshot-2021-07/PCB/Production/Memory v1.2/CAMOutputs/GerberFiles/copper_inner_l3.gbr
YACCS-OLD/YACC1-2020 July 2021 backup/PCB/Production/Memory v1.2/CAMOutputs/GerberFiles/copper_top_l1.gbr	hardware/cards/memory/eagle/deprecated/v1.2/fab/CAMOutputs/GerberFiles/copper_top_l1.gbr	archive/superseded-revisions/snapshot-2021-07/PCB/Production/Memory v1.2/CAMOutputs/GerberFiles/copper_top_l1.gbr
YACCS-OLD/YACC1-2020 July 2021 backup/PCB/Production/Memory v1.2/CAMOutputs/GerberFiles/drill_1_16.xln	hardware/cards/memory/eagle/deprecated/v1.2/fab/CAMOutputs/DrillFiles/drill_1_16.xln	archive/superseded-revisions/snapshot-2021-07/PCB/Production/Memory v1.2/CAMOutputs/GerberFiles/drill_1_16.xln
YACCS-OLD/YACC1-2020 July 2021 backup/PCB/Production/Memory v1.2/CAMOutputs/GerberFiles/gerber_job.gbrjob	hardware/cards/memory/eagle/deprecated/v1.2/fab/CAMOutputs/GerberFiles/gerber_job.gbrjob	archive/superseded-revisions/snapshot-2021-07/PCB/Production/Memory v1.2/CAMOutputs/GerberFiles/gerber_job.gbrjob
YACCS-OLD/YACC1-2020 July 2021 backup/PCB/Production/Memory v1.2/CAMOutputs/GerberFiles/silkscreen_top.gbr	hardware/cards/memory/eagle/deprecated/v1.2/fab/CAMOutputs/GerberFiles/silkscreen_top.gbr	archive/superseded-revisions/snapshot-2021-07/PCB/Production/Memory v1.2/CAMOutputs/GerberFiles/silkscreen_top.gbr
YACCS-OLD/YACC1-2020 July 2021 backup/PCB/Production/Memory v1.2/CAMOutputs/GerberFiles/soldermask_bottom.gbr	hardware/cards/memory/eagle/deprecated/v1.2/fab/CAMOutputs/GerberFiles/soldermask_bottom.gbr	archive/superseded-revisions/snapshot-2021-07/PCB/Production/Memory v1.2/CAMOutputs/GerberFiles/soldermask_bottom.gbr
YACCS-OLD/YACC1-2020 July 2021 backup/PCB/Production/Memory v1.2/CAMOutputs/GerberFiles/soldermask_top.gbr	hardware/cards/memory/eagle/deprecated/v1.2/fab/CAMOutputs/GerberFiles/soldermask_top.gbr	archive/superseded-revisions/snapshot-2021-07/PCB/Production/Memory v1.2/CAMOutputs/GerberFiles/soldermask_top.gbr
YACCS-OLD/YACC1-2020 July 2021 backup/PCB/Production/Memory v1.2/Memory V1.2.brd	hardware/cards/memory/eagle/deprecated/v1.2/Memory V1.2.brd	archive/superseded-revisions/snapshot-2021-07/PCB/Production/Memory v1.2/Memory V1.2.brd
YACCS-OLD/YACC1-2020 July 2021 backup/PCB/Production/Memory v1.2/Memory V1.2.pdf	hardware/cards/memory/eagle/deprecated/v1.2/Memory V1.2.pdf	archive/superseded-revisions/snapshot-2021-07/PCB/Production/Memory v1.2/Memory V1.2.pdf
YACCS-OLD/YACC1-2020 July 2021 backup/PCB/Production/Memory v1.2/Memory V1.2.sch	hardware/cards/memory/eagle/deprecated/v1.2/Memory V1.2.sch	archive/superseded-revisions/snapshot-2021-07/PCB/Production/Memory v1.2/Memory V1.2.sch
YACCS-OLD/YACC1-2020 July 2021 backup/PCB/Production/Memory v1.2/Notes.rtf	hardware/cards/memory/eagle/deprecated/v1.2/Notes.rtf	archive/superseded-revisions/snapshot-2021-07/PCB/Production/Memory v1.2/Notes.rtf
YACCS-OLD/YACC1-2020 July 2021 backup/PCB/Production/Memory v1.2/ROM ZSelect.circ	hardware/cards/memory/eagle/deprecated/v1.1/ROM ZSelect.circ	archive/superseded-revisions/snapshot-2021-07/PCB/Production/Memory v1.2/ROM ZSelect.circ
YACCS-OLD/YACC1-2020 July 2021 backup/PCB/Production/PROTOCARD-PROD-V1.0/ProtoCard-Prod-V1.0.brd	hardware/cards/protocard/eagle/v1.0/ProtoCard-Prod-V1.0.brd	archive/superseded-revisions/snapshot-2021-07/PCB/Production/PROTOCARD-PROD-V1.0/ProtoCard-Prod-V1.0.brd
YACCS-OLD/YACC1-2020 July 2021 backup/PCB/Production/PROTOCARD-PROD-V1.0/ProtoCard-Prod-V1.0.dri	hardware/cards/protocard/eagle/v1.0/fab/ProtoCard-Prod-V1.0.dri	archive/superseded-revisions/snapshot-2021-07/PCB/Production/PROTOCARD-PROD-V1.0/ProtoCard-Prod-V1.0.dri
YACCS-OLD/YACC1-2020 July 2021 backup/PCB/Production/PROTOCARD-PROD-V1.0/ProtoCard-Prod-V1.0.gpi	hardware/cards/protocard/eagle/v1.0/fab/ProtoCard-Prod-V1.0.gpi	archive/superseded-revisions/snapshot-2021-07/PCB/Production/PROTOCARD-PROD-V1.0/ProtoCard-Prod-V1.0.gpi
YACCS-OLD/YACC1-2020 July 2021 backup/PCB/Production/PROTOCARD-PROD-V1.0/ProtoCard-Prod-V1.0.pro	hardware/cards/protocard/eagle/v1.0/ProtoCard-Prod-V1.0.pro	archive/superseded-revisions/snapshot-2021-07/PCB/Production/PROTOCARD-PROD-V1.0/ProtoCard-Prod-V1.0.pro
YACCS-OLD/YACC1-2020 July 2021 backup/PCB/Production/PROTOCARD-PROD-V1.0/ProtoCard-Prod-V1.0.sch	hardware/cards/protocard/eagle/v1.0/ProtoCard-Prod-V1.0.sch	archive/superseded-revisions/snapshot-2021-07/PCB/Production/PROTOCARD-PROD-V1.0/ProtoCard-Prod-V1.0.sch
YACCS-OLD/YACC1-2020 July 2021 backup/PCB/Production/PROTOCARD-PROD-V1.0/gerbers.zip	hardware/cards/protocard/eagle/v1.0/fab/gerbers.zip	archive/superseded-revisions/snapshot-2021-07/PCB/Production/PROTOCARD-PROD-V1.0/gerbers.zip
YACCS-OLD/YACC1-2020 July 2021 backup/PCB/Production/Sequencer-Logic-v2.1/CAMOutputs/Assembly/Sequencer-Logic-Prod-V2.1l.csv	hardware/cards/sequencer-logic/eagle/v2.1/bom/Sequencer-Logic-Prod-V2.1l.csv	archive/superseded-revisions/snapshot-2021-07/PCB/Production/Sequencer-Logic-v2.1/CAMOutputs/Assembly/Sequencer-Logic-Prod-V2.1l.csv
YACCS-OLD/YACC1-2020 July 2021 backup/PCB/Production/Sequencer-Logic-v2.1/CAMOutputs/DrillFiles/drill_1_16.xln	hardware/cards/sequencer-logic/eagle/v2.1/fab/CAMOutputs/DrillFiles/drill_1_16.xln	archive/superseded-revisions/snapshot-2021-07/PCB/Production/Sequencer-Logic-v2.1/CAMOutputs/DrillFiles/drill_1_16.xln
YACCS-OLD/YACC1-2020 July 2021 backup/PCB/Production/Sequencer-Logic-v2.1/CAMOutputs/GerberFiles/Archive.zip	hardware/cards/sequencer-logic/eagle/v2.1/fab/CAMOutputs/GerberFiles/Archive.zip	archive/superseded-revisions/snapshot-2021-07/PCB/Production/Sequencer-Logic-v2.1/CAMOutputs/GerberFiles/Archive.zip
YACCS-OLD/YACC1-2020 July 2021 backup/PCB/Production/Sequencer-Logic-v2.1/CAMOutputs/GerberFiles/copper_bottom_l4.gbr	hardware/cards/sequencer-logic/eagle/v2.1/fab/CAMOutputs/GerberFiles/copper_bottom_l4.gbr	archive/superseded-revisions/snapshot-2021-07/PCB/Production/Sequencer-Logic-v2.1/CAMOutputs/GerberFiles/copper_bottom_l4.gbr
YACCS-OLD/YACC1-2020 July 2021 backup/PCB/Production/Sequencer-Logic-v2.1/CAMOutputs/GerberFiles/copper_inner_l2.gbr	hardware/cards/sequencer-logic/eagle/v2.1/fab/CAMOutputs/GerberFiles/copper_inner_l2.gbr	archive/superseded-revisions/snapshot-2021-07/PCB/Production/Sequencer-Logic-v2.1/CAMOutputs/GerberFiles/copper_inner_l2.gbr
YACCS-OLD/YACC1-2020 July 2021 backup/PCB/Production/Sequencer-Logic-v2.1/CAMOutputs/GerberFiles/copper_inner_l3.gbr	hardware/cards/sequencer-logic/eagle/v2.1/fab/CAMOutputs/GerberFiles/copper_inner_l3.gbr	archive/superseded-revisions/snapshot-2021-07/PCB/Production/Sequencer-Logic-v2.1/CAMOutputs/GerberFiles/copper_inner_l3.gbr
YACCS-OLD/YACC1-2020 July 2021 backup/PCB/Production/Sequencer-Logic-v2.1/CAMOutputs/GerberFiles/copper_top_l1.gbr	hardware/cards/sequencer-logic/eagle/v2.1/fab/CAMOutputs/GerberFiles/copper_top_l1.gbr	archive/superseded-revisions/snapshot-2021-07/PCB/Production/Sequencer-Logic-v2.1/CAMOutputs/GerberFiles/copper_top_l1.gbr
YACCS-OLD/YACC1-2020 July 2021 backup/PCB/Production/Sequencer-Logic-v2.1/CAMOutputs/GerberFiles/drill_1_16.xln	hardware/cards/sequencer-logic/eagle/v2.1/fab/CAMOutputs/DrillFiles/drill_1_16.xln	archive/superseded-revisions/snapshot-2021-07/PCB/Production/Sequencer-Logic-v2.1/CAMOutputs/GerberFiles/drill_1_16.xln
YACCS-OLD/YACC1-2020 July 2021 backup/PCB/Production/Sequencer-Logic-v2.1/CAMOutputs/GerberFiles/gerber_job.gbrjob	hardware/cards/sequencer-logic/eagle/v2.1/fab/CAMOutputs/GerberFiles/gerber_job.gbrjob	archive/superseded-revisions/snapshot-2021-07/PCB/Production/Sequencer-Logic-v2.1/CAMOutputs/GerberFiles/gerber_job.gbrjob
YACCS-OLD/YACC1-2020 July 2021 backup/PCB/Production/Sequencer-Logic-v2.1/CAMOutputs/GerberFiles/profile.gbr	hardware/cards/sequencer-logic/eagle/v2.1/fab/CAMOutputs/GerberFiles/profile.gbr	archive/superseded-revisions/snapshot-2021-07/PCB/Production/Sequencer-Logic-v2.1/CAMOutputs/GerberFiles/profile.gbr
YACCS-OLD/YACC1-2020 July 2021 backup/PCB/Production/Sequencer-Logic-v2.1/CAMOutputs/GerberFiles/silkscreen_top.gbr	hardware/cards/sequencer-logic/eagle/v2.1/fab/CAMOutputs/GerberFiles/silkscreen_top.gbr	archive/superseded-revisions/snapshot-2021-07/PCB/Production/Sequencer-Logic-v2.1/CAMOutputs/GerberFiles/silkscreen_top.gbr
YACCS-OLD/YACC1-2020 July 2021 backup/PCB/Production/Sequencer-Logic-v2.1/CAMOutputs/GerberFiles/soldermask_bottom.gbr	hardware/cards/sequencer-logic/eagle/v2.1/fab/CAMOutputs/GerberFiles/soldermask_bottom.gbr	archive/superseded-revisions/snapshot-2021-07/PCB/Production/Sequencer-Logic-v2.1/CAMOutputs/GerberFiles/soldermask_bottom.gbr
YACCS-OLD/YACC1-2020 July 2021 backup/PCB/Production/Sequencer-Logic-v2.1/CAMOutputs/GerberFiles/soldermask_top.gbr	hardware/cards/sequencer-logic/eagle/v2.1/fab/CAMOutputs/GerberFiles/soldermask_top.gbr	archive/superseded-revisions/snapshot-2021-07/PCB/Production/Sequencer-Logic-v2.1/CAMOutputs/GerberFiles/soldermask_top.gbr
YACCS-OLD/YACC1-2020 July 2021 backup/PCB/Production/Sequencer-Logic-v2.1/Notes.rtf	hardware/cards/sequencer-logic/eagle/v2.1/Notes.rtf	archive/superseded-revisions/snapshot-2021-07/PCB/Production/Sequencer-Logic-v2.1/Notes.rtf
YACCS-OLD/YACC1-2020 July 2021 backup/PCB/Production/Sequencer-Logic-v2.1/Sequencer-Logic-Prod-V2.1l.brd	hardware/cards/sequencer-logic/eagle/v2.1/Sequencer-Logic-Prod-V2.1l.brd	archive/superseded-revisions/snapshot-2021-07/PCB/Production/Sequencer-Logic-v2.1/Sequencer-Logic-Prod-V2.1l.brd
YACCS-OLD/YACC1-2020 July 2021 backup/PCB/Production/Sequencer-Logic-v2.1/Sequencer-Logic-Prod-V2.1l.csv	hardware/cards/sequencer-logic/eagle/v2.1/bom/Sequencer-Logic-Prod-V2.1l.csv	archive/superseded-revisions/snapshot-2021-07/PCB/Production/Sequencer-Logic-v2.1/Sequencer-Logic-Prod-V2.1l.csv
YACCS-OLD/YACC1-2020 July 2021 backup/PCB/Production/Sequencer-Logic-v2.1/Sequencer-Logic-Prod-V2.1l.sch	hardware/cards/sequencer-logic/eagle/v2.1/Sequencer-Logic-Prod-V2.1l.sch	archive/superseded-revisions/snapshot-2021-07/PCB/Production/Sequencer-Logic-v2.1/Sequencer-Logic-Prod-V2.1l.sch
YACCS-OLD/YACC1-2020 July 2021 backup/PCB/Production/Sequencer-Logic-v2.1/orig size/Sequencer-Logic-Prod-V2.1 copy.brd	hardware/cards/sequencer-logic/eagle/v2.1/orig size/Sequencer-Logic-Prod-V2.1 copy.brd	archive/superseded-revisions/snapshot-2021-07/PCB/Production/Sequencer-Logic-v2.1/orig size/Sequencer-Logic-Prod-V2.1 copy.brd
YACCS-OLD/YACC1-2020 July 2021 backup/PCB/Production/Sequencer-Logic-v2.1/orig size/Sequencer-Logic-Prod-V2.1 copy.sch	hardware/cards/sequencer-logic/eagle/v2.1/orig size/Sequencer-Logic-Prod-V2.1 copy.sch	archive/superseded-revisions/snapshot-2021-07/PCB/Production/Sequencer-Logic-v2.1/orig size/Sequencer-Logic-Prod-V2.1 copy.sch
YACCS-OLD/YACC1-2020 July 2021 backup/PCB/Production/Sequencer-Logic-v2.1/orig size/Sequencer-Logic-Prod-V2.1.brd	hardware/cards/sequencer-logic/eagle/v2.1/orig size/Sequencer-Logic-Prod-V2.1.brd	archive/superseded-revisions/snapshot-2021-07/PCB/Production/Sequencer-Logic-v2.1/orig size/Sequencer-Logic-Prod-V2.1.brd
YACCS-OLD/YACC1-2020 July 2021 backup/PCB/Production/Sequencer-Logic-v2.1/orig size/Sequencer-Logic-Prod-V2.1.pro	hardware/cards/sequencer-logic/eagle/v2.1/orig size/Sequencer-Logic-Prod-V2.1.pro	archive/superseded-revisions/snapshot-2021-07/PCB/Production/Sequencer-Logic-v2.1/orig size/Sequencer-Logic-Prod-V2.1.pro
YACCS-OLD/YACC1-2020 July 2021 backup/PCB/Production/Sequencer-Logic-v2.1/orig size/Sequencer-Logic-Prod-V2.1.sch	hardware/cards/sequencer-logic/eagle/v2.1/orig size/Sequencer-Logic-Prod-V2.1.sch	archive/superseded-revisions/snapshot-2021-07/PCB/Production/Sequencer-Logic-v2.1/orig size/Sequencer-Logic-Prod-V2.1.sch
YACCS-OLD/YACC1-2020 July 2021 backup/PCB/Production/Sequencer-Memory-V2.1/CAMOutputs/Assembly/Sequencer-Memory-V1.0-3.csv	hardware/cards/sequencer-memory/eagle/deprecated/v2.0/fab/CAMOutputs/Assembly/Sequencer-Memory-V1.0-3.csv	archive/superseded-revisions/snapshot-2021-07/PCB/Production/Sequencer-Memory-V2.1/CAMOutputs/Assembly/Sequencer-Memory-V1.0-3.csv
YACCS-OLD/YACC1-2020 July 2021 backup/PCB/Production/Sequencer-Memory-V2.1/CAMOutputs/Assembly/Sequencer-Memory-V2.0.csv	hardware/cards/sequencer-memory/eagle/deprecated/v2.0/fab/CAMOutputs/Assembly/Sequencer-Memory-V1.0-3.csv	archive/superseded-revisions/snapshot-2021-07/PCB/Production/Sequencer-Memory-V2.1/CAMOutputs/Assembly/Sequencer-Memory-V2.0.csv
YACCS-OLD/YACC1-2020 July 2021 backup/PCB/Production/Sequencer-Memory-V2.1/CAMOutputs/Assembly/Sequencer-Memory-V2.1.csv	hardware/cards/sequencer-memory/eagle/v2.1/bom/Sequencer-Memory-V2.1.csv	archive/superseded-revisions/snapshot-2021-07/PCB/Production/Sequencer-Memory-V2.1/CAMOutputs/Assembly/Sequencer-Memory-V2.1.csv
YACCS-OLD/YACC1-2020 July 2021 backup/PCB/Production/Sequencer-Memory-V2.1/CAMOutputs/DrillFiles/drill_1_16.xln	hardware/cards/sequencer-memory/eagle/v2.1/fab/CAMOutputs/DrillFiles/drill_1_16.xln	archive/superseded-revisions/snapshot-2021-07/PCB/Production/Sequencer-Memory-V2.1/CAMOutputs/DrillFiles/drill_1_16.xln
YACCS-OLD/YACC1-2020 July 2021 backup/PCB/Production/Sequencer-Memory-V2.1/CAMOutputs/GerberFiles/Archive 2.zip	hardware/cards/sequencer-memory/eagle/v2.1/fab/CAMOutputs/GerberFiles/Archive 2.zip	archive/superseded-revisions/snapshot-2021-07/PCB/Production/Sequencer-Memory-V2.1/CAMOutputs/GerberFiles/Archive 2.zip
YACCS-OLD/YACC1-2020 July 2021 backup/PCB/Production/Sequencer-Memory-V2.1/CAMOutputs/GerberFiles/copper_bottom_l4.gbr	hardware/cards/sequencer-memory/eagle/v2.1/fab/CAMOutputs/GerberFiles/copper_bottom_l4.gbr	archive/superseded-revisions/snapshot-2021-07/PCB/Production/Sequencer-Memory-V2.1/CAMOutputs/GerberFiles/copper_bottom_l4.gbr
YACCS-OLD/YACC1-2020 July 2021 backup/PCB/Production/Sequencer-Memory-V2.1/CAMOutputs/GerberFiles/copper_inner_l2.gbr	hardware/cards/sequencer-memory/eagle/v2.1/fab/CAMOutputs/GerberFiles/copper_inner_l2.gbr	archive/superseded-revisions/snapshot-2021-07/PCB/Production/Sequencer-Memory-V2.1/CAMOutputs/GerberFiles/copper_inner_l2.gbr
YACCS-OLD/YACC1-2020 July 2021 backup/PCB/Production/Sequencer-Memory-V2.1/CAMOutputs/GerberFiles/copper_inner_l3.gbr	hardware/cards/sequencer-memory/eagle/v2.1/fab/CAMOutputs/GerberFiles/copper_inner_l3.gbr	archive/superseded-revisions/snapshot-2021-07/PCB/Production/Sequencer-Memory-V2.1/CAMOutputs/GerberFiles/copper_inner_l3.gbr
YACCS-OLD/YACC1-2020 July 2021 backup/PCB/Production/Sequencer-Memory-V2.1/CAMOutputs/GerberFiles/copper_top_l1.gbr	hardware/cards/sequencer-memory/eagle/v2.1/fab/CAMOutputs/GerberFiles/copper_top_l1.gbr	archive/superseded-revisions/snapshot-2021-07/PCB/Production/Sequencer-Memory-V2.1/CAMOutputs/GerberFiles/copper_top_l1.gbr
YACCS-OLD/YACC1-2020 July 2021 backup/PCB/Production/Sequencer-Memory-V2.1/CAMOutputs/GerberFiles/drill_1_16.xln	hardware/cards/sequencer-memory/eagle/v2.1/fab/CAMOutputs/DrillFiles/drill_1_16.xln	archive/superseded-revisions/snapshot-2021-07/PCB/Production/Sequencer-Memory-V2.1/CAMOutputs/GerberFiles/drill_1_16.xln
YACCS-OLD/YACC1-2020 July 2021 backup/PCB/Production/Sequencer-Memory-V2.1/CAMOutputs/GerberFiles/gerber_job.gbrjob	hardware/cards/sequencer-memory/eagle/v2.1/fab/CAMOutputs/GerberFiles/gerber_job.gbrjob	archive/superseded-revisions/snapshot-2021-07/PCB/Production/Sequencer-Memory-V2.1/CAMOutputs/GerberFiles/gerber_job.gbrjob
YACCS-OLD/YACC1-2020 July 2021 backup/PCB/Production/Sequencer-Memory-V2.1/CAMOutputs/GerberFiles/profile.gbr	hardware/cards/sequencer-memory/eagle/deprecated/v2.0/fab/CAMOutputs/GerberFiles/profile.gbr	archive/superseded-revisions/snapshot-2021-07/PCB/Production/Sequencer-Memory-V2.1/CAMOutputs/GerberFiles/profile.gbr
YACCS-OLD/YACC1-2020 July 2021 backup/PCB/Production/Sequencer-Memory-V2.1/CAMOutputs/GerberFiles/silkscreen_top.gbr	hardware/cards/sequencer-memory/eagle/v2.1/fab/CAMOutputs/GerberFiles/silkscreen_top.gbr	archive/superseded-revisions/snapshot-2021-07/PCB/Production/Sequencer-Memory-V2.1/CAMOutputs/GerberFiles/silkscreen_top.gbr
YACCS-OLD/YACC1-2020 July 2021 backup/PCB/Production/Sequencer-Memory-V2.1/CAMOutputs/GerberFiles/soldermask_bottom.gbr	hardware/cards/sequencer-memory/eagle/v2.1/fab/CAMOutputs/GerberFiles/soldermask_bottom.gbr	archive/superseded-revisions/snapshot-2021-07/PCB/Production/Sequencer-Memory-V2.1/CAMOutputs/GerberFiles/soldermask_bottom.gbr
YACCS-OLD/YACC1-2020 July 2021 backup/PCB/Production/Sequencer-Memory-V2.1/CAMOutputs/GerberFiles/soldermask_top.gbr	hardware/cards/sequencer-memory/eagle/v2.1/fab/CAMOutputs/GerberFiles/soldermask_top.gbr	archive/superseded-revisions/snapshot-2021-07/PCB/Production/Sequencer-Memory-V2.1/CAMOutputs/GerberFiles/soldermask_top.gbr
YACCS-OLD/YACC1-2020 July 2021 backup/PCB/Production/Sequencer-Memory-V2.1/Notes.rtf	hardware/cards/sequencer-memory/eagle/v2.1/Notes.rtf	archive/superseded-revisions/snapshot-2021-07/PCB/Production/Sequencer-Memory-V2.1/Notes.rtf
YACCS-OLD/YACC1-2020 July 2021 backup/PCB/Production/Sequencer-Memory-V2.1/Sequencer-Memory-V2.1.brd	hardware/cards/sequencer-memory/eagle/v2.1/Sequencer-Memory-V2.1.brd	archive/superseded-revisions/snapshot-2021-07/PCB/Production/Sequencer-Memory-V2.1/Sequencer-Memory-V2.1.brd
YACCS-OLD/YACC1-2020 July 2021 backup/PCB/Production/Sequencer-Memory-V2.1/Sequencer-Memory-V2.1.csv	hardware/cards/sequencer-memory/eagle/v2.1/bom/Sequencer-Memory-V2.1.csv	archive/superseded-revisions/snapshot-2021-07/PCB/Production/Sequencer-Memory-V2.1/Sequencer-Memory-V2.1.csv
YACCS-OLD/YACC1-2020 July 2021 backup/PCB/Production/Sequencer-Memory-V2.1/Sequencer-Memory-V2.1.pro	hardware/cards/sequencer-memory/eagle/v2.1/Sequencer-Memory-V2.1.pro	archive/superseded-revisions/snapshot-2021-07/PCB/Production/Sequencer-Memory-V2.1/Sequencer-Memory-V2.1.pro
YACCS-OLD/YACC1-2020 July 2021 backup/PCB/Production/Sequencer-Memory-V2.1/Sequencer-Memory-V2.1.sch	hardware/cards/sequencer-memory/eagle/v2.1/Sequencer-Memory-V2.1.sch	archive/superseded-revisions/snapshot-2021-07/PCB/Production/Sequencer-Memory-V2.1/Sequencer-Memory-V2.1.sch
YACCS-OLD/YACC1-2020 July 2021 backup/PCB/System Build Notes.rtf	docs/procedures/System Build Notes.rtf	archive/superseded-revisions/snapshot-2021-07/PCB/System Build Notes.rtf
YACCS-OLD/YACC1-2020 July 2021 backup/PCB/Working - Under Develolpment/Blank-V1.0/Blank V1.0.brd	archive/superseded-revisions/blank-v1.0/Blank V1.0.brd	archive/superseded-revisions/snapshot-2021-07/PCB/Working - Under Develolpment/Blank-V1.0/Blank V1.0.brd
YACCS-OLD/YACC1-2020 July 2021 backup/PCB/Working - Under Develolpment/Blank-V1.0/Blank V1.0.sch	archive/superseded-revisions/blank-v1.0/Blank V1.0.sch	archive/superseded-revisions/snapshot-2021-07/PCB/Working - Under Develolpment/Blank-V1.0/Blank V1.0.sch
YACCS-OLD/YACC1-2020 July 2021 backup/PCB/Working - Under Develolpment/Blank-V3.1/Blank V3.1.brd	hardware/bus/blank-card/eagle/v3.1/Blank V3.1.brd	archive/superseded-revisions/snapshot-2021-07/PCB/Working - Under Develolpment/Blank-V3.1/Blank V3.1.brd
YACCS-OLD/YACC1-2020 July 2021 backup/PCB/Working - Under Develolpment/Blank-V3.1/Blank V3.1.sch	hardware/bus/blank-card/eagle/v3.1/Blank V3.1.sch	archive/superseded-revisions/snapshot-2021-07/PCB/Working - Under Develolpment/Blank-V3.1/Blank V3.1.sch
YACCS-OLD/YACC1-2020 July 2021 backup/PCB/Working - Under Develolpment/Bus Jumper Horizontal V3.2/CAMOutputs/Assembly/Jumper Board Horizontal V3.1.txt	hardware/bus/bus-jumper-horizontal/eagle/v3.2/fab/CAMOutputs/Assembly/Jumper Board Horizontal V3.1.txt	archive/superseded-revisions/snapshot-2021-07/PCB/Working - Under Develolpment/Bus Jumper Horizontal V3.2/CAMOutputs/Assembly/Jumper Board Horizontal V3.1.txt
YACCS-OLD/YACC1-2020 July 2021 backup/PCB/Working - Under Develolpment/Bus Jumper Horizontal V3.2/CAMOutputs/DrillFiles/drill_1_16.xln	hardware/bus/bus-jumper-horizontal/eagle/v3.2/fab/CAMOutputs/DrillFiles/drill_1_16.xln	archive/superseded-revisions/snapshot-2021-07/PCB/Working - Under Develolpment/Bus Jumper Horizontal V3.2/CAMOutputs/DrillFiles/drill_1_16.xln
YACCS-OLD/YACC1-2020 July 2021 backup/PCB/Working - Under Develolpment/Bus Jumper Horizontal V3.2/CAMOutputs/GerberFiles/Archive.zip	hardware/bus/bus-jumper-horizontal/eagle/v3.2/fab/CAMOutputs/GerberFiles/Archive.zip	archive/superseded-revisions/snapshot-2021-07/PCB/Working - Under Develolpment/Bus Jumper Horizontal V3.2/CAMOutputs/GerberFiles/Archive.zip
YACCS-OLD/YACC1-2020 July 2021 backup/PCB/Working - Under Develolpment/Bus Jumper Horizontal V3.2/CAMOutputs/GerberFiles/copper_bottom_l4.gbr	hardware/bus/bus-jumper-horizontal/eagle/v3.2/fab/CAMOutputs/GerberFiles/copper_bottom_l4.gbr	archive/superseded-revisions/snapshot-2021-07/PCB/Working - Under Develolpment/Bus Jumper Horizontal V3.2/CAMOutputs/GerberFiles/copper_bottom_l4.gbr
YACCS-OLD/YACC1-2020 July 2021 backup/PCB/Working - Under Develolpment/Bus Jumper Horizontal V3.2/CAMOutputs/GerberFiles/copper_inner_l2.gbr	hardware/bus/bus-jumper-horizontal/eagle/v3.2/fab/CAMOutputs/GerberFiles/copper_inner_l2.gbr	archive/superseded-revisions/snapshot-2021-07/PCB/Working - Under Develolpment/Bus Jumper Horizontal V3.2/CAMOutputs/GerberFiles/copper_inner_l2.gbr
YACCS-OLD/YACC1-2020 July 2021 backup/PCB/Working - Under Develolpment/Bus Jumper Horizontal V3.2/CAMOutputs/GerberFiles/copper_inner_l3.gbr	hardware/bus/bus-jumper-horizontal/eagle/v3.2/fab/CAMOutputs/GerberFiles/copper_inner_l3.gbr	archive/superseded-revisions/snapshot-2021-07/PCB/Working - Under Develolpment/Bus Jumper Horizontal V3.2/CAMOutputs/GerberFiles/copper_inner_l3.gbr
YACCS-OLD/YACC1-2020 July 2021 backup/PCB/Working - Under Develolpment/Bus Jumper Horizontal V3.2/CAMOutputs/GerberFiles/copper_top_l1.gbr	hardware/bus/bus-jumper-horizontal/eagle/v3.2/fab/CAMOutputs/GerberFiles/copper_top_l1.gbr	archive/superseded-revisions/snapshot-2021-07/PCB/Working - Under Develolpment/Bus Jumper Horizontal V3.2/CAMOutputs/GerberFiles/copper_top_l1.gbr
YACCS-OLD/YACC1-2020 July 2021 backup/PCB/Working - Under Develolpment/Bus Jumper Horizontal V3.2/CAMOutputs/GerberFiles/drill_1_16.xln	hardware/bus/bus-jumper-horizontal/eagle/v3.2/fab/CAMOutputs/DrillFiles/drill_1_16.xln	archive/superseded-revisions/snapshot-2021-07/PCB/Working - Under Develolpment/Bus Jumper Horizontal V3.2/CAMOutputs/GerberFiles/drill_1_16.xln
YACCS-OLD/YACC1-2020 July 2021 backup/PCB/Working - Under Develolpment/Bus Jumper Horizontal V3.2/CAMOutputs/GerberFiles/gerber_job.gbrjob	hardware/bus/bus-jumper-horizontal/eagle/v3.2/fab/CAMOutputs/GerberFiles/gerber_job.gbrjob	archive/superseded-revisions/snapshot-2021-07/PCB/Working - Under Develolpment/Bus Jumper Horizontal V3.2/CAMOutputs/GerberFiles/gerber_job.gbrjob
YACCS-OLD/YACC1-2020 July 2021 backup/PCB/Working - Under Develolpment/Bus Jumper Horizontal V3.2/CAMOutputs/GerberFiles/profile.gbr	hardware/bus/bus-jumper-horizontal/eagle/v3.2/fab/CAMOutputs/GerberFiles/profile.gbr	archive/superseded-revisions/snapshot-2021-07/PCB/Working - Under Develolpment/Bus Jumper Horizontal V3.2/CAMOutputs/GerberFiles/profile.gbr
YACCS-OLD/YACC1-2020 July 2021 backup/PCB/Working - Under Develolpment/Bus Jumper Horizontal V3.2/CAMOutputs/GerberFiles/silkscreen_top.gbr	hardware/bus/bus-jumper-horizontal/eagle/deprecated/v3.0/fab/CAMOutputs/GerberFiles/silkscreen_top.gbr	archive/superseded-revisions/snapshot-2021-07/PCB/Working - Under Develolpment/Bus Jumper Horizontal V3.2/CAMOutputs/GerberFiles/silkscreen_top.gbr
YACCS-OLD/YACC1-2020 July 2021 backup/PCB/Working - Under Develolpment/Bus Jumper Horizontal V3.2/CAMOutputs/GerberFiles/soldermask_bottom.gbr	hardware/bus/bus-jumper-horizontal/eagle/v3.2/fab/CAMOutputs/GerberFiles/soldermask_bottom.gbr	archive/superseded-revisions/snapshot-2021-07/PCB/Working - Under Develolpment/Bus Jumper Horizontal V3.2/CAMOutputs/GerberFiles/soldermask_bottom.gbr
YACCS-OLD/YACC1-2020 July 2021 backup/PCB/Working - Under Develolpment/Bus Jumper Horizontal V3.2/CAMOutputs/GerberFiles/soldermask_top.gbr	hardware/bus/bus-jumper-horizontal/eagle/v3.2/fab/CAMOutputs/GerberFiles/soldermask_top.gbr	archive/superseded-revisions/snapshot-2021-07/PCB/Working - Under Develolpment/Bus Jumper Horizontal V3.2/CAMOutputs/GerberFiles/soldermask_top.gbr
YACCS-OLD/YACC1-2020 July 2021 backup/PCB/Working - Under Develolpment/Bus Jumper Horizontal V3.2/Jumper Board Horizontal V3.1.brd	hardware/bus/bus-jumper-horizontal/eagle/v3.2/Jumper Board Horizontal V3.1.brd	archive/superseded-revisions/snapshot-2021-07/PCB/Working - Under Develolpment/Bus Jumper Horizontal V3.2/Jumper Board Horizontal V3.1.brd
YACCS-OLD/YACC1-2020 July 2021 backup/PCB/Working - Under Develolpment/Bus Jumper Horizontal V3.2/Jumper Board Horizontal V3.1.brd.orig	hardware/bus/bus-jumper-horizontal/eagle/v3.2/Jumper Board Horizontal V3.1.brd.orig	archive/superseded-revisions/snapshot-2021-07/PCB/Working - Under Develolpment/Bus Jumper Horizontal V3.2/Jumper Board Horizontal V3.1.brd.orig
YACCS-OLD/YACC1-2020 July 2021 backup/PCB/Working - Under Develolpment/Bus Jumper Horizontal V3.2/Jumper Board Horizontal V3.1.pro	hardware/bus/bus-jumper-horizontal/eagle/v3.2/Jumper Board Horizontal V3.1.pro	archive/superseded-revisions/snapshot-2021-07/PCB/Working - Under Develolpment/Bus Jumper Horizontal V3.2/Jumper Board Horizontal V3.1.pro
YACCS-OLD/YACC1-2020 July 2021 backup/PCB/Working - Under Develolpment/Bus Jumper Horizontal V3.2/Jumper Board Horizontal V3.1_00.pro	hardware/bus/bus-jumper-horizontal/eagle/v3.2/Jumper Board Horizontal V3.1_00.pro	archive/superseded-revisions/snapshot-2021-07/PCB/Working - Under Develolpment/Bus Jumper Horizontal V3.2/Jumper Board Horizontal V3.1_00.pro
YACCS-OLD/YACC1-2020 July 2021 backup/PCB/Working - Under Develolpment/Bus Jumper Horizontal V3.2/Jumper Board Horizontal V3.1_01.pro	hardware/bus/bus-jumper-horizontal/eagle/v3.2/Jumper Board Horizontal V3.1_01.pro	archive/superseded-revisions/snapshot-2021-07/PCB/Working - Under Develolpment/Bus Jumper Horizontal V3.2/Jumper Board Horizontal V3.1_01.pro
YACCS-OLD/YACC1-2020 July 2021 backup/PCB/Working - Under Develolpment/Bus Jumper Horizontal V3.2/Jumper Board Horizontal V3.1_02.pro	hardware/bus/bus-jumper-horizontal/eagle/v3.2/Jumper Board Horizontal V3.1_02.pro	archive/superseded-revisions/snapshot-2021-07/PCB/Working - Under Develolpment/Bus Jumper Horizontal V3.2/Jumper Board Horizontal V3.1_02.pro
YACCS-OLD/YACC1-2020 July 2021 backup/PCB/Working - Under Develolpment/Bus Jumper Horizontal V3.2/Jumper Board Horizontal V3.1_03.pro	hardware/bus/bus-jumper-horizontal/eagle/v3.2/Jumper Board Horizontal V3.1_03.pro	archive/superseded-revisions/snapshot-2021-07/PCB/Working - Under Develolpment/Bus Jumper Horizontal V3.2/Jumper Board Horizontal V3.1_03.pro
YACCS-OLD/YACC1-2020 July 2021 backup/PCB/Working - Under Develolpment/Bus Jumper Horizontal V3.2/Notes.rtf	hardware/bus/bus-jumper-horizontal/eagle/v3.2/Notes.rtf	archive/superseded-revisions/snapshot-2021-07/PCB/Working - Under Develolpment/Bus Jumper Horizontal V3.2/Notes.rtf
YACCS-OLD/YACC1-2020 July 2021 backup/PCB/Working - Under Develolpment/Bus Template V3.0/Bus V3.0.sch	archive/superseded-revisions/bus-template-v3.0/Bus V3.0.sch	archive/superseded-revisions/snapshot-2021-07/PCB/Working - Under Develolpment/Bus Template V3.0/Bus V3.0.sch
YACCS-OLD/YACC1-2020 July 2021 backup/PCB/Working - Under Develolpment/Bus Template V3.1/Bus V3.1.sch	archive/superseded-revisions/bus-template-v3.1/Bus V3.1.sch	archive/superseded-revisions/snapshot-2021-07/PCB/Working - Under Develolpment/Bus Template V3.1/Bus V3.1.sch
YACCS-OLD/YACC1-2020 July 2021 backup/PCB/Working - Under Develolpment/Bus Template V3.2/Bus Template V3.2.sch	hardware/bus/bus-template/eagle/v3.2/Bus Template V3.2.sch	archive/superseded-revisions/snapshot-2021-07/PCB/Working - Under Develolpment/Bus Template V3.2/Bus Template V3.2.sch
YACCS-OLD/YACC1-2020 July 2021 backup/PCB/Working - Under Develolpment/Mem Switch V1.0/CAMOutputs/Assembly/Mem Switch V1.0.txt	hardware/cards/mem-switch/eagle/deprecated/v1.0/fab/CAMOutputs/Assembly/Mem Switch V1.0.txt	archive/superseded-revisions/snapshot-2021-07/PCB/Working - Under Develolpment/Mem Switch V1.0/CAMOutputs/Assembly/Mem Switch V1.0.txt
YACCS-OLD/YACC1-2020 July 2021 backup/PCB/Working - Under Develolpment/Mem Switch V1.0/CAMOutputs/DrillFiles/drill_1_16.xln	hardware/cards/mem-switch/eagle/deprecated/v1.0/fab/CAMOutputs/DrillFiles/drill_1_16.xln	archive/superseded-revisions/snapshot-2021-07/PCB/Working - Under Develolpment/Mem Switch V1.0/CAMOutputs/DrillFiles/drill_1_16.xln
YACCS-OLD/YACC1-2020 July 2021 backup/PCB/Working - Under Develolpment/Mem Switch V1.0/CAMOutputs/GerberFiles/Archive.zip	hardware/cards/mem-switch/eagle/deprecated/v1.0/fab/CAMOutputs/GerberFiles/Archive.zip	archive/superseded-revisions/snapshot-2021-07/PCB/Working - Under Develolpment/Mem Switch V1.0/CAMOutputs/GerberFiles/Archive.zip
YACCS-OLD/YACC1-2020 July 2021 backup/PCB/Working - Under Develolpment/Mem Switch V1.0/CAMOutputs/GerberFiles/copper_bottom.gbr	hardware/cards/mem-switch/eagle/deprecated/v1.0/fab/CAMOutputs/GerberFiles/copper_bottom.gbr	archive/superseded-revisions/snapshot-2021-07/PCB/Working - Under Develolpment/Mem Switch V1.0/CAMOutputs/GerberFiles/copper_bottom.gbr
YACCS-OLD/YACC1-2020 July 2021 backup/PCB/Working - Under Develolpment/Mem Switch V1.0/CAMOutputs/GerberFiles/copper_top.gbr	hardware/cards/mem-switch/eagle/deprecated/v1.0/fab/CAMOutputs/GerberFiles/copper_top.gbr	archive/superseded-revisions/snapshot-2021-07/PCB/Working - Under Develolpment/Mem Switch V1.0/CAMOutputs/GerberFiles/copper_top.gbr
YACCS-OLD/YACC1-2020 July 2021 backup/PCB/Working - Under Develolpment/Mem Switch V1.0/CAMOutputs/GerberFiles/drill_1_16.xln	hardware/cards/mem-switch/eagle/deprecated/v1.0/fab/CAMOutputs/DrillFiles/drill_1_16.xln	archive/superseded-revisions/snapshot-2021-07/PCB/Working - Under Develolpment/Mem Switch V1.0/CAMOutputs/GerberFiles/drill_1_16.xln
YACCS-OLD/YACC1-2020 July 2021 backup/PCB/Working - Under Develolpment/Mem Switch V1.0/CAMOutputs/GerberFiles/gerber_job.gbrjob	hardware/cards/mem-switch/eagle/deprecated/v1.0/fab/CAMOutputs/GerberFiles/gerber_job.gbrjob	archive/superseded-revisions/snapshot-2021-07/PCB/Working - Under Develolpment/Mem Switch V1.0/CAMOutputs/GerberFiles/gerber_job.gbrjob
YACCS-OLD/YACC1-2020 July 2021 backup/PCB/Working - Under Develolpment/Mem Switch V1.0/CAMOutputs/GerberFiles/silkscreen_top.gbr	hardware/cards/mem-switch/eagle/deprecated/v1.0/fab/CAMOutputs/GerberFiles/silkscreen_top.gbr	archive/superseded-revisions/snapshot-2021-07/PCB/Working - Under Develolpment/Mem Switch V1.0/CAMOutputs/GerberFiles/silkscreen_top.gbr
YACCS-OLD/YACC1-2020 July 2021 backup/PCB/Working - Under Develolpment/Mem Switch V1.0/CAMOutputs/GerberFiles/soldermask_bottom.gbr	hardware/cards/mem-switch/eagle/deprecated/v1.0/fab/CAMOutputs/GerberFiles/soldermask_bottom.gbr	archive/superseded-revisions/snapshot-2021-07/PCB/Working - Under Develolpment/Mem Switch V1.0/CAMOutputs/GerberFiles/soldermask_bottom.gbr
YACCS-OLD/YACC1-2020 July 2021 backup/PCB/Working - Under Develolpment/Mem Switch V1.0/CAMOutputs/GerberFiles/soldermask_top.gbr	hardware/cards/mem-switch/eagle/deprecated/v1.0/fab/CAMOutputs/GerberFiles/soldermask_top.gbr	archive/superseded-revisions/snapshot-2021-07/PCB/Working - Under Develolpment/Mem Switch V1.0/CAMOutputs/GerberFiles/soldermask_top.gbr
YACCS-OLD/YACC1-2020 July 2021 backup/PCB/Working - Under Develolpment/Mem Switch V1.0/Mem Switch V1.0.brd	hardware/cards/mem-switch/eagle/deprecated/v1.0/Mem Switch V1.0.brd	archive/superseded-revisions/snapshot-2021-07/PCB/Working - Under Develolpment/Mem Switch V1.0/Mem Switch V1.0.brd
YACCS-OLD/YACC1-2020 July 2021 backup/PCB/Working - Under Develolpment/Mem Switch V1.0/Mem Switch V1.0.pro	hardware/cards/mem-switch/eagle/deprecated/v1.0/Mem Switch V1.0.pro	archive/superseded-revisions/snapshot-2021-07/PCB/Working - Under Develolpment/Mem Switch V1.0/Mem Switch V1.0.pro
YACCS-OLD/YACC1-2020 July 2021 backup/PCB/Working - Under Develolpment/Mem Switch V1.0/Mem Switch V1.0.sch	hardware/cards/mem-switch/eagle/deprecated/v1.0/Mem Switch V1.0.sch	archive/superseded-revisions/snapshot-2021-07/PCB/Working - Under Develolpment/Mem Switch V1.0/Mem Switch V1.0.sch
YACCS-OLD/YACC1-2020 July 2021 backup/PCB/Working - Under Develolpment/Memory v1.3/CAMOutputs/Assembly/Memory V1.0.txt	hardware/cards/memory/eagle/deprecated/v1.1/fab/CAMOutputs/Assembly/Memory V1.0.txt	archive/superseded-revisions/snapshot-2021-07/PCB/Working - Under Develolpment/Memory v1.3/CAMOutputs/Assembly/Memory V1.0.txt
YACCS-OLD/YACC1-2020 July 2021 backup/PCB/Working - Under Develolpment/Memory v1.3/CAMOutputs/Assembly/Memory V1.2.csv	hardware/cards/memory/eagle/deprecated/v1.2/fab/CAMOutputs/Assembly/Memory V1.2.csv	archive/superseded-revisions/snapshot-2021-07/PCB/Working - Under Develolpment/Memory v1.3/CAMOutputs/Assembly/Memory V1.2.csv
YACCS-OLD/YACC1-2020 July 2021 backup/PCB/Working - Under Develolpment/Memory v1.3/CAMOutputs/DrillFiles/drill_1_16.xln	hardware/cards/memory/eagle/deprecated/v1.2/fab/CAMOutputs/DrillFiles/drill_1_16.xln	archive/superseded-revisions/snapshot-2021-07/PCB/Working - Under Develolpment/Memory v1.3/CAMOutputs/DrillFiles/drill_1_16.xln
YACCS-OLD/YACC1-2020 July 2021 backup/PCB/Working - Under Develolpment/Memory v1.3/CAMOutputs/GerberFiles/Archive.zip	hardware/cards/memory/eagle/deprecated/v1.2/fab/CAMOutputs/GerberFiles/Archive.zip	archive/superseded-revisions/snapshot-2021-07/PCB/Working - Under Develolpment/Memory v1.3/CAMOutputs/GerberFiles/Archive.zip
YACCS-OLD/YACC1-2020 July 2021 backup/PCB/Working - Under Develolpment/Memory v1.3/CAMOutputs/GerberFiles/copper_bottom_l4.gbr	hardware/cards/memory/eagle/deprecated/v1.2/fab/CAMOutputs/GerberFiles/copper_bottom_l4.gbr	archive/superseded-revisions/snapshot-2021-07/PCB/Working - Under Develolpment/Memory v1.3/CAMOutputs/GerberFiles/copper_bottom_l4.gbr
YACCS-OLD/YACC1-2020 July 2021 backup/PCB/Working - Under Develolpment/Memory v1.3/CAMOutputs/GerberFiles/copper_inner_l2.gbr	hardware/cards/memory/eagle/deprecated/v1.2/fab/CAMOutputs/GerberFiles/copper_inner_l2.gbr	archive/superseded-revisions/snapshot-2021-07/PCB/Working - Under Develolpment/Memory v1.3/CAMOutputs/GerberFiles/copper_inner_l2.gbr
YACCS-OLD/YACC1-2020 July 2021 backup/PCB/Working - Under Develolpment/Memory v1.3/CAMOutputs/GerberFiles/copper_inner_l3.gbr	hardware/cards/memory/eagle/deprecated/v1.2/fab/CAMOutputs/GerberFiles/copper_inner_l3.gbr	archive/superseded-revisions/snapshot-2021-07/PCB/Working - Under Develolpment/Memory v1.3/CAMOutputs/GerberFiles/copper_inner_l3.gbr
YACCS-OLD/YACC1-2020 July 2021 backup/PCB/Working - Under Develolpment/Memory v1.3/CAMOutputs/GerberFiles/copper_top_l1.gbr	hardware/cards/memory/eagle/deprecated/v1.2/fab/CAMOutputs/GerberFiles/copper_top_l1.gbr	archive/superseded-revisions/snapshot-2021-07/PCB/Working - Under Develolpment/Memory v1.3/CAMOutputs/GerberFiles/copper_top_l1.gbr
YACCS-OLD/YACC1-2020 July 2021 backup/PCB/Working - Under Develolpment/Memory v1.3/CAMOutputs/GerberFiles/drill_1_16.xln	hardware/cards/memory/eagle/deprecated/v1.2/fab/CAMOutputs/DrillFiles/drill_1_16.xln	archive/superseded-revisions/snapshot-2021-07/PCB/Working - Under Develolpment/Memory v1.3/CAMOutputs/GerberFiles/drill_1_16.xln
YACCS-OLD/YACC1-2020 July 2021 backup/PCB/Working - Under Develolpment/Memory v1.3/CAMOutputs/GerberFiles/gerber_job.gbrjob	hardware/cards/memory/eagle/deprecated/v1.2/fab/CAMOutputs/GerberFiles/gerber_job.gbrjob	archive/superseded-revisions/snapshot-2021-07/PCB/Working - Under Develolpment/Memory v1.3/CAMOutputs/GerberFiles/gerber_job.gbrjob
YACCS-OLD/YACC1-2020 July 2021 backup/PCB/Working - Under Develolpment/Memory v1.3/CAMOutputs/GerberFiles/silkscreen_top.gbr	hardware/cards/memory/eagle/deprecated/v1.2/fab/CAMOutputs/GerberFiles/silkscreen_top.gbr	archive/superseded-revisions/snapshot-2021-07/PCB/Working - Under Develolpment/Memory v1.3/CAMOutputs/GerberFiles/silkscreen_top.gbr
YACCS-OLD/YACC1-2020 July 2021 backup/PCB/Working - Under Develolpment/Memory v1.3/CAMOutputs/GerberFiles/soldermask_bottom.gbr	hardware/cards/memory/eagle/deprecated/v1.2/fab/CAMOutputs/GerberFiles/soldermask_bottom.gbr	archive/superseded-revisions/snapshot-2021-07/PCB/Working - Under Develolpment/Memory v1.3/CAMOutputs/GerberFiles/soldermask_bottom.gbr
YACCS-OLD/YACC1-2020 July 2021 backup/PCB/Working - Under Develolpment/Memory v1.3/CAMOutputs/GerberFiles/soldermask_top.gbr	hardware/cards/memory/eagle/deprecated/v1.2/fab/CAMOutputs/GerberFiles/soldermask_top.gbr	archive/superseded-revisions/snapshot-2021-07/PCB/Working - Under Develolpment/Memory v1.3/CAMOutputs/GerberFiles/soldermask_top.gbr
YACCS-OLD/YACC1-2020 July 2021 backup/PCB/Working - Under Develolpment/Memory v1.3/Memory V1.2.brd.old.brd	hardware/cards/memory/eagle/deprecated/v1.2/Memory V1.2.brd.old.brd	archive/superseded-revisions/snapshot-2021-07/PCB/Working - Under Develolpment/Memory v1.3/Memory V1.2.brd.old.brd
YACCS-OLD/YACC1-2020 July 2021 backup/PCB/Working - Under Develolpment/Memory v1.3/Memory V1.3.brd	hardware/cards/memory/eagle/deprecated/v1.3-do-not-use/Memory V1.3.brd	archive/superseded-revisions/snapshot-2021-07/PCB/Working - Under Develolpment/Memory v1.3/Memory V1.3.brd
YACCS-OLD/YACC1-2020 July 2021 backup/PCB/Working - Under Develolpment/Memory v1.3/Memory V1.3.pro	hardware/cards/memory/eagle/deprecated/v1.3-do-not-use/Memory V1.3.pro	archive/superseded-revisions/snapshot-2021-07/PCB/Working - Under Develolpment/Memory v1.3/Memory V1.3.pro
YACCS-OLD/YACC1-2020 July 2021 backup/PCB/Working - Under Develolpment/Memory v1.3/Memory V1.3.sch	hardware/cards/memory/eagle/deprecated/v1.3-do-not-use/Memory V1.3.sch	archive/superseded-revisions/snapshot-2021-07/PCB/Working - Under Develolpment/Memory v1.3/Memory V1.3.sch
YACCS-OLD/YACC1-2020 July 2021 backup/PCB/Working - Under Develolpment/Memory v1.3/Notes.rtf	hardware/cards/memory/eagle/deprecated/v1.3-do-not-use/Notes.rtf	archive/superseded-revisions/snapshot-2021-07/PCB/Working - Under Develolpment/Memory v1.3/Notes.rtf
YACCS-OLD/YACC1-2020 July 2021 backup/PCB/Working - Under Develolpment/Memory v1.3/ROM ZSelect.circ	hardware/cards/memory/eagle/deprecated/v1.1/ROM ZSelect.circ	archive/superseded-revisions/snapshot-2021-07/PCB/Working - Under Develolpment/Memory v1.3/ROM ZSelect.circ
YACCS-OLD/YACC1-2020 July 2021 backup/PCB/Working - Under Develolpment/Old and obsolete/ALU-V3.1/ALU V3.1.brd	hardware/cards/alu/eagle/deprecated/v3.1-buried-vias/ALU V3.1.brd	archive/superseded-revisions/snapshot-2021-07/PCB/Working - Under Develolpment/Old and obsolete/ALU-V3.1/ALU V3.1.brd
YACCS-OLD/YACC1-2020 July 2021 backup/PCB/Working - Under Develolpment/Old and obsolete/ALU-V3.1/ALU V3.1.csv	hardware/cards/alu/eagle/deprecated/v3.1/bom/ALU V3.1.csv	archive/superseded-revisions/snapshot-2021-07/PCB/Working - Under Develolpment/Old and obsolete/ALU-V3.1/ALU V3.1.csv
YACCS-OLD/YACC1-2020 July 2021 backup/PCB/Working - Under Develolpment/Old and obsolete/ALU-V3.1/ALU V3.1.sch	hardware/cards/alu/eagle/deprecated/v3.1-buried-vias/ALU V3.1.sch	archive/superseded-revisions/snapshot-2021-07/PCB/Working - Under Develolpment/Old and obsolete/ALU-V3.1/ALU V3.1.sch
YACCS-OLD/YACC1-2020 July 2021 backup/PCB/Working - Under Develolpment/Old and obsolete/ALU-V3.1/Notes.rtf	hardware/cards/alu/eagle/deprecated/v3.1/Notes.rtf	archive/superseded-revisions/snapshot-2021-07/PCB/Working - Under Develolpment/Old and obsolete/ALU-V3.1/Notes.rtf
YACCS-OLD/YACC1-2020 July 2021 backup/PCB/Working - Under Develolpment/Old and obsolete/ALU-V3.1/alu v31.1	hardware/cards/alu/eagle/deprecated/v3.1/alu v31.1	archive/superseded-revisions/snapshot-2021-07/PCB/Working - Under Develolpment/Old and obsolete/ALU-V3.1/alu v31.1
YACCS-OLD/YACC1-2020 July 2021 backup/PCB/Working - Under Develolpment/Old and obsolete/ALU-V3.1/gerbers/CAMOutputs/Assembly/ALU V3.1.txt	hardware/cards/alu/eagle/deprecated/v3.1-buried-vias/fab/gerbers/CAMOutputs/Assembly/ALU V3.1.txt	archive/superseded-revisions/snapshot-2021-07/PCB/Working - Under Develolpment/Old and obsolete/ALU-V3.1/gerbers/CAMOutputs/Assembly/ALU V3.1.txt
YACCS-OLD/YACC1-2020 July 2021 backup/PCB/Working - Under Develolpment/Old and obsolete/ALU-V3.1/gerbers/CAMOutputs/DrillFiles/drill_15_16.xln	hardware/cards/alu/eagle/deprecated/v3.1-buried-vias/fab/gerbers/CAMOutputs/DrillFiles/drill_15_16.xln	archive/superseded-revisions/snapshot-2021-07/PCB/Working - Under Develolpment/Old and obsolete/ALU-V3.1/gerbers/CAMOutputs/DrillFiles/drill_15_16.xln
YACCS-OLD/YACC1-2020 July 2021 backup/PCB/Working - Under Develolpment/Old and obsolete/ALU-V3.1/gerbers/CAMOutputs/DrillFiles/drill_1_2.xln	hardware/cards/alu/eagle/deprecated/v3.1-buried-vias/fab/gerbers/CAMOutputs/DrillFiles/drill_1_2.xln	archive/superseded-revisions/snapshot-2021-07/PCB/Working - Under Develolpment/Old and obsolete/ALU-V3.1/gerbers/CAMOutputs/DrillFiles/drill_1_2.xln
YACCS-OLD/YACC1-2020 July 2021 backup/PCB/Working - Under Develolpment/Old and obsolete/ALU-V3.1/gerbers/CAMOutputs/GerberFiles/Archive.zip	hardware/cards/alu/eagle/deprecated/v3.1-buried-vias/fab/gerbers/CAMOutputs/GerberFiles/Archive.zip	archive/superseded-revisions/snapshot-2021-07/PCB/Working - Under Develolpment/Old and obsolete/ALU-V3.1/gerbers/CAMOutputs/GerberFiles/Archive.zip
YACCS-OLD/YACC1-2020 July 2021 backup/PCB/Working - Under Develolpment/Old and obsolete/ALU-V3.1/gerbers/CAMOutputs/GerberFiles/copper_bottom_l4.gbr	hardware/cards/alu/eagle/deprecated/v3.1-buried-vias/fab/gerbers/CAMOutputs/GerberFiles/copper_bottom_l4.gbr	archive/superseded-revisions/snapshot-2021-07/PCB/Working - Under Develolpment/Old and obsolete/ALU-V3.1/gerbers/CAMOutputs/GerberFiles/copper_bottom_l4.gbr
YACCS-OLD/YACC1-2020 July 2021 backup/PCB/Working - Under Develolpment/Old and obsolete/ALU-V3.1/gerbers/CAMOutputs/GerberFiles/copper_inner_l2.gbr	hardware/cards/alu/eagle/deprecated/v3.1-buried-vias/fab/gerbers/CAMOutputs/GerberFiles/copper_inner_l2.gbr	archive/superseded-revisions/snapshot-2021-07/PCB/Working - Under Develolpment/Old and obsolete/ALU-V3.1/gerbers/CAMOutputs/GerberFiles/copper_inner_l2.gbr
YACCS-OLD/YACC1-2020 July 2021 backup/PCB/Working - Under Develolpment/Old and obsolete/ALU-V3.1/gerbers/CAMOutputs/GerberFiles/copper_inner_l3.gbr	hardware/cards/alu/eagle/deprecated/v3.1-buried-vias/fab/gerbers/CAMOutputs/GerberFiles/copper_inner_l3.gbr	archive/superseded-revisions/snapshot-2021-07/PCB/Working - Under Develolpment/Old and obsolete/ALU-V3.1/gerbers/CAMOutputs/GerberFiles/copper_inner_l3.gbr
YACCS-OLD/YACC1-2020 July 2021 backup/PCB/Working - Under Develolpment/Old and obsolete/ALU-V3.1/gerbers/CAMOutputs/GerberFiles/copper_top_l1.gbr	hardware/cards/alu/eagle/deprecated/v3.1-buried-vias/fab/gerbers/CAMOutputs/GerberFiles/copper_top_l1.gbr	archive/superseded-revisions/snapshot-2021-07/PCB/Working - Under Develolpment/Old and obsolete/ALU-V3.1/gerbers/CAMOutputs/GerberFiles/copper_top_l1.gbr
YACCS-OLD/YACC1-2020 July 2021 backup/PCB/Working - Under Develolpment/Old and obsolete/ALU-V3.1/gerbers/CAMOutputs/GerberFiles/drill_15_16.xln	hardware/cards/alu/eagle/deprecated/v3.1-buried-vias/fab/gerbers/CAMOutputs/DrillFiles/drill_15_16.xln	archive/superseded-revisions/snapshot-2021-07/PCB/Working - Under Develolpment/Old and obsolete/ALU-V3.1/gerbers/CAMOutputs/GerberFiles/drill_15_16.xln
YACCS-OLD/YACC1-2020 July 2021 backup/PCB/Working - Under Develolpment/Old and obsolete/ALU-V3.1/gerbers/CAMOutputs/GerberFiles/drill_1_2.xln	hardware/cards/alu/eagle/deprecated/v3.1-buried-vias/fab/gerbers/CAMOutputs/DrillFiles/drill_1_2.xln	archive/superseded-revisions/snapshot-2021-07/PCB/Working - Under Develolpment/Old and obsolete/ALU-V3.1/gerbers/CAMOutputs/GerberFiles/drill_1_2.xln
YACCS-OLD/YACC1-2020 July 2021 backup/PCB/Working - Under Develolpment/Old and obsolete/ALU-V3.1/gerbers/CAMOutputs/GerberFiles/gerber_job.gbrjob	hardware/cards/alu/eagle/deprecated/v3.1-buried-vias/fab/gerbers/CAMOutputs/GerberFiles/gerber_job.gbrjob	archive/superseded-revisions/snapshot-2021-07/PCB/Working - Under Develolpment/Old and obsolete/ALU-V3.1/gerbers/CAMOutputs/GerberFiles/gerber_job.gbrjob
YACCS-OLD/YACC1-2020 July 2021 backup/PCB/Working - Under Develolpment/Old and obsolete/ALU-V3.1/gerbers/CAMOutputs/GerberFiles/silkscreen_top.gbr	hardware/cards/alu/eagle/deprecated/v3.1-buried-vias/fab/gerbers/CAMOutputs/GerberFiles/silkscreen_top.gbr	archive/superseded-revisions/snapshot-2021-07/PCB/Working - Under Develolpment/Old and obsolete/ALU-V3.1/gerbers/CAMOutputs/GerberFiles/silkscreen_top.gbr
YACCS-OLD/YACC1-2020 July 2021 backup/PCB/Working - Under Develolpment/Old and obsolete/ALU-V3.1/gerbers/CAMOutputs/GerberFiles/soldermask_bottom.gbr	hardware/cards/alu/eagle/deprecated/v3.1-buried-vias/fab/gerbers/CAMOutputs/GerberFiles/soldermask_bottom.gbr	archive/superseded-revisions/snapshot-2021-07/PCB/Working - Under Develolpment/Old and obsolete/ALU-V3.1/gerbers/CAMOutputs/GerberFiles/soldermask_bottom.gbr
YACCS-OLD/YACC1-2020 July 2021 backup/PCB/Working - Under Develolpment/Old and obsolete/ALU-V3.1/gerbers/CAMOutputs/GerberFiles/soldermask_top.gbr	hardware/cards/alu/eagle/deprecated/v3.1-buried-vias/fab/gerbers/CAMOutputs/GerberFiles/soldermask_top.gbr	archive/superseded-revisions/snapshot-2021-07/PCB/Working - Under Develolpment/Old and obsolete/ALU-V3.1/gerbers/CAMOutputs/GerberFiles/soldermask_top.gbr
YACCS-OLD/YACC1-2020 July 2021 backup/PCB/Working - Under Develolpment/Old and obsolete/ALU-V3.3-notused/ALU V3.2.brd	archive/superseded-revisions/working-old-and-obsolete/ALU-V3.3-notused/ALU V3.2.brd	archive/superseded-revisions/snapshot-2021-07/PCB/Working - Under Develolpment/Old and obsolete/ALU-V3.3-notused/ALU V3.2.brd
YACCS-OLD/YACC1-2020 July 2021 backup/PCB/Working - Under Develolpment/Old and obsolete/ALU-V3.3-notused/ALU V3.2.pro	archive/superseded-revisions/working-old-and-obsolete/ALU-V3.3-notused/ALU V3.2.pro	archive/superseded-revisions/snapshot-2021-07/PCB/Working - Under Develolpment/Old and obsolete/ALU-V3.3-notused/ALU V3.2.pro
YACCS-OLD/YACC1-2020 July 2021 backup/PCB/Working - Under Develolpment/Old and obsolete/ALU-V3.3-notused/ALU V3.2.sch	archive/superseded-revisions/working-old-and-obsolete/ALU-V3.3-notused/ALU V3.2.sch	archive/superseded-revisions/snapshot-2021-07/PCB/Working - Under Develolpment/Old and obsolete/ALU-V3.3-notused/ALU V3.2.sch
YACCS-OLD/YACC1-2020 July 2021 backup/PCB/Working - Under Develolpment/Old and obsolete/ALU-V3.3-notused/CAMOutputs/Assembly/ALU V3.2.csv	archive/superseded-revisions/working-old-and-obsolete/ALU-V3.3-notused/CAMOutputs/Assembly/ALU V3.2.csv	archive/superseded-revisions/snapshot-2021-07/PCB/Working - Under Develolpment/Old and obsolete/ALU-V3.3-notused/CAMOutputs/Assembly/ALU V3.2.csv
YACCS-OLD/YACC1-2020 July 2021 backup/PCB/Working - Under Develolpment/Old and obsolete/ALU-V3.3-notused/CAMOutputs/DrillFiles/drill_15_16.xln	archive/superseded-revisions/working-old-and-obsolete/ALU-V3.3-notused/CAMOutputs/DrillFiles/drill_15_16.xln	archive/superseded-revisions/snapshot-2021-07/PCB/Working - Under Develolpment/Old and obsolete/ALU-V3.3-notused/CAMOutputs/DrillFiles/drill_15_16.xln
YACCS-OLD/YACC1-2020 July 2021 backup/PCB/Working - Under Develolpment/Old and obsolete/ALU-V3.3-notused/CAMOutputs/DrillFiles/drill_1_2.xln	archive/superseded-revisions/working-old-and-obsolete/ALU-V3.3-notused/CAMOutputs/DrillFiles/drill_1_2.xln	archive/superseded-revisions/snapshot-2021-07/PCB/Working - Under Develolpment/Old and obsolete/ALU-V3.3-notused/CAMOutputs/DrillFiles/drill_1_2.xln
YACCS-OLD/YACC1-2020 July 2021 backup/PCB/Working - Under Develolpment/Old and obsolete/ALU-V3.3-notused/CAMOutputs/GerberFiles/Archive.zip	archive/superseded-revisions/working-old-and-obsolete/ALU-V3.3-notused/CAMOutputs/GerberFiles/Archive.zip	archive/superseded-revisions/snapshot-2021-07/PCB/Working - Under Develolpment/Old and obsolete/ALU-V3.3-notused/CAMOutputs/GerberFiles/Archive.zip
YACCS-OLD/YACC1-2020 July 2021 backup/PCB/Working - Under Develolpment/Old and obsolete/ALU-V3.3-notused/CAMOutputs/GerberFiles/copper_bottom_l4.gbr	archive/superseded-revisions/working-old-and-obsolete/ALU-V3.3-notused/CAMOutputs/GerberFiles/copper_bottom_l4.gbr	archive/superseded-revisions/snapshot-2021-07/PCB/Working - Under Develolpment/Old and obsolete/ALU-V3.3-notused/CAMOutputs/GerberFiles/copper_bottom_l4.gbr
YACCS-OLD/YACC1-2020 July 2021 backup/PCB/Working - Under Develolpment/Old and obsolete/ALU-V3.3-notused/CAMOutputs/GerberFiles/copper_inner_l2.gbr	archive/superseded-revisions/working-old-and-obsolete/ALU-V3.3-notused/CAMOutputs/GerberFiles/copper_inner_l2.gbr	archive/superseded-revisions/snapshot-2021-07/PCB/Working - Under Develolpment/Old and obsolete/ALU-V3.3-notused/CAMOutputs/GerberFiles/copper_inner_l2.gbr
YACCS-OLD/YACC1-2020 July 2021 backup/PCB/Working - Under Develolpment/Old and obsolete/ALU-V3.3-notused/CAMOutputs/GerberFiles/copper_inner_l3.gbr	archive/superseded-revisions/working-old-and-obsolete/ALU-V3.3-notused/CAMOutputs/GerberFiles/copper_inner_l3.gbr	archive/superseded-revisions/snapshot-2021-07/PCB/Working - Under Develolpment/Old and obsolete/ALU-V3.3-notused/CAMOutputs/GerberFiles/copper_inner_l3.gbr
YACCS-OLD/YACC1-2020 July 2021 backup/PCB/Working - Under Develolpment/Old and obsolete/ALU-V3.3-notused/CAMOutputs/GerberFiles/copper_top_l1.gbr	archive/superseded-revisions/working-old-and-obsolete/ALU-V3.3-notused/CAMOutputs/GerberFiles/copper_top_l1.gbr	archive/superseded-revisions/snapshot-2021-07/PCB/Working - Under Develolpment/Old and obsolete/ALU-V3.3-notused/CAMOutputs/GerberFiles/copper_top_l1.gbr
YACCS-OLD/YACC1-2020 July 2021 backup/PCB/Working - Under Develolpment/Old and obsolete/ALU-V3.3-notused/CAMOutputs/GerberFiles/drill_15_16.xln	archive/superseded-revisions/working-old-and-obsolete/ALU-V3.3-notused/CAMOutputs/DrillFiles/drill_15_16.xln	archive/superseded-revisions/snapshot-2021-07/PCB/Working - Under Develolpment/Old and obsolete/ALU-V3.3-notused/CAMOutputs/GerberFiles/drill_15_16.xln
YACCS-OLD/YACC1-2020 July 2021 backup/PCB/Working - Under Develolpment/Old and obsolete/ALU-V3.3-notused/CAMOutputs/GerberFiles/drill_1_2.xln	archive/superseded-revisions/working-old-and-obsolete/ALU-V3.3-notused/CAMOutputs/DrillFiles/drill_1_2.xln	archive/superseded-revisions/snapshot-2021-07/PCB/Working - Under Develolpment/Old and obsolete/ALU-V3.3-notused/CAMOutputs/GerberFiles/drill_1_2.xln
YACCS-OLD/YACC1-2020 July 2021 backup/PCB/Working - Under Develolpment/Old and obsolete/ALU-V3.3-notused/CAMOutputs/GerberFiles/gerber_job.gbrjob	archive/superseded-revisions/working-old-and-obsolete/ALU-V3.3-notused/CAMOutputs/GerberFiles/gerber_job.gbrjob	archive/superseded-revisions/snapshot-2021-07/PCB/Working - Under Develolpment/Old and obsolete/ALU-V3.3-notused/CAMOutputs/GerberFiles/gerber_job.gbrjob
YACCS-OLD/YACC1-2020 July 2021 backup/PCB/Working - Under Develolpment/Old and obsolete/ALU-V3.3-notused/CAMOutputs/GerberFiles/soldermask_bottom.gbr	archive/superseded-revisions/working-old-and-obsolete/ALU-V3.3-notused/CAMOutputs/GerberFiles/soldermask_bottom.gbr	archive/superseded-revisions/snapshot-2021-07/PCB/Working - Under Develolpment/Old and obsolete/ALU-V3.3-notused/CAMOutputs/GerberFiles/soldermask_bottom.gbr
YACCS-OLD/YACC1-2020 July 2021 backup/PCB/Working - Under Develolpment/Old and obsolete/ALU-V3.3-notused/CAMOutputs/GerberFiles/soldermask_top.gbr	archive/superseded-revisions/working-old-and-obsolete/ALU-V3.3-notused/CAMOutputs/GerberFiles/soldermask_top.gbr	archive/superseded-revisions/snapshot-2021-07/PCB/Working - Under Develolpment/Old and obsolete/ALU-V3.3-notused/CAMOutputs/GerberFiles/soldermask_top.gbr
YACCS-OLD/YACC1-2020 July 2021 backup/PCB/Working - Under Develolpment/Old and obsolete/ALU-V3.3-notused/gerbers/CAMOutputs/Assembly/ALU V3.1.txt	hardware/cards/alu/eagle/deprecated/v3.1-buried-vias/fab/gerbers/CAMOutputs/Assembly/ALU V3.1.txt	archive/superseded-revisions/snapshot-2021-07/PCB/Working - Under Develolpment/Old and obsolete/ALU-V3.3-notused/gerbers/CAMOutputs/Assembly/ALU V3.1.txt
YACCS-OLD/YACC1-2020 July 2021 backup/PCB/Working - Under Develolpment/Old and obsolete/ALU-V3.3-notused/gerbers/CAMOutputs/DrillFiles/drill_15_16.xln	hardware/cards/alu/eagle/deprecated/v3.1-buried-vias/fab/gerbers/CAMOutputs/DrillFiles/drill_15_16.xln	archive/superseded-revisions/snapshot-2021-07/PCB/Working - Under Develolpment/Old and obsolete/ALU-V3.3-notused/gerbers/CAMOutputs/DrillFiles/drill_15_16.xln
YACCS-OLD/YACC1-2020 July 2021 backup/PCB/Working - Under Develolpment/Old and obsolete/ALU-V3.3-notused/gerbers/CAMOutputs/DrillFiles/drill_1_2.xln	hardware/cards/alu/eagle/deprecated/v3.1-buried-vias/fab/gerbers/CAMOutputs/DrillFiles/drill_1_2.xln	archive/superseded-revisions/snapshot-2021-07/PCB/Working - Under Develolpment/Old and obsolete/ALU-V3.3-notused/gerbers/CAMOutputs/DrillFiles/drill_1_2.xln
YACCS-OLD/YACC1-2020 July 2021 backup/PCB/Working - Under Develolpment/Old and obsolete/ALU-V3.3-notused/gerbers/CAMOutputs/GerberFiles/Archive.zip	hardware/cards/alu/eagle/deprecated/v3.1-buried-vias/fab/gerbers/CAMOutputs/GerberFiles/Archive.zip	archive/superseded-revisions/snapshot-2021-07/PCB/Working - Under Develolpment/Old and obsolete/ALU-V3.3-notused/gerbers/CAMOutputs/GerberFiles/Archive.zip
YACCS-OLD/YACC1-2020 July 2021 backup/PCB/Working - Under Develolpment/Old and obsolete/ALU-V3.3-notused/gerbers/CAMOutputs/GerberFiles/copper_bottom_l4.gbr	hardware/cards/alu/eagle/deprecated/v3.1-buried-vias/fab/gerbers/CAMOutputs/GerberFiles/copper_bottom_l4.gbr	archive/superseded-revisions/snapshot-2021-07/PCB/Working - Under Develolpment/Old and obsolete/ALU-V3.3-notused/gerbers/CAMOutputs/GerberFiles/copper_bottom_l4.gbr
YACCS-OLD/YACC1-2020 July 2021 backup/PCB/Working - Under Develolpment/Old and obsolete/ALU-V3.3-notused/gerbers/CAMOutputs/GerberFiles/copper_inner_l2.gbr	hardware/cards/alu/eagle/deprecated/v3.1-buried-vias/fab/gerbers/CAMOutputs/GerberFiles/copper_inner_l2.gbr	archive/superseded-revisions/snapshot-2021-07/PCB/Working - Under Develolpment/Old and obsolete/ALU-V3.3-notused/gerbers/CAMOutputs/GerberFiles/copper_inner_l2.gbr
YACCS-OLD/YACC1-2020 July 2021 backup/PCB/Working - Under Develolpment/Old and obsolete/ALU-V3.3-notused/gerbers/CAMOutputs/GerberFiles/copper_inner_l3.gbr	hardware/cards/alu/eagle/deprecated/v3.1-buried-vias/fab/gerbers/CAMOutputs/GerberFiles/copper_inner_l3.gbr	archive/superseded-revisions/snapshot-2021-07/PCB/Working - Under Develolpment/Old and obsolete/ALU-V3.3-notused/gerbers/CAMOutputs/GerberFiles/copper_inner_l3.gbr
YACCS-OLD/YACC1-2020 July 2021 backup/PCB/Working - Under Develolpment/Old and obsolete/ALU-V3.3-notused/gerbers/CAMOutputs/GerberFiles/copper_top_l1.gbr	hardware/cards/alu/eagle/deprecated/v3.1-buried-vias/fab/gerbers/CAMOutputs/GerberFiles/copper_top_l1.gbr	archive/superseded-revisions/snapshot-2021-07/PCB/Working - Under Develolpment/Old and obsolete/ALU-V3.3-notused/gerbers/CAMOutputs/GerberFiles/copper_top_l1.gbr
YACCS-OLD/YACC1-2020 July 2021 backup/PCB/Working - Under Develolpment/Old and obsolete/ALU-V3.3-notused/gerbers/CAMOutputs/GerberFiles/drill_15_16.xln	hardware/cards/alu/eagle/deprecated/v3.1-buried-vias/fab/gerbers/CAMOutputs/DrillFiles/drill_15_16.xln	archive/superseded-revisions/snapshot-2021-07/PCB/Working - Under Develolpment/Old and obsolete/ALU-V3.3-notused/gerbers/CAMOutputs/GerberFiles/drill_15_16.xln
YACCS-OLD/YACC1-2020 July 2021 backup/PCB/Working - Under Develolpment/Old and obsolete/ALU-V3.3-notused/gerbers/CAMOutputs/GerberFiles/drill_1_2.xln	hardware/cards/alu/eagle/deprecated/v3.1-buried-vias/fab/gerbers/CAMOutputs/DrillFiles/drill_1_2.xln	archive/superseded-revisions/snapshot-2021-07/PCB/Working - Under Develolpment/Old and obsolete/ALU-V3.3-notused/gerbers/CAMOutputs/GerberFiles/drill_1_2.xln
YACCS-OLD/YACC1-2020 July 2021 backup/PCB/Working - Under Develolpment/Old and obsolete/ALU-V3.3-notused/gerbers/CAMOutputs/GerberFiles/gerber_job.gbrjob	hardware/cards/alu/eagle/deprecated/v3.1-buried-vias/fab/gerbers/CAMOutputs/GerberFiles/gerber_job.gbrjob	archive/superseded-revisions/snapshot-2021-07/PCB/Working - Under Develolpment/Old and obsolete/ALU-V3.3-notused/gerbers/CAMOutputs/GerberFiles/gerber_job.gbrjob
YACCS-OLD/YACC1-2020 July 2021 backup/PCB/Working - Under Develolpment/Old and obsolete/ALU-V3.3-notused/gerbers/CAMOutputs/GerberFiles/silkscreen_top.gbr	hardware/cards/alu/eagle/deprecated/v3.1-buried-vias/fab/gerbers/CAMOutputs/GerberFiles/silkscreen_top.gbr	archive/superseded-revisions/snapshot-2021-07/PCB/Working - Under Develolpment/Old and obsolete/ALU-V3.3-notused/gerbers/CAMOutputs/GerberFiles/silkscreen_top.gbr
YACCS-OLD/YACC1-2020 July 2021 backup/PCB/Working - Under Develolpment/Old and obsolete/ALU-V3.3-notused/gerbers/CAMOutputs/GerberFiles/soldermask_bottom.gbr	hardware/cards/alu/eagle/deprecated/v3.1-buried-vias/fab/gerbers/CAMOutputs/GerberFiles/soldermask_bottom.gbr	archive/superseded-revisions/snapshot-2021-07/PCB/Working - Under Develolpment/Old and obsolete/ALU-V3.3-notused/gerbers/CAMOutputs/GerberFiles/soldermask_bottom.gbr
YACCS-OLD/YACC1-2020 July 2021 backup/PCB/Working - Under Develolpment/Old and obsolete/ALU-V3.3-notused/gerbers/CAMOutputs/GerberFiles/soldermask_top.gbr	hardware/cards/alu/eagle/deprecated/v3.1-buried-vias/fab/gerbers/CAMOutputs/GerberFiles/soldermask_top.gbr	archive/superseded-revisions/snapshot-2021-07/PCB/Working - Under Develolpment/Old and obsolete/ALU-V3.3-notused/gerbers/CAMOutputs/GerberFiles/soldermask_top.gbr
YACCS-OLD/YACC1-2020 July 2021 backup/PCB/Working - Under Develolpment/Sequencer-Logic-v2.1/CAMOutputs/Assembly/Sequencer-Logic-Prod-V2.1l.csv	hardware/cards/sequencer-logic/eagle/v2.1/bom/Sequencer-Logic-Prod-V2.1l.csv	archive/superseded-revisions/snapshot-2021-07/PCB/Working - Under Develolpment/Sequencer-Logic-v2.1/CAMOutputs/Assembly/Sequencer-Logic-Prod-V2.1l.csv
YACCS-OLD/YACC1-2020 July 2021 backup/PCB/Working - Under Develolpment/Sequencer-Logic-v2.1/CAMOutputs/DrillFiles/drill_1_16.xln	hardware/cards/sequencer-logic/eagle/v2.1/fab/CAMOutputs/DrillFiles/drill_1_16.xln	archive/superseded-revisions/snapshot-2021-07/PCB/Working - Under Develolpment/Sequencer-Logic-v2.1/CAMOutputs/DrillFiles/drill_1_16.xln
YACCS-OLD/YACC1-2020 July 2021 backup/PCB/Working - Under Develolpment/Sequencer-Logic-v2.1/CAMOutputs/GerberFiles/Archive.zip	hardware/cards/sequencer-logic/eagle/v2.1/fab/CAMOutputs/GerberFiles/Archive.zip	archive/superseded-revisions/snapshot-2021-07/PCB/Working - Under Develolpment/Sequencer-Logic-v2.1/CAMOutputs/GerberFiles/Archive.zip
YACCS-OLD/YACC1-2020 July 2021 backup/PCB/Working - Under Develolpment/Sequencer-Logic-v2.1/CAMOutputs/GerberFiles/copper_bottom_l4.gbr	hardware/cards/sequencer-logic/eagle/v2.1/fab/CAMOutputs/GerberFiles/copper_bottom_l4.gbr	archive/superseded-revisions/snapshot-2021-07/PCB/Working - Under Develolpment/Sequencer-Logic-v2.1/CAMOutputs/GerberFiles/copper_bottom_l4.gbr
YACCS-OLD/YACC1-2020 July 2021 backup/PCB/Working - Under Develolpment/Sequencer-Logic-v2.1/CAMOutputs/GerberFiles/copper_inner_l2.gbr	hardware/cards/sequencer-logic/eagle/v2.1/fab/CAMOutputs/GerberFiles/copper_inner_l2.gbr	archive/superseded-revisions/snapshot-2021-07/PCB/Working - Under Develolpment/Sequencer-Logic-v2.1/CAMOutputs/GerberFiles/copper_inner_l2.gbr
YACCS-OLD/YACC1-2020 July 2021 backup/PCB/Working - Under Develolpment/Sequencer-Logic-v2.1/CAMOutputs/GerberFiles/copper_inner_l3.gbr	hardware/cards/sequencer-logic/eagle/v2.1/fab/CAMOutputs/GerberFiles/copper_inner_l3.gbr	archive/superseded-revisions/snapshot-2021-07/PCB/Working - Under Develolpment/Sequencer-Logic-v2.1/CAMOutputs/GerberFiles/copper_inner_l3.gbr
YACCS-OLD/YACC1-2020 July 2021 backup/PCB/Working - Under Develolpment/Sequencer-Logic-v2.1/CAMOutputs/GerberFiles/copper_top_l1.gbr	hardware/cards/sequencer-logic/eagle/v2.1/fab/CAMOutputs/GerberFiles/copper_top_l1.gbr	archive/superseded-revisions/snapshot-2021-07/PCB/Working - Under Develolpment/Sequencer-Logic-v2.1/CAMOutputs/GerberFiles/copper_top_l1.gbr
YACCS-OLD/YACC1-2020 July 2021 backup/PCB/Working - Under Develolpment/Sequencer-Logic-v2.1/CAMOutputs/GerberFiles/drill_1_16.xln	hardware/cards/sequencer-logic/eagle/v2.1/fab/CAMOutputs/DrillFiles/drill_1_16.xln	archive/superseded-revisions/snapshot-2021-07/PCB/Working - Under Develolpment/Sequencer-Logic-v2.1/CAMOutputs/GerberFiles/drill_1_16.xln
YACCS-OLD/YACC1-2020 July 2021 backup/PCB/Working - Under Develolpment/Sequencer-Logic-v2.1/CAMOutputs/GerberFiles/gerber_job.gbrjob	hardware/cards/sequencer-logic/eagle/v2.1/fab/CAMOutputs/GerberFiles/gerber_job.gbrjob	archive/superseded-revisions/snapshot-2021-07/PCB/Working - Under Develolpment/Sequencer-Logic-v2.1/CAMOutputs/GerberFiles/gerber_job.gbrjob
YACCS-OLD/YACC1-2020 July 2021 backup/PCB/Working - Under Develolpment/Sequencer-Logic-v2.1/CAMOutputs/GerberFiles/profile.gbr	hardware/cards/sequencer-logic/eagle/v2.1/fab/CAMOutputs/GerberFiles/profile.gbr	archive/superseded-revisions/snapshot-2021-07/PCB/Working - Under Develolpment/Sequencer-Logic-v2.1/CAMOutputs/GerberFiles/profile.gbr
YACCS-OLD/YACC1-2020 July 2021 backup/PCB/Working - Under Develolpment/Sequencer-Logic-v2.1/CAMOutputs/GerberFiles/silkscreen_top.gbr	hardware/cards/sequencer-logic/eagle/v2.1/fab/CAMOutputs/GerberFiles/silkscreen_top.gbr	archive/superseded-revisions/snapshot-2021-07/PCB/Working - Under Develolpment/Sequencer-Logic-v2.1/CAMOutputs/GerberFiles/silkscreen_top.gbr
YACCS-OLD/YACC1-2020 July 2021 backup/PCB/Working - Under Develolpment/Sequencer-Logic-v2.1/CAMOutputs/GerberFiles/soldermask_bottom.gbr	hardware/cards/sequencer-logic/eagle/v2.1/fab/CAMOutputs/GerberFiles/soldermask_bottom.gbr	archive/superseded-revisions/snapshot-2021-07/PCB/Working - Under Develolpment/Sequencer-Logic-v2.1/CAMOutputs/GerberFiles/soldermask_bottom.gbr
YACCS-OLD/YACC1-2020 July 2021 backup/PCB/Working - Under Develolpment/Sequencer-Logic-v2.1/CAMOutputs/GerberFiles/soldermask_top.gbr	hardware/cards/sequencer-logic/eagle/v2.1/fab/CAMOutputs/GerberFiles/soldermask_top.gbr	archive/superseded-revisions/snapshot-2021-07/PCB/Working - Under Develolpment/Sequencer-Logic-v2.1/CAMOutputs/GerberFiles/soldermask_top.gbr
YACCS-OLD/YACC1-2020 July 2021 backup/PCB/Working - Under Develolpment/Sequencer-Logic-v2.1/Notes.rtf	hardware/cards/sequencer-logic/eagle/v2.1/Notes.rtf	archive/superseded-revisions/snapshot-2021-07/PCB/Working - Under Develolpment/Sequencer-Logic-v2.1/Notes.rtf
YACCS-OLD/YACC1-2020 July 2021 backup/PCB/Working - Under Develolpment/Sequencer-Logic-v2.1/Sequencer-Logic-Prod-V2.1l.brd	hardware/cards/sequencer-logic/eagle/v2.1/Sequencer-Logic-Prod-V2.1l.brd	archive/superseded-revisions/snapshot-2021-07/PCB/Working - Under Develolpment/Sequencer-Logic-v2.1/Sequencer-Logic-Prod-V2.1l.brd
YACCS-OLD/YACC1-2020 July 2021 backup/PCB/Working - Under Develolpment/Sequencer-Logic-v2.1/Sequencer-Logic-Prod-V2.1l.sch	hardware/cards/sequencer-logic/eagle/v2.1/Sequencer-Logic-Prod-V2.1l.sch	archive/superseded-revisions/snapshot-2021-07/PCB/Working - Under Develolpment/Sequencer-Logic-v2.1/Sequencer-Logic-Prod-V2.1l.sch
YACCS-OLD/YACC1-2020 July 2021 backup/PCB/Working - Under Develolpment/Sequencer-Logic-v2.1/orig size/Sequencer-Logic-Prod-V2.1 copy.brd	hardware/cards/sequencer-logic/eagle/v2.1/orig size/Sequencer-Logic-Prod-V2.1 copy.brd	archive/superseded-revisions/snapshot-2021-07/PCB/Working - Under Develolpment/Sequencer-Logic-v2.1/orig size/Sequencer-Logic-Prod-V2.1 copy.brd
YACCS-OLD/YACC1-2020 July 2021 backup/PCB/Working - Under Develolpment/Sequencer-Logic-v2.1/orig size/Sequencer-Logic-Prod-V2.1 copy.sch	hardware/cards/sequencer-logic/eagle/v2.1/orig size/Sequencer-Logic-Prod-V2.1 copy.sch	archive/superseded-revisions/snapshot-2021-07/PCB/Working - Under Develolpment/Sequencer-Logic-v2.1/orig size/Sequencer-Logic-Prod-V2.1 copy.sch
YACCS-OLD/YACC1-2020 July 2021 backup/PCB/Working - Under Develolpment/Sequencer-Logic-v2.1/orig size/Sequencer-Logic-Prod-V2.1.brd	hardware/cards/sequencer-logic/eagle/v2.1/orig size/Sequencer-Logic-Prod-V2.1.brd	archive/superseded-revisions/snapshot-2021-07/PCB/Working - Under Develolpment/Sequencer-Logic-v2.1/orig size/Sequencer-Logic-Prod-V2.1.brd
YACCS-OLD/YACC1-2020 July 2021 backup/PCB/Working - Under Develolpment/Sequencer-Logic-v2.1/orig size/Sequencer-Logic-Prod-V2.1.pro	hardware/cards/sequencer-logic/eagle/v2.1/orig size/Sequencer-Logic-Prod-V2.1.pro	archive/superseded-revisions/snapshot-2021-07/PCB/Working - Under Develolpment/Sequencer-Logic-v2.1/orig size/Sequencer-Logic-Prod-V2.1.pro
YACCS-OLD/YACC1-2020 July 2021 backup/PCB/Working - Under Develolpment/Sequencer-Logic-v2.1/orig size/Sequencer-Logic-Prod-V2.1.sch	hardware/cards/sequencer-logic/eagle/v2.1/orig size/Sequencer-Logic-Prod-V2.1.sch	archive/superseded-revisions/snapshot-2021-07/PCB/Working - Under Develolpment/Sequencer-Logic-v2.1/orig size/Sequencer-Logic-Prod-V2.1.sch
YACCS-OLD/YACC1-2020 July 2021 backup/PCB/Working - Under Develolpment/Sequencer-Memory-V2.1/CAMOutputs/Assembly/Sequencer-Memory-V1.0-3.csv	hardware/cards/sequencer-memory/eagle/deprecated/v2.0/fab/CAMOutputs/Assembly/Sequencer-Memory-V1.0-3.csv	archive/superseded-revisions/snapshot-2021-07/PCB/Working - Under Develolpment/Sequencer-Memory-V2.1/CAMOutputs/Assembly/Sequencer-Memory-V1.0-3.csv
YACCS-OLD/YACC1-2020 July 2021 backup/PCB/Working - Under Develolpment/Sequencer-Memory-V2.1/CAMOutputs/Assembly/Sequencer-Memory-V2.0.csv	hardware/cards/sequencer-memory/eagle/deprecated/v2.0/fab/CAMOutputs/Assembly/Sequencer-Memory-V1.0-3.csv	archive/superseded-revisions/snapshot-2021-07/PCB/Working - Under Develolpment/Sequencer-Memory-V2.1/CAMOutputs/Assembly/Sequencer-Memory-V2.0.csv
YACCS-OLD/YACC1-2020 July 2021 backup/PCB/Working - Under Develolpment/Sequencer-Memory-V2.1/CAMOutputs/Assembly/Sequencer-Memory-V2.1.csv	hardware/cards/sequencer-memory/eagle/v2.1/bom/Sequencer-Memory-V2.1.csv	archive/superseded-revisions/snapshot-2021-07/PCB/Working - Under Develolpment/Sequencer-Memory-V2.1/CAMOutputs/Assembly/Sequencer-Memory-V2.1.csv
YACCS-OLD/YACC1-2020 July 2021 backup/PCB/Working - Under Develolpment/Sequencer-Memory-V2.1/CAMOutputs/DrillFiles/drill_1_16.xln	hardware/cards/sequencer-memory/eagle/v2.1/fab/CAMOutputs/DrillFiles/drill_1_16.xln	archive/superseded-revisions/snapshot-2021-07/PCB/Working - Under Develolpment/Sequencer-Memory-V2.1/CAMOutputs/DrillFiles/drill_1_16.xln
YACCS-OLD/YACC1-2020 July 2021 backup/PCB/Working - Under Develolpment/Sequencer-Memory-V2.1/CAMOutputs/GerberFiles/Archive 2.zip	hardware/cards/sequencer-memory/eagle/v2.1/fab/CAMOutputs/GerberFiles/Archive 2.zip	archive/superseded-revisions/snapshot-2021-07/PCB/Working - Under Develolpment/Sequencer-Memory-V2.1/CAMOutputs/GerberFiles/Archive 2.zip
YACCS-OLD/YACC1-2020 July 2021 backup/PCB/Working - Under Develolpment/Sequencer-Memory-V2.1/CAMOutputs/GerberFiles/copper_bottom_l4.gbr	hardware/cards/sequencer-memory/eagle/v2.1/fab/CAMOutputs/GerberFiles/copper_bottom_l4.gbr	archive/superseded-revisions/snapshot-2021-07/PCB/Working - Under Develolpment/Sequencer-Memory-V2.1/CAMOutputs/GerberFiles/copper_bottom_l4.gbr
YACCS-OLD/YACC1-2020 July 2021 backup/PCB/Working - Under Develolpment/Sequencer-Memory-V2.1/CAMOutputs/GerberFiles/copper_inner_l2.gbr	hardware/cards/sequencer-memory/eagle/v2.1/fab/CAMOutputs/GerberFiles/copper_inner_l2.gbr	archive/superseded-revisions/snapshot-2021-07/PCB/Working - Under Develolpment/Sequencer-Memory-V2.1/CAMOutputs/GerberFiles/copper_inner_l2.gbr
YACCS-OLD/YACC1-2020 July 2021 backup/PCB/Working - Under Develolpment/Sequencer-Memory-V2.1/CAMOutputs/GerberFiles/copper_inner_l3.gbr	hardware/cards/sequencer-memory/eagle/v2.1/fab/CAMOutputs/GerberFiles/copper_inner_l3.gbr	archive/superseded-revisions/snapshot-2021-07/PCB/Working - Under Develolpment/Sequencer-Memory-V2.1/CAMOutputs/GerberFiles/copper_inner_l3.gbr
YACCS-OLD/YACC1-2020 July 2021 backup/PCB/Working - Under Develolpment/Sequencer-Memory-V2.1/CAMOutputs/GerberFiles/copper_top_l1.gbr	hardware/cards/sequencer-memory/eagle/v2.1/fab/CAMOutputs/GerberFiles/copper_top_l1.gbr	archive/superseded-revisions/snapshot-2021-07/PCB/Working - Under Develolpment/Sequencer-Memory-V2.1/CAMOutputs/GerberFiles/copper_top_l1.gbr
YACCS-OLD/YACC1-2020 July 2021 backup/PCB/Working - Under Develolpment/Sequencer-Memory-V2.1/CAMOutputs/GerberFiles/drill_1_16.xln	hardware/cards/sequencer-memory/eagle/v2.1/fab/CAMOutputs/DrillFiles/drill_1_16.xln	archive/superseded-revisions/snapshot-2021-07/PCB/Working - Under Develolpment/Sequencer-Memory-V2.1/CAMOutputs/GerberFiles/drill_1_16.xln
YACCS-OLD/YACC1-2020 July 2021 backup/PCB/Working - Under Develolpment/Sequencer-Memory-V2.1/CAMOutputs/GerberFiles/gerber_job.gbrjob	hardware/cards/sequencer-memory/eagle/v2.1/fab/CAMOutputs/GerberFiles/gerber_job.gbrjob	archive/superseded-revisions/snapshot-2021-07/PCB/Working - Under Develolpment/Sequencer-Memory-V2.1/CAMOutputs/GerberFiles/gerber_job.gbrjob
YACCS-OLD/YACC1-2020 July 2021 backup/PCB/Working - Under Develolpment/Sequencer-Memory-V2.1/CAMOutputs/GerberFiles/profile.gbr	hardware/cards/sequencer-memory/eagle/deprecated/v2.0/fab/CAMOutputs/GerberFiles/profile.gbr	archive/superseded-revisions/snapshot-2021-07/PCB/Working - Under Develolpment/Sequencer-Memory-V2.1/CAMOutputs/GerberFiles/profile.gbr
YACCS-OLD/YACC1-2020 July 2021 backup/PCB/Working - Under Develolpment/Sequencer-Memory-V2.1/CAMOutputs/GerberFiles/silkscreen_top.gbr	hardware/cards/sequencer-memory/eagle/v2.1/fab/CAMOutputs/GerberFiles/silkscreen_top.gbr	archive/superseded-revisions/snapshot-2021-07/PCB/Working - Under Develolpment/Sequencer-Memory-V2.1/CAMOutputs/GerberFiles/silkscreen_top.gbr
YACCS-OLD/YACC1-2020 July 2021 backup/PCB/Working - Under Develolpment/Sequencer-Memory-V2.1/CAMOutputs/GerberFiles/soldermask_bottom.gbr	hardware/cards/sequencer-memory/eagle/v2.1/fab/CAMOutputs/GerberFiles/soldermask_bottom.gbr	archive/superseded-revisions/snapshot-2021-07/PCB/Working - Under Develolpment/Sequencer-Memory-V2.1/CAMOutputs/GerberFiles/soldermask_bottom.gbr
YACCS-OLD/YACC1-2020 July 2021 backup/PCB/Working - Under Develolpment/Sequencer-Memory-V2.1/CAMOutputs/GerberFiles/soldermask_top.gbr	hardware/cards/sequencer-memory/eagle/v2.1/fab/CAMOutputs/GerberFiles/soldermask_top.gbr	archive/superseded-revisions/snapshot-2021-07/PCB/Working - Under Develolpment/Sequencer-Memory-V2.1/CAMOutputs/GerberFiles/soldermask_top.gbr
YACCS-OLD/YACC1-2020 July 2021 backup/PCB/Working - Under Develolpment/Sequencer-Memory-V2.1/Notes.rtf	hardware/cards/sequencer-memory/eagle/v2.1/Notes.rtf	archive/superseded-revisions/snapshot-2021-07/PCB/Working - Under Develolpment/Sequencer-Memory-V2.1/Notes.rtf
YACCS-OLD/YACC1-2020 July 2021 backup/PCB/Working - Under Develolpment/Sequencer-Memory-V2.1/Sequencer-Memory-V2.1.brd	hardware/cards/sequencer-memory/eagle/v2.1/Sequencer-Memory-V2.1.brd	archive/superseded-revisions/snapshot-2021-07/PCB/Working - Under Develolpment/Sequencer-Memory-V2.1/Sequencer-Memory-V2.1.brd
YACCS-OLD/YACC1-2020 July 2021 backup/PCB/Working - Under Develolpment/Sequencer-Memory-V2.1/Sequencer-Memory-V2.1.pro	hardware/cards/sequencer-memory/eagle/v2.1/Sequencer-Memory-V2.1.pro	archive/superseded-revisions/snapshot-2021-07/PCB/Working - Under Develolpment/Sequencer-Memory-V2.1/Sequencer-Memory-V2.1.pro
YACCS-OLD/YACC1-2020 July 2021 backup/PCB/Working - Under Develolpment/Sequencer-Memory-V2.1/Sequencer-Memory-V2.1.sch	hardware/cards/sequencer-memory/eagle/v2.1/Sequencer-Memory-V2.1.sch	archive/superseded-revisions/snapshot-2021-07/PCB/Working - Under Develolpment/Sequencer-Memory-V2.1/Sequencer-Memory-V2.1.sch
YACCS-OLD/YACC1-2020 July 2021 backup/PCB/Working - Under Develolpment/eeprom adaptor/eeprom adaptor.brd	hardware/cards/sequencer-memory/accessories/eeprom-adaptor/eeprom adaptor.brd	archive/superseded-revisions/snapshot-2021-07/PCB/Working - Under Develolpment/eeprom adaptor/eeprom adaptor.brd
YACCS-OLD/YACC1-2020 July 2021 backup/PCB/Working - Under Develolpment/eeprom adaptor/eeprom adaptor.pro	hardware/cards/sequencer-memory/accessories/eeprom-adaptor/eeprom adaptor.pro	archive/superseded-revisions/snapshot-2021-07/PCB/Working - Under Develolpment/eeprom adaptor/eeprom adaptor.pro
YACCS-OLD/YACC1-2020 July 2021 backup/PCB/Working - Under Develolpment/eeprom adaptor/eeprom adaptor.sch	hardware/cards/sequencer-memory/accessories/eeprom-adaptor/eeprom adaptor.sch	archive/superseded-revisions/snapshot-2021-07/PCB/Working - Under Develolpment/eeprom adaptor/eeprom adaptor.sch
YACCS-OLD/YACC1-2020 July 2021 backup/Photos & Videos/alu v3.2 solder.jpeg	media/alu v3.2 solder.jpeg	archive/superseded-revisions/snapshot-2021-07/Photos & Videos/alu v3.2 solder.jpeg
YACCS-OLD/YACC1-2020 July 2021 backup/Photos & Videos/alu v3.2 top.jpeg	media/alu v3.2 top.jpeg	archive/superseded-revisions/snapshot-2021-07/Photos & Videos/alu v3.2 top.jpeg
YACCS-OLD/YACC1-2020 July 2021 backup/Photos & Videos/bus v1.0 top.jpeg	media/bus v1.0 top.jpeg	archive/superseded-revisions/snapshot-2021-07/Photos & Videos/bus v1.0 top.jpeg
YACCS-OLD/YACC1-2020 July 2021 backup/Photos & Videos/bus v1.1 solder.jpeg	media/bus v1.1 solder.jpeg	archive/superseded-revisions/snapshot-2021-07/Photos & Videos/bus v1.1 solder.jpeg
YACCS-OLD/YACC1-2020 July 2021 backup/Photos & Videos/double bus.jpeg	media/double bus.jpeg	archive/superseded-revisions/snapshot-2021-07/Photos & Videos/double bus.jpeg
YACCS-OLD/YACC1-2020 July 2021 backup/Photos & Videos/index register v1.1 solder.jpeg	media/index register v1.1 solder.jpeg	archive/superseded-revisions/snapshot-2021-07/Photos & Videos/index register v1.1 solder.jpeg
YACCS-OLD/YACC1-2020 July 2021 backup/Photos & Videos/index register v1.1 top.jpeg	media/index register v1.1 top.jpeg	archive/superseded-revisions/snapshot-2021-07/Photos & Videos/index register v1.1 top.jpeg
YACCS-OLD/YACC1-2020 July 2021 backup/Photos & Videos/io v1.1 bottom.jpeg	media/io v1.1 bottom.jpeg	archive/superseded-revisions/snapshot-2021-07/Photos & Videos/io v1.1 bottom.jpeg
YACCS-OLD/YACC1-2020 July 2021 backup/Photos & Videos/io v1.1 top.jpeg	media/io v1.1 top.jpeg	archive/superseded-revisions/snapshot-2021-07/Photos & Videos/io v1.1 top.jpeg
YACCS-OLD/YACC1-2020 July 2021 backup/Photos & Videos/memory v1.2 solder.jpeg	media/memory v1.2 solder.jpeg	archive/superseded-revisions/snapshot-2021-07/Photos & Videos/memory v1.2 solder.jpeg
YACCS-OLD/YACC1-2020 July 2021 backup/Photos & Videos/memory v1.2 top.jpeg	media/memory v1.2 top.jpeg	archive/superseded-revisions/snapshot-2021-07/Photos & Videos/memory v1.2 top.jpeg
YACCS-OLD/YACC1-2020 July 2021 backup/Photos & Videos/sequencer logic v2.1 solder.jpeg	media/sequencer logic v2.1 solder.jpeg	archive/superseded-revisions/snapshot-2021-07/Photos & Videos/sequencer logic v2.1 solder.jpeg
YACCS-OLD/YACC1-2020 July 2021 backup/Photos & Videos/sequencer logic v2.1 top.jpeg	media/sequencer logic v2.1 top.jpeg	archive/superseded-revisions/snapshot-2021-07/Photos & Videos/sequencer logic v2.1 top.jpeg
YACCS-OLD/YACC1-2020 July 2021 backup/Photos & Videos/sequencer memory v2.1 solder 10.46.19 AM.jpeg	media/sequencer memory v2.1 solder.jpeg	archive/superseded-revisions/snapshot-2021-07/Photos & Videos/sequencer memory v2.1 solder 10.46.19 AM.jpeg
YACCS-OLD/YACC1-2020 July 2021 backup/Photos & Videos/sequencer memory v2.1 top.jpeg	media/sequencer memory v2.1 top.jpeg	archive/superseded-revisions/snapshot-2021-07/Photos & Videos/sequencer memory v2.1 top.jpeg
YACCS-OLD/YACC1-2020 July 2021 backup/Photos & Videos/sequencer top 10.46.24 AM.jpeg	media/sequencer top.jpeg	archive/superseded-revisions/snapshot-2021-07/Photos & Videos/sequencer top 10.46.24 AM.jpeg
YACCS-OLD/YACC1-2020 July 2021 backup/Photos & Videos/system1.jpeg	media/system1.jpeg	archive/superseded-revisions/snapshot-2021-07/Photos & Videos/system1.jpeg
YACCS-OLD/YACC1-2020 July 2021 backup/Photos & Videos/test board v1.1 solder.jpeg	media/test board v1.1 solder.jpeg	archive/superseded-revisions/snapshot-2021-07/Photos & Videos/test board v1.1 solder.jpeg
YACCS-OLD/YACC1-2020 July 2021 backup/Photos & Videos/test board v1.1 top.jpeg	media/test board v1.1 top.jpeg	archive/superseded-revisions/snapshot-2021-07/Photos & Videos/test board v1.1 top.jpeg
YACCS-OLD/YACC1-2020 July 2021 backup/Presentations/yacc1.pptx	docs/history/presentations/yacc1.pptx	archive/superseded-revisions/snapshot-2021-07/Presentations/yacc1.pptx
YACCS-OLD/YACC1-2020 July 2021 backup/Software/Assembler/asmcmds.c	archive/superseded-revisions/software-old-obsolete/Assembler-old/asmcmds.c	archive/superseded-revisions/snapshot-2021-07/Software/Assembler/asmcmds.c
YACCS-OLD/YACC1-2020 July 2021 backup/Software/Assembler/basic.asmtmp copy	firmware/basic/candidates/2020-11-10-port-draft/basic.asmtmp copy	archive/superseded-revisions/snapshot-2021-07/Software/Assembler/basic.asmtmp copy
YACCS-OLD/YACC1-2020 July 2021 backup/Software/Assembler/mstrings.c	archive/superseded-revisions/software-old-obsolete/Assembler-old/mstrings.c	archive/superseded-revisions/snapshot-2021-07/Software/Assembler/mstrings.c
YACCS-OLD/YACC1-2020 July 2021 backup/Software/Assembler/mstrings.h	software/assembler/upstream/rcasm-2.2/mstrings.h	archive/superseded-revisions/snapshot-2021-07/Software/Assembler/mstrings.h
YACCS-OLD/YACC1-2020 July 2021 backup/Software/Assembler/old/a18-xcode/a18.xcodeproj/project.pbxproj	archive/third-party/a18-cug149-xcode/a18.xcodeproj/project.pbxproj	archive/superseded-revisions/snapshot-2021-07/Software/Assembler/old/a18-xcode/a18.xcodeproj/project.pbxproj
YACCS-OLD/YACC1-2020 July 2021 backup/Software/Assembler/old/a18-xcode/a18.xcodeproj/project.xcworkspace/contents.xcworkspacedata	archive/third-party/a18-cug149-xcode/a18.xcodeproj/project.xcworkspace/contents.xcworkspacedata	archive/superseded-revisions/snapshot-2021-07/Software/Assembler/old/a18-xcode/a18.xcodeproj/project.xcworkspace/contents.xcworkspacedata
YACCS-OLD/YACC1-2020 July 2021 backup/Software/Assembler/old/a18-xcode/a18.xcodeproj/project.xcworkspace/xcuserdata/ken.xcuserdatad/UserInterfaceState.xcuserstate	archive/third-party/a18-cug149-xcode/a18.xcodeproj/project.xcworkspace/xcuserdata/ken.xcuserdatad/UserInterfaceState.xcuserstate	archive/superseded-revisions/snapshot-2021-07/Software/Assembler/old/a18-xcode/a18.xcodeproj/project.xcworkspace/xcuserdata/ken.xcuserdatad/UserInterfaceState.xcuserstate
YACCS-OLD/YACC1-2020 July 2021 backup/Software/Assembler/old/a18-xcode/a18.xcodeproj/xcuserdata/ken.xcuserdatad/xcdebugger/Breakpoints_v2.xcbkptlist	archive/third-party/a18-cug149-xcode/a18.xcodeproj/xcuserdata/ken.xcuserdatad/xcdebugger/Breakpoints_v2.xcbkptlist	archive/superseded-revisions/snapshot-2021-07/Software/Assembler/old/a18-xcode/a18.xcodeproj/xcuserdata/ken.xcuserdatad/xcdebugger/Breakpoints_v2.xcbkptlist
YACCS-OLD/YACC1-2020 July 2021 backup/Software/Assembler/old/a18-xcode/a18.xcodeproj/xcuserdata/ken.xcuserdatad/xcschemes/a18.xcscheme	archive/third-party/a18-cug149-xcode/a18.xcodeproj/xcuserdata/ken.xcuserdatad/xcschemes/a18.xcscheme	archive/superseded-revisions/snapshot-2021-07/Software/Assembler/old/a18-xcode/a18.xcodeproj/xcuserdata/ken.xcuserdatad/xcschemes/a18.xcscheme
YACCS-OLD/YACC1-2020 July 2021 backup/Software/Assembler/old/a18-xcode/a18.xcodeproj/xcuserdata/ken.xcuserdatad/xcschemes/xcschememanagement.plist	archive/third-party/a18-cug149-xcode/a18.xcodeproj/xcuserdata/ken.xcuserdatad/xcschemes/xcschememanagement.plist	archive/superseded-revisions/snapshot-2021-07/Software/Assembler/old/a18-xcode/a18.xcodeproj/xcuserdata/ken.xcuserdatad/xcschemes/xcschememanagement.plist
YACCS-OLD/YACC1-2020 July 2021 backup/Software/Assembler/old/a18-xcode/a18/asm.c	archive/third-party/a18-cug149-xcode/a18/asm.c	archive/superseded-revisions/snapshot-2021-07/Software/Assembler/old/a18-xcode/a18/asm.c
YACCS-OLD/YACC1-2020 July 2021 backup/Software/Assembler/old/a18-xcode/a18/asmcmds.c	archive/superseded-revisions/software-old-obsolete/Assembler-old/asmcmds.c	archive/superseded-revisions/snapshot-2021-07/Software/Assembler/old/a18-xcode/a18/asmcmds.c
YACCS-OLD/YACC1-2020 July 2021 backup/Software/Assembler/old/a18-xcode/a18/header.h	archive/superseded-revisions/software-old-obsolete/Assembler-old/header.h	archive/superseded-revisions/snapshot-2021-07/Software/Assembler/old/a18-xcode/a18/header.h
YACCS-OLD/YACC1-2020 July 2021 backup/Software/Assembler/old/a18-xcode/a18/mstrings.c	archive/superseded-revisions/software-old-obsolete/Assembler-old/mstrings.c	archive/superseded-revisions/snapshot-2021-07/Software/Assembler/old/a18-xcode/a18/mstrings.c
YACCS-OLD/YACC1-2020 July 2021 backup/Software/Assembler/old/a18-xcode/a18/mstrings.h	software/assembler/upstream/rcasm-2.2/mstrings.h	archive/superseded-revisions/snapshot-2021-07/Software/Assembler/old/a18-xcode/a18/mstrings.h
YACCS-OLD/YACC1-2020 July 2021 backup/Software/Assembler/old/a18-xcode/a18/support.c	archive/superseded-revisions/software-old-obsolete/Assembler-old/support.c	archive/superseded-revisions/snapshot-2021-07/Software/Assembler/old/a18-xcode/a18/support.c
YACCS-OLD/YACC1-2020 July 2021 backup/Software/Assembler/old/a18/1802reg.asm	archive/third-party/a18-cug149/1802reg.asm	archive/superseded-revisions/snapshot-2021-07/Software/Assembler/old/a18/1802reg.asm
YACCS-OLD/YACC1-2020 July 2021 backup/Software/Assembler/old/a18/A18_2014.DOC	archive/third-party/a18-cug149/A18_2014.DOC	archive/superseded-revisions/snapshot-2021-07/Software/Assembler/old/a18/A18_2014.DOC
YACCS-OLD/YACC1-2020 July 2021 backup/Software/Assembler/old/a18/A18_DOS.EXE	archive/third-party/a18-cug149/A18_DOS.EXE	archive/superseded-revisions/snapshot-2021-07/Software/Assembler/old/a18/A18_DOS.EXE
YACCS-OLD/YACC1-2020 July 2021 backup/Software/Assembler/old/a18/READ.ME	archive/third-party/a18-cug149/READ.ME	archive/superseded-revisions/snapshot-2021-07/Software/Assembler/old/a18/READ.ME
YACCS-OLD/YACC1-2020 July 2021 backup/Software/Assembler/old/a18/TEST18.ASM	archive/third-party/a18-cug149/TEST18.ASM	archive/superseded-revisions/snapshot-2021-07/Software/Assembler/old/a18/TEST18.ASM
YACCS-OLD/YACC1-2020 July 2021 backup/Software/Assembler/old/a18/a18.c	archive/third-party/a18-cug149/a18.c	archive/superseded-revisions/snapshot-2021-07/Software/Assembler/old/a18/a18.c
YACCS-OLD/YACC1-2020 July 2021 backup/Software/Assembler/old/a18/a18.h	archive/third-party/a18-cug149/a18.h	archive/superseded-revisions/snapshot-2021-07/Software/Assembler/old/a18/a18.h
YACCS-OLD/YACC1-2020 July 2021 backup/Software/Assembler/old/a18/a18/main.c	archive/third-party/a18-cug149/a18/main.c	archive/superseded-revisions/snapshot-2021-07/Software/Assembler/old/a18/a18/main.c
YACCS-OLD/YACC1-2020 July 2021 backup/Software/Assembler/old/a18/a18/nbproject/Makefile-Debug.mk	archive/third-party/a18-cug149/a18/nbproject/Makefile-Debug.mk	archive/superseded-revisions/snapshot-2021-07/Software/Assembler/old/a18/a18/nbproject/Makefile-Debug.mk
YACCS-OLD/YACC1-2020 July 2021 backup/Software/Assembler/old/a18/a18/nbproject/Makefile-Release.mk	archive/third-party/a18-cug149/a18/nbproject/Makefile-Release.mk	archive/superseded-revisions/snapshot-2021-07/Software/Assembler/old/a18/a18/nbproject/Makefile-Release.mk
YACCS-OLD/YACC1-2020 July 2021 backup/Software/Assembler/old/a18/a18/nbproject/Makefile-impl.mk	archive/third-party/a18-cug149/a18/nbproject/Makefile-impl.mk	archive/superseded-revisions/snapshot-2021-07/Software/Assembler/old/a18/a18/nbproject/Makefile-impl.mk
YACCS-OLD/YACC1-2020 July 2021 backup/Software/Assembler/old/a18/a18/nbproject/Makefile-variables.mk	archive/third-party/a18-cug149/a18/nbproject/Makefile-variables.mk	archive/superseded-revisions/snapshot-2021-07/Software/Assembler/old/a18/a18/nbproject/Makefile-variables.mk
YACCS-OLD/YACC1-2020 July 2021 backup/Software/Assembler/old/a18/a18/nbproject/Package-Debug.bash	archive/third-party/a18-cug149/a18/nbproject/Package-Debug.bash	archive/superseded-revisions/snapshot-2021-07/Software/Assembler/old/a18/a18/nbproject/Package-Debug.bash
YACCS-OLD/YACC1-2020 July 2021 backup/Software/Assembler/old/a18/a18/nbproject/Package-Release.bash	archive/third-party/a18-cug149/a18/nbproject/Package-Release.bash	archive/superseded-revisions/snapshot-2021-07/Software/Assembler/old/a18/a18/nbproject/Package-Release.bash
YACCS-OLD/YACC1-2020 July 2021 backup/Software/Assembler/old/a18/a18/nbproject/configurations.xml	archive/third-party/a18-cug149/a18/nbproject/configurations.xml	archive/superseded-revisions/snapshot-2021-07/Software/Assembler/old/a18/a18/nbproject/configurations.xml
YACCS-OLD/YACC1-2020 July 2021 backup/Software/Assembler/old/a18/a18/nbproject/project.xml	archive/third-party/a18-cug149/a18/nbproject/project.xml	archive/superseded-revisions/snapshot-2021-07/Software/Assembler/old/a18/a18/nbproject/project.xml
YACCS-OLD/YACC1-2020 July 2021 backup/Software/Assembler/old/a18/a18/newfile.h	archive/third-party/a18-cug149/a18/newfile.h	archive/superseded-revisions/snapshot-2021-07/Software/Assembler/old/a18/a18/newfile.h
YACCS-OLD/YACC1-2020 July 2021 backup/Software/Assembler/old/a18/a18/utils.c	archive/third-party/a18-cug149/a18/utils.c	archive/superseded-revisions/snapshot-2021-07/Software/Assembler/old/a18/a18/utils.c
YACCS-OLD/YACC1-2020 July 2021 backup/Software/Assembler/old/a18/a18_win.exe	archive/third-party/a18-cug149/a18_win.exe	archive/superseded-revisions/snapshot-2021-07/Software/Assembler/old/a18/a18_win.exe
YACCS-OLD/YACC1-2020 July 2021 backup/Software/Assembler/old/a18/a18eval.c	archive/third-party/a18-cug149/a18eval.c	archive/superseded-revisions/snapshot-2021-07/Software/Assembler/old/a18/a18eval.c
YACCS-OLD/YACC1-2020 July 2021 backup/Software/Assembler/old/a18/a18octal.txt	archive/third-party/a18-cug149/a18octal.txt	archive/superseded-revisions/snapshot-2021-07/Software/Assembler/old/a18/a18octal.txt
YACCS-OLD/YACC1-2020 July 2021 backup/Software/Assembler/old/a18/a18sum.txt	archive/third-party/a18-cug149/a18sum.txt	archive/superseded-revisions/snapshot-2021-07/Software/Assembler/old/a18/a18sum.txt
YACCS-OLD/YACC1-2020 July 2021 backup/Software/Assembler/old/a18/a18util.c	archive/third-party/a18-cug149/a18util.c	archive/superseded-revisions/snapshot-2021-07/Software/Assembler/old/a18/a18util.c
YACCS-OLD/YACC1-2020 July 2021 backup/Software/Assembler/old/a18/test18.hex	archive/third-party/a18-cug149/test18.hex	archive/superseded-revisions/snapshot-2021-07/Software/Assembler/old/a18/test18.hex
YACCS-OLD/YACC1-2020 July 2021 backup/Software/Assembler/old/a18/test18.prn	archive/third-party/a18-cug149/test18.prn	archive/superseded-revisions/snapshot-2021-07/Software/Assembler/old/a18/test18.prn
YACCS-OLD/YACC1-2020 July 2021 backup/Software/Assembler/old/rcasm-old/1805.def	software/assembler/upstream/rcasm-2.2/1805.def	archive/superseded-revisions/snapshot-2021-07/Software/Assembler/old/rcasm-old/1805.def
YACCS-OLD/YACC1-2020 July 2021 backup/Software/Assembler/old/rcasm-old/8080.asm	software/assembler/upstream/rcasm-2.2/8080.asm	archive/superseded-revisions/snapshot-2021-07/Software/Assembler/old/rcasm-old/8080.asm
YACCS-OLD/YACC1-2020 July 2021 backup/Software/Assembler/old/rcasm-old/8080.def	archive/superseded-revisions/assembler-port-2020/rcasm-old/8080.def	archive/superseded-revisions/snapshot-2021-07/Software/Assembler/old/rcasm-old/8080.def
YACCS-OLD/YACC1-2020 July 2021 backup/Software/Assembler/old/rcasm-old/8080.img	archive/superseded-revisions/assembler-port-2020/rcasm-old/8080.img	archive/superseded-revisions/snapshot-2021-07/Software/Assembler/old/rcasm-old/8080.img
YACCS-OLD/YACC1-2020 July 2021 backup/Software/Assembler/old/rcasm-old/abc	archive/superseded-revisions/assembler-port-2020/rcasm-old/abc	archive/superseded-revisions/snapshot-2021-07/Software/Assembler/old/rcasm-old/abc
YACCS-OLD/YACC1-2020 July 2021 backup/Software/Assembler/old/rcasm-old/rcasm.rc	archive/superseded-revisions/assembler-port-2020/rcasm-old/rcasm.rc	archive/superseded-revisions/snapshot-2021-07/Software/Assembler/old/rcasm-old/rcasm.rc
YACCS-OLD/YACC1-2020 July 2021 backup/Software/Assembler/old/rcasm-old/temp.asm	archive/superseded-revisions/assembler-port-2020/rcasm-old/temp.asm	archive/superseded-revisions/snapshot-2021-07/Software/Assembler/old/rcasm-old/temp.asm
YACCS-OLD/YACC1-2020 July 2021 backup/Software/Assembler/old/rcasm-old/temp.img	archive/superseded-revisions/assembler-port-2020/rcasm-old/temp.img	archive/superseded-revisions/snapshot-2021-07/Software/Assembler/old/rcasm-old/temp.img
YACCS-OLD/YACC1-2020 July 2021 backup/Software/Assembler/old/rcasm-old/test18.asm	archive/superseded-revisions/assembler-port-2020/rcasm-old/test18.asm	archive/superseded-revisions/snapshot-2021-07/Software/Assembler/old/rcasm-old/test18.asm
YACCS-OLD/YACC1-2020 July 2021 backup/Software/Assembler/old/rcasm-old/test18.img	archive/superseded-revisions/assembler-port-2020/rcasm-old/test18.img	archive/superseded-revisions/snapshot-2021-07/Software/Assembler/old/rcasm-old/test18.img
YACCS-OLD/YACC1-2020 July 2021 backup/Software/Assembler/old/rcasm-old/tmp.lst	archive/superseded-revisions/assembler-port-2020/rcasm-old/tmp.lst	archive/superseded-revisions/snapshot-2021-07/Software/Assembler/old/rcasm-old/tmp.lst
YACCS-OLD/YACC1-2020 July 2021 backup/Software/Assembler/old/rcasm-old/yacc1.def	archive/superseded-revisions/assembler-port-2020/rcasm-old/yacc1.def	archive/superseded-revisions/snapshot-2021-07/Software/Assembler/old/rcasm-old/yacc1.def
YACCS-OLD/YACC1-2020 July 2021 backup/Software/Assembler/old/rcasm-old/yacc1test.asm	archive/superseded-revisions/assembler-port-2020/rcasm-old/yacc1test.asm	archive/superseded-revisions/snapshot-2021-07/Software/Assembler/old/rcasm-old/yacc1test.asm
YACCS-OLD/YACC1-2020 July 2021 backup/Software/Assembler/old/rcasm-old/yacc1test.img	archive/superseded-revisions/assembler-port-2020/rcasm-old/yacc1test.img	archive/superseded-revisions/snapshot-2021-07/Software/Assembler/old/rcasm-old/yacc1test.img
YACCS-OLD/YACC1-2020 July 2021 backup/Software/Assembler/old/rcasm-orig/1802.def	software/assembler/upstream/rcasm-2.2/1802.def	archive/superseded-revisions/snapshot-2021-07/Software/Assembler/old/rcasm-orig/1802.def
YACCS-OLD/YACC1-2020 July 2021 backup/Software/Assembler/old/rcasm-orig/1802.txt	software/assembler/upstream/rcasm-2.2/1802.txt	archive/superseded-revisions/snapshot-2021-07/Software/Assembler/old/rcasm-orig/1802.txt
YACCS-OLD/YACC1-2020 July 2021 backup/Software/Assembler/old/rcasm-orig/1805.def	software/assembler/upstream/rcasm-2.2/1805.def	archive/superseded-revisions/snapshot-2021-07/Software/Assembler/old/rcasm-orig/1805.def
YACCS-OLD/YACC1-2020 July 2021 backup/Software/Assembler/old/rcasm-orig/4004.def	software/assembler/upstream/rcasm-2.2/4004.def	archive/superseded-revisions/snapshot-2021-07/Software/Assembler/old/rcasm-orig/4004.def
YACCS-OLD/YACC1-2020 July 2021 backup/Software/Assembler/old/rcasm-orig/6502.asm	software/assembler/upstream/rcasm-2.2/6502.asm	archive/superseded-revisions/snapshot-2021-07/Software/Assembler/old/rcasm-orig/6502.asm
YACCS-OLD/YACC1-2020 July 2021 backup/Software/Assembler/old/rcasm-orig/6502.def	software/assembler/upstream/rcasm-2.2/6502.def	archive/superseded-revisions/snapshot-2021-07/Software/Assembler/old/rcasm-orig/6502.def
YACCS-OLD/YACC1-2020 July 2021 backup/Software/Assembler/old/rcasm-orig/8080.asm	software/assembler/upstream/rcasm-2.2/8080.asm	archive/superseded-revisions/snapshot-2021-07/Software/Assembler/old/rcasm-orig/8080.asm
YACCS-OLD/YACC1-2020 July 2021 backup/Software/Assembler/old/rcasm-orig/8080.def	software/assembler/upstream/rcasm-2.2/8080.def	archive/superseded-revisions/snapshot-2021-07/Software/Assembler/old/rcasm-orig/8080.def
YACCS-OLD/YACC1-2020 July 2021 backup/Software/Assembler/old/rcasm-orig/8080.lst	software/assembler/upstream/rcasm-2.2/8080.lst	archive/superseded-revisions/snapshot-2021-07/Software/Assembler/old/rcasm-orig/8080.lst
YACCS-OLD/YACC1-2020 July 2021 backup/Software/Assembler/old/rcasm-orig/8080.txt	software/assembler/upstream/rcasm-2.2/8080.txt	archive/superseded-revisions/snapshot-2021-07/Software/Assembler/old/rcasm-orig/8080.txt
YACCS-OLD/YACC1-2020 July 2021 backup/Software/Assembler/old/rcasm-orig/Makefile	software/assembler/upstream/rcasm-2.2/Makefile	archive/superseded-revisions/snapshot-2021-07/Software/Assembler/old/rcasm-orig/Makefile
YACCS-OLD/YACC1-2020 July 2021 backup/Software/Assembler/old/rcasm-orig/asm.c	software/assembler/upstream/rcasm-2.2/asm.c	archive/superseded-revisions/snapshot-2021-07/Software/Assembler/old/rcasm-orig/asm.c
YACCS-OLD/YACC1-2020 July 2021 backup/Software/Assembler/old/rcasm-orig/asmcmds.c	software/assembler/upstream/rcasm-2.2/asmcmds.c	archive/superseded-revisions/snapshot-2021-07/Software/Assembler/old/rcasm-orig/asmcmds.c
YACCS-OLD/YACC1-2020 July 2021 backup/Software/Assembler/old/rcasm-orig/blank.txt	software/assembler/upstream/rcasm-2.2/blank.txt	archive/superseded-revisions/snapshot-2021-07/Software/Assembler/old/rcasm-orig/blank.txt
YACCS-OLD/YACC1-2020 July 2021 backup/Software/Assembler/old/rcasm-orig/chip8.def	software/assembler/upstream/rcasm-2.2/chip8.def	archive/superseded-revisions/snapshot-2021-07/Software/Assembler/old/rcasm-orig/chip8.def
YACCS-OLD/YACC1-2020 July 2021 backup/Software/Assembler/old/rcasm-orig/header.h	software/assembler/upstream/rcasm-2.2/header.h	archive/superseded-revisions/snapshot-2021-07/Software/Assembler/old/rcasm-orig/header.h
YACCS-OLD/YACC1-2020 July 2021 backup/Software/Assembler/old/rcasm-orig/makeswitch.c	software/assembler/upstream/rcasm-2.2/makeswitch.c	archive/superseded-revisions/snapshot-2021-07/Software/Assembler/old/rcasm-orig/makeswitch.c
YACCS-OLD/YACC1-2020 July 2021 backup/Software/Assembler/old/rcasm-orig/mk	software/assembler/upstream/rcasm-2.2/mk	archive/superseded-revisions/snapshot-2021-07/Software/Assembler/old/rcasm-orig/mk
YACCS-OLD/YACC1-2020 July 2021 backup/Software/Assembler/old/rcasm-orig/mstrings.c	software/assembler/upstream/rcasm-2.2/mstrings.c	archive/superseded-revisions/snapshot-2021-07/Software/Assembler/old/rcasm-orig/mstrings.c
YACCS-OLD/YACC1-2020 July 2021 backup/Software/Assembler/old/rcasm-orig/mstrings.h	software/assembler/upstream/rcasm-2.2/mstrings.h	archive/superseded-revisions/snapshot-2021-07/Software/Assembler/old/rcasm-orig/mstrings.h
YACCS-OLD/YACC1-2020 July 2021 backup/Software/Assembler/old/rcasm-orig/pic24c5xx.def	software/assembler/upstream/rcasm-2.2/pic24c5xx.def	archive/superseded-revisions/snapshot-2021-07/Software/Assembler/old/rcasm-orig/pic24c5xx.def
YACCS-OLD/YACC1-2020 July 2021 backup/Software/Assembler/old/rcasm-orig/rcasm	software/assembler/upstream/rcasm-2.2/rcasm	archive/superseded-revisions/snapshot-2021-07/Software/Assembler/old/rcasm-orig/rcasm
YACCS-OLD/YACC1-2020 July 2021 backup/Software/Assembler/old/rcasm-orig/rcasm.rc	software/assembler/upstream/rcasm-2.2/rcasm.rc	archive/superseded-revisions/snapshot-2021-07/Software/Assembler/old/rcasm-orig/rcasm.rc
YACCS-OLD/YACC1-2020 July 2021 backup/Software/Assembler/old/rcasm-orig/rclink	software/assembler/upstream/rcasm-2.2/rclink	archive/superseded-revisions/snapshot-2021-07/Software/Assembler/old/rcasm-orig/rclink
YACCS-OLD/YACC1-2020 July 2021 backup/Software/Assembler/old/rcasm-orig/rclink.c	software/assembler/upstream/rcasm-2.2/rclink.c	archive/superseded-revisions/snapshot-2021-07/Software/Assembler/old/rcasm-orig/rclink.c
YACCS-OLD/YACC1-2020 July 2021 backup/Software/Assembler/old/rcasm-orig/support.c	software/assembler/upstream/rcasm-2.2/support.c	archive/superseded-revisions/snapshot-2021-07/Software/Assembler/old/rcasm-orig/support.c
YACCS-OLD/YACC1-2020 July 2021 backup/Software/Assembler/old/rcasm-orig/switchtable	software/assembler/upstream/rcasm-2.2/switchtable	archive/superseded-revisions/snapshot-2021-07/Software/Assembler/old/rcasm-orig/switchtable
YACCS-OLD/YACC1-2020 July 2021 backup/Software/Assembler/old/rcasm-orig/test.asm	software/assembler/upstream/rcasm-2.2/test.asm	archive/superseded-revisions/snapshot-2021-07/Software/Assembler/old/rcasm-orig/test.asm
YACCS-OLD/YACC1-2020 July 2021 backup/Software/Assembler/old/rcasm-orig/z8.def	software/assembler/upstream/rcasm-2.2/z8.def	archive/superseded-revisions/snapshot-2021-07/Software/Assembler/old/rcasm-orig/z8.def
YACCS-OLD/YACC1-2020 July 2021 backup/Software/Assembler/old/rcasm-orig/z80.def	software/assembler/upstream/rcasm-2.2/z80.def	archive/superseded-revisions/snapshot-2021-07/Software/Assembler/old/rcasm-orig/z80.def
YACCS-OLD/YACC1-2020 July 2021 backup/Software/Assembler/old/rcasm/1805.def	software/assembler/upstream/rcasm-2.2/1805.def	archive/superseded-revisions/snapshot-2021-07/Software/Assembler/old/rcasm/1805.def
YACCS-OLD/YACC1-2020 July 2021 backup/Software/Assembler/old/rcasm/8080.asm	software/assembler/upstream/rcasm-2.2/8080.asm	archive/superseded-revisions/snapshot-2021-07/Software/Assembler/old/rcasm/8080.asm
YACCS-OLD/YACC1-2020 July 2021 backup/Software/Assembler/old/rcasm/8080.def	archive/superseded-revisions/assembler-port-2020/rcasm-old/8080.def	archive/superseded-revisions/snapshot-2021-07/Software/Assembler/old/rcasm/8080.def
YACCS-OLD/YACC1-2020 July 2021 backup/Software/Assembler/old/rcasm/abc	archive/superseded-revisions/assembler-port-2020/rcasm-old/abc	archive/superseded-revisions/snapshot-2021-07/Software/Assembler/old/rcasm/abc
YACCS-OLD/YACC1-2020 July 2021 backup/Software/Assembler/old/rcasm/rcasm.rc	archive/superseded-revisions/assembler-port-2020/rcasm-old/rcasm.rc	archive/superseded-revisions/snapshot-2021-07/Software/Assembler/old/rcasm/rcasm.rc
YACCS-OLD/YACC1-2020 July 2021 backup/Software/Assembler/old/rcasm/temp.asm	archive/superseded-revisions/assembler-port-2020/rcasm-old/temp.asm	archive/superseded-revisions/snapshot-2021-07/Software/Assembler/old/rcasm/temp.asm
YACCS-OLD/YACC1-2020 July 2021 backup/Software/Assembler/old/rcasm/temp.img	archive/superseded-revisions/assembler-port-2020/rcasm-old/temp.img	archive/superseded-revisions/snapshot-2021-07/Software/Assembler/old/rcasm/temp.img
YACCS-OLD/YACC1-2020 July 2021 backup/Software/Assembler/old/rcasm/test18.asm	archive/superseded-revisions/assembler-port-2020/rcasm-old/test18.asm	archive/superseded-revisions/snapshot-2021-07/Software/Assembler/old/rcasm/test18.asm
YACCS-OLD/YACC1-2020 July 2021 backup/Software/Assembler/old/rcasm/test18.img	archive/superseded-revisions/assembler-port-2020/rcasm-old/test18.img	archive/superseded-revisions/snapshot-2021-07/Software/Assembler/old/rcasm/test18.img
YACCS-OLD/YACC1-2020 July 2021 backup/Software/Assembler/old/rcasm/yacc1.def	archive/superseded-revisions/assembler-port-2020/rcasm/yacc1.def	archive/superseded-revisions/snapshot-2021-07/Software/Assembler/old/rcasm/yacc1.def
YACCS-OLD/YACC1-2020 July 2021 backup/Software/Assembler/old/rcasm/yacc1test.asm	tests/assembler/history-2020/yacc1testorig.asm	archive/superseded-revisions/snapshot-2021-07/Software/Assembler/old/rcasm/yacc1test.asm
YACCS-OLD/YACC1-2020 July 2021 backup/Software/Assembler/old/rcasm/yacc1test.img	archive/superseded-revisions/assembler-port-2020/rcasm/yacc1test.img	archive/superseded-revisions/snapshot-2021-07/Software/Assembler/old/rcasm/yacc1test.img
YACCS-OLD/YACC1-2020 July 2021 backup/Software/Assembler/old/rcasm/yacc1test.prg	archive/superseded-revisions/assembler-port-2020/rcasm/yacc1test.prg	archive/superseded-revisions/snapshot-2021-07/Software/Assembler/old/rcasm/yacc1test.prg
YACCS-OLD/YACC1-2020 July 2021 backup/Software/Assembler/old/yacc1test copy 2.asm	tests/assembler/history-2020/yacc1test copy 2.asm	archive/superseded-revisions/snapshot-2021-07/Software/Assembler/old/yacc1test copy 2.asm
YACCS-OLD/YACC1-2020 July 2021 backup/Software/Assembler/old/yacc1test copy 2.asm.prepushpop.asm	tests/assembler/history-2020/yacc1test copy 2.asm.prepushpop.asm	archive/superseded-revisions/snapshot-2021-07/Software/Assembler/old/yacc1test copy 2.asm.prepushpop.asm
YACCS-OLD/YACC1-2020 July 2021 backup/Software/Assembler/old/yacc1test copy.asm	tests/assembler/history-2020/yacc1test copy.asm	archive/superseded-revisions/snapshot-2021-07/Software/Assembler/old/yacc1test copy.asm
YACCS-OLD/YACC1-2020 July 2021 backup/Software/Assembler/old/yacc1test.asm serial out jsr.asm	tests/assembler/history-2020/yacc1test.asm serial out jsr.asm	archive/superseded-revisions/snapshot-2021-07/Software/Assembler/old/yacc1test.asm serial out jsr.asm
YACCS-OLD/YACC1-2020 July 2021 backup/Software/Assembler/old/yacc1test.asm.basic jsr test.asm	tests/assembler/history-2020/yacc1test.asm.basic jsr test.asm	archive/superseded-revisions/snapshot-2021-07/Software/Assembler/old/yacc1test.asm.basic jsr test.asm
YACCS-OLD/YACC1-2020 July 2021 backup/Software/Assembler/old/yacc1test.asm.basic serial no mem.asm	tests/assembler/history-2020/yacc1test.asm.basic serial no mem.asm	archive/superseded-revisions/snapshot-2021-07/Software/Assembler/old/yacc1test.asm.basic serial no mem.asm
YACCS-OLD/YACC1-2020 July 2021 backup/Software/Assembler/old/yacc1test.asm.basicio.asm	tests/assembler/history-2020/yacc1test.asm.basicio.asm	archive/superseded-revisions/snapshot-2021-07/Software/Assembler/old/yacc1test.asm.basicio.asm
YACCS-OLD/YACC1-2020 July 2021 backup/Software/Assembler/old/yacc1test.asm.major test.asm	tests/assembler/history-2020/yacc1test.asm.major test.asm	archive/superseded-revisions/snapshot-2021-07/Software/Assembler/old/yacc1test.asm.major test.asm
YACCS-OLD/YACC1-2020 July 2021 backup/Software/Assembler/old/yacc1test.asm.ok.asm	tests/assembler/history-2020/yacc1test.asm.ok.asm	archive/superseded-revisions/snapshot-2021-07/Software/Assembler/old/yacc1test.asm.ok.asm
YACCS-OLD/YACC1-2020 July 2021 backup/Software/Assembler/old/yacc1test.asm.quich ring shift teset.asm	tests/assembler/history-2020/yacc1test.asm.quich ring shift teset.asm	archive/superseded-revisions/snapshot-2021-07/Software/Assembler/old/yacc1test.asm.quich ring shift teset.asm
YACCS-OLD/YACC1-2020 July 2021 backup/Software/Assembler/old/yacc1test.asm.serial from rom.asm	tests/assembler/history-2020/yacc1test.asm.serial from rom.asm	archive/superseded-revisions/snapshot-2021-07/Software/Assembler/old/yacc1test.asm.serial from rom.asm
YACCS-OLD/YACC1-2020 July 2021 backup/Software/Assembler/old/yacc1test.asm.with ram.asm	tests/assembler/history-2020/yacc1test.asm.with ram.asm	archive/superseded-revisions/snapshot-2021-07/Software/Assembler/old/yacc1test.asm.with ram.asm
YACCS-OLD/YACC1-2020 July 2021 backup/Software/Assembler/old/yacc1test.asmTMP	tests/assembler/history-2020/yacc1test.asmTMP	archive/superseded-revisions/snapshot-2021-07/Software/Assembler/old/yacc1test.asmTMP
YACCS-OLD/YACC1-2020 July 2021 backup/Software/Assembler/old/yacc1testorig.asm	tests/assembler/history-2020/yacc1testorig.asm	archive/superseded-revisions/snapshot-2021-07/Software/Assembler/old/yacc1testorig.asm
YACCS-OLD/YACC1-2020 July 2021 backup/Software/Assembler/yacc1test.asm	tests/assembler/yacc1test.asm	archive/superseded-revisions/snapshot-2021-07/Software/Assembler/yacc1test.asm
YACCS-OLD/YACC1-2020 July 2021 backup/Software/Bus Test Card/BUS Driver Commands - Google Docs.pdf	docs/procedures/BUS Driver Commands - Google Docs.pdf	archive/superseded-revisions/snapshot-2021-07/Software/Bus Test Card/BUS Driver Commands - Google Docs.pdf
YACCS-OLD/YACC1-2020 July 2021 backup/Software/Bus Test Card/Command sender/command_sender_5/command_sender_5.pde	embedded/command-sender/deprecated/command_sender_5/command_sender_5.pde	archive/superseded-revisions/snapshot-2021-07/Software/Bus Test Card/Command sender/command_sender_5/command_sender_5.pde
YACCS-OLD/YACC1-2020 July 2021 backup/Software/Bus Test Card/Command sender/command_sender_6/command_sender_6.pde	embedded/command-sender/deprecated/command_sender_6/command_sender_6.pde	archive/superseded-revisions/snapshot-2021-07/Software/Bus Test Card/Command sender/command_sender_6/command_sender_6.pde
YACCS-OLD/YACC1-2020 July 2021 backup/Software/Bus Test Card/Command sender/command_sender_7/command_sender_7.pde	embedded/command-sender/deprecated/command_sender_7/command_sender_7.pde	archive/superseded-revisions/snapshot-2021-07/Software/Bus Test Card/Command sender/command_sender_7/command_sender_7.pde
YACCS-OLD/YACC1-2020 July 2021 backup/Software/Bus Test Card/Command sender/command_sender_8/command_sender_8.pde	embedded/command-sender/command_sender_8/command_sender_8.pde	archive/superseded-revisions/snapshot-2021-07/Software/Bus Test Card/Command sender/command_sender_8/command_sender_8.pde
YACCS-OLD/YACC1-2020 July 2021 backup/Software/Bus Test Card/Command sender/old/command_sender/Untitled.rtf	embedded/command-sender/deprecated/old/command_sender/Untitled.rtf	archive/superseded-revisions/snapshot-2021-07/Software/Bus Test Card/Command sender/old/command_sender/Untitled.rtf
YACCS-OLD/YACC1-2020 July 2021 backup/Software/Bus Test Card/Command sender/old/command_sender/command_sender.pde	embedded/command-sender/deprecated/old/command_sender/command_sender.pde	archive/superseded-revisions/snapshot-2021-07/Software/Bus Test Card/Command sender/old/command_sender/command_sender.pde
YACCS-OLD/YACC1-2020 July 2021 backup/Software/Bus Test Card/Command sender/old/command_sender_2/command_sender_2.pde	embedded/command-sender/deprecated/old/command_sender_2/command_sender_2.pde	archive/superseded-revisions/snapshot-2021-07/Software/Bus Test Card/Command sender/old/command_sender_2/command_sender_2.pde
YACCS-OLD/YACC1-2020 July 2021 backup/Software/Bus Test Card/Command sender/old/command_sender_3/command_sender_3.pde	embedded/command-sender/deprecated/old/command_sender_3/command_sender_3.pde	archive/superseded-revisions/snapshot-2021-07/Software/Bus Test Card/Command sender/old/command_sender_3/command_sender_3.pde
YACCS-OLD/YACC1-2020 July 2021 backup/Software/Bus Test Card/Command sender/old/command_sender_4/command_sender_4.pde	embedded/command-sender/deprecated/old/command_sender_4/command_sender_4.pde	archive/superseded-revisions/snapshot-2021-07/Software/Bus Test Card/Command sender/old/command_sender_4/command_sender_4.pde
YACCS-OLD/YACC1-2020 July 2021 backup/Software/Bus Test Card/Command sender/tests/ALU/add	tests/bus-tester-scripts/deprecated/gen1-2016/ALU/add	archive/superseded-revisions/snapshot-2021-07/Software/Bus Test Card/Command sender/tests/ALU/add
YACCS-OLD/YACC1-2020 July 2021 backup/Software/Bus Test Card/Command sender/tests/ALU/add.new	tests/bus-tester-scripts/ALU/add.new	archive/superseded-revisions/snapshot-2021-07/Software/Bus Test Card/Command sender/tests/ALU/add.new
YACCS-OLD/YACC1-2020 July 2021 backup/Software/Bus Test Card/Command sender/tests/ALU/and	tests/bus-tester-scripts/deprecated/gen1-2016/ALU/and	archive/superseded-revisions/snapshot-2021-07/Software/Bus Test Card/Command sender/tests/ALU/and
YACCS-OLD/YACC1-2020 July 2021 backup/Software/Bus Test Card/Command sender/tests/ALU/and.new	tests/bus-tester-scripts/ALU/and.new	archive/superseded-revisions/snapshot-2021-07/Software/Bus Test Card/Command sender/tests/ALU/and.new
YACCS-OLD/YACC1-2020 July 2021 backup/Software/Bus Test Card/Command sender/tests/ALU/base	tests/bus-tester-scripts/deprecated/gen1-2016/ALU/base	archive/superseded-revisions/snapshot-2021-07/Software/Bus Test Card/Command sender/tests/ALU/base
YACCS-OLD/YACC1-2020 July 2021 backup/Software/Bus Test Card/Command sender/tests/ALU/branch	tests/bus-tester-scripts/deprecated/gen1-2016/ALU/branch	archive/superseded-revisions/snapshot-2021-07/Software/Bus Test Card/Command sender/tests/ALU/branch
YACCS-OLD/YACC1-2020 July 2021 backup/Software/Bus Test Card/Command sender/tests/ALU/branch.new	tests/bus-tester-scripts/ALU/branch.new	archive/superseded-revisions/snapshot-2021-07/Software/Bus Test Card/Command sender/tests/ALU/branch.new
YACCS-OLD/YACC1-2020 July 2021 backup/Software/Bus Test Card/Command sender/tests/ALU/data	tests/bus-tester-scripts/deprecated/gen1-2016/ALU/data	archive/superseded-revisions/snapshot-2021-07/Software/Bus Test Card/Command sender/tests/ALU/data
YACCS-OLD/YACC1-2020 July 2021 backup/Software/Bus Test Card/Command sender/tests/ALU/fix	tests/bus-tester-scripts/deprecated/gen1-2016/fix	archive/superseded-revisions/snapshot-2021-07/Software/Bus Test Card/Command sender/tests/ALU/fix
YACCS-OLD/YACC1-2020 July 2021 backup/Software/Bus Test Card/Command sender/tests/ALU/incdec	tests/bus-tester-scripts/deprecated/gen1-2016/ALU/incdec	archive/superseded-revisions/snapshot-2021-07/Software/Bus Test Card/Command sender/tests/ALU/incdec
YACCS-OLD/YACC1-2020 July 2021 backup/Software/Bus Test Card/Command sender/tests/ALU/invert	tests/bus-tester-scripts/deprecated/gen1-2016/ALU/invert	archive/superseded-revisions/snapshot-2021-07/Software/Bus Test Card/Command sender/tests/ALU/invert
YACCS-OLD/YACC1-2020 July 2021 backup/Software/Bus Test Card/Command sender/tests/ALU/or	tests/bus-tester-scripts/deprecated/gen1-2016/ALU/or	archive/superseded-revisions/snapshot-2021-07/Software/Bus Test Card/Command sender/tests/ALU/or
YACCS-OLD/YACC1-2020 July 2021 backup/Software/Bus Test Card/Command sender/tests/ALU/or.new	tests/bus-tester-scripts/ALU/or.new	archive/superseded-revisions/snapshot-2021-07/Software/Bus Test Card/Command sender/tests/ALU/or.new
YACCS-OLD/YACC1-2020 July 2021 backup/Software/Bus Test Card/Command sender/tests/ALU/shift	tests/bus-tester-scripts/deprecated/gen1-2016/ALU/shift	archive/superseded-revisions/snapshot-2021-07/Software/Bus Test Card/Command sender/tests/ALU/shift
YACCS-OLD/YACC1-2020 July 2021 backup/Software/Bus Test Card/Command sender/tests/ALU/shift2	tests/bus-tester-scripts/deprecated/gen1-2016/ALU/shift2	archive/superseded-revisions/snapshot-2021-07/Software/Bus Test Card/Command sender/tests/ALU/shift2
YACCS-OLD/YACC1-2020 July 2021 backup/Software/Bus Test Card/Command sender/tests/ALU/shift3	tests/bus-tester-scripts/deprecated/gen1-2016/ALU/shift3	archive/superseded-revisions/snapshot-2021-07/Software/Bus Test Card/Command sender/tests/ALU/shift3
YACCS-OLD/YACC1-2020 July 2021 backup/Software/Bus Test Card/Command sender/tests/ALU/sub	tests/bus-tester-scripts/deprecated/gen1-2016/ALU/sub	archive/superseded-revisions/snapshot-2021-07/Software/Bus Test Card/Command sender/tests/ALU/sub
YACCS-OLD/YACC1-2020 July 2021 backup/Software/Bus Test Card/Command sender/tests/ALU/sub.new	tests/bus-tester-scripts/ALU/sub.new	archive/superseded-revisions/snapshot-2021-07/Software/Bus Test Card/Command sender/tests/ALU/sub.new
YACCS-OLD/YACC1-2020 July 2021 backup/Software/Bus Test Card/Command sender/tests/ALU/xor	tests/bus-tester-scripts/deprecated/gen1-2016/ALU/xor	archive/superseded-revisions/snapshot-2021-07/Software/Bus Test Card/Command sender/tests/ALU/xor
YACCS-OLD/YACC1-2020 July 2021 backup/Software/Bus Test Card/Command sender/tests/ALU/zero	tests/bus-tester-scripts/deprecated/gen1-2016/ALU/zero	archive/superseded-revisions/snapshot-2021-07/Software/Bus Test Card/Command sender/tests/ALU/zero
YACCS-OLD/YACC1-2020 July 2021 backup/Software/Bus Test Card/Command sender/tests/ALU/zero test.new	tests/bus-tester-scripts/ALU/zero test.new	archive/superseded-revisions/snapshot-2021-07/Software/Bus Test Card/Command sender/tests/ALU/zero test.new
YACCS-OLD/YACC1-2020 July 2021 backup/Software/Bus Test Card/Command sender/tests/Address Register/address registers.txt	tests/bus-tester-scripts/deprecated/address-register-2020-07/address registers.txt	archive/superseded-revisions/snapshot-2021-07/Software/Bus Test Card/Command sender/tests/Address Register/address registers.txt
YACCS-OLD/YACC1-2020 July 2021 backup/Software/Bus Test Card/Command sender/tests/Gen Test Vectors/gen test vectors/main.c	tests/bus-tester-scripts/Gen Test Vectors/gen test vectors/main.c	archive/superseded-revisions/snapshot-2021-07/Software/Bus Test Card/Command sender/tests/Gen Test Vectors/gen test vectors/main.c
YACCS-OLD/YACC1-2020 July 2021 backup/Software/Bus Test Card/Command sender/tests/Gen Test Vectors/gen test vectors/nbproject/Makefile-Debug.mk	tests/bus-tester-scripts/Gen Test Vectors/gen test vectors/nbproject/Makefile-Debug.mk	archive/superseded-revisions/snapshot-2021-07/Software/Bus Test Card/Command sender/tests/Gen Test Vectors/gen test vectors/nbproject/Makefile-Debug.mk
YACCS-OLD/YACC1-2020 July 2021 backup/Software/Bus Test Card/Command sender/tests/Gen Test Vectors/gen test vectors/nbproject/Makefile-Release.mk	tests/bus-tester-scripts/Gen Test Vectors/gen test vectors/nbproject/Makefile-Release.mk	archive/superseded-revisions/snapshot-2021-07/Software/Bus Test Card/Command sender/tests/Gen Test Vectors/gen test vectors/nbproject/Makefile-Release.mk
YACCS-OLD/YACC1-2020 July 2021 backup/Software/Bus Test Card/Command sender/tests/Gen Test Vectors/gen test vectors/nbproject/Makefile-impl.mk	tests/bus-tester-scripts/Gen Test Vectors/gen test vectors/nbproject/Makefile-impl.mk	archive/superseded-revisions/snapshot-2021-07/Software/Bus Test Card/Command sender/tests/Gen Test Vectors/gen test vectors/nbproject/Makefile-impl.mk
YACCS-OLD/YACC1-2020 July 2021 backup/Software/Bus Test Card/Command sender/tests/Gen Test Vectors/gen test vectors/nbproject/Makefile-variables.mk	tests/bus-tester-scripts/Gen Test Vectors/gen test vectors/nbproject/Makefile-variables.mk	archive/superseded-revisions/snapshot-2021-07/Software/Bus Test Card/Command sender/tests/Gen Test Vectors/gen test vectors/nbproject/Makefile-variables.mk
YACCS-OLD/YACC1-2020 July 2021 backup/Software/Bus Test Card/Command sender/tests/Gen Test Vectors/gen test vectors/nbproject/Package-Debug.bash	tests/bus-tester-scripts/Gen Test Vectors/gen test vectors/nbproject/Package-Debug.bash	archive/superseded-revisions/snapshot-2021-07/Software/Bus Test Card/Command sender/tests/Gen Test Vectors/gen test vectors/nbproject/Package-Debug.bash
YACCS-OLD/YACC1-2020 July 2021 backup/Software/Bus Test Card/Command sender/tests/Gen Test Vectors/gen test vectors/nbproject/Package-Release.bash	tests/bus-tester-scripts/Gen Test Vectors/gen test vectors/nbproject/Package-Release.bash	archive/superseded-revisions/snapshot-2021-07/Software/Bus Test Card/Command sender/tests/Gen Test Vectors/gen test vectors/nbproject/Package-Release.bash
YACCS-OLD/YACC1-2020 July 2021 backup/Software/Bus Test Card/Command sender/tests/Gen Test Vectors/gen test vectors/nbproject/configurations.xml	software/disassembler/disasm2/nbproject/configurations.xml	archive/superseded-revisions/snapshot-2021-07/Software/Bus Test Card/Command sender/tests/Gen Test Vectors/gen test vectors/nbproject/configurations.xml
YACCS-OLD/YACC1-2020 July 2021 backup/Software/Bus Test Card/Command sender/tests/Gen Test Vectors/gen test vectors/nbproject/project.xml	tests/bus-tester-scripts/Gen Test Vectors/gen test vectors/nbproject/project.xml	archive/superseded-revisions/snapshot-2021-07/Software/Bus Test Card/Command sender/tests/Gen Test Vectors/gen test vectors/nbproject/project.xml
YACCS-OLD/YACC1-2020 July 2021 backup/Software/Bus Test Card/Command sender/tests/IO/basic-out	tests/bus-tester-scripts/IO/basic-out	archive/superseded-revisions/snapshot-2021-07/Software/Bus Test Card/Command sender/tests/IO/basic-out
YACCS-OLD/YACC1-2020 July 2021 backup/Software/Bus Test Card/Command sender/tests/IO/serialin	tests/bus-tester-scripts/IO/serialin	archive/superseded-revisions/snapshot-2021-07/Software/Bus Test Card/Command sender/tests/IO/serialin
YACCS-OLD/YACC1-2020 July 2021 backup/Software/Bus Test Card/Command sender/tests/IO/serialout	tests/bus-tester-scripts/IO/serialout	archive/superseded-revisions/snapshot-2021-07/Software/Bus Test Card/Command sender/tests/IO/serialout
YACCS-OLD/YACC1-2020 July 2021 backup/Software/Bus Test Card/Command sender/tests/Index Register/commands-1 copy.txt	tests/bus-tester-scripts/Index Register/commands-1 copy.txt	archive/superseded-revisions/snapshot-2021-07/Software/Bus Test Card/Command sender/tests/Index Register/commands-1 copy.txt
YACCS-OLD/YACC1-2020 July 2021 backup/Software/Bus Test Card/Command sender/tests/Memory Card Tests/basic mem test low and eprom copy.txt	tests/bus-tester-scripts/Memory Card Tests/basic mem test low and eprom copy.txt	archive/superseded-revisions/snapshot-2021-07/Software/Bus Test Card/Command sender/tests/Memory Card Tests/basic mem test low and eprom copy.txt
YACCS-OLD/YACC1-2020 July 2021 backup/Software/Bus Test Card/Command sender/tests/Memory Card Tests/basic mem test low and eprom.txt	tests/bus-tester-scripts/Memory Card Tests/basic mem test low and eprom.txt	archive/superseded-revisions/snapshot-2021-07/Software/Bus Test Card/Command sender/tests/Memory Card Tests/basic mem test low and eprom.txt
YACCS-OLD/YACC1-2020 July 2021 backup/Software/Bus Test Card/Command sender/tests/Memory Card Tests/basic mem test low hi and eprom.txt	tests/bus-tester-scripts/Memory Card Tests/basic mem test low hi and eprom.txt	archive/superseded-revisions/snapshot-2021-07/Software/Bus Test Card/Command sender/tests/Memory Card Tests/basic mem test low hi and eprom.txt
YACCS-OLD/YACC1-2020 July 2021 backup/Software/Bus Test Card/Command sender/tests/Memory Card Tests/dump mem test low hi and eprom.txt	tests/bus-tester-scripts/Memory Card Tests/dump mem test low hi and eprom.txt	archive/superseded-revisions/snapshot-2021-07/Software/Bus Test Card/Command sender/tests/Memory Card Tests/dump mem test low hi and eprom.txt
YACCS-OLD/YACC1-2020 July 2021 backup/Software/Bus Test Card/Command sender/tests/Memory Card Tests/dump-eprom.txt	tests/bus-tester-scripts/Memory Card Tests/dump-eprom.txt	archive/superseded-revisions/snapshot-2021-07/Software/Bus Test Card/Command sender/tests/Memory Card Tests/dump-eprom.txt
YACCS-OLD/YACC1-2020 July 2021 backup/Software/Bus Test Card/Command sender/tests/Test Vectors/Registers/BASICREG.txt	tests/bus-tester-scripts/deprecated/gen1-2016/ALU/data	archive/superseded-revisions/snapshot-2021-07/Software/Bus Test Card/Command sender/tests/Test Vectors/Registers/BASICREG.txt
YACCS-OLD/YACC1-2020 July 2021 backup/Software/Bus Test Card/Command sender/tests/commands-1.txt	tests/bus-tester-scripts/deprecated/gen1-2016/commands-1.txt	archive/superseded-revisions/snapshot-2021-07/Software/Bus Test Card/Command sender/tests/commands-1.txt
YACCS-OLD/YACC1-2020 July 2021 backup/Software/Bus Test Card/Command sender/tests/commands-2.txt	tests/bus-tester-scripts/deprecated/gen1-2016/commands-2.txt	archive/superseded-revisions/snapshot-2021-07/Software/Bus Test Card/Command sender/tests/commands-2.txt
YACCS-OLD/YACC1-2020 July 2021 backup/Software/Bus Test Card/Command sender/tests/ramtest.logicsettings	tests/bus-tester-scripts/ramtest.logicsettings	archive/superseded-revisions/snapshot-2021-07/Software/Bus Test Card/Command sender/tests/ramtest.logicsettings
YACCS-OLD/YACC1-2020 July 2021 backup/Software/Bus Test Card/Command sender/tests/test	tests/basic/test	archive/superseded-revisions/snapshot-2021-07/Software/Bus Test Card/Command sender/tests/test
YACCS-OLD/YACC1-2020 July 2021 backup/Software/Bus Test Card/Readme.md	embedded/bus-tester/Readme.md	archive/superseded-revisions/snapshot-2021-07/Software/Bus Test Card/Readme.md
YACCS-OLD/YACC1-2020 July 2021 backup/Software/Bus Test Card/Test EEPROM/mem/mem.ino	embedded/sequencer-card/deprecated/test-eeprom-2020-09/mem/mem.ino	archive/superseded-revisions/snapshot-2021-07/Software/Bus Test Card/Test EEPROM/mem/mem.ino
YACCS-OLD/YACC1-2020 July 2021 backup/Software/Bus Test Card/bus-driver/bus-driver.ino	embedded/bus-tester/bus-driver/bus-driver.ino	archive/superseded-revisions/snapshot-2021-07/Software/Bus Test Card/bus-driver/bus-driver.ino
YACCS-OLD/YACC1-2020 July 2021 backup/Software/Bus Test Card/bus-monitor/bus-monitor.ino	embedded/bus-tester/bus-monitor/bus-monitor.ino	archive/superseded-revisions/snapshot-2021-07/Software/Bus Test Card/bus-monitor/bus-monitor.ino
YACCS-OLD/YACC1-2020 July 2021 backup/Software/Bus Test Card/bus-test/bus-test.ino	embedded/bus-tester/bus-test/bus-test.ino	archive/superseded-revisions/snapshot-2021-07/Software/Bus Test Card/bus-test/bus-test.ino
YACCS-OLD/YACC1-2020 July 2021 backup/Software/Bus Test Card/led-switch-test/led-switch-test.ino	embedded/bus-tester/led-switch-test/led-switch-test.ino	archive/superseded-revisions/snapshot-2021-07/Software/Bus Test Card/led-switch-test/led-switch-test.ino
YACCS-OLD/YACC1-2020 July 2021 backup/Software/Old-obselete/Assembler-old/Readme.md	archive/superseded-revisions/software-old-obsolete/Assembler-old/Readme.md	archive/superseded-revisions/snapshot-2021-07/Software/Old-obselete/Assembler-old/Readme.md
YACCS-OLD/YACC1-2020 July 2021 backup/Software/Old-obselete/Assembler-old/a18	archive/superseded-revisions/software-old-obsolete/Assembler-old/a18	archive/superseded-revisions/snapshot-2021-07/Software/Old-obselete/Assembler-old/a18
YACCS-OLD/YACC1-2020 July 2021 backup/Software/Old-obselete/Assembler-old/abc	archive/superseded-revisions/assembler-port-2020/rcasm-old/abc	archive/superseded-revisions/snapshot-2021-07/Software/Old-obselete/Assembler-old/abc
YACCS-OLD/YACC1-2020 July 2021 backup/Software/Old-obselete/Assembler-old/asm.c	archive/superseded-revisions/software-old-obsolete/Assembler-old/asm.c	archive/superseded-revisions/snapshot-2021-07/Software/Old-obselete/Assembler-old/asm.c
YACCS-OLD/YACC1-2020 July 2021 backup/Software/Old-obselete/Assembler-old/asmcmds.c	archive/superseded-revisions/software-old-obsolete/Assembler-old/asmcmds.c	archive/superseded-revisions/snapshot-2021-07/Software/Old-obselete/Assembler-old/asmcmds.c
YACCS-OLD/YACC1-2020 July 2021 backup/Software/Old-obselete/Assembler-old/header.h	archive/superseded-revisions/software-old-obsolete/Assembler-old/header.h	archive/superseded-revisions/snapshot-2021-07/Software/Old-obselete/Assembler-old/header.h
YACCS-OLD/YACC1-2020 July 2021 backup/Software/Old-obselete/Assembler-old/mstrings.c	archive/superseded-revisions/software-old-obsolete/Assembler-old/mstrings.c	archive/superseded-revisions/snapshot-2021-07/Software/Old-obselete/Assembler-old/mstrings.c
YACCS-OLD/YACC1-2020 July 2021 backup/Software/Old-obselete/Assembler-old/mstrings.h	software/assembler/upstream/rcasm-2.2/mstrings.h	archive/superseded-revisions/snapshot-2021-07/Software/Old-obselete/Assembler-old/mstrings.h
YACCS-OLD/YACC1-2020 July 2021 backup/Software/Old-obselete/Assembler-old/support.c	archive/superseded-revisions/software-old-obsolete/Assembler-old/support.c	archive/superseded-revisions/snapshot-2021-07/Software/Old-obselete/Assembler-old/support.c
YACCS-OLD/YACC1-2020 July 2021 backup/Software/Old-obselete/Assembler-old/yacc1.def	archive/superseded-revisions/software-old-obsolete/Assembler-old/yacc1.def	archive/superseded-revisions/snapshot-2021-07/Software/Old-obselete/Assembler-old/yacc1.def
YACCS-OLD/YACC1-2020 July 2021 backup/Software/Old-obselete/Assembler-old/yacc1test.asm	archive/superseded-revisions/software-old-obsolete/Assembler-old/yacc1test.asm	archive/superseded-revisions/snapshot-2021-07/Software/Old-obselete/Assembler-old/yacc1test.asm
YACCS-OLD/YACC1-2020 July 2021 backup/Software/Old-obselete/Assembler-old/yacc1test.img	archive/superseded-revisions/software-old-obsolete/Assembler-old/yacc1test.img	archive/superseded-revisions/snapshot-2021-07/Software/Old-obselete/Assembler-old/yacc1test.img
YACCS-OLD/YACC1-2020 July 2021 backup/Software/Old-obselete/Assembler-old/yacc1test.prg	archive/superseded-revisions/assembler-port-2020/rcasm/yacc1test.prg	archive/superseded-revisions/snapshot-2021-07/Software/Old-obselete/Assembler-old/yacc1test.prg
YACCS-OLD/YACC1-2020 July 2021 backup/Software/Old-obselete/Assembler-old/yacc1testorig.asm	tests/assembler/history-2020/yacc1testorig.asm	archive/superseded-revisions/snapshot-2021-07/Software/Old-obselete/Assembler-old/yacc1testorig.asm
YACCS-OLD/YACC1-2020 July 2021 backup/Software/Old-obselete/Emulator/insInfo.c	archive/superseded-revisions/software-old-obsolete/Emulator/insInfo.c	archive/superseded-revisions/snapshot-2021-07/Software/Old-obselete/Emulator/insInfo.c
YACCS-OLD/YACC1-2020 July 2021 backup/Software/Old-obselete/Emulator/intelhex.c	archive/superseded-revisions/software-old-obsolete/Emulator/intelhex.c	archive/superseded-revisions/snapshot-2021-07/Software/Old-obselete/Emulator/intelhex.c
YACCS-OLD/YACC1-2020 July 2021 backup/Software/Old-obselete/Emulator/main.c	archive/superseded-revisions/software-old-obsolete/Emulator/main.c	archive/superseded-revisions/snapshot-2021-07/Software/Old-obselete/Emulator/main.c
YACCS-OLD/YACC1-2020 July 2021 backup/Software/Old-obselete/Emulator/nbproject/Makefile-Debug.mk	archive/superseded-revisions/software-old-obsolete/Emulator/nbproject/Makefile-Debug.mk	archive/superseded-revisions/snapshot-2021-07/Software/Old-obselete/Emulator/nbproject/Makefile-Debug.mk
YACCS-OLD/YACC1-2020 July 2021 backup/Software/Old-obselete/Emulator/nbproject/Makefile-Release.mk	archive/superseded-revisions/software-old-obsolete/Emulator/nbproject/Makefile-Release.mk	archive/superseded-revisions/snapshot-2021-07/Software/Old-obselete/Emulator/nbproject/Makefile-Release.mk
YACCS-OLD/YACC1-2020 July 2021 backup/Software/Old-obselete/Emulator/nbproject/Makefile-impl.mk	archive/superseded-revisions/software-old-obsolete/Emulator/nbproject/Makefile-impl.mk	archive/superseded-revisions/snapshot-2021-07/Software/Old-obselete/Emulator/nbproject/Makefile-impl.mk
YACCS-OLD/YACC1-2020 July 2021 backup/Software/Old-obselete/Emulator/nbproject/Makefile-variables.mk	archive/superseded-revisions/software-old-obsolete/Emulator/nbproject/Makefile-variables.mk	archive/superseded-revisions/snapshot-2021-07/Software/Old-obselete/Emulator/nbproject/Makefile-variables.mk
YACCS-OLD/YACC1-2020 July 2021 backup/Software/Old-obselete/Emulator/nbproject/Package-Debug.bash	archive/superseded-revisions/software-old-obsolete/Emulator/nbproject/Package-Debug.bash	archive/superseded-revisions/snapshot-2021-07/Software/Old-obselete/Emulator/nbproject/Package-Debug.bash
YACCS-OLD/YACC1-2020 July 2021 backup/Software/Old-obselete/Emulator/nbproject/Package-Release.bash	archive/superseded-revisions/software-old-obsolete/Emulator/nbproject/Package-Release.bash	archive/superseded-revisions/snapshot-2021-07/Software/Old-obselete/Emulator/nbproject/Package-Release.bash
YACCS-OLD/YACC1-2020 July 2021 backup/Software/Old-obselete/Emulator/nbproject/configurations.xml	archive/superseded-revisions/software-old-obsolete/Emulator/nbproject/configurations.xml	archive/superseded-revisions/snapshot-2021-07/Software/Old-obselete/Emulator/nbproject/configurations.xml
YACCS-OLD/YACC1-2020 July 2021 backup/Software/Old-obselete/Emulator/nbproject/project.xml	archive/superseded-revisions/software-old-obsolete/Emulator/nbproject/project.xml	archive/superseded-revisions/snapshot-2021-07/Software/Old-obselete/Emulator/nbproject/project.xml
YACCS-OLD/YACC1-2020 July 2021 backup/Software/Old-obselete/Memory Card/test EPROM/eprom.bin	archive/superseded-revisions/software-old-obsolete/Memory Card/test EPROM/eprom.bin	archive/superseded-revisions/snapshot-2021-07/Software/Old-obselete/Memory Card/test EPROM/eprom.bin
YACCS-OLD/YACC1-2020 July 2021 backup/Software/Old-obselete/Memory Card/test EPROM/main.c	archive/superseded-revisions/software-old-obsolete/Memory Card/test EPROM/main.c	archive/superseded-revisions/snapshot-2021-07/Software/Old-obselete/Memory Card/test EPROM/main.c
YACCS-OLD/YACC1-2020 July 2021 backup/Software/Old-obselete/Memory Card/test EPROM/nbproject/Makefile-Debug.mk	archive/superseded-revisions/software-old-obsolete/Memory Card/test EPROM/nbproject/Makefile-Debug.mk	archive/superseded-revisions/snapshot-2021-07/Software/Old-obselete/Memory Card/test EPROM/nbproject/Makefile-Debug.mk
YACCS-OLD/YACC1-2020 July 2021 backup/Software/Old-obselete/Memory Card/test EPROM/nbproject/Makefile-Release.mk	archive/superseded-revisions/software-old-obsolete/Memory Card/test EPROM/nbproject/Makefile-Release.mk	archive/superseded-revisions/snapshot-2021-07/Software/Old-obselete/Memory Card/test EPROM/nbproject/Makefile-Release.mk
YACCS-OLD/YACC1-2020 July 2021 backup/Software/Old-obselete/Memory Card/test EPROM/nbproject/Makefile-impl.mk	archive/superseded-revisions/software-old-obsolete/Memory Card/test EPROM/nbproject/Makefile-impl.mk	archive/superseded-revisions/snapshot-2021-07/Software/Old-obselete/Memory Card/test EPROM/nbproject/Makefile-impl.mk
YACCS-OLD/YACC1-2020 July 2021 backup/Software/Old-obselete/Memory Card/test EPROM/nbproject/Makefile-variables.mk	archive/superseded-revisions/software-old-obsolete/Memory Card/test EPROM/nbproject/Makefile-variables.mk	archive/superseded-revisions/snapshot-2021-07/Software/Old-obselete/Memory Card/test EPROM/nbproject/Makefile-variables.mk
YACCS-OLD/YACC1-2020 July 2021 backup/Software/Old-obselete/Memory Card/test EPROM/nbproject/Package-Debug.bash	archive/superseded-revisions/software-old-obsolete/Memory Card/test EPROM/nbproject/Package-Debug.bash	archive/superseded-revisions/snapshot-2021-07/Software/Old-obselete/Memory Card/test EPROM/nbproject/Package-Debug.bash
YACCS-OLD/YACC1-2020 July 2021 backup/Software/Old-obselete/Memory Card/test EPROM/nbproject/Package-Release.bash	archive/superseded-revisions/software-old-obsolete/Memory Card/test EPROM/nbproject/Package-Release.bash	archive/superseded-revisions/snapshot-2021-07/Software/Old-obselete/Memory Card/test EPROM/nbproject/Package-Release.bash
YACCS-OLD/YACC1-2020 July 2021 backup/Software/Old-obselete/Memory Card/test EPROM/nbproject/configurations.xml	archive/superseded-revisions/software-old-obsolete/Memory Card/test EPROM/nbproject/configurations.xml	archive/superseded-revisions/snapshot-2021-07/Software/Old-obselete/Memory Card/test EPROM/nbproject/configurations.xml
YACCS-OLD/YACC1-2020 July 2021 backup/Software/Old-obselete/Memory Card/test EPROM/nbproject/project.xml	archive/superseded-revisions/software-old-obsolete/Memory Card/test EPROM/nbproject/project.xml	archive/superseded-revisions/snapshot-2021-07/Software/Old-obselete/Memory Card/test EPROM/nbproject/project.xml
YACCS-OLD/YACC1-2020 July 2021 backup/Software/Old-obselete/Tiny-basic-notused/.github/workflows/c-cpp.yml	archive/superseded-revisions/software-old-obsolete/Tiny-basic-notused/.github/workflows/c-cpp.yml	archive/superseded-revisions/snapshot-2021-07/Software/Old-obselete/Tiny-basic-notused/.github/workflows/c-cpp.yml
YACCS-OLD/YACC1-2020 July 2021 backup/Software/Old-obselete/Tiny-basic-notused/LICENSE	archive/superseded-revisions/software-old-obsolete/Tiny-basic-notused/LICENSE	archive/superseded-revisions/snapshot-2021-07/Software/Old-obselete/Tiny-basic-notused/LICENSE
YACCS-OLD/YACC1-2020 July 2021 backup/Software/Old-obselete/Tiny-basic-notused/README.md	archive/superseded-revisions/software-old-obsolete/Tiny-basic-notused/README.md	archive/superseded-revisions/snapshot-2021-07/Software/Old-obselete/Tiny-basic-notused/README.md
YACCS-OLD/YACC1-2020 July 2021 backup/Software/Old-obselete/Tiny-basic-notused/examples/fibonacci.tb	archive/superseded-revisions/software-old-obsolete/Tiny-basic-notused/examples/fibonacci.tb	archive/superseded-revisions/snapshot-2021-07/Software/Old-obselete/Tiny-basic-notused/examples/fibonacci.tb
YACCS-OLD/YACC1-2020 July 2021 backup/Software/Old-obselete/Tiny-basic-notused/examples/helloworld.tb	archive/superseded-revisions/software-old-obsolete/Tiny-basic-notused/examples/helloworld.tb	archive/superseded-revisions/snapshot-2021-07/Software/Old-obselete/Tiny-basic-notused/examples/helloworld.tb
YACCS-OLD/YACC1-2020 July 2021 backup/Software/Old-obselete/Tiny-basic-notused/examples/stars.tb	archive/superseded-revisions/software-old-obsolete/Tiny-basic-notused/examples/stars.tb	archive/superseded-revisions/snapshot-2021-07/Software/Old-obselete/Tiny-basic-notused/examples/stars.tb
YACCS-OLD/YACC1-2020 July 2021 backup/Software/Old-obselete/Tiny-basic-notused/grammar.md	archive/superseded-revisions/software-old-obsolete/Tiny-basic-notused/grammar.md	archive/superseded-revisions/snapshot-2021-07/Software/Old-obselete/Tiny-basic-notused/grammar.md
YACCS-OLD/YACC1-2020 July 2021 backup/Software/Old-obselete/Tiny-basic-notused/makefile	archive/superseded-revisions/software-old-obsolete/Tiny-basic-notused/makefile	archive/superseded-revisions/snapshot-2021-07/Software/Old-obselete/Tiny-basic-notused/makefile
YACCS-OLD/YACC1-2020 July 2021 backup/Software/Old-obselete/Tiny-basic-notused/nbproject/configurations.xml	archive/superseded-revisions/software-old-obsolete/Tiny-basic-notused/nbproject/configurations.xml	archive/superseded-revisions/snapshot-2021-07/Software/Old-obselete/Tiny-basic-notused/nbproject/configurations.xml
YACCS-OLD/YACC1-2020 July 2021 backup/Software/Old-obselete/Tiny-basic-notused/nbproject/project.xml	archive/superseded-revisions/software-old-obsolete/Tiny-basic-notused/nbproject/project.xml	archive/superseded-revisions/snapshot-2021-07/Software/Old-obselete/Tiny-basic-notused/nbproject/project.xml
YACCS-OLD/YACC1-2020 July 2021 backup/Software/Old-obselete/Tiny-basic-notused/readme.ken	archive/superseded-revisions/software-old-obsolete/Tiny-basic-notused/readme.ken	archive/superseded-revisions/snapshot-2021-07/Software/Old-obselete/Tiny-basic-notused/readme.ken
YACCS-OLD/YACC1-2020 July 2021 backup/Software/Old-obselete/Tiny-basic-notused/src/core.h	archive/superseded-revisions/software-old-obsolete/Tiny-basic-notused/src/core.h	archive/superseded-revisions/snapshot-2021-07/Software/Old-obselete/Tiny-basic-notused/src/core.h
YACCS-OLD/YACC1-2020 July 2021 backup/Software/Old-obselete/Tiny-basic-notused/src/lexer.c	archive/superseded-revisions/software-old-obsolete/Tiny-basic-notused/src/lexer.c	archive/superseded-revisions/snapshot-2021-07/Software/Old-obselete/Tiny-basic-notused/src/lexer.c
YACCS-OLD/YACC1-2020 July 2021 backup/Software/Old-obselete/Tiny-basic-notused/src/lexer.h	archive/superseded-revisions/software-old-obsolete/Tiny-basic-notused/src/lexer.h	archive/superseded-revisions/snapshot-2021-07/Software/Old-obselete/Tiny-basic-notused/src/lexer.h
YACCS-OLD/YACC1-2020 July 2021 backup/Software/Old-obselete/Tiny-basic-notused/src/parser.c	archive/superseded-revisions/software-old-obsolete/Tiny-basic-notused/src/parser.c	archive/superseded-revisions/snapshot-2021-07/Software/Old-obselete/Tiny-basic-notused/src/parser.c
YACCS-OLD/YACC1-2020 July 2021 backup/Software/Old-obselete/Tiny-basic-notused/src/parserx.c	archive/superseded-revisions/software-old-obsolete/Tiny-basic-notused/src/parserx.c	archive/superseded-revisions/snapshot-2021-07/Software/Old-obselete/Tiny-basic-notused/src/parserx.c
YACCS-OLD/YACC1-2020 July 2021 backup/Software/Old-obselete/Tiny-basic-notused/src/symboltable.c	archive/superseded-revisions/software-old-obsolete/Tiny-basic-notused/src/symboltable.c	archive/superseded-revisions/snapshot-2021-07/Software/Old-obselete/Tiny-basic-notused/src/symboltable.c
YACCS-OLD/YACC1-2020 July 2021 backup/Software/Old-obselete/Tiny-basic-notused/src/symboltable.h	archive/superseded-revisions/software-old-obsolete/Tiny-basic-notused/src/symboltable.h	archive/superseded-revisions/snapshot-2021-07/Software/Old-obselete/Tiny-basic-notused/src/symboltable.h
YACCS-OLD/YACC1-2020 July 2021 backup/Software/Old-obselete/Tiny-basic-notused/src/tokens.h	archive/superseded-revisions/software-old-obsolete/Tiny-basic-notused/src/tokens.h	archive/superseded-revisions/snapshot-2021-07/Software/Old-obselete/Tiny-basic-notused/src/tokens.h
YACCS-OLD/YACC1-2020 July 2021 backup/Software/Old-obselete/disassembler/main.c	archive/superseded-revisions/software-old-obsolete/disassembler/main.c	archive/superseded-revisions/snapshot-2021-07/Software/Old-obselete/disassembler/main.c
YACCS-OLD/YACC1-2020 July 2021 backup/Software/Old-obselete/disassembler/test.123	archive/superseded-revisions/software-old-obsolete/disassembler/test.123	archive/superseded-revisions/snapshot-2021-07/Software/Old-obselete/disassembler/test.123
YACCS-OLD/YACC1-2020 July 2021 backup/Software/Sequencer Card/Microcode loader send to sequencer/simple_microcode_sender/simple_microcode_sender.pde	embedded/sequencer-card/deprecated/microcode-loader/simple_microcode_sender/simple_microcode_sender.pde	archive/superseded-revisions/snapshot-2021-07/Software/Sequencer Card/Microcode loader send to sequencer/simple_microcode_sender/simple_microcode_sender.pde
YACCS-OLD/YACC1-2020 July 2021 backup/Software/Sequencer Card/Microcode loader send to sequencer/simple_microcode_sender_2/simple_microcode_sender_2.pde	embedded/sequencer-card/deprecated/microcode-loader/simple_microcode_sender_2/simple_microcode_sender_2.pde	archive/superseded-revisions/snapshot-2021-07/Software/Sequencer Card/Microcode loader send to sequencer/simple_microcode_sender_2/simple_microcode_sender_2.pde
YACCS-OLD/YACC1-2020 July 2021 backup/Software/Sequencer Card/Microcode loader send to sequencer/simple_microcode_sender_64/simple_microcode_sender_64.pde	embedded/sequencer-card/microcode-loader/simple_microcode_sender_64/simple_microcode_sender_64.pde	archive/superseded-revisions/snapshot-2021-07/Software/Sequencer Card/Microcode loader send to sequencer/simple_microcode_sender_64/simple_microcode_sender_64.pde
YACCS-OLD/YACC1-2020 July 2021 backup/Software/Sequencer Card/Sequencer/EEPROM.ino	embedded/sequencer-card/deprecated/sequencer1/EEPROM.ino	archive/superseded-revisions/snapshot-2021-07/Software/Sequencer Card/Sequencer/EEPROM.ino
YACCS-OLD/YACC1-2020 July 2021 backup/Software/Sequencer Card/Sequencer/IO.ino	embedded/sequencer-card/deprecated/sequencer1/IO.ino	archive/superseded-revisions/snapshot-2021-07/Software/Sequencer Card/Sequencer/IO.ino
YACCS-OLD/YACC1-2020 July 2021 backup/Software/Sequencer Card/Sequencer/Sequencer.ino	embedded/sequencer-card/deprecated/sequencer1/Sequencer.ino	archive/superseded-revisions/snapshot-2021-07/Software/Sequencer Card/Sequencer/Sequencer.ino
YACCS-OLD/YACC1-2020 July 2021 backup/Software/Sequencer Card/Sequencer/YACC_Common_headera.h	embedded/sequencer-card/deprecated/sequencer1/YACC_Common_headera.h	archive/superseded-revisions/snapshot-2021-07/Software/Sequencer Card/Sequencer/YACC_Common_headera.h
YACCS-OLD/YACC1-2020 July 2021 backup/Software/Sequencer Card/Sequencer/download.ino	embedded/sequencer-card/deprecated/sequencer1/download.ino	archive/superseded-revisions/snapshot-2021-07/Software/Sequencer Card/Sequencer/download.ino
YACCS-OLD/YACC1-2020 July 2021 backup/Software/Sequencer Card/Sequencer/uCodeRAM.ino	embedded/sequencer-card/deprecated/sequencer1/uCodeRAM.ino	archive/superseded-revisions/snapshot-2021-07/Software/Sequencer Card/Sequencer/uCodeRAM.ino
YACCS-OLD/YACC1-2020 July 2021 backup/Software/Sequencer Card/Sequencer/uCodeROM.ino	embedded/sequencer-card/deprecated/sequencer1/uCodeROM.ino	archive/superseded-revisions/snapshot-2021-07/Software/Sequencer Card/Sequencer/uCodeROM.ino
YACCS-OLD/YACC1-2020 July 2021 backup/Software/Sequencer Card/Sequencer2/IO.ino	embedded/sequencer-card/deprecated/sequencer2/download/IO.ino	archive/superseded-revisions/snapshot-2021-07/Software/Sequencer Card/Sequencer2/IO.ino
YACCS-OLD/YACC1-2020 July 2021 backup/Software/Sequencer Card/Sequencer2/Sequencer2.ino	embedded/sequencer-card/deprecated/sequencer2/download/Sequencer2.ino	archive/superseded-revisions/snapshot-2021-07/Software/Sequencer Card/Sequencer2/Sequencer2.ino
YACCS-OLD/YACC1-2020 July 2021 backup/Software/Sequencer Card/Sequencer2/YACC_Common_headera.h	embedded/sequencer-card/deprecated/sequencer2/download/YACC_Common_headera.h	archive/superseded-revisions/snapshot-2021-07/Software/Sequencer Card/Sequencer2/YACC_Common_headera.h
YACCS-OLD/YACC1-2020 July 2021 backup/Software/Sequencer Card/Sequencer2/download.ino	embedded/sequencer-card/deprecated/sequencer2/download/download.ino	archive/superseded-revisions/snapshot-2021-07/Software/Sequencer Card/Sequencer2/download.ino
YACCS-OLD/YACC1-2020 July 2021 backup/Software/Sequencer Card/Sequencer2/uCodeRAM.ino	embedded/sequencer-card/deprecated/sequencer2/download/uCodeRAM.ino	archive/superseded-revisions/snapshot-2021-07/Software/Sequencer Card/Sequencer2/uCodeRAM.ino
YACCS-OLD/YACC1-2020 July 2021 backup/Software/Sequencer Card/Sequencer2/uCodeROM.ino	embedded/sequencer-card/deprecated/sequencer2/download/uCodeROM.ino	archive/superseded-revisions/snapshot-2021-07/Software/Sequencer Card/Sequencer2/uCodeROM.ino
YACCS-OLD/YACC1-2020 July 2021 backup/Software/Sequencer Card/Sequencer3/EEPROM.ino	embedded/sequencer-card/deprecated/sequencer1/EEPROM.ino	archive/superseded-revisions/snapshot-2021-07/Software/Sequencer Card/Sequencer3/EEPROM.ino
YACCS-OLD/YACC1-2020 July 2021 backup/Software/Sequencer Card/Sequencer3/IO.ino	embedded/sequencer-card/deprecated/sequencer1/IO.ino	archive/superseded-revisions/snapshot-2021-07/Software/Sequencer Card/Sequencer3/IO.ino
YACCS-OLD/YACC1-2020 July 2021 backup/Software/Sequencer Card/Sequencer3/YACC_Common_headera.h	embedded/sequencer-card/deprecated/sequencer3/YACC_Common_headera.h	archive/superseded-revisions/snapshot-2021-07/Software/Sequencer Card/Sequencer3/YACC_Common_headera.h
YACCS-OLD/YACC1-2020 July 2021 backup/Software/Sequencer Card/Sequencer3/download.ino	embedded/sequencer-card/deprecated/sequencer3/download.ino	archive/superseded-revisions/snapshot-2021-07/Software/Sequencer Card/Sequencer3/download.ino
YACCS-OLD/YACC1-2020 July 2021 backup/Software/Sequencer Card/Sequencer3/uCodeRAM.ino	embedded/sequencer-card/deprecated/sequencer1/uCodeRAM.ino	archive/superseded-revisions/snapshot-2021-07/Software/Sequencer Card/Sequencer3/uCodeRAM.ino
YACCS-OLD/YACC1-2020 July 2021 backup/Software/Sequencer Card/Sequencer3/uCodeROM.ino	embedded/sequencer-card/deprecated/sequencer3/uCodeROM.ino	archive/superseded-revisions/snapshot-2021-07/Software/Sequencer Card/Sequencer3/uCodeROM.ino
YACCS-OLD/YACC1-2020 July 2021 backup/Software/Sequencer Card/Test EEPROM/mem/mem.ino	embedded/sequencer-card/deprecated/test-eeprom-2020-12/mem/mem.ino	archive/superseded-revisions/snapshot-2021-07/Software/Sequencer Card/Test EEPROM/mem/mem.ino
YACCS-OLD/YACC1-2020 July 2021 backup/Software/Sequencer Card/disasm/code.h	software/disassembler/disasm2/code.h	archive/superseded-revisions/snapshot-2021-07/Software/Sequencer Card/disasm/code.h
YACCS-OLD/YACC1-2020 July 2021 backup/Software/Sequencer Card/disasm/main.c	archive/conflict-losers/newgit/Software/Sequencer Card/disasm/main.c	archive/superseded-revisions/snapshot-2021-07/Software/Sequencer Card/disasm/main.c
YACCS-OLD/YACC1-2020 July 2021 backup/Software/Sequencer Card/disasm/nbproject/Makefile-Debug.mk	archive/superseded-revisions/disasm-v1/nbproject/Makefile-Debug.mk	archive/superseded-revisions/snapshot-2021-07/Software/Sequencer Card/disasm/nbproject/Makefile-Debug.mk
YACCS-OLD/YACC1-2020 July 2021 backup/Software/Sequencer Card/disasm/nbproject/Makefile-Release.mk	archive/superseded-revisions/disasm-v1/nbproject/Makefile-Release.mk	archive/superseded-revisions/snapshot-2021-07/Software/Sequencer Card/disasm/nbproject/Makefile-Release.mk
YACCS-OLD/YACC1-2020 July 2021 backup/Software/Sequencer Card/disasm/nbproject/Makefile-impl.mk	archive/superseded-revisions/disasm-v1/nbproject/Makefile-impl.mk	archive/superseded-revisions/snapshot-2021-07/Software/Sequencer Card/disasm/nbproject/Makefile-impl.mk
YACCS-OLD/YACC1-2020 July 2021 backup/Software/Sequencer Card/disasm/nbproject/Makefile-variables.mk	archive/superseded-revisions/disasm-v1/nbproject/Makefile-variables.mk	archive/superseded-revisions/snapshot-2021-07/Software/Sequencer Card/disasm/nbproject/Makefile-variables.mk
YACCS-OLD/YACC1-2020 July 2021 backup/Software/Sequencer Card/disasm/nbproject/Package-Debug.bash	archive/superseded-revisions/disasm-v1/nbproject/Package-Debug.bash	archive/superseded-revisions/snapshot-2021-07/Software/Sequencer Card/disasm/nbproject/Package-Debug.bash
YACCS-OLD/YACC1-2020 July 2021 backup/Software/Sequencer Card/disasm/nbproject/Package-Release.bash	archive/superseded-revisions/disasm-v1/nbproject/Package-Release.bash	archive/superseded-revisions/snapshot-2021-07/Software/Sequencer Card/disasm/nbproject/Package-Release.bash
YACCS-OLD/YACC1-2020 July 2021 backup/Software/Sequencer Card/disasm/nbproject/configurations.xml	software/disassembler/disasm2/nbproject/configurations.xml	archive/superseded-revisions/snapshot-2021-07/Software/Sequencer Card/disasm/nbproject/configurations.xml
YACCS-OLD/YACC1-2020 July 2021 backup/Software/Sequencer Card/disasm/nbproject/project.xml	archive/superseded-revisions/disasm-v1/nbproject/project.xml	archive/superseded-revisions/snapshot-2021-07/Software/Sequencer Card/disasm/nbproject/project.xml
YACCS-OLD/YACC1-2020 July 2021 backup/Software/Sequencer Card/disasm/yaccsignal.h.old.h	software/disassembler/disasm2/yaccsignal.h.old.h	archive/superseded-revisions/snapshot-2021-07/Software/Sequencer Card/disasm/yaccsignal.h.old.h
YACCS-OLD/YACC1-2020 July 2021 backup/Software/Sequencer Card/disasm2/code.h	software/disassembler/disasm2/code.h	archive/superseded-revisions/snapshot-2021-07/Software/Sequencer Card/disasm2/code.h
YACCS-OLD/YACC1-2020 July 2021 backup/Software/Sequencer Card/disasm2/main.c	archive/conflict-losers/newgit/Software/Sequencer Card/disasm2/main.c	archive/superseded-revisions/snapshot-2021-07/Software/Sequencer Card/disasm2/main.c
YACCS-OLD/YACC1-2020 July 2021 backup/Software/Sequencer Card/disasm2/nbproject/Makefile-Debug.mk	software/disassembler/disasm2/nbproject/Makefile-Debug.mk	archive/superseded-revisions/snapshot-2021-07/Software/Sequencer Card/disasm2/nbproject/Makefile-Debug.mk
YACCS-OLD/YACC1-2020 July 2021 backup/Software/Sequencer Card/disasm2/nbproject/Makefile-Release.mk	software/disassembler/disasm2/nbproject/Makefile-Release.mk	archive/superseded-revisions/snapshot-2021-07/Software/Sequencer Card/disasm2/nbproject/Makefile-Release.mk
YACCS-OLD/YACC1-2020 July 2021 backup/Software/Sequencer Card/disasm2/nbproject/Makefile-impl.mk	software/disassembler/disasm2/nbproject/Makefile-impl.mk	archive/superseded-revisions/snapshot-2021-07/Software/Sequencer Card/disasm2/nbproject/Makefile-impl.mk
YACCS-OLD/YACC1-2020 July 2021 backup/Software/Sequencer Card/disasm2/nbproject/Makefile-variables.mk	software/disassembler/disasm2/nbproject/Makefile-variables.mk	archive/superseded-revisions/snapshot-2021-07/Software/Sequencer Card/disasm2/nbproject/Makefile-variables.mk
YACCS-OLD/YACC1-2020 July 2021 backup/Software/Sequencer Card/disasm2/nbproject/Package-Debug.bash	software/disassembler/disasm2/nbproject/Package-Debug.bash	archive/superseded-revisions/snapshot-2021-07/Software/Sequencer Card/disasm2/nbproject/Package-Debug.bash
YACCS-OLD/YACC1-2020 July 2021 backup/Software/Sequencer Card/disasm2/nbproject/Package-Release.bash	software/disassembler/disasm2/nbproject/Package-Release.bash	archive/superseded-revisions/snapshot-2021-07/Software/Sequencer Card/disasm2/nbproject/Package-Release.bash
YACCS-OLD/YACC1-2020 July 2021 backup/Software/Sequencer Card/disasm2/nbproject/configurations.xml	software/disassembler/disasm2/nbproject/configurations.xml	archive/superseded-revisions/snapshot-2021-07/Software/Sequencer Card/disasm2/nbproject/configurations.xml
YACCS-OLD/YACC1-2020 July 2021 backup/Software/Sequencer Card/disasm2/nbproject/project.xml	software/disassembler/disasm2/nbproject/project.xml	archive/superseded-revisions/snapshot-2021-07/Software/Sequencer Card/disasm2/nbproject/project.xml
YACCS-OLD/YACC1-2020 July 2021 backup/Software/Sequencer Card/disasm2/yaccsignal.h.old.h	software/disassembler/disasm2/yaccsignal.h.old.h	archive/superseded-revisions/snapshot-2021-07/Software/Sequencer Card/disasm2/yaccsignal.h.old.h
YACCS-OLD/YACC1-2020 July 2021 backup/Software/Sequencer Card/dumpram/dumpram.ino	embedded/sequencer-card/dumpram/dumpram.ino	archive/superseded-revisions/snapshot-2021-07/Software/Sequencer Card/dumpram/dumpram.ino
YACCS-OLD/YACC1-2020 July 2021 backup/Software/Sequencer Card/old & obselete/Sequencer Aug 17 pre cleanup/EEPROM.ino	embedded/sequencer-card/deprecated/sequencer1/EEPROM.ino	archive/superseded-revisions/snapshot-2021-07/Software/Sequencer Card/old & obselete/Sequencer Aug 17 pre cleanup/EEPROM.ino
YACCS-OLD/YACC1-2020 July 2021 backup/Software/Sequencer Card/old & obselete/Sequencer Aug 17 pre cleanup/IO.ino	embedded/sequencer-card/deprecated/sequencer1/IO.ino	archive/superseded-revisions/snapshot-2021-07/Software/Sequencer Card/old & obselete/Sequencer Aug 17 pre cleanup/IO.ino
YACCS-OLD/YACC1-2020 July 2021 backup/Software/Sequencer Card/old & obselete/Sequencer Aug 17 pre cleanup/Sequencer.ino	archive/superseded-revisions/sequencer-card-old/Sequencer Aug 17 pre cleanup/Sequencer.ino	archive/superseded-revisions/snapshot-2021-07/Software/Sequencer Card/old & obselete/Sequencer Aug 17 pre cleanup/Sequencer.ino
YACCS-OLD/YACC1-2020 July 2021 backup/Software/Sequencer Card/old & obselete/Sequencer Aug 17 pre cleanup/download.ino	archive/superseded-revisions/sequencer-card-old/Sequencer Aug 17 pre cleanup/download.ino	archive/superseded-revisions/snapshot-2021-07/Software/Sequencer Card/old & obselete/Sequencer Aug 17 pre cleanup/download.ino
YACCS-OLD/YACC1-2020 July 2021 backup/Software/Sequencer Card/old & obselete/Sequencer Aug 17 pre cleanup/uCodeRAM.ino	archive/superseded-revisions/sequencer-card-old/Sequencer Aug 17 pre cleanup/uCodeRAM.ino	archive/superseded-revisions/snapshot-2021-07/Software/Sequencer Card/old & obselete/Sequencer Aug 17 pre cleanup/uCodeRAM.ino
YACCS-OLD/YACC1-2020 July 2021 backup/Software/Sequencer Card/old & obselete/Sequencer Aug 17 pre cleanup/uCodeROM.ino	archive/superseded-revisions/sequencer-card-old/Sequencer Aug 17 pre cleanup/uCodeROM.ino	archive/superseded-revisions/snapshot-2021-07/Software/Sequencer Card/old & obselete/Sequencer Aug 17 pre cleanup/uCodeROM.ino
YACCS-OLD/YACC1-2020 July 2021 backup/Software/Sequencer Card/old & obselete/Sequencer copy/EEPROM.ino	embedded/sequencer-card/deprecated/sequencer1/EEPROM.ino	archive/superseded-revisions/snapshot-2021-07/Software/Sequencer Card/old & obselete/Sequencer copy/EEPROM.ino
YACCS-OLD/YACC1-2020 July 2021 backup/Software/Sequencer Card/old & obselete/Sequencer copy/IO.ino	archive/superseded-revisions/sequencer-card-old/Sequencer copy/IO.ino	archive/superseded-revisions/snapshot-2021-07/Software/Sequencer Card/old & obselete/Sequencer copy/IO.ino
YACCS-OLD/YACC1-2020 July 2021 backup/Software/Sequencer Card/old & obselete/Sequencer copy/Sequencer.ino	archive/superseded-revisions/sequencer-card-old/Sequencer copy/Sequencer.ino	archive/superseded-revisions/snapshot-2021-07/Software/Sequencer Card/old & obselete/Sequencer copy/Sequencer.ino
YACCS-OLD/YACC1-2020 July 2021 backup/Software/Sequencer Card/old & obselete/Sequencer copy/download.ino	archive/superseded-revisions/sequencer-card-old/Sequencer copy/download.ino	archive/superseded-revisions/snapshot-2021-07/Software/Sequencer Card/old & obselete/Sequencer copy/download.ino
YACCS-OLD/YACC1-2020 July 2021 backup/Software/Sequencer Card/old & obselete/Sequencer copy/uCodeRAM.ino	archive/superseded-revisions/sequencer-card-old/Sequencer copy/uCodeRAM.ino	archive/superseded-revisions/snapshot-2021-07/Software/Sequencer Card/old & obselete/Sequencer copy/uCodeRAM.ino
YACCS-OLD/YACC1-2020 July 2021 backup/Software/Sequencer Card/old & obselete/Sequencer copy/uCodeROM.ino	archive/superseded-revisions/sequencer-card-old/Sequencer copy/uCodeROM.ino	archive/superseded-revisions/snapshot-2021-07/Software/Sequencer Card/old & obselete/Sequencer copy/uCodeROM.ino
YACCS-OLD/YACC1-2020 July 2021 backup/Software/Sequencer Card/old & obselete/uCode-Generator copy/CodeGen.h	archive/superseded-revisions/sequencer-card-old/uCode-Generator copy/CodeGen.h	archive/superseded-revisions/snapshot-2021-07/Software/Sequencer Card/old & obselete/uCode-Generator copy/CodeGen.h
YACCS-OLD/YACC1-2020 July 2021 backup/Software/Sequencer Card/old & obselete/uCode-Generator copy/code.h	archive/superseded-revisions/sequencer-card-old/uCode-Generator copy/code.h	archive/superseded-revisions/snapshot-2021-07/Software/Sequencer Card/old & obselete/uCode-Generator copy/code.h
YACCS-OLD/YACC1-2020 July 2021 backup/Software/Sequencer Card/old & obselete/uCode-Generator copy/code.h.orig.h	archive/superseded-revisions/sequencer-card-old/uCode-Generator copy/code.h.orig.h	archive/superseded-revisions/snapshot-2021-07/Software/Sequencer Card/old & obselete/uCode-Generator copy/code.h.orig.h
YACCS-OLD/YACC1-2020 July 2021 backup/Software/Sequencer Card/old & obselete/uCode-Generator copy/controlLine.c	archive/superseded-revisions/sequencer-card-old/uCode-Generator copy/controlLine.c	archive/superseded-revisions/snapshot-2021-07/Software/Sequencer Card/old & obselete/uCode-Generator copy/controlLine.c
YACCS-OLD/YACC1-2020 July 2021 backup/Software/Sequencer Card/old & obselete/uCode-Generator copy/main.c	archive/superseded-revisions/sequencer-card-old/uCode-Generator copy/main.c	archive/superseded-revisions/snapshot-2021-07/Software/Sequencer Card/old & obselete/uCode-Generator copy/main.c
YACCS-OLD/YACC1-2020 July 2021 backup/Software/Sequencer Card/old & obselete/uCode-Generator copy/nbproject/Makefile-Debug.mk	archive/superseded-revisions/sequencer-card-old/uCode-Generator copy/nbproject/Makefile-Debug.mk	archive/superseded-revisions/snapshot-2021-07/Software/Sequencer Card/old & obselete/uCode-Generator copy/nbproject/Makefile-Debug.mk
YACCS-OLD/YACC1-2020 July 2021 backup/Software/Sequencer Card/old & obselete/uCode-Generator copy/nbproject/Makefile-Release.mk	archive/superseded-revisions/sequencer-card-old/uCode-Generator copy/nbproject/Makefile-Release.mk	archive/superseded-revisions/snapshot-2021-07/Software/Sequencer Card/old & obselete/uCode-Generator copy/nbproject/Makefile-Release.mk
YACCS-OLD/YACC1-2020 July 2021 backup/Software/Sequencer Card/old & obselete/uCode-Generator copy/nbproject/Makefile-impl.mk	archive/superseded-revisions/sequencer-card-old/uCode-Generator copy/nbproject/Makefile-impl.mk	archive/superseded-revisions/snapshot-2021-07/Software/Sequencer Card/old & obselete/uCode-Generator copy/nbproject/Makefile-impl.mk
YACCS-OLD/YACC1-2020 July 2021 backup/Software/Sequencer Card/old & obselete/uCode-Generator copy/nbproject/Makefile-variables.mk	archive/superseded-revisions/sequencer-card-old/uCode-Generator copy/nbproject/Makefile-variables.mk	archive/superseded-revisions/snapshot-2021-07/Software/Sequencer Card/old & obselete/uCode-Generator copy/nbproject/Makefile-variables.mk
YACCS-OLD/YACC1-2020 July 2021 backup/Software/Sequencer Card/old & obselete/uCode-Generator copy/nbproject/Package-Debug.bash	archive/superseded-revisions/sequencer-card-old/uCode-Generator copy/nbproject/Package-Debug.bash	archive/superseded-revisions/snapshot-2021-07/Software/Sequencer Card/old & obselete/uCode-Generator copy/nbproject/Package-Debug.bash
YACCS-OLD/YACC1-2020 July 2021 backup/Software/Sequencer Card/old & obselete/uCode-Generator copy/nbproject/Package-Release.bash	archive/superseded-revisions/sequencer-card-old/uCode-Generator copy/nbproject/Package-Release.bash	archive/superseded-revisions/snapshot-2021-07/Software/Sequencer Card/old & obselete/uCode-Generator copy/nbproject/Package-Release.bash
YACCS-OLD/YACC1-2020 July 2021 backup/Software/Sequencer Card/old & obselete/uCode-Generator copy/nbproject/configurations.xml	archive/superseded-revisions/sequencer-card-old/uCode-Generator copy/nbproject/configurations.xml	archive/superseded-revisions/snapshot-2021-07/Software/Sequencer Card/old & obselete/uCode-Generator copy/nbproject/configurations.xml
YACCS-OLD/YACC1-2020 July 2021 backup/Software/Sequencer Card/old & obselete/uCode-Generator copy/nbproject/project.xml	archive/superseded-revisions/sequencer-card-old/uCode-Generator copy/nbproject/project.xml	archive/superseded-revisions/snapshot-2021-07/Software/Sequencer Card/old & obselete/uCode-Generator copy/nbproject/project.xml
YACCS-OLD/YACC1-2020 July 2021 backup/Software/Sequencer Card/old & obselete/uCode-Generator copy/signal.h	archive/superseded-revisions/sequencer-card-old/uCode-Generator copy/signal.h	archive/superseded-revisions/snapshot-2021-07/Software/Sequencer Card/old & obselete/uCode-Generator copy/signal.h
YACCS-OLD/YACC1-2020 July 2021 backup/Software/Sequencer Card/old & obselete/uCode-Generator copy/test.123	archive/superseded-revisions/sequencer-card-old/uCode-Generator copy/test.123	archive/superseded-revisions/snapshot-2021-07/Software/Sequencer Card/old & obselete/uCode-Generator copy/test.123
YACCS-OLD/YACC1-2020 July 2021 backup/Software/Sequencer Card/old & obselete/uCode-Generator copy/test.hex	archive/superseded-revisions/sequencer-card-old/uCode-Generator copy/test.hex	archive/superseded-revisions/snapshot-2021-07/Software/Sequencer Card/old & obselete/uCode-Generator copy/test.hex
YACCS-OLD/YACC1-2020 July 2021 backup/Software/Sequencer Card/old & obselete/uCode-Generator copy/test.hex.short.hex	archive/superseded-revisions/sequencer-card-old/uCode-Generator copy/test.hex.short.hex	archive/superseded-revisions/snapshot-2021-07/Software/Sequencer Card/old & obselete/uCode-Generator copy/test.hex.short.hex
YACCS-OLD/YACC1-2020 July 2021 backup/Software/Sequencer Card/old & obselete/uCode-Generator copy/test.hexz	archive/superseded-revisions/sequencer-card-old/uCode-Generator copy/test.hexz	archive/superseded-revisions/snapshot-2021-07/Software/Sequencer Card/old & obselete/uCode-Generator copy/test.hexz
YACCS-OLD/YACC1-2020 July 2021 backup/Software/Sequencer Card/uCode-Generator/CodeGen.h	archive/superseded-revisions/ucode-generator-v1/CodeGen.h	archive/superseded-revisions/snapshot-2021-07/Software/Sequencer Card/uCode-Generator/CodeGen.h
YACCS-OLD/YACC1-2020 July 2021 backup/Software/Sequencer Card/uCode-Generator/accumulator.c	archive/superseded-revisions/ucode-generator-v1/accumulator.c	archive/superseded-revisions/snapshot-2021-07/Software/Sequencer Card/uCode-Generator/accumulator.c
YACCS-OLD/YACC1-2020 July 2021 backup/Software/Sequencer Card/uCode-Generator/branch.c	archive/superseded-revisions/ucode-generator-v1/branch.c	archive/superseded-revisions/snapshot-2021-07/Software/Sequencer Card/uCode-Generator/branch.c
YACCS-OLD/YACC1-2020 July 2021 backup/Software/Sequencer Card/uCode-Generator/cache.old	archive/conflict-losers/newgit/Software/Sequencer Card/uCode-Generator2/cache.old	archive/superseded-revisions/snapshot-2021-07/Software/Sequencer Card/uCode-Generator/cache.old
YACCS-OLD/YACC1-2020 July 2021 backup/Software/Sequencer Card/uCode-Generator/code.h	archive/superseded-revisions/ucode-generator-v1/code.h	archive/superseded-revisions/snapshot-2021-07/Software/Sequencer Card/uCode-Generator/code.h
YACCS-OLD/YACC1-2020 July 2021 backup/Software/Sequencer Card/uCode-Generator/code.h.orig.h	archive/superseded-revisions/sequencer-card-old/uCode-Generator copy/code.h.orig.h	archive/superseded-revisions/snapshot-2021-07/Software/Sequencer Card/uCode-Generator/code.h.orig.h
YACCS-OLD/YACC1-2020 July 2021 backup/Software/Sequencer Card/uCode-Generator/controlLine.c	archive/superseded-revisions/ucode-generator-v1/controlLine.c	archive/superseded-revisions/snapshot-2021-07/Software/Sequencer Card/uCode-Generator/controlLine.c
YACCS-OLD/YACC1-2020 July 2021 backup/Software/Sequencer Card/uCode-Generator/io.c	archive/superseded-revisions/ucode-generator-v1/io.c	archive/superseded-revisions/snapshot-2021-07/Software/Sequencer Card/uCode-Generator/io.c
YACCS-OLD/YACC1-2020 July 2021 backup/Software/Sequencer Card/uCode-Generator/main.c	archive/superseded-revisions/ucode-generator-v1/main.c	archive/superseded-revisions/snapshot-2021-07/Software/Sequencer Card/uCode-Generator/main.c
YACCS-OLD/YACC1-2020 July 2021 backup/Software/Sequencer Card/uCode-Generator/main.c.aug18.c	archive/superseded-revisions/ucode-generator-v1/main.c.aug18.c	archive/superseded-revisions/snapshot-2021-07/Software/Sequencer Card/uCode-Generator/main.c.aug18.c
YACCS-OLD/YACC1-2020 July 2021 backup/Software/Sequencer Card/uCode-Generator/memory.c	archive/superseded-revisions/ucode-generator-v1/memory.c	archive/superseded-revisions/snapshot-2021-07/Software/Sequencer Card/uCode-Generator/memory.c
YACCS-OLD/YACC1-2020 July 2021 backup/Software/Sequencer Card/uCode-Generator/nbproject/Makefile-Debug.mk	archive/superseded-revisions/ucode-generator-v1/nbproject/Makefile-Debug.mk	archive/superseded-revisions/snapshot-2021-07/Software/Sequencer Card/uCode-Generator/nbproject/Makefile-Debug.mk
YACCS-OLD/YACC1-2020 July 2021 backup/Software/Sequencer Card/uCode-Generator/nbproject/Makefile-Release.mk	archive/superseded-revisions/ucode-generator-v1/nbproject/Makefile-Release.mk	archive/superseded-revisions/snapshot-2021-07/Software/Sequencer Card/uCode-Generator/nbproject/Makefile-Release.mk
YACCS-OLD/YACC1-2020 July 2021 backup/Software/Sequencer Card/uCode-Generator/nbproject/Makefile-impl.mk	archive/superseded-revisions/sequencer-card-old/uCode-Generator copy/nbproject/Makefile-impl.mk	archive/superseded-revisions/snapshot-2021-07/Software/Sequencer Card/uCode-Generator/nbproject/Makefile-impl.mk
YACCS-OLD/YACC1-2020 July 2021 backup/Software/Sequencer Card/uCode-Generator/nbproject/Makefile-variables.mk	archive/superseded-revisions/sequencer-card-old/uCode-Generator copy/nbproject/Makefile-variables.mk	archive/superseded-revisions/snapshot-2021-07/Software/Sequencer Card/uCode-Generator/nbproject/Makefile-variables.mk
YACCS-OLD/YACC1-2020 July 2021 backup/Software/Sequencer Card/uCode-Generator/nbproject/Package-Debug.bash	archive/superseded-revisions/sequencer-card-old/uCode-Generator copy/nbproject/Package-Debug.bash	archive/superseded-revisions/snapshot-2021-07/Software/Sequencer Card/uCode-Generator/nbproject/Package-Debug.bash
YACCS-OLD/YACC1-2020 July 2021 backup/Software/Sequencer Card/uCode-Generator/nbproject/Package-Release.bash	archive/superseded-revisions/sequencer-card-old/uCode-Generator copy/nbproject/Package-Release.bash	archive/superseded-revisions/snapshot-2021-07/Software/Sequencer Card/uCode-Generator/nbproject/Package-Release.bash
YACCS-OLD/YACC1-2020 July 2021 backup/Software/Sequencer Card/uCode-Generator/nbproject/configurations.xml	archive/superseded-revisions/ucode-generator-v1/nbproject/configurations.xml	archive/superseded-revisions/snapshot-2021-07/Software/Sequencer Card/uCode-Generator/nbproject/configurations.xml
YACCS-OLD/YACC1-2020 July 2021 backup/Software/Sequencer Card/uCode-Generator/nbproject/project.xml	archive/superseded-revisions/sequencer-card-old/uCode-Generator copy/nbproject/project.xml	archive/superseded-revisions/snapshot-2021-07/Software/Sequencer Card/uCode-Generator/nbproject/project.xml
YACCS-OLD/YACC1-2020 July 2021 backup/Software/Sequencer Card/uCode-Generator/on-off-loop	archive/superseded-revisions/ucode-generator-v1/on-off-loop	archive/superseded-revisions/snapshot-2021-07/Software/Sequencer Card/uCode-Generator/on-off-loop
YACCS-OLD/YACC1-2020 July 2021 backup/Software/Sequencer Card/uCode-Generator/register.c	archive/superseded-revisions/ucode-generator-v1/register.c	archive/superseded-revisions/snapshot-2021-07/Software/Sequencer Card/uCode-Generator/register.c
YACCS-OLD/YACC1-2020 July 2021 backup/Software/Sequencer Card/uCode-Generator/test.hex.short.hex	archive/superseded-revisions/sequencer-card-old/uCode-Generator copy/test.hex.short.hex	archive/superseded-revisions/snapshot-2021-07/Software/Sequencer Card/uCode-Generator/test.hex.short.hex
YACCS-OLD/YACC1-2020 July 2021 backup/Software/Sequencer Card/uCode-Generator/yaccsignal.h.old.h	archive/superseded-revisions/ucode-generator-v1/yaccsignal.h.old.h	archive/superseded-revisions/snapshot-2021-07/Software/Sequencer Card/uCode-Generator/yaccsignal.h.old.h
YACCS-OLD/YACC1-2020 July 2021 backup/Software/Sequencer Card/uCode-Generator2/CodeGen.h	firmware/microcode/ucode-generator2/CodeGen.h	archive/superseded-revisions/snapshot-2021-07/Software/Sequencer Card/uCode-Generator2/CodeGen.h
YACCS-OLD/YACC1-2020 July 2021 backup/Software/Sequencer Card/uCode-Generator2/accumulator.c	firmware/microcode/ucode-generator2/accumulator.c	archive/superseded-revisions/snapshot-2021-07/Software/Sequencer Card/uCode-Generator2/accumulator.c
YACCS-OLD/YACC1-2020 July 2021 backup/Software/Sequencer Card/uCode-Generator2/branch.c	firmware/microcode/ucode-generator2/branch.c	archive/superseded-revisions/snapshot-2021-07/Software/Sequencer Card/uCode-Generator2/branch.c
YACCS-OLD/YACC1-2020 July 2021 backup/Software/Sequencer Card/uCode-Generator2/cache	firmware/microcode/ucode-generator2/cache	archive/superseded-revisions/snapshot-2021-07/Software/Sequencer Card/uCode-Generator2/cache
YACCS-OLD/YACC1-2020 July 2021 backup/Software/Sequencer Card/uCode-Generator2/code.h	firmware/microcode/ucode-generator2/code.h	archive/superseded-revisions/snapshot-2021-07/Software/Sequencer Card/uCode-Generator2/code.h
YACCS-OLD/YACC1-2020 July 2021 backup/Software/Sequencer Card/uCode-Generator2/controlLine.c	firmware/microcode/ucode-generator2/controlLine.c	archive/superseded-revisions/snapshot-2021-07/Software/Sequencer Card/uCode-Generator2/controlLine.c
YACCS-OLD/YACC1-2020 July 2021 backup/Software/Sequencer Card/uCode-Generator2/io.c	firmware/microcode/ucode-generator2/io.c	archive/superseded-revisions/snapshot-2021-07/Software/Sequencer Card/uCode-Generator2/io.c
YACCS-OLD/YACC1-2020 July 2021 backup/Software/Sequencer Card/uCode-Generator2/main.c	firmware/microcode/ucode-generator2/main.c	archive/superseded-revisions/snapshot-2021-07/Software/Sequencer Card/uCode-Generator2/main.c
YACCS-OLD/YACC1-2020 July 2021 backup/Software/Sequencer Card/uCode-Generator2/memory.c	firmware/microcode/ucode-generator2/memory.c	archive/superseded-revisions/snapshot-2021-07/Software/Sequencer Card/uCode-Generator2/memory.c
YACCS-OLD/YACC1-2020 July 2021 backup/Software/Sequencer Card/uCode-Generator2/nbproject/Makefile-Debug.mk	firmware/microcode/ucode-generator2/nbproject/Makefile-Debug.mk	archive/superseded-revisions/snapshot-2021-07/Software/Sequencer Card/uCode-Generator2/nbproject/Makefile-Debug.mk
YACCS-OLD/YACC1-2020 July 2021 backup/Software/Sequencer Card/uCode-Generator2/nbproject/Makefile-Release.mk	firmware/microcode/ucode-generator2/nbproject/Makefile-Release.mk	archive/superseded-revisions/snapshot-2021-07/Software/Sequencer Card/uCode-Generator2/nbproject/Makefile-Release.mk
YACCS-OLD/YACC1-2020 July 2021 backup/Software/Sequencer Card/uCode-Generator2/nbproject/Makefile-impl.mk	firmware/microcode/ucode-generator2/nbproject/Makefile-impl.mk	archive/superseded-revisions/snapshot-2021-07/Software/Sequencer Card/uCode-Generator2/nbproject/Makefile-impl.mk
YACCS-OLD/YACC1-2020 July 2021 backup/Software/Sequencer Card/uCode-Generator2/nbproject/Makefile-variables.mk	firmware/microcode/ucode-generator2/nbproject/Makefile-variables.mk	archive/superseded-revisions/snapshot-2021-07/Software/Sequencer Card/uCode-Generator2/nbproject/Makefile-variables.mk
YACCS-OLD/YACC1-2020 July 2021 backup/Software/Sequencer Card/uCode-Generator2/nbproject/Package-Debug.bash	firmware/microcode/ucode-generator2/nbproject/Package-Debug.bash	archive/superseded-revisions/snapshot-2021-07/Software/Sequencer Card/uCode-Generator2/nbproject/Package-Debug.bash
YACCS-OLD/YACC1-2020 July 2021 backup/Software/Sequencer Card/uCode-Generator2/nbproject/Package-Release.bash	firmware/microcode/ucode-generator2/nbproject/Package-Release.bash	archive/superseded-revisions/snapshot-2021-07/Software/Sequencer Card/uCode-Generator2/nbproject/Package-Release.bash
YACCS-OLD/YACC1-2020 July 2021 backup/Software/Sequencer Card/uCode-Generator2/nbproject/configurations.xml	firmware/microcode/ucode-generator2/nbproject/configurations.xml	archive/superseded-revisions/snapshot-2021-07/Software/Sequencer Card/uCode-Generator2/nbproject/configurations.xml
YACCS-OLD/YACC1-2020 July 2021 backup/Software/Sequencer Card/uCode-Generator2/nbproject/project.xml	firmware/microcode/ucode-generator2/nbproject/project.xml	archive/superseded-revisions/snapshot-2021-07/Software/Sequencer Card/uCode-Generator2/nbproject/project.xml
YACCS-OLD/YACC1-2020 July 2021 backup/Software/Sequencer Card/uCode-Generator2/register.c	firmware/microcode/ucode-generator2/register.c	archive/superseded-revisions/snapshot-2021-07/Software/Sequencer Card/uCode-Generator2/register.c
YACCS-OLD/YACC1-2020 July 2021 backup/Software/Sequencer Card/uCode-Generator2/test.123	firmware/microcode/ucode-generator2/test.123	archive/superseded-revisions/snapshot-2021-07/Software/Sequencer Card/uCode-Generator2/test.123
YACCS-OLD/YACC1-2020 July 2021 backup/Software/Sequencer Card/uCode-Generator2/test.hex	firmware/microcode/ucode-generator2/test.hex	archive/superseded-revisions/snapshot-2021-07/Software/Sequencer Card/uCode-Generator2/test.hex
YACCS-OLD/YACC1-2020 July 2021 backup/Software/Sequencer Card/uCode-Generator2/test.hex copy	archive/superseded-revisions/snapshot-2021-07/Software/Sequencer Card/uCode-Generator/test.hex	archive/superseded-revisions/snapshot-2021-07/Software/Sequencer Card/uCode-Generator2/test.hex copy
YACCS-OLD/YACC1-2020 July 2021 backup/Software/Sequencer Card/uCode-Generator2/test.hexz	firmware/microcode/ucode-generator2/test.hex	archive/superseded-revisions/snapshot-2021-07/Software/Sequencer Card/uCode-Generator2/test.hexz
YACCS-OLD/YACC1-2020 July 2021 backup/Software/Sequencer Card/uCode-Generator2/test.hexz copy	archive/superseded-revisions/snapshot-2021-07/Software/Sequencer Card/uCode-Generator/test.hexz	archive/superseded-revisions/snapshot-2021-07/Software/Sequencer Card/uCode-Generator2/test.hexz copy
YACCS-OLD/YACC1-2020 July 2021 backup/Software/Sequencer Card/yaccsignaldata.h	archive/superseded-revisions/ucode-generator-v1/yaccsignaldata.h	archive/superseded-revisions/snapshot-2021-07/Software/Sequencer Card/yaccsignaldata.h
YACCS-OLD/YACC1-2020 July 2021 backup/Software/Sequencer Card/yaccsignaldata2.h	firmware/microcode/yaccsignaldata2.h	archive/superseded-revisions/snapshot-2021-07/Software/Sequencer Card/yaccsignaldata2.h
YACCS-OLD/YACC1-2020 July 2021 backup/Software/Sequencer Card/yaccsignaldefine.h	firmware/microcode/yaccsignaldefine.h	archive/superseded-revisions/snapshot-2021-07/Software/Sequencer Card/yaccsignaldefine.h
YACCS-OLD/YACC1-2020 July 2021 backup/Software/emulator/nbproject/Makefile-variables.mk	archive/superseded-revisions/software-old-obsolete/Emulator/nbproject/Makefile-variables.mk	archive/superseded-revisions/snapshot-2021-07/Software/emulator/nbproject/Makefile-variables.mk
YACCS-OLD/YACC1-2020 July 2021 backup/Software/emulator/nbproject/Package-Debug.bash	archive/superseded-revisions/software-old-obsolete/Emulator/nbproject/Package-Debug.bash	archive/superseded-revisions/snapshot-2021-07/Software/emulator/nbproject/Package-Debug.bash
YACCS-OLD/YACC1-2020 July 2021 backup/Software/emulator/nbproject/Package-Release.bash	archive/superseded-revisions/software-old-obsolete/Emulator/nbproject/Package-Release.bash	archive/superseded-revisions/snapshot-2021-07/Software/emulator/nbproject/Package-Release.bash
YACCS-OLD/YACC1-2020 July 2021 backup/Software/ubasic-master-orig/LICENSE	software/ubasic-c/ubasic-master-orig/LICENSE	archive/superseded-revisions/snapshot-2021-07/Software/ubasic-master-orig/LICENSE
YACCS-OLD/YACC1-2020 July 2021 backup/Software/ubasic-master-orig/Makefile	software/ubasic-c/ubasic-master-orig/Makefile	archive/superseded-revisions/snapshot-2021-07/Software/ubasic-master-orig/Makefile
YACCS-OLD/YACC1-2020 July 2021 backup/Software/ubasic-master-orig/README.md	software/ubasic-c/ubasic-master-orig/README.md	archive/superseded-revisions/snapshot-2021-07/Software/ubasic-master-orig/README.md
YACCS-OLD/YACC1-2020 July 2021 backup/Software/ubasic-master-orig/nbproject/configurations.xml	software/ubasic-c/ubasic-master-orig/nbproject/configurations.xml	archive/superseded-revisions/snapshot-2021-07/Software/ubasic-master-orig/nbproject/configurations.xml
YACCS-OLD/YACC1-2020 July 2021 backup/Software/ubasic-master-orig/nbproject/project.xml	software/ubasic-c/ubasic-master-orig/nbproject/project.xml	archive/superseded-revisions/snapshot-2021-07/Software/ubasic-master-orig/nbproject/project.xml
YACCS-OLD/YACC1-2020 July 2021 backup/Software/ubasic-master-orig/tests.c	software/ubasic-c/ubasic-master-orig/tests.c	archive/superseded-revisions/snapshot-2021-07/Software/ubasic-master-orig/tests.c
YACCS-OLD/YACC1-2020 July 2021 backup/Software/ubasic-master-orig/tokenizer.c	software/ubasic-c/ubasic-master-orig/tokenizer.c	archive/superseded-revisions/snapshot-2021-07/Software/ubasic-master-orig/tokenizer.c
YACCS-OLD/YACC1-2020 July 2021 backup/Software/ubasic-master-orig/tokenizer.h	software/ubasic-c/ubasic-master-orig/tokenizer.h	archive/superseded-revisions/snapshot-2021-07/Software/ubasic-master-orig/tokenizer.h
YACCS-OLD/YACC1-2020 July 2021 backup/Software/ubasic-master-orig/ubasic.c	software/ubasic-c/ubasic-master-orig/ubasic.c	archive/superseded-revisions/snapshot-2021-07/Software/ubasic-master-orig/ubasic.c
YACCS-OLD/YACC1-2020 July 2021 backup/Software/ubasic-master-orig/ubasic.h	software/ubasic-c/ubasic-master-orig/ubasic.h	archive/superseded-revisions/snapshot-2021-07/Software/ubasic-master-orig/ubasic.h
YACCS-OLD/YACC1-2020 July 2021 backup/Software/ubasic-master-orig/use-ubasic	archive/conflict-losers/newgit/Software/ubasic-master-orig/use-ubasic	archive/superseded-revisions/snapshot-2021-07/Software/ubasic-master-orig/use-ubasic
YACCS-OLD/YACC1-2020 July 2021 backup/Software/ubasic-master-orig/use-ubasic.c	software/ubasic-c/ubasic-master-orig/use-ubasic.c	archive/superseded-revisions/snapshot-2021-07/Software/ubasic-master-orig/use-ubasic.c
YACCS-OLD/YACC1-2020 July 2021 backup/Software/ubasic-master-orig/vartype.h	software/ubasic-c/ubasic-master-orig/vartype.h	archive/superseded-revisions/snapshot-2021-07/Software/ubasic-master-orig/vartype.h
YACCS-OLD/YACC1-2020 July 2021 backup/Software/ubasic-master/LICENSE	software/ubasic-c/ubasic-master-orig/LICENSE	archive/superseded-revisions/snapshot-2021-07/Software/ubasic-master/LICENSE
YACCS-OLD/YACC1-2020 July 2021 backup/Software/ubasic-master/Makefile	software/ubasic-c/ubasic-master/Makefile.netbeans	archive/superseded-revisions/snapshot-2021-07/Software/ubasic-master/Makefile
YACCS-OLD/YACC1-2020 July 2021 backup/Software/ubasic-master/README.md	software/ubasic-c/ubasic-master-orig/README.md	archive/superseded-revisions/snapshot-2021-07/Software/ubasic-master/README.md
YACCS-OLD/YACC1-2020 July 2021 backup/Software/ubasic-master/nbproject/configurations.xml	software/ubasic-c/ubasic-master-orig/nbproject/configurations.xml	archive/superseded-revisions/snapshot-2021-07/Software/ubasic-master/nbproject/configurations.xml
YACCS-OLD/YACC1-2020 July 2021 backup/Software/ubasic-master/nbproject/project.xml	software/ubasic-c/ubasic-master/nbproject/project.xml	archive/superseded-revisions/snapshot-2021-07/Software/ubasic-master/nbproject/project.xml
YACCS-OLD/YACC1-2020 July 2021 backup/Software/ubasic-master/tests.c	software/ubasic-c/ubasic-master-orig/tests.c	archive/superseded-revisions/snapshot-2021-07/Software/ubasic-master/tests.c
YACCS-OLD/YACC1-2020 July 2021 backup/Software/ubasic-master/tokenizer.c	archive/conflict-losers/YACC1-2020/Software-vs/ubasic-master/tokenizer.c	archive/superseded-revisions/snapshot-2021-07/Software/ubasic-master/tokenizer.c
YACCS-OLD/YACC1-2020 July 2021 backup/Software/ubasic-master/tokenizer.h	software/ubasic-c/ubasic-master-orig/tokenizer.h	archive/superseded-revisions/snapshot-2021-07/Software/ubasic-master/tokenizer.h
YACCS-OLD/YACC1-2020 July 2021 backup/Software/ubasic-master/ubasic.c	archive/conflict-losers/YACC1-2020/Software-vs/ubasic-master/ubasic.c	archive/superseded-revisions/snapshot-2021-07/Software/ubasic-master/ubasic.c
YACCS-OLD/YACC1-2020 July 2021 backup/Software/ubasic-master/ubasic.h	archive/conflict-losers/YACC1-2020/Software-vs/ubasic-master/ubasic.h	archive/superseded-revisions/snapshot-2021-07/Software/ubasic-master/ubasic.h
YACCS-OLD/YACC1-2020 July 2021 backup/Software/ubasic-master/use-ubasic.c	archive/conflict-losers/YACC1-2020/Software-vs/ubasic-master/use-ubasic.c	archive/superseded-revisions/snapshot-2021-07/Software/ubasic-master/use-ubasic.c
YACCS-OLD/YACC1-2020 July 2021 backup/Software/ubasic-master/vartype.h	software/ubasic-c/ubasic-master-orig/vartype.h	archive/superseded-revisions/snapshot-2021-07/Software/ubasic-master/vartype.h
YACCS-OLD/YACC1-2020 July 2021 backup/Software/ubasic-master/x.tb	software/ubasic-c/ubasic-master/x.tb	archive/superseded-revisions/snapshot-2021-07/Software/ubasic-master/x.tb
YACCS-OLD/YACC1-2020 July 2021 backup/Status.md	docs/history/status-2021.md	archive/superseded-revisions/snapshot-2021-07/Status.md
YACCS-OLD/YACC1-2020 July 2021 backup/Utilities/Eagle/Design-Rules/oshpark-2layer.cam	hardware/libraries/eagle/Design-Rules/oshpark-2layer.cam	archive/superseded-revisions/snapshot-2021-07/Utilities/Eagle/Design-Rules/oshpark-2layer.cam
YACCS-OLD/YACC1-2020 July 2021 backup/Utilities/Eagle/Design-Rules/oshpark-2layer.dru	hardware/libraries/eagle/Design-Rules/oshpark-2layer.dru	archive/superseded-revisions/snapshot-2021-07/Utilities/Eagle/Design-Rules/oshpark-2layer.dru
YACCS-OLD/YACC1-2020 July 2021 backup/Utilities/Eagle/Design-Rules/oshpark-4layer.cam	hardware/libraries/eagle/Design-Rules/oshpark-4layer.cam	archive/superseded-revisions/snapshot-2021-07/Utilities/Eagle/Design-Rules/oshpark-4layer.cam
YACCS-OLD/YACC1-2020 July 2021 backup/Utilities/Eagle/Design-Rules/oshpark-4layer.dru	hardware/libraries/eagle/Design-Rules/oshpark-4layer.dru	archive/superseded-revisions/snapshot-2021-07/Utilities/Eagle/Design-Rules/oshpark-4layer.dru
YACCS-OLD/YACC1-2020 July 2021 backup/Utilities/Eagle/Libraries/Adafruit-Eagle-Library-master/README.md	hardware/libraries/eagle/Libraries/Adafruit-Eagle-Library-master/README.md	archive/superseded-revisions/snapshot-2021-07/Utilities/Eagle/Libraries/Adafruit-Eagle-Library-master/README.md
YACCS-OLD/YACC1-2020 July 2021 backup/Utilities/Eagle/Libraries/Adafruit-Eagle-Library-master/README.txt	hardware/libraries/eagle/Libraries/Adafruit-Eagle-Library-master/README.md	archive/superseded-revisions/snapshot-2021-07/Utilities/Eagle/Libraries/Adafruit-Eagle-Library-master/README.txt
YACCS-OLD/YACC1-2020 July 2021 backup/Utilities/Eagle/Libraries/Adafruit-Eagle-Library-master/adafruit.lbr	hardware/libraries/eagle/Libraries/Adafruit-Eagle-Library-master/adafruit.lbr	archive/superseded-revisions/snapshot-2021-07/Utilities/Eagle/Libraries/Adafruit-Eagle-Library-master/adafruit.lbr
YACCS-OLD/YACC1-2020 July 2021 backup/Utilities/Eagle/Libraries/SparkFun-Eagle-Libraries-master/LilyPad-Wearables.lbr	hardware/libraries/eagle/Libraries/SparkFun-Eagle-Libraries-master/LilyPad-Wearables.lbr	archive/superseded-revisions/snapshot-2021-07/Utilities/Eagle/Libraries/SparkFun-Eagle-Libraries-master/LilyPad-Wearables.lbr
YACCS-OLD/YACC1-2020 July 2021 backup/Utilities/Eagle/Libraries/SparkFun-Eagle-Libraries-master/SparkFun-Aesthetics.lbr	hardware/libraries/eagle/Libraries/SparkFun-Eagle-Libraries-master/SparkFun-Aesthetics.lbr	archive/superseded-revisions/snapshot-2021-07/Utilities/Eagle/Libraries/SparkFun-Eagle-Libraries-master/SparkFun-Aesthetics.lbr
YACCS-OLD/YACC1-2020 July 2021 backup/Utilities/Eagle/Libraries/SparkFun-Eagle-Libraries-master/SparkFun-Batteries.lbr	hardware/libraries/eagle/Libraries/SparkFun-Eagle-Libraries-master/SparkFun-Batteries.lbr	archive/superseded-revisions/snapshot-2021-07/Utilities/Eagle/Libraries/SparkFun-Eagle-Libraries-master/SparkFun-Batteries.lbr
YACCS-OLD/YACC1-2020 July 2021 backup/Utilities/Eagle/Libraries/SparkFun-Eagle-Libraries-master/SparkFun-Boards.lbr	hardware/libraries/eagle/Libraries/SparkFun-Eagle-Libraries-master/SparkFun-Boards.lbr	archive/superseded-revisions/snapshot-2021-07/Utilities/Eagle/Libraries/SparkFun-Eagle-Libraries-master/SparkFun-Boards.lbr
YACCS-OLD/YACC1-2020 July 2021 backup/Utilities/Eagle/Libraries/SparkFun-Eagle-Libraries-master/SparkFun-Capacitors.lbr	hardware/libraries/eagle/Libraries/SparkFun-Eagle-Libraries-master/SparkFun-Capacitors.lbr	archive/superseded-revisions/snapshot-2021-07/Utilities/Eagle/Libraries/SparkFun-Eagle-Libraries-master/SparkFun-Capacitors.lbr
YACCS-OLD/YACC1-2020 July 2021 backup/Utilities/Eagle/Libraries/SparkFun-Eagle-Libraries-master/SparkFun-Clocks.lbr	hardware/libraries/eagle/Libraries/SparkFun-Eagle-Libraries-master/SparkFun-Clocks.lbr	archive/superseded-revisions/snapshot-2021-07/Utilities/Eagle/Libraries/SparkFun-Eagle-Libraries-master/SparkFun-Clocks.lbr
YACCS-OLD/YACC1-2020 July 2021 backup/Utilities/Eagle/Libraries/SparkFun-Eagle-Libraries-master/SparkFun-Coils.lbr	hardware/libraries/eagle/Libraries/SparkFun-Eagle-Libraries-master/SparkFun-Coils.lbr	archive/superseded-revisions/snapshot-2021-07/Utilities/Eagle/Libraries/SparkFun-Eagle-Libraries-master/SparkFun-Coils.lbr
YACCS-OLD/YACC1-2020 July 2021 backup/Utilities/Eagle/Libraries/SparkFun-Eagle-Libraries-master/SparkFun-Connectors.lbr	hardware/libraries/eagle/Libraries/SparkFun-Eagle-Libraries-master/SparkFun-Connectors.lbr	archive/superseded-revisions/snapshot-2021-07/Utilities/Eagle/Libraries/SparkFun-Eagle-Libraries-master/SparkFun-Connectors.lbr
YACCS-OLD/YACC1-2020 July 2021 backup/Utilities/Eagle/Libraries/SparkFun-Eagle-Libraries-master/SparkFun-DiscreteSemi.lbr	hardware/libraries/eagle/Libraries/SparkFun-Eagle-Libraries-master/SparkFun-DiscreteSemi.lbr	archive/superseded-revisions/snapshot-2021-07/Utilities/Eagle/Libraries/SparkFun-Eagle-Libraries-master/SparkFun-DiscreteSemi.lbr
YACCS-OLD/YACC1-2020 July 2021 backup/Utilities/Eagle/Libraries/SparkFun-Eagle-Libraries-master/SparkFun-Displays.lbr	hardware/libraries/eagle/Libraries/SparkFun-Eagle-Libraries-master/SparkFun-Displays.lbr	archive/superseded-revisions/snapshot-2021-07/Utilities/Eagle/Libraries/SparkFun-Eagle-Libraries-master/SparkFun-Displays.lbr
YACCS-OLD/YACC1-2020 July 2021 backup/Utilities/Eagle/Libraries/SparkFun-Eagle-Libraries-master/SparkFun-Electromechanical.lbr	hardware/libraries/eagle/Libraries/SparkFun-Eagle-Libraries-master/SparkFun-Electromechanical.lbr	archive/superseded-revisions/snapshot-2021-07/Utilities/Eagle/Libraries/SparkFun-Eagle-Libraries-master/SparkFun-Electromechanical.lbr
YACCS-OLD/YACC1-2020 July 2021 backup/Utilities/Eagle/Libraries/SparkFun-Eagle-Libraries-master/SparkFun-Fuses.lbr	hardware/libraries/eagle/Libraries/SparkFun-Eagle-Libraries-master/SparkFun-Fuses.lbr	archive/superseded-revisions/snapshot-2021-07/Utilities/Eagle/Libraries/SparkFun-Eagle-Libraries-master/SparkFun-Fuses.lbr
YACCS-OLD/YACC1-2020 July 2021 backup/Utilities/Eagle/Libraries/SparkFun-Eagle-Libraries-master/SparkFun-GPS.lbr	hardware/libraries/eagle/Libraries/SparkFun-Eagle-Libraries-master/SparkFun-GPS.lbr	archive/superseded-revisions/snapshot-2021-07/Utilities/Eagle/Libraries/SparkFun-Eagle-Libraries-master/SparkFun-GPS.lbr
YACCS-OLD/YACC1-2020 July 2021 backup/Utilities/Eagle/Libraries/SparkFun-Eagle-Libraries-master/SparkFun-Hardware.lbr	hardware/libraries/eagle/Libraries/SparkFun-Eagle-Libraries-master/SparkFun-Hardware.lbr	archive/superseded-revisions/snapshot-2021-07/Utilities/Eagle/Libraries/SparkFun-Eagle-Libraries-master/SparkFun-Hardware.lbr
YACCS-OLD/YACC1-2020 July 2021 backup/Utilities/Eagle/Libraries/SparkFun-Eagle-Libraries-master/SparkFun-IC-Amplifiers.lbr	hardware/libraries/eagle/Libraries/SparkFun-Eagle-Libraries-master/SparkFun-IC-Amplifiers.lbr	archive/superseded-revisions/snapshot-2021-07/Utilities/Eagle/Libraries/SparkFun-Eagle-Libraries-master/SparkFun-IC-Amplifiers.lbr
YACCS-OLD/YACC1-2020 July 2021 backup/Utilities/Eagle/Libraries/SparkFun-Eagle-Libraries-master/SparkFun-IC-Comms.lbr	hardware/libraries/eagle/Libraries/SparkFun-Eagle-Libraries-master/SparkFun-IC-Comms.lbr	archive/superseded-revisions/snapshot-2021-07/Utilities/Eagle/Libraries/SparkFun-Eagle-Libraries-master/SparkFun-IC-Comms.lbr
YACCS-OLD/YACC1-2020 July 2021 backup/Utilities/Eagle/Libraries/SparkFun-Eagle-Libraries-master/SparkFun-IC-Conversion.lbr	hardware/libraries/eagle/Libraries/SparkFun-Eagle-Libraries-master/SparkFun-IC-Conversion.lbr	archive/superseded-revisions/snapshot-2021-07/Utilities/Eagle/Libraries/SparkFun-Eagle-Libraries-master/SparkFun-IC-Conversion.lbr
YACCS-OLD/YACC1-2020 July 2021 backup/Utilities/Eagle/Libraries/SparkFun-Eagle-Libraries-master/SparkFun-IC-Logic.lbr	hardware/libraries/eagle/Libraries/SparkFun-Eagle-Libraries-master/SparkFun-IC-Logic.lbr	archive/superseded-revisions/snapshot-2021-07/Utilities/Eagle/Libraries/SparkFun-Eagle-Libraries-master/SparkFun-IC-Logic.lbr
YACCS-OLD/YACC1-2020 July 2021 backup/Utilities/Eagle/Libraries/SparkFun-Eagle-Libraries-master/SparkFun-IC-Memory.lbr	hardware/libraries/eagle/Libraries/SparkFun-Eagle-Libraries-master/SparkFun-IC-Memory.lbr	archive/superseded-revisions/snapshot-2021-07/Utilities/Eagle/Libraries/SparkFun-Eagle-Libraries-master/SparkFun-IC-Memory.lbr
YACCS-OLD/YACC1-2020 July 2021 backup/Utilities/Eagle/Libraries/SparkFun-Eagle-Libraries-master/SparkFun-IC-Microcontroller.lbr	hardware/libraries/eagle/Libraries/SparkFun-Eagle-Libraries-master/SparkFun-IC-Microcontroller.lbr	archive/superseded-revisions/snapshot-2021-07/Utilities/Eagle/Libraries/SparkFun-Eagle-Libraries-master/SparkFun-IC-Microcontroller.lbr
YACCS-OLD/YACC1-2020 July 2021 backup/Utilities/Eagle/Libraries/SparkFun-Eagle-Libraries-master/SparkFun-IC-Power.lbr	hardware/libraries/eagle/Libraries/SparkFun-Eagle-Libraries-master/SparkFun-IC-Power.lbr	archive/superseded-revisions/snapshot-2021-07/Utilities/Eagle/Libraries/SparkFun-Eagle-Libraries-master/SparkFun-IC-Power.lbr
YACCS-OLD/YACC1-2020 July 2021 backup/Utilities/Eagle/Libraries/SparkFun-Eagle-Libraries-master/SparkFun-IC-Special-Function.lbr	hardware/libraries/eagle/Libraries/SparkFun-Eagle-Libraries-master/SparkFun-IC-Special-Function.lbr	archive/superseded-revisions/snapshot-2021-07/Utilities/Eagle/Libraries/SparkFun-Eagle-Libraries-master/SparkFun-IC-Special-Function.lbr
YACCS-OLD/YACC1-2020 July 2021 backup/Utilities/Eagle/Libraries/SparkFun-Eagle-Libraries-master/SparkFun-Jumpers.lbr	hardware/libraries/eagle/Libraries/SparkFun-Eagle-Libraries-master/SparkFun-Jumpers.lbr	archive/superseded-revisions/snapshot-2021-07/Utilities/Eagle/Libraries/SparkFun-Eagle-Libraries-master/SparkFun-Jumpers.lbr
YACCS-OLD/YACC1-2020 July 2021 backup/Utilities/Eagle/Libraries/SparkFun-Eagle-Libraries-master/SparkFun-LED.lbr	hardware/libraries/eagle/Libraries/SparkFun-Eagle-Libraries-master/SparkFun-LED.lbr	archive/superseded-revisions/snapshot-2021-07/Utilities/Eagle/Libraries/SparkFun-Eagle-Libraries-master/SparkFun-LED.lbr
YACCS-OLD/YACC1-2020 July 2021 backup/Utilities/Eagle/Libraries/SparkFun-Eagle-Libraries-master/SparkFun-PowerSymbols.lbr	hardware/libraries/eagle/Libraries/SparkFun-Eagle-Libraries-master/SparkFun-PowerSymbols.lbr	archive/superseded-revisions/snapshot-2021-07/Utilities/Eagle/Libraries/SparkFun-Eagle-Libraries-master/SparkFun-PowerSymbols.lbr
YACCS-OLD/YACC1-2020 July 2021 backup/Utilities/Eagle/Libraries/SparkFun-Eagle-Libraries-master/SparkFun-RF.lbr	hardware/libraries/eagle/Libraries/SparkFun-Eagle-Libraries-master/SparkFun-RF.lbr	archive/superseded-revisions/snapshot-2021-07/Utilities/Eagle/Libraries/SparkFun-Eagle-Libraries-master/SparkFun-RF.lbr
YACCS-OLD/YACC1-2020 July 2021 backup/Utilities/Eagle/Libraries/SparkFun-Eagle-Libraries-master/SparkFun-Resistors.lbr	hardware/libraries/eagle/Libraries/SparkFun-Eagle-Libraries-master/SparkFun-Resistors.lbr	archive/superseded-revisions/snapshot-2021-07/Utilities/Eagle/Libraries/SparkFun-Eagle-Libraries-master/SparkFun-Resistors.lbr
YACCS-OLD/YACC1-2020 July 2021 backup/Utilities/Eagle/Libraries/SparkFun-Eagle-Libraries-master/SparkFun-Retired.lbr	hardware/libraries/eagle/Libraries/SparkFun-Eagle-Libraries-master/SparkFun-Retired.lbr	archive/superseded-revisions/snapshot-2021-07/Utilities/Eagle/Libraries/SparkFun-Eagle-Libraries-master/SparkFun-Retired.lbr
YACCS-OLD/YACC1-2020 July 2021 backup/Utilities/Eagle/Libraries/SparkFun-Eagle-Libraries-master/SparkFun-Sensors.lbr	hardware/libraries/eagle/Libraries/SparkFun-Eagle-Libraries-master/SparkFun-Sensors.lbr	archive/superseded-revisions/snapshot-2021-07/Utilities/Eagle/Libraries/SparkFun-Eagle-Libraries-master/SparkFun-Sensors.lbr
YACCS-OLD/YACC1-2020 July 2021 backup/Utilities/Eagle/Libraries/SparkFun-Eagle-Libraries-master/SparkFun-Switches.lbr	hardware/libraries/eagle/Libraries/SparkFun-Eagle-Libraries-master/SparkFun-Switches.lbr	archive/superseded-revisions/snapshot-2021-07/Utilities/Eagle/Libraries/SparkFun-Eagle-Libraries-master/SparkFun-Switches.lbr
YACCS-OLD/YACC1-2020 July 2021 backup/Utilities/Eagle/Libraries/SparkFun-Eagle-Libraries-master/User-Submitted.lbr	hardware/libraries/eagle/Libraries/SparkFun-Eagle-Libraries-master/User-Submitted.lbr	archive/superseded-revisions/snapshot-2021-07/Utilities/Eagle/Libraries/SparkFun-Eagle-Libraries-master/User-Submitted.lbr
YACCS-OLD/YACC1-2020 July 2021 backup/Utilities/Eagle/Libraries/SparkFun-Eagle-Libraries-master/images/CourtyardExcess.png	hardware/libraries/eagle/Libraries/SparkFun-Eagle-Libraries-master/images/CourtyardExcess.png	archive/superseded-revisions/snapshot-2021-07/Utilities/Eagle/Libraries/SparkFun-Eagle-Libraries-master/images/CourtyardExcess.png
YACCS-OLD/YACC1-2020 July 2021 backup/Utilities/Eagle/Libraries/SparkFun-Eagle-Libraries-master/images/FootprintExample.png	hardware/libraries/eagle/Libraries/SparkFun-Eagle-Libraries-master/images/FootprintExample.png	archive/superseded-revisions/snapshot-2021-07/Utilities/Eagle/Libraries/SparkFun-Eagle-Libraries-master/images/FootprintExample.png
YACCS-OLD/YACC1-2020 July 2021 backup/Utilities/Eagle/Libraries/SparkFun-Eagle-Libraries-master/images/SymbolExample.png	hardware/libraries/eagle/Libraries/SparkFun-Eagle-Libraries-master/images/SymbolExample.png	archive/superseded-revisions/snapshot-2021-07/Utilities/Eagle/Libraries/SparkFun-Eagle-Libraries-master/images/SymbolExample.png
YACCS-OLD/YACC1-2020 July 2021 backup/Utilities/Eagle/Libraries/SparkFun-Eagle-Libraries-master/readme.md	hardware/libraries/eagle/Libraries/SparkFun-Eagle-Libraries-master/readme.md	archive/superseded-revisions/snapshot-2021-07/Utilities/Eagle/Libraries/SparkFun-Eagle-Libraries-master/readme.md
YACCS-OLD/YACC1-2020 July 2021 backup/Utilities/arduino/Readme.md	embedded/libraries/Readme.md	archive/superseded-revisions/snapshot-2021-07/Utilities/arduino/Readme.md
YACCS-OLD/YACC1-2020 July 2021 backup/Utilities/clocker/clocker.ino	embedded/clocker/clocker.ino	archive/superseded-revisions/snapshot-2021-07/Utilities/clocker/clocker.ino
YACCS-OLD/YACC1-2020 July 2021 backup/YACC1-2020 Opcodes - Sheet1-3.pdf	archive/conflict-losers/newgit/YACC1-2020 Opcodes - Sheet1-3.pdf	archive/superseded-revisions/snapshot-2021-07/YACC1-2020 Opcodes - Sheet1-3.pdf
YACCS-OLD/YACC1-2020-OLD/YACC1 Connector - V3.0.pdf	docs/system/connector/YACC1 Connector - V3 - June-18-2020.pdf	archive/superseded-revisions/snapshot-2021-01-old/YACC1 Connector - V3.0.pdf
YACCS-OLD/YACC1-2020-ORIG/Data Sheets/1802 Microprocessor Instructions.pdf	docs/datasheets/1802 Microprocessor Instructions.pdf	archive/superseded-revisions/snapshot-2020-08-orig/Data Sheets/1802 Microprocessor Instructions.pdf
YACCS-OLD/YACC1-2020-ORIG/Data Sheets/24lc512.pdf	docs/datasheets/24lc512.pdf	archive/superseded-revisions/snapshot-2020-08-orig/Data Sheets/24lc512.pdf
YACCS-OLD/YACC1-2020-ORIG/Data Sheets/24lc64.pdf	docs/datasheets/24lc64.pdf	archive/superseded-revisions/snapshot-2020-08-orig/Data Sheets/24lc64.pdf
YACCS-OLD/YACC1-2020-ORIG/Data Sheets/27c256.pdf	docs/datasheets/27c256.pdf	archive/superseded-revisions/snapshot-2020-08-orig/Data Sheets/27c256.pdf
YACCS-OLD/YACC1-2020-ORIG/Data Sheets/27c64.pdf	docs/datasheets/27c64.pdf	archive/superseded-revisions/snapshot-2020-08-orig/Data Sheets/27c64.pdf
YACCS-OLD/YACC1-2020-ORIG/Data Sheets/74139.pdf	docs/datasheets/74139.pdf	archive/superseded-revisions/snapshot-2020-08-orig/Data Sheets/74139.pdf
YACCS-OLD/YACC1-2020-ORIG/Data Sheets/74150.pdf	docs/datasheets/74150.pdf	archive/superseded-revisions/snapshot-2020-08-orig/Data Sheets/74150.pdf
YACCS-OLD/YACC1-2020-ORIG/Data Sheets/74192.pdf	docs/datasheets/74192.pdf	archive/superseded-revisions/snapshot-2020-08-orig/Data Sheets/74192.pdf
YACCS-OLD/YACC1-2020-ORIG/Data Sheets/74194.pdf	docs/datasheets/74194.pdf	archive/superseded-revisions/snapshot-2020-08-orig/Data Sheets/74194.pdf
YACCS-OLD/YACC1-2020-ORIG/Data Sheets/74240.pdf	docs/datasheets/74240.pdf	archive/superseded-revisions/snapshot-2020-08-orig/Data Sheets/74240.pdf
YACCS-OLD/YACC1-2020-ORIG/Data Sheets/74244.pdf	docs/datasheets/74244.pdf	archive/superseded-revisions/snapshot-2020-08-orig/Data Sheets/74244.pdf
YACCS-OLD/YACC1-2020-ORIG/Data Sheets/74245.pdf	docs/datasheets/74245.pdf	archive/superseded-revisions/snapshot-2020-08-orig/Data Sheets/74245.pdf
YACCS-OLD/YACC1-2020-ORIG/Data Sheets/74374.pdf	docs/datasheets/74374.pdf	archive/superseded-revisions/snapshot-2020-08-orig/Data Sheets/74374.pdf
YACCS-OLD/YACC1-2020-ORIG/Data Sheets/744078.pdf	docs/datasheets/744078.pdf	archive/superseded-revisions/snapshot-2020-08-orig/Data Sheets/744078.pdf
YACCS-OLD/YACC1-2020-ORIG/Data Sheets/7474.pdf	docs/datasheets/7474.pdf	archive/superseded-revisions/snapshot-2020-08-orig/Data Sheets/7474.pdf
YACCS-OLD/YACC1-2020-ORIG/Data Sheets/7483.pdf	docs/datasheets/7483.pdf	archive/superseded-revisions/snapshot-2020-08-orig/Data Sheets/7483.pdf
YACCS-OLD/YACC1-2020-ORIG/Data Sheets/7485.pdf	docs/datasheets/7485.pdf	archive/superseded-revisions/snapshot-2020-08-orig/Data Sheets/7485.pdf
YACCS-OLD/YACC1-2020-ORIG/Data Sheets/74HC_HCT04.pdf	docs/datasheets/74HC_HCT04.pdf	archive/superseded-revisions/snapshot-2020-08-orig/Data Sheets/74HC_HCT04.pdf
YACCS-OLD/YACC1-2020-ORIG/Data Sheets/AS6C6264.pdf	docs/datasheets/AS6C6264.pdf	archive/superseded-revisions/snapshot-2020-08-orig/Data Sheets/AS6C6264.pdf
YACCS-OLD/YACC1-2020-ORIG/Data Sheets/MAX220-MAX249.pdf	docs/datasheets/MAX220-MAX249.pdf	archive/superseded-revisions/snapshot-2020-08-orig/Data Sheets/MAX220-MAX249.pdf
YACCS-OLD/YACC1-2020-ORIG/Data Sheets/MX25L4006E, 3V, 4Mb, v1.6.pdf	docs/datasheets/MX25L4006E, 3V, 4Mb, v1.6.pdf	archive/superseded-revisions/snapshot-2020-08-orig/Data Sheets/MX25L4006E, 3V, 4Mb, v1.6.pdf
YACCS-OLD/YACC1-2020-ORIG/Data Sheets/PC16550D.pdf	docs/datasheets/PC16550D.pdf	archive/superseded-revisions/snapshot-2020-08-orig/Data Sheets/PC16550D.pdf
YACCS-OLD/YACC1-2020-ORIG/Data Sheets/TIL311-1.pdf	docs/datasheets/TIL311-1.pdf	archive/superseded-revisions/snapshot-2020-08-orig/Data Sheets/TIL311-1.pdf
YACCS-OLD/YACC1-2020-ORIG/Data Sheets/UM245R.pdf	docs/datasheets/UM245R.pdf	archive/superseded-revisions/snapshot-2020-08-orig/Data Sheets/UM245R.pdf
YACCS-OLD/YACC1-2020-ORIG/Data Sheets/til311.pdf	docs/datasheets/til311.pdf	archive/superseded-revisions/snapshot-2020-08-orig/Data Sheets/til311.pdf
YACCS-OLD/YACC1-2020-ORIG/Eagle/Design-Rules/oshpark-2layer.cam	hardware/libraries/eagle/Design-Rules/oshpark-2layer.cam	archive/superseded-revisions/snapshot-2020-08-orig/Eagle/Design-Rules/oshpark-2layer.cam
YACCS-OLD/YACC1-2020-ORIG/Eagle/Design-Rules/oshpark-2layer.dru	hardware/libraries/eagle/Design-Rules/oshpark-2layer.dru	archive/superseded-revisions/snapshot-2020-08-orig/Eagle/Design-Rules/oshpark-2layer.dru
YACCS-OLD/YACC1-2020-ORIG/Eagle/Design-Rules/oshpark-4layer.cam	hardware/libraries/eagle/Design-Rules/oshpark-4layer.cam	archive/superseded-revisions/snapshot-2020-08-orig/Eagle/Design-Rules/oshpark-4layer.cam
YACCS-OLD/YACC1-2020-ORIG/Eagle/Design-Rules/oshpark-4layer.dru	hardware/libraries/eagle/Design-Rules/oshpark-4layer.dru	archive/superseded-revisions/snapshot-2020-08-orig/Eagle/Design-Rules/oshpark-4layer.dru
YACCS-OLD/YACC1-2020-ORIG/NOTES Jan 2:17 orig.rtf	docs/history/NOTES Jan 2-17 orig.rtf	archive/superseded-revisions/snapshot-2020-08-orig/NOTES Jan 2-17 orig.rtf
YACCS-OLD/YACC1-2020-ORIG/NOTES Jan 2:17.rtf	docs/history/general-notes/NOTES-Update from old project.rtf	archive/superseded-revisions/snapshot-2020-08-orig/NOTES Jan 2-17.rtf
YACCS-OLD/YACC1-2020-ORIG/PCB/Production/BUS-PROD-V1.1/gerbers.zip	hardware/bus/backplane/eagle/deprecated/v1.1/fab/gerbers.zip	archive/superseded-revisions/snapshot-2020-08-orig/PCB/Production/BUS-PROD-V1.1/gerbers.zip
YACCS-OLD/YACC1-2020-ORIG/PCB/Production/BUS-PROD-V1.1/yacc2buss.brd	hardware/bus/backplane/eagle/deprecated/v1.1/yacc2buss.brd	archive/superseded-revisions/snapshot-2020-08-orig/PCB/Production/BUS-PROD-V1.1/yacc2buss.brd
YACCS-OLD/YACC1-2020-ORIG/PCB/Production/BUS-PROD-V1.1/yacc2buss.dri	hardware/bus/backplane/eagle/deprecated/v1.1/fab/yacc2buss.dri	archive/superseded-revisions/snapshot-2020-08-orig/PCB/Production/BUS-PROD-V1.1/yacc2buss.dri
YACCS-OLD/YACC1-2020-ORIG/PCB/Production/BUS-PROD-V1.1/yacc2buss.gpi	hardware/bus/backplane/eagle/deprecated/v1.1/fab/yacc2buss.gpi	archive/superseded-revisions/snapshot-2020-08-orig/PCB/Production/BUS-PROD-V1.1/yacc2buss.gpi
YACCS-OLD/YACC1-2020-ORIG/PCB/Production/BUS-PROD-V1.1/yacc2buss.pro	hardware/bus/backplane/eagle/deprecated/v1.1/yacc2buss.pro	archive/superseded-revisions/snapshot-2020-08-orig/PCB/Production/BUS-PROD-V1.1/yacc2buss.pro
YACCS-OLD/YACC1-2020-ORIG/PCB/Production/BUS-PROD-V1.1/yacc2buss.sch	hardware/bus/backplane/eagle/deprecated/v1.1/yacc2buss.sch	archive/superseded-revisions/snapshot-2020-08-orig/PCB/Production/BUS-PROD-V1.1/yacc2buss.sch
YACCS-OLD/YACC1-2020-ORIG/PCB/Production/Bus Jumper Horizontal V3.2/CAMOutputs/Assembly/Jumper Board Horizontal V3.1.txt	hardware/bus/bus-jumper-horizontal/eagle/v3.2/fab/CAMOutputs/Assembly/Jumper Board Horizontal V3.1.txt	archive/superseded-revisions/snapshot-2020-08-orig/PCB/Production/Bus Jumper Horizontal V3.2/CAMOutputs/Assembly/Jumper Board Horizontal V3.1.txt
YACCS-OLD/YACC1-2020-ORIG/PCB/Production/Bus Jumper Horizontal V3.2/CAMOutputs/DrillFiles/drill_1_16.xln	hardware/bus/bus-jumper-horizontal/eagle/v3.2/fab/CAMOutputs/DrillFiles/drill_1_16.xln	archive/superseded-revisions/snapshot-2020-08-orig/PCB/Production/Bus Jumper Horizontal V3.2/CAMOutputs/DrillFiles/drill_1_16.xln
YACCS-OLD/YACC1-2020-ORIG/PCB/Production/Bus Jumper Horizontal V3.2/CAMOutputs/GerberFiles/Archive.zip	hardware/bus/bus-jumper-horizontal/eagle/v3.2/fab/CAMOutputs/GerberFiles/Archive.zip	archive/superseded-revisions/snapshot-2020-08-orig/PCB/Production/Bus Jumper Horizontal V3.2/CAMOutputs/GerberFiles/Archive.zip
YACCS-OLD/YACC1-2020-ORIG/PCB/Production/Bus Jumper Horizontal V3.2/CAMOutputs/GerberFiles/copper_bottom_l4.gbr	hardware/bus/bus-jumper-horizontal/eagle/v3.2/fab/CAMOutputs/GerberFiles/copper_bottom_l4.gbr	archive/superseded-revisions/snapshot-2020-08-orig/PCB/Production/Bus Jumper Horizontal V3.2/CAMOutputs/GerberFiles/copper_bottom_l4.gbr
YACCS-OLD/YACC1-2020-ORIG/PCB/Production/Bus Jumper Horizontal V3.2/CAMOutputs/GerberFiles/copper_inner_l2.gbr	hardware/bus/bus-jumper-horizontal/eagle/v3.2/fab/CAMOutputs/GerberFiles/copper_inner_l2.gbr	archive/superseded-revisions/snapshot-2020-08-orig/PCB/Production/Bus Jumper Horizontal V3.2/CAMOutputs/GerberFiles/copper_inner_l2.gbr
YACCS-OLD/YACC1-2020-ORIG/PCB/Production/Bus Jumper Horizontal V3.2/CAMOutputs/GerberFiles/copper_inner_l3.gbr	hardware/bus/bus-jumper-horizontal/eagle/v3.2/fab/CAMOutputs/GerberFiles/copper_inner_l3.gbr	archive/superseded-revisions/snapshot-2020-08-orig/PCB/Production/Bus Jumper Horizontal V3.2/CAMOutputs/GerberFiles/copper_inner_l3.gbr
YACCS-OLD/YACC1-2020-ORIG/PCB/Production/Bus Jumper Horizontal V3.2/CAMOutputs/GerberFiles/copper_top_l1.gbr	hardware/bus/bus-jumper-horizontal/eagle/v3.2/fab/CAMOutputs/GerberFiles/copper_top_l1.gbr	archive/superseded-revisions/snapshot-2020-08-orig/PCB/Production/Bus Jumper Horizontal V3.2/CAMOutputs/GerberFiles/copper_top_l1.gbr
YACCS-OLD/YACC1-2020-ORIG/PCB/Production/Bus Jumper Horizontal V3.2/CAMOutputs/GerberFiles/drill_1_16.xln	hardware/bus/bus-jumper-horizontal/eagle/v3.2/fab/CAMOutputs/DrillFiles/drill_1_16.xln	archive/superseded-revisions/snapshot-2020-08-orig/PCB/Production/Bus Jumper Horizontal V3.2/CAMOutputs/GerberFiles/drill_1_16.xln
YACCS-OLD/YACC1-2020-ORIG/PCB/Production/Bus Jumper Horizontal V3.2/CAMOutputs/GerberFiles/gerber_job.gbrjob	hardware/bus/bus-jumper-horizontal/eagle/v3.2/fab/CAMOutputs/GerberFiles/gerber_job.gbrjob	archive/superseded-revisions/snapshot-2020-08-orig/PCB/Production/Bus Jumper Horizontal V3.2/CAMOutputs/GerberFiles/gerber_job.gbrjob
YACCS-OLD/YACC1-2020-ORIG/PCB/Production/Bus Jumper Horizontal V3.2/CAMOutputs/GerberFiles/profile.gbr	hardware/bus/bus-jumper-horizontal/eagle/v3.2/fab/CAMOutputs/GerberFiles/profile.gbr	archive/superseded-revisions/snapshot-2020-08-orig/PCB/Production/Bus Jumper Horizontal V3.2/CAMOutputs/GerberFiles/profile.gbr
YACCS-OLD/YACC1-2020-ORIG/PCB/Production/Bus Jumper Horizontal V3.2/CAMOutputs/GerberFiles/silkscreen_top.gbr	hardware/bus/bus-jumper-horizontal/eagle/deprecated/v3.0/fab/CAMOutputs/GerberFiles/silkscreen_top.gbr	archive/superseded-revisions/snapshot-2020-08-orig/PCB/Production/Bus Jumper Horizontal V3.2/CAMOutputs/GerberFiles/silkscreen_top.gbr
YACCS-OLD/YACC1-2020-ORIG/PCB/Production/Bus Jumper Horizontal V3.2/CAMOutputs/GerberFiles/soldermask_bottom.gbr	hardware/bus/bus-jumper-horizontal/eagle/v3.2/fab/CAMOutputs/GerberFiles/soldermask_bottom.gbr	archive/superseded-revisions/snapshot-2020-08-orig/PCB/Production/Bus Jumper Horizontal V3.2/CAMOutputs/GerberFiles/soldermask_bottom.gbr
YACCS-OLD/YACC1-2020-ORIG/PCB/Production/Bus Jumper Horizontal V3.2/CAMOutputs/GerberFiles/soldermask_top.gbr	hardware/bus/bus-jumper-horizontal/eagle/v3.2/fab/CAMOutputs/GerberFiles/soldermask_top.gbr	archive/superseded-revisions/snapshot-2020-08-orig/PCB/Production/Bus Jumper Horizontal V3.2/CAMOutputs/GerberFiles/soldermask_top.gbr
YACCS-OLD/YACC1-2020-ORIG/PCB/Production/Bus Jumper Horizontal V3.2/Jumper Board Horizontal V3.1.brd	hardware/bus/bus-jumper-horizontal/eagle/v3.2/Jumper Board Horizontal V3.1.brd	archive/superseded-revisions/snapshot-2020-08-orig/PCB/Production/Bus Jumper Horizontal V3.2/Jumper Board Horizontal V3.1.brd
YACCS-OLD/YACC1-2020-ORIG/PCB/Production/Bus Jumper Horizontal V3.2/Jumper Board Horizontal V3.1.brd.orig	hardware/bus/bus-jumper-horizontal/eagle/v3.2/Jumper Board Horizontal V3.1.brd.orig	archive/superseded-revisions/snapshot-2020-08-orig/PCB/Production/Bus Jumper Horizontal V3.2/Jumper Board Horizontal V3.1.brd.orig
YACCS-OLD/YACC1-2020-ORIG/PCB/Production/Bus Jumper Horizontal V3.2/Jumper Board Horizontal V3.1.pro	hardware/bus/bus-jumper-horizontal/eagle/v3.2/Jumper Board Horizontal V3.1.pro	archive/superseded-revisions/snapshot-2020-08-orig/PCB/Production/Bus Jumper Horizontal V3.2/Jumper Board Horizontal V3.1.pro
YACCS-OLD/YACC1-2020-ORIG/PCB/Production/Bus Jumper Horizontal V3.2/Jumper Board Horizontal V3.1_00.pro	hardware/bus/bus-jumper-horizontal/eagle/v3.2/Jumper Board Horizontal V3.1_00.pro	archive/superseded-revisions/snapshot-2020-08-orig/PCB/Production/Bus Jumper Horizontal V3.2/Jumper Board Horizontal V3.1_00.pro
YACCS-OLD/YACC1-2020-ORIG/PCB/Production/Bus Jumper Horizontal V3.2/Jumper Board Horizontal V3.1_01.pro	hardware/bus/bus-jumper-horizontal/eagle/v3.2/Jumper Board Horizontal V3.1_01.pro	archive/superseded-revisions/snapshot-2020-08-orig/PCB/Production/Bus Jumper Horizontal V3.2/Jumper Board Horizontal V3.1_01.pro
YACCS-OLD/YACC1-2020-ORIG/PCB/Production/Bus Jumper Horizontal V3.2/Jumper Board Horizontal V3.1_02.pro	hardware/bus/bus-jumper-horizontal/eagle/v3.2/Jumper Board Horizontal V3.1_02.pro	archive/superseded-revisions/snapshot-2020-08-orig/PCB/Production/Bus Jumper Horizontal V3.2/Jumper Board Horizontal V3.1_02.pro
YACCS-OLD/YACC1-2020-ORIG/PCB/Production/Bus Jumper Horizontal V3.2/Jumper Board Horizontal V3.1_03.pro	hardware/bus/bus-jumper-horizontal/eagle/v3.2/Jumper Board Horizontal V3.1_03.pro	archive/superseded-revisions/snapshot-2020-08-orig/PCB/Production/Bus Jumper Horizontal V3.2/Jumper Board Horizontal V3.1_03.pro
YACCS-OLD/YACC1-2020-ORIG/PCB/Production/Bus Jumper Horizontal V3.2/Notes.rtf	hardware/bus/bus-jumper-horizontal/eagle/v3.2/Notes.rtf	archive/superseded-revisions/snapshot-2020-08-orig/PCB/Production/Bus Jumper Horizontal V3.2/Notes.rtf
YACCS-OLD/YACC1-2020-ORIG/PCB/Production/Bus Tester V3.1/CAMOutputs/GerberFiles/Archive.zip	hardware/cards/bus-tester/eagle/v3.1/fab/CAMOutputs/GerberFiles/Archive.zip	archive/superseded-revisions/snapshot-2020-08-orig/PCB/Production/Bus Tester V3.1/CAMOutputs/GerberFiles/Archive.zip
YACCS-OLD/YACC1-2020-ORIG/PCB/Unsure - see notes/Bus Tester orig/gerbers.zip	hardware/cards/bus-tester/eagle/v1.1/fab/gerbers.zip	archive/superseded-revisions/snapshot-2020-08-orig/PCB/Unsure - see notes/Bus Tester orig/gerbers.zip
YACCS-OLD/YACC1-2020-ORIG/PCB/Unsure - see notes/Bus Tester orig/tester.dri	hardware/cards/bus-tester/eagle/v1.1/fab/tester.dri	archive/superseded-revisions/snapshot-2020-08-orig/PCB/Unsure - see notes/Bus Tester orig/tester.dri
YACCS-OLD/YACC1-2020-ORIG/PCB/Unsure - see notes/Bus Tester orig/tester.gpi	hardware/cards/bus-tester/eagle/v1.1/fab/tester.gpi	archive/superseded-revisions/snapshot-2020-08-orig/PCB/Unsure - see notes/Bus Tester orig/tester.gpi
YACCS-OLD/YACC1-2020-ORIG/PCB/Unsure - see notes/Bus Tester orig/tester.pro	hardware/cards/bus-tester/eagle/v1.1/tester.pro	archive/superseded-revisions/snapshot-2020-08-orig/PCB/Unsure - see notes/Bus Tester orig/tester.pro
YACCS-OLD/YACC1-2020-ORIG/PCB/Working - Under Develolpment/ALU-V3.1/ALU V3.1.brd	hardware/cards/alu/eagle/deprecated/v3.1-buried-vias/ALU V3.1.brd	archive/superseded-revisions/snapshot-2020-08-orig/PCB/Working - Under Develolpment/ALU-V3.1/ALU V3.1.brd
YACCS-OLD/YACC1-2020-ORIG/PCB/Working - Under Develolpment/ALU-V3.1/ALU V3.1.csv	hardware/cards/alu/eagle/deprecated/v3.1/bom/ALU V3.1.csv	archive/superseded-revisions/snapshot-2020-08-orig/PCB/Working - Under Develolpment/ALU-V3.1/ALU V3.1.csv
YACCS-OLD/YACC1-2020-ORIG/PCB/Working - Under Develolpment/ALU-V3.1/ALU V3.1.sch	hardware/cards/alu/eagle/deprecated/v3.1-buried-vias/ALU V3.1.sch	archive/superseded-revisions/snapshot-2020-08-orig/PCB/Working - Under Develolpment/ALU-V3.1/ALU V3.1.sch
YACCS-OLD/YACC1-2020-ORIG/PCB/Working - Under Develolpment/ALU-V3.1/Notes.rtf	hardware/cards/alu/eagle/deprecated/v3.1/Notes.rtf	archive/superseded-revisions/snapshot-2020-08-orig/PCB/Working - Under Develolpment/ALU-V3.1/Notes.rtf
YACCS-OLD/YACC1-2020-ORIG/PCB/Working - Under Develolpment/ALU-V3.1/alu v31.1	hardware/cards/alu/eagle/deprecated/v3.1/alu v31.1	archive/superseded-revisions/snapshot-2020-08-orig/PCB/Working - Under Develolpment/ALU-V3.1/alu v31.1
YACCS-OLD/YACC1-2020-ORIG/PCB/Working - Under Develolpment/ALU-V3.1/gerbers/CAMOutputs/Assembly/ALU V3.1.txt	hardware/cards/alu/eagle/deprecated/v3.1-buried-vias/fab/gerbers/CAMOutputs/Assembly/ALU V3.1.txt	archive/superseded-revisions/snapshot-2020-08-orig/PCB/Working - Under Develolpment/ALU-V3.1/gerbers/CAMOutputs/Assembly/ALU V3.1.txt
YACCS-OLD/YACC1-2020-ORIG/PCB/Working - Under Develolpment/ALU-V3.1/gerbers/CAMOutputs/DrillFiles/drill_15_16.xln	hardware/cards/alu/eagle/deprecated/v3.1-buried-vias/fab/gerbers/CAMOutputs/DrillFiles/drill_15_16.xln	archive/superseded-revisions/snapshot-2020-08-orig/PCB/Working - Under Develolpment/ALU-V3.1/gerbers/CAMOutputs/DrillFiles/drill_15_16.xln
YACCS-OLD/YACC1-2020-ORIG/PCB/Working - Under Develolpment/ALU-V3.1/gerbers/CAMOutputs/DrillFiles/drill_1_2.xln	hardware/cards/alu/eagle/deprecated/v3.1-buried-vias/fab/gerbers/CAMOutputs/DrillFiles/drill_1_2.xln	archive/superseded-revisions/snapshot-2020-08-orig/PCB/Working - Under Develolpment/ALU-V3.1/gerbers/CAMOutputs/DrillFiles/drill_1_2.xln
YACCS-OLD/YACC1-2020-ORIG/PCB/Working - Under Develolpment/ALU-V3.1/gerbers/CAMOutputs/GerberFiles/Archive.zip	hardware/cards/alu/eagle/deprecated/v3.1-buried-vias/fab/gerbers/CAMOutputs/GerberFiles/Archive.zip	archive/superseded-revisions/snapshot-2020-08-orig/PCB/Working - Under Develolpment/ALU-V3.1/gerbers/CAMOutputs/GerberFiles/Archive.zip
YACCS-OLD/YACC1-2020-ORIG/PCB/Working - Under Develolpment/ALU-V3.1/gerbers/CAMOutputs/GerberFiles/copper_bottom_l4.gbr	hardware/cards/alu/eagle/deprecated/v3.1-buried-vias/fab/gerbers/CAMOutputs/GerberFiles/copper_bottom_l4.gbr	archive/superseded-revisions/snapshot-2020-08-orig/PCB/Working - Under Develolpment/ALU-V3.1/gerbers/CAMOutputs/GerberFiles/copper_bottom_l4.gbr
YACCS-OLD/YACC1-2020-ORIG/PCB/Working - Under Develolpment/ALU-V3.1/gerbers/CAMOutputs/GerberFiles/copper_inner_l2.gbr	hardware/cards/alu/eagle/deprecated/v3.1-buried-vias/fab/gerbers/CAMOutputs/GerberFiles/copper_inner_l2.gbr	archive/superseded-revisions/snapshot-2020-08-orig/PCB/Working - Under Develolpment/ALU-V3.1/gerbers/CAMOutputs/GerberFiles/copper_inner_l2.gbr
YACCS-OLD/YACC1-2020-ORIG/PCB/Working - Under Develolpment/ALU-V3.1/gerbers/CAMOutputs/GerberFiles/copper_inner_l3.gbr	hardware/cards/alu/eagle/deprecated/v3.1-buried-vias/fab/gerbers/CAMOutputs/GerberFiles/copper_inner_l3.gbr	archive/superseded-revisions/snapshot-2020-08-orig/PCB/Working - Under Develolpment/ALU-V3.1/gerbers/CAMOutputs/GerberFiles/copper_inner_l3.gbr
YACCS-OLD/YACC1-2020-ORIG/PCB/Working - Under Develolpment/ALU-V3.1/gerbers/CAMOutputs/GerberFiles/copper_top_l1.gbr	hardware/cards/alu/eagle/deprecated/v3.1-buried-vias/fab/gerbers/CAMOutputs/GerberFiles/copper_top_l1.gbr	archive/superseded-revisions/snapshot-2020-08-orig/PCB/Working - Under Develolpment/ALU-V3.1/gerbers/CAMOutputs/GerberFiles/copper_top_l1.gbr
YACCS-OLD/YACC1-2020-ORIG/PCB/Working - Under Develolpment/ALU-V3.1/gerbers/CAMOutputs/GerberFiles/drill_15_16.xln	hardware/cards/alu/eagle/deprecated/v3.1-buried-vias/fab/gerbers/CAMOutputs/DrillFiles/drill_15_16.xln	archive/superseded-revisions/snapshot-2020-08-orig/PCB/Working - Under Develolpment/ALU-V3.1/gerbers/CAMOutputs/GerberFiles/drill_15_16.xln
YACCS-OLD/YACC1-2020-ORIG/PCB/Working - Under Develolpment/ALU-V3.1/gerbers/CAMOutputs/GerberFiles/drill_1_2.xln	hardware/cards/alu/eagle/deprecated/v3.1-buried-vias/fab/gerbers/CAMOutputs/DrillFiles/drill_1_2.xln	archive/superseded-revisions/snapshot-2020-08-orig/PCB/Working - Under Develolpment/ALU-V3.1/gerbers/CAMOutputs/GerberFiles/drill_1_2.xln
YACCS-OLD/YACC1-2020-ORIG/PCB/Working - Under Develolpment/ALU-V3.1/gerbers/CAMOutputs/GerberFiles/gerber_job.gbrjob	hardware/cards/alu/eagle/deprecated/v3.1-buried-vias/fab/gerbers/CAMOutputs/GerberFiles/gerber_job.gbrjob	archive/superseded-revisions/snapshot-2020-08-orig/PCB/Working - Under Develolpment/ALU-V3.1/gerbers/CAMOutputs/GerberFiles/gerber_job.gbrjob
YACCS-OLD/YACC1-2020-ORIG/PCB/Working - Under Develolpment/ALU-V3.1/gerbers/CAMOutputs/GerberFiles/silkscreen_top.gbr	hardware/cards/alu/eagle/deprecated/v3.1-buried-vias/fab/gerbers/CAMOutputs/GerberFiles/silkscreen_top.gbr	archive/superseded-revisions/snapshot-2020-08-orig/PCB/Working - Under Develolpment/ALU-V3.1/gerbers/CAMOutputs/GerberFiles/silkscreen_top.gbr
YACCS-OLD/YACC1-2020-ORIG/PCB/Working - Under Develolpment/ALU-V3.1/gerbers/CAMOutputs/GerberFiles/soldermask_bottom.gbr	hardware/cards/alu/eagle/deprecated/v3.1-buried-vias/fab/gerbers/CAMOutputs/GerberFiles/soldermask_bottom.gbr	archive/superseded-revisions/snapshot-2020-08-orig/PCB/Working - Under Develolpment/ALU-V3.1/gerbers/CAMOutputs/GerberFiles/soldermask_bottom.gbr
YACCS-OLD/YACC1-2020-ORIG/PCB/Working - Under Develolpment/ALU-V3.1/gerbers/CAMOutputs/GerberFiles/soldermask_top.gbr	hardware/cards/alu/eagle/deprecated/v3.1-buried-vias/fab/gerbers/CAMOutputs/GerberFiles/soldermask_top.gbr	archive/superseded-revisions/snapshot-2020-08-orig/PCB/Working - Under Develolpment/ALU-V3.1/gerbers/CAMOutputs/GerberFiles/soldermask_top.gbr
YACCS-OLD/YACC1-2020-ORIG/PCB/Working - Under Develolpment/ALU-V3.2/ALU V3.1.brd	hardware/cards/alu/eagle/deprecated/v3.1-buried-vias/ALU V3.1.brd	archive/superseded-revisions/snapshot-2020-08-orig/PCB/Working - Under Develolpment/ALU-V3.2/ALU V3.1.brd
YACCS-OLD/YACC1-2020-ORIG/PCB/Working - Under Develolpment/ALU-V3.2/ALU V3.1.sch	hardware/cards/alu/eagle/deprecated/v3.1-buried-vias/ALU V3.1.sch	archive/superseded-revisions/snapshot-2020-08-orig/PCB/Working - Under Develolpment/ALU-V3.2/ALU V3.1.sch
YACCS-OLD/YACC1-2020-ORIG/PCB/Working - Under Develolpment/ALU-V3.2/gerbers/CAMOutputs/Assembly/ALU V3.1.txt	hardware/cards/alu/eagle/deprecated/v3.1-buried-vias/fab/gerbers/CAMOutputs/Assembly/ALU V3.1.txt	archive/superseded-revisions/snapshot-2020-08-orig/PCB/Working - Under Develolpment/ALU-V3.2/gerbers/CAMOutputs/Assembly/ALU V3.1.txt
YACCS-OLD/YACC1-2020-ORIG/PCB/Working - Under Develolpment/ALU-V3.2/gerbers/CAMOutputs/DrillFiles/drill_15_16.xln	hardware/cards/alu/eagle/deprecated/v3.1-buried-vias/fab/gerbers/CAMOutputs/DrillFiles/drill_15_16.xln	archive/superseded-revisions/snapshot-2020-08-orig/PCB/Working - Under Develolpment/ALU-V3.2/gerbers/CAMOutputs/DrillFiles/drill_15_16.xln
YACCS-OLD/YACC1-2020-ORIG/PCB/Working - Under Develolpment/ALU-V3.2/gerbers/CAMOutputs/DrillFiles/drill_1_2.xln	hardware/cards/alu/eagle/deprecated/v3.1-buried-vias/fab/gerbers/CAMOutputs/DrillFiles/drill_1_2.xln	archive/superseded-revisions/snapshot-2020-08-orig/PCB/Working - Under Develolpment/ALU-V3.2/gerbers/CAMOutputs/DrillFiles/drill_1_2.xln
YACCS-OLD/YACC1-2020-ORIG/PCB/Working - Under Develolpment/ALU-V3.2/gerbers/CAMOutputs/GerberFiles/Archive.zip	hardware/cards/alu/eagle/deprecated/v3.1-buried-vias/fab/gerbers/CAMOutputs/GerberFiles/Archive.zip	archive/superseded-revisions/snapshot-2020-08-orig/PCB/Working - Under Develolpment/ALU-V3.2/gerbers/CAMOutputs/GerberFiles/Archive.zip
YACCS-OLD/YACC1-2020-ORIG/PCB/Working - Under Develolpment/ALU-V3.2/gerbers/CAMOutputs/GerberFiles/copper_bottom_l4.gbr	hardware/cards/alu/eagle/deprecated/v3.1-buried-vias/fab/gerbers/CAMOutputs/GerberFiles/copper_bottom_l4.gbr	archive/superseded-revisions/snapshot-2020-08-orig/PCB/Working - Under Develolpment/ALU-V3.2/gerbers/CAMOutputs/GerberFiles/copper_bottom_l4.gbr
YACCS-OLD/YACC1-2020-ORIG/PCB/Working - Under Develolpment/ALU-V3.2/gerbers/CAMOutputs/GerberFiles/copper_inner_l2.gbr	hardware/cards/alu/eagle/deprecated/v3.1-buried-vias/fab/gerbers/CAMOutputs/GerberFiles/copper_inner_l2.gbr	archive/superseded-revisions/snapshot-2020-08-orig/PCB/Working - Under Develolpment/ALU-V3.2/gerbers/CAMOutputs/GerberFiles/copper_inner_l2.gbr
YACCS-OLD/YACC1-2020-ORIG/PCB/Working - Under Develolpment/ALU-V3.2/gerbers/CAMOutputs/GerberFiles/copper_inner_l3.gbr	hardware/cards/alu/eagle/deprecated/v3.1-buried-vias/fab/gerbers/CAMOutputs/GerberFiles/copper_inner_l3.gbr	archive/superseded-revisions/snapshot-2020-08-orig/PCB/Working - Under Develolpment/ALU-V3.2/gerbers/CAMOutputs/GerberFiles/copper_inner_l3.gbr
YACCS-OLD/YACC1-2020-ORIG/PCB/Working - Under Develolpment/ALU-V3.2/gerbers/CAMOutputs/GerberFiles/copper_top_l1.gbr	hardware/cards/alu/eagle/deprecated/v3.1-buried-vias/fab/gerbers/CAMOutputs/GerberFiles/copper_top_l1.gbr	archive/superseded-revisions/snapshot-2020-08-orig/PCB/Working - Under Develolpment/ALU-V3.2/gerbers/CAMOutputs/GerberFiles/copper_top_l1.gbr
YACCS-OLD/YACC1-2020-ORIG/PCB/Working - Under Develolpment/ALU-V3.2/gerbers/CAMOutputs/GerberFiles/drill_15_16.xln	hardware/cards/alu/eagle/deprecated/v3.1-buried-vias/fab/gerbers/CAMOutputs/DrillFiles/drill_15_16.xln	archive/superseded-revisions/snapshot-2020-08-orig/PCB/Working - Under Develolpment/ALU-V3.2/gerbers/CAMOutputs/GerberFiles/drill_15_16.xln
YACCS-OLD/YACC1-2020-ORIG/PCB/Working - Under Develolpment/ALU-V3.2/gerbers/CAMOutputs/GerberFiles/drill_1_2.xln	hardware/cards/alu/eagle/deprecated/v3.1-buried-vias/fab/gerbers/CAMOutputs/DrillFiles/drill_1_2.xln	archive/superseded-revisions/snapshot-2020-08-orig/PCB/Working - Under Develolpment/ALU-V3.2/gerbers/CAMOutputs/GerberFiles/drill_1_2.xln
YACCS-OLD/YACC1-2020-ORIG/PCB/Working - Under Develolpment/ALU-V3.2/gerbers/CAMOutputs/GerberFiles/gerber_job.gbrjob	hardware/cards/alu/eagle/deprecated/v3.1-buried-vias/fab/gerbers/CAMOutputs/GerberFiles/gerber_job.gbrjob	archive/superseded-revisions/snapshot-2020-08-orig/PCB/Working - Under Develolpment/ALU-V3.2/gerbers/CAMOutputs/GerberFiles/gerber_job.gbrjob
YACCS-OLD/YACC1-2020-ORIG/PCB/Working - Under Develolpment/ALU-V3.2/gerbers/CAMOutputs/GerberFiles/silkscreen_top.gbr	hardware/cards/alu/eagle/deprecated/v3.1-buried-vias/fab/gerbers/CAMOutputs/GerberFiles/silkscreen_top.gbr	archive/superseded-revisions/snapshot-2020-08-orig/PCB/Working - Under Develolpment/ALU-V3.2/gerbers/CAMOutputs/GerberFiles/silkscreen_top.gbr
YACCS-OLD/YACC1-2020-ORIG/PCB/Working - Under Develolpment/ALU-V3.2/gerbers/CAMOutputs/GerberFiles/soldermask_bottom.gbr	hardware/cards/alu/eagle/deprecated/v3.1-buried-vias/fab/gerbers/CAMOutputs/GerberFiles/soldermask_bottom.gbr	archive/superseded-revisions/snapshot-2020-08-orig/PCB/Working - Under Develolpment/ALU-V3.2/gerbers/CAMOutputs/GerberFiles/soldermask_bottom.gbr
YACCS-OLD/YACC1-2020-ORIG/PCB/Working - Under Develolpment/ALU-V3.2/gerbers/CAMOutputs/GerberFiles/soldermask_top.gbr	hardware/cards/alu/eagle/deprecated/v3.1-buried-vias/fab/gerbers/CAMOutputs/GerberFiles/soldermask_top.gbr	archive/superseded-revisions/snapshot-2020-08-orig/PCB/Working - Under Develolpment/ALU-V3.2/gerbers/CAMOutputs/GerberFiles/soldermask_top.gbr
YACCS-OLD/YACC1-2020-ORIG/PCB/Working - Under Develolpment/Address and TMP-V1.0/Address and TMP V1.0.brd	hardware/cards/address-tmp/eagle/deprecated/v1.0/Address and TMP V1.0.brd	archive/superseded-revisions/snapshot-2020-08-orig/PCB/Working - Under Develolpment/Address and TMP-V1.0/Address and TMP V1.0.brd
YACCS-OLD/YACC1-2020-ORIG/PCB/Working - Under Develolpment/Address and TMP-V1.0/Address and TMP V1.0.pro	hardware/cards/address-tmp/eagle/deprecated/v1.0/Address and TMP V1.0.pro	archive/superseded-revisions/snapshot-2020-08-orig/PCB/Working - Under Develolpment/Address and TMP-V1.0/Address and TMP V1.0.pro
YACCS-OLD/YACC1-2020-ORIG/PCB/Working - Under Develolpment/Address and TMP-V1.0/Address and TMP V1.0.sch	hardware/cards/address-tmp/eagle/deprecated/v1.0/Address and TMP V1.0.sch	archive/superseded-revisions/snapshot-2020-08-orig/PCB/Working - Under Develolpment/Address and TMP-V1.0/Address and TMP V1.0.sch
YACCS-OLD/YACC1-2020-ORIG/PCB/Working - Under Develolpment/Address and TMP-V1.0/CAMOutputs/Assembly/Address and TMP V1.0.txt	hardware/cards/address-tmp/eagle/deprecated/v1.0/fab/CAMOutputs/Assembly/Address and TMP V1.0.txt	archive/superseded-revisions/snapshot-2020-08-orig/PCB/Working - Under Develolpment/Address and TMP-V1.0/CAMOutputs/Assembly/Address and TMP V1.0.txt
YACCS-OLD/YACC1-2020-ORIG/PCB/Working - Under Develolpment/Address and TMP-V1.0/CAMOutputs/DrillFiles/drill_1_16.xln	hardware/cards/address-tmp/eagle/deprecated/v1.0/fab/CAMOutputs/DrillFiles/drill_1_16.xln	archive/superseded-revisions/snapshot-2020-08-orig/PCB/Working - Under Develolpment/Address and TMP-V1.0/CAMOutputs/DrillFiles/drill_1_16.xln
YACCS-OLD/YACC1-2020-ORIG/PCB/Working - Under Develolpment/Address and TMP-V1.0/CAMOutputs/GerberFiles/Archive.zip	hardware/cards/address-tmp/eagle/deprecated/v1.0/fab/CAMOutputs/GerberFiles/Archive.zip	archive/superseded-revisions/snapshot-2020-08-orig/PCB/Working - Under Develolpment/Address and TMP-V1.0/CAMOutputs/GerberFiles/Archive.zip
YACCS-OLD/YACC1-2020-ORIG/PCB/Working - Under Develolpment/Address and TMP-V1.0/CAMOutputs/GerberFiles/copper_bottom.gbr	hardware/cards/address-tmp/eagle/deprecated/v1.0/fab/CAMOutputs/GerberFiles/copper_bottom.gbr	archive/superseded-revisions/snapshot-2020-08-orig/PCB/Working - Under Develolpment/Address and TMP-V1.0/CAMOutputs/GerberFiles/copper_bottom.gbr
YACCS-OLD/YACC1-2020-ORIG/PCB/Working - Under Develolpment/Address and TMP-V1.0/CAMOutputs/GerberFiles/copper_top.gbr	hardware/cards/address-tmp/eagle/deprecated/v1.0/fab/CAMOutputs/GerberFiles/copper_top.gbr	archive/superseded-revisions/snapshot-2020-08-orig/PCB/Working - Under Develolpment/Address and TMP-V1.0/CAMOutputs/GerberFiles/copper_top.gbr
YACCS-OLD/YACC1-2020-ORIG/PCB/Working - Under Develolpment/Address and TMP-V1.0/CAMOutputs/GerberFiles/drill_1_16.xln	hardware/cards/address-tmp/eagle/deprecated/v1.0/fab/CAMOutputs/DrillFiles/drill_1_16.xln	archive/superseded-revisions/snapshot-2020-08-orig/PCB/Working - Under Develolpment/Address and TMP-V1.0/CAMOutputs/GerberFiles/drill_1_16.xln
YACCS-OLD/YACC1-2020-ORIG/PCB/Working - Under Develolpment/Address and TMP-V1.0/CAMOutputs/GerberFiles/gerber_job.gbrjob	hardware/cards/address-tmp/eagle/deprecated/v1.0/fab/CAMOutputs/GerberFiles/gerber_job.gbrjob	archive/superseded-revisions/snapshot-2020-08-orig/PCB/Working - Under Develolpment/Address and TMP-V1.0/CAMOutputs/GerberFiles/gerber_job.gbrjob
YACCS-OLD/YACC1-2020-ORIG/PCB/Working - Under Develolpment/Address and TMP-V1.0/CAMOutputs/GerberFiles/silkscreen_top.gbr	hardware/cards/address-tmp/eagle/deprecated/v1.0/fab/CAMOutputs/GerberFiles/silkscreen_top.gbr	archive/superseded-revisions/snapshot-2020-08-orig/PCB/Working - Under Develolpment/Address and TMP-V1.0/CAMOutputs/GerberFiles/silkscreen_top.gbr
YACCS-OLD/YACC1-2020-ORIG/PCB/Working - Under Develolpment/Address and TMP-V1.0/CAMOutputs/GerberFiles/soldermask_bottom.gbr	hardware/cards/address-tmp/eagle/deprecated/v1.0/fab/CAMOutputs/GerberFiles/soldermask_bottom.gbr	archive/superseded-revisions/snapshot-2020-08-orig/PCB/Working - Under Develolpment/Address and TMP-V1.0/CAMOutputs/GerberFiles/soldermask_bottom.gbr
YACCS-OLD/YACC1-2020-ORIG/PCB/Working - Under Develolpment/Address and TMP-V1.0/CAMOutputs/GerberFiles/soldermask_top.gbr	hardware/cards/address-tmp/eagle/deprecated/v1.0/fab/CAMOutputs/GerberFiles/soldermask_top.gbr	archive/superseded-revisions/snapshot-2020-08-orig/PCB/Working - Under Develolpment/Address and TMP-V1.0/CAMOutputs/GerberFiles/soldermask_top.gbr
YACCS-OLD/YACC1-2020-ORIG/PCB/Working - Under Develolpment/Blank-V1.0/Blank V1.0.brd	archive/superseded-revisions/blank-v1.0/Blank V1.0.brd	archive/superseded-revisions/snapshot-2020-08-orig/PCB/Working - Under Develolpment/Blank-V1.0/Blank V1.0.brd
YACCS-OLD/YACC1-2020-ORIG/PCB/Working - Under Develolpment/Blank-V1.0/Blank V1.0.sch	archive/superseded-revisions/blank-v1.0/Blank V1.0.sch	archive/superseded-revisions/snapshot-2020-08-orig/PCB/Working - Under Develolpment/Blank-V1.0/Blank V1.0.sch
YACCS-OLD/YACC1-2020-ORIG/PCB/Working - Under Develolpment/Bus Jumper Horizontal V3.2/CAMOutputs/Assembly/Jumper Board Horizontal V3.1.txt	hardware/bus/bus-jumper-horizontal/eagle/v3.2/fab/CAMOutputs/Assembly/Jumper Board Horizontal V3.1.txt	archive/superseded-revisions/snapshot-2020-08-orig/PCB/Working - Under Develolpment/Bus Jumper Horizontal V3.2/CAMOutputs/Assembly/Jumper Board Horizontal V3.1.txt
YACCS-OLD/YACC1-2020-ORIG/PCB/Working - Under Develolpment/Bus Jumper Horizontal V3.2/CAMOutputs/DrillFiles/drill_1_16.xln	hardware/bus/bus-jumper-horizontal/eagle/v3.2/fab/CAMOutputs/DrillFiles/drill_1_16.xln	archive/superseded-revisions/snapshot-2020-08-orig/PCB/Working - Under Develolpment/Bus Jumper Horizontal V3.2/CAMOutputs/DrillFiles/drill_1_16.xln
YACCS-OLD/YACC1-2020-ORIG/PCB/Working - Under Develolpment/Bus Jumper Horizontal V3.2/CAMOutputs/GerberFiles/Archive.zip	hardware/bus/bus-jumper-horizontal/eagle/v3.2/fab/CAMOutputs/GerberFiles/Archive.zip	archive/superseded-revisions/snapshot-2020-08-orig/PCB/Working - Under Develolpment/Bus Jumper Horizontal V3.2/CAMOutputs/GerberFiles/Archive.zip
YACCS-OLD/YACC1-2020-ORIG/PCB/Working - Under Develolpment/Bus Jumper Horizontal V3.2/CAMOutputs/GerberFiles/copper_bottom_l4.gbr	hardware/bus/bus-jumper-horizontal/eagle/v3.2/fab/CAMOutputs/GerberFiles/copper_bottom_l4.gbr	archive/superseded-revisions/snapshot-2020-08-orig/PCB/Working - Under Develolpment/Bus Jumper Horizontal V3.2/CAMOutputs/GerberFiles/copper_bottom_l4.gbr
YACCS-OLD/YACC1-2020-ORIG/PCB/Working - Under Develolpment/Bus Jumper Horizontal V3.2/CAMOutputs/GerberFiles/copper_inner_l2.gbr	hardware/bus/bus-jumper-horizontal/eagle/v3.2/fab/CAMOutputs/GerberFiles/copper_inner_l2.gbr	archive/superseded-revisions/snapshot-2020-08-orig/PCB/Working - Under Develolpment/Bus Jumper Horizontal V3.2/CAMOutputs/GerberFiles/copper_inner_l2.gbr
YACCS-OLD/YACC1-2020-ORIG/PCB/Working - Under Develolpment/Bus Jumper Horizontal V3.2/CAMOutputs/GerberFiles/copper_inner_l3.gbr	hardware/bus/bus-jumper-horizontal/eagle/v3.2/fab/CAMOutputs/GerberFiles/copper_inner_l3.gbr	archive/superseded-revisions/snapshot-2020-08-orig/PCB/Working - Under Develolpment/Bus Jumper Horizontal V3.2/CAMOutputs/GerberFiles/copper_inner_l3.gbr
YACCS-OLD/YACC1-2020-ORIG/PCB/Working - Under Develolpment/Bus Jumper Horizontal V3.2/CAMOutputs/GerberFiles/copper_top_l1.gbr	hardware/bus/bus-jumper-horizontal/eagle/v3.2/fab/CAMOutputs/GerberFiles/copper_top_l1.gbr	archive/superseded-revisions/snapshot-2020-08-orig/PCB/Working - Under Develolpment/Bus Jumper Horizontal V3.2/CAMOutputs/GerberFiles/copper_top_l1.gbr
YACCS-OLD/YACC1-2020-ORIG/PCB/Working - Under Develolpment/Bus Jumper Horizontal V3.2/CAMOutputs/GerberFiles/drill_1_16.xln	hardware/bus/bus-jumper-horizontal/eagle/v3.2/fab/CAMOutputs/DrillFiles/drill_1_16.xln	archive/superseded-revisions/snapshot-2020-08-orig/PCB/Working - Under Develolpment/Bus Jumper Horizontal V3.2/CAMOutputs/GerberFiles/drill_1_16.xln
YACCS-OLD/YACC1-2020-ORIG/PCB/Working - Under Develolpment/Bus Jumper Horizontal V3.2/CAMOutputs/GerberFiles/gerber_job.gbrjob	hardware/bus/bus-jumper-horizontal/eagle/v3.2/fab/CAMOutputs/GerberFiles/gerber_job.gbrjob	archive/superseded-revisions/snapshot-2020-08-orig/PCB/Working - Under Develolpment/Bus Jumper Horizontal V3.2/CAMOutputs/GerberFiles/gerber_job.gbrjob
YACCS-OLD/YACC1-2020-ORIG/PCB/Working - Under Develolpment/Bus Jumper Horizontal V3.2/CAMOutputs/GerberFiles/profile.gbr	hardware/bus/bus-jumper-horizontal/eagle/v3.2/fab/CAMOutputs/GerberFiles/profile.gbr	archive/superseded-revisions/snapshot-2020-08-orig/PCB/Working - Under Develolpment/Bus Jumper Horizontal V3.2/CAMOutputs/GerberFiles/profile.gbr
YACCS-OLD/YACC1-2020-ORIG/PCB/Working - Under Develolpment/Bus Jumper Horizontal V3.2/CAMOutputs/GerberFiles/silkscreen_top.gbr	hardware/bus/bus-jumper-horizontal/eagle/deprecated/v3.0/fab/CAMOutputs/GerberFiles/silkscreen_top.gbr	archive/superseded-revisions/snapshot-2020-08-orig/PCB/Working - Under Develolpment/Bus Jumper Horizontal V3.2/CAMOutputs/GerberFiles/silkscreen_top.gbr
YACCS-OLD/YACC1-2020-ORIG/PCB/Working - Under Develolpment/Bus Jumper Horizontal V3.2/CAMOutputs/GerberFiles/soldermask_bottom.gbr	hardware/bus/bus-jumper-horizontal/eagle/v3.2/fab/CAMOutputs/GerberFiles/soldermask_bottom.gbr	archive/superseded-revisions/snapshot-2020-08-orig/PCB/Working - Under Develolpment/Bus Jumper Horizontal V3.2/CAMOutputs/GerberFiles/soldermask_bottom.gbr
YACCS-OLD/YACC1-2020-ORIG/PCB/Working - Under Develolpment/Bus Jumper Horizontal V3.2/CAMOutputs/GerberFiles/soldermask_top.gbr	hardware/bus/bus-jumper-horizontal/eagle/v3.2/fab/CAMOutputs/GerberFiles/soldermask_top.gbr	archive/superseded-revisions/snapshot-2020-08-orig/PCB/Working - Under Develolpment/Bus Jumper Horizontal V3.2/CAMOutputs/GerberFiles/soldermask_top.gbr
YACCS-OLD/YACC1-2020-ORIG/PCB/Working - Under Develolpment/Bus Jumper Horizontal V3.2/Jumper Board Horizontal V3.1.brd	hardware/bus/bus-jumper-horizontal/eagle/v3.2/Jumper Board Horizontal V3.1.brd	archive/superseded-revisions/snapshot-2020-08-orig/PCB/Working - Under Develolpment/Bus Jumper Horizontal V3.2/Jumper Board Horizontal V3.1.brd
YACCS-OLD/YACC1-2020-ORIG/PCB/Working - Under Develolpment/Bus Jumper Horizontal V3.2/Jumper Board Horizontal V3.1.brd.orig	hardware/bus/bus-jumper-horizontal/eagle/v3.2/Jumper Board Horizontal V3.1.brd.orig	archive/superseded-revisions/snapshot-2020-08-orig/PCB/Working - Under Develolpment/Bus Jumper Horizontal V3.2/Jumper Board Horizontal V3.1.brd.orig
YACCS-OLD/YACC1-2020-ORIG/PCB/Working - Under Develolpment/Bus Jumper Horizontal V3.2/Jumper Board Horizontal V3.1.pro	hardware/bus/bus-jumper-horizontal/eagle/v3.2/Jumper Board Horizontal V3.1.pro	archive/superseded-revisions/snapshot-2020-08-orig/PCB/Working - Under Develolpment/Bus Jumper Horizontal V3.2/Jumper Board Horizontal V3.1.pro
YACCS-OLD/YACC1-2020-ORIG/PCB/Working - Under Develolpment/Bus Jumper Horizontal V3.2/Jumper Board Horizontal V3.1_00.pro	hardware/bus/bus-jumper-horizontal/eagle/v3.2/Jumper Board Horizontal V3.1_00.pro	archive/superseded-revisions/snapshot-2020-08-orig/PCB/Working - Under Develolpment/Bus Jumper Horizontal V3.2/Jumper Board Horizontal V3.1_00.pro
YACCS-OLD/YACC1-2020-ORIG/PCB/Working - Under Develolpment/Bus Jumper Horizontal V3.2/Jumper Board Horizontal V3.1_01.pro	hardware/bus/bus-jumper-horizontal/eagle/v3.2/Jumper Board Horizontal V3.1_01.pro	archive/superseded-revisions/snapshot-2020-08-orig/PCB/Working - Under Develolpment/Bus Jumper Horizontal V3.2/Jumper Board Horizontal V3.1_01.pro
YACCS-OLD/YACC1-2020-ORIG/PCB/Working - Under Develolpment/Bus Jumper Horizontal V3.2/Jumper Board Horizontal V3.1_02.pro	hardware/bus/bus-jumper-horizontal/eagle/v3.2/Jumper Board Horizontal V3.1_02.pro	archive/superseded-revisions/snapshot-2020-08-orig/PCB/Working - Under Develolpment/Bus Jumper Horizontal V3.2/Jumper Board Horizontal V3.1_02.pro
YACCS-OLD/YACC1-2020-ORIG/PCB/Working - Under Develolpment/Bus Jumper Horizontal V3.2/Jumper Board Horizontal V3.1_03.pro	hardware/bus/bus-jumper-horizontal/eagle/v3.2/Jumper Board Horizontal V3.1_03.pro	archive/superseded-revisions/snapshot-2020-08-orig/PCB/Working - Under Develolpment/Bus Jumper Horizontal V3.2/Jumper Board Horizontal V3.1_03.pro
YACCS-OLD/YACC1-2020-ORIG/PCB/Working - Under Develolpment/Bus Jumper Horizontal V3.2/Notes.rtf	hardware/bus/bus-jumper-horizontal/eagle/v3.2/Notes.rtf	archive/superseded-revisions/snapshot-2020-08-orig/PCB/Working - Under Develolpment/Bus Jumper Horizontal V3.2/Notes.rtf
YACCS-OLD/YACC1-2020-ORIG/PCB/Working - Under Develolpment/Bus Template V3.0/Bus V3.0.sch	archive/superseded-revisions/bus-template-v3.0/Bus V3.0.sch	archive/superseded-revisions/snapshot-2020-08-orig/PCB/Working - Under Develolpment/Bus Template V3.0/Bus V3.0.sch
YACCS-OLD/YACC1-2020-ORIG/PCB/Working - Under Develolpment/Bus Template V3.1/Bus V3.1.sch	archive/superseded-revisions/bus-template-v3.1/Bus V3.1.sch	archive/superseded-revisions/snapshot-2020-08-orig/PCB/Working - Under Develolpment/Bus Template V3.1/Bus V3.1.sch
YACCS-OLD/YACC1-2020-ORIG/PCB/Working - Under Develolpment/Memory v1.2/CAMOutputs/Assembly/Memory V1.0.txt	hardware/cards/memory/eagle/deprecated/v1.1/fab/CAMOutputs/Assembly/Memory V1.0.txt	archive/superseded-revisions/snapshot-2020-08-orig/PCB/Working - Under Develolpment/Memory v1.2/CAMOutputs/Assembly/Memory V1.0.txt
YACCS-OLD/YACC1-2020-ORIG/PCB/Working - Under Develolpment/Memory v1.2/CAMOutputs/DrillFiles/drill_1_16.xln	hardware/cards/memory/eagle/deprecated/v1.1/fab/CAMOutputs/DrillFiles/drill_1_16.xln	archive/superseded-revisions/snapshot-2020-08-orig/PCB/Working - Under Develolpment/Memory v1.2/CAMOutputs/DrillFiles/drill_1_16.xln
YACCS-OLD/YACC1-2020-ORIG/PCB/Working - Under Develolpment/Memory v1.2/CAMOutputs/GerberFiles/Archive.zip	hardware/cards/memory/eagle/deprecated/v1.1/fab/CAMOutputs/GerberFiles/Archive.zip	archive/superseded-revisions/snapshot-2020-08-orig/PCB/Working - Under Develolpment/Memory v1.2/CAMOutputs/GerberFiles/Archive.zip
YACCS-OLD/YACC1-2020-ORIG/PCB/Working - Under Develolpment/Memory v1.2/CAMOutputs/GerberFiles/copper_bottom.gbr	hardware/cards/memory/eagle/deprecated/v1.1/fab/CAMOutputs/GerberFiles/copper_bottom.gbr	archive/superseded-revisions/snapshot-2020-08-orig/PCB/Working - Under Develolpment/Memory v1.2/CAMOutputs/GerberFiles/copper_bottom.gbr
YACCS-OLD/YACC1-2020-ORIG/PCB/Working - Under Develolpment/Memory v1.2/CAMOutputs/GerberFiles/copper_top.gbr	hardware/cards/memory/eagle/deprecated/v1.1/fab/CAMOutputs/GerberFiles/copper_top.gbr	archive/superseded-revisions/snapshot-2020-08-orig/PCB/Working - Under Develolpment/Memory v1.2/CAMOutputs/GerberFiles/copper_top.gbr
YACCS-OLD/YACC1-2020-ORIG/PCB/Working - Under Develolpment/Memory v1.2/CAMOutputs/GerberFiles/drill_1_16.xln	hardware/cards/memory/eagle/deprecated/v1.1/fab/CAMOutputs/DrillFiles/drill_1_16.xln	archive/superseded-revisions/snapshot-2020-08-orig/PCB/Working - Under Develolpment/Memory v1.2/CAMOutputs/GerberFiles/drill_1_16.xln
YACCS-OLD/YACC1-2020-ORIG/PCB/Working - Under Develolpment/Memory v1.2/CAMOutputs/GerberFiles/gerber_job.gbrjob	hardware/cards/memory/eagle/deprecated/v1.1/fab/CAMOutputs/GerberFiles/gerber_job.gbrjob	archive/superseded-revisions/snapshot-2020-08-orig/PCB/Working - Under Develolpment/Memory v1.2/CAMOutputs/GerberFiles/gerber_job.gbrjob
YACCS-OLD/YACC1-2020-ORIG/PCB/Working - Under Develolpment/Memory v1.2/CAMOutputs/GerberFiles/silkscreen_top.gbr	hardware/cards/memory/eagle/deprecated/v1.1/fab/CAMOutputs/GerberFiles/silkscreen_top.gbr	archive/superseded-revisions/snapshot-2020-08-orig/PCB/Working - Under Develolpment/Memory v1.2/CAMOutputs/GerberFiles/silkscreen_top.gbr
YACCS-OLD/YACC1-2020-ORIG/PCB/Working - Under Develolpment/Memory v1.2/CAMOutputs/GerberFiles/soldermask_bottom.gbr	hardware/cards/memory/eagle/deprecated/v1.1/fab/CAMOutputs/GerberFiles/soldermask_bottom.gbr	archive/superseded-revisions/snapshot-2020-08-orig/PCB/Working - Under Develolpment/Memory v1.2/CAMOutputs/GerberFiles/soldermask_bottom.gbr
YACCS-OLD/YACC1-2020-ORIG/PCB/Working - Under Develolpment/Memory v1.2/CAMOutputs/GerberFiles/soldermask_top.gbr	hardware/cards/memory/eagle/deprecated/v1.1/fab/CAMOutputs/GerberFiles/soldermask_top.gbr	archive/superseded-revisions/snapshot-2020-08-orig/PCB/Working - Under Develolpment/Memory v1.2/CAMOutputs/GerberFiles/soldermask_top.gbr
YACCS-OLD/YACC1-2020-ORIG/PCB/Working - Under Develolpment/Memory v1.2/Notes.rtf	hardware/cards/memory/eagle/deprecated/v1.2/Notes.rtf	archive/superseded-revisions/snapshot-2020-08-orig/PCB/Working - Under Develolpment/Memory v1.2/Notes.rtf
YACCS-OLD/YACC1-2020-ORIG/PCB/Working - Under Develolpment/Memory v1.2/ROM ZSelect.circ	hardware/cards/memory/eagle/deprecated/v1.1/ROM ZSelect.circ	archive/superseded-revisions/snapshot-2020-08-orig/PCB/Working - Under Develolpment/Memory v1.2/ROM ZSelect.circ
YACCS-OLD/YACC1-2020-ORIG/PCB/Working - Under Develolpment/Sequencer-Logic-v2.0/CAMOutputs/Assembly/Sequencer-Logic-Prod-V2.0.csv	hardware/cards/sequencer-logic/eagle/deprecated/v2.0/fab/CAMOutputs/Assembly/Sequencer-Logic-Prod-V2.0.csv	archive/superseded-revisions/snapshot-2020-08-orig/PCB/Working - Under Develolpment/Sequencer-Logic-v2.0/CAMOutputs/Assembly/Sequencer-Logic-Prod-V2.0.csv
YACCS-OLD/YACC1-2020-ORIG/PCB/Working - Under Develolpment/Sequencer-Logic-v2.0/CAMOutputs/DrillFiles/drill_1_16.xln	hardware/cards/sequencer-logic/eagle/deprecated/v2.0/fab/CAMOutputs/DrillFiles/drill_1_16.xln	archive/superseded-revisions/snapshot-2020-08-orig/PCB/Working - Under Develolpment/Sequencer-Logic-v2.0/CAMOutputs/DrillFiles/drill_1_16.xln
YACCS-OLD/YACC1-2020-ORIG/PCB/Working - Under Develolpment/Sequencer-Logic-v2.0/CAMOutputs/GerberFiles/Archive.zip	hardware/cards/sequencer-logic/eagle/deprecated/v2.0/fab/CAMOutputs/GerberFiles/Archive.zip	archive/superseded-revisions/snapshot-2020-08-orig/PCB/Working - Under Develolpment/Sequencer-Logic-v2.0/CAMOutputs/GerberFiles/Archive.zip
YACCS-OLD/YACC1-2020-ORIG/PCB/Working - Under Develolpment/Sequencer-Logic-v2.0/CAMOutputs/GerberFiles/copper_bottom_l4.gbr	hardware/cards/sequencer-logic/eagle/deprecated/v2.0/fab/CAMOutputs/GerberFiles/copper_bottom_l4.gbr	archive/superseded-revisions/snapshot-2020-08-orig/PCB/Working - Under Develolpment/Sequencer-Logic-v2.0/CAMOutputs/GerberFiles/copper_bottom_l4.gbr
YACCS-OLD/YACC1-2020-ORIG/PCB/Working - Under Develolpment/Sequencer-Logic-v2.0/CAMOutputs/GerberFiles/copper_inner_l2.gbr	hardware/cards/sequencer-logic/eagle/deprecated/v2.0/fab/CAMOutputs/GerberFiles/copper_inner_l2.gbr	archive/superseded-revisions/snapshot-2020-08-orig/PCB/Working - Under Develolpment/Sequencer-Logic-v2.0/CAMOutputs/GerberFiles/copper_inner_l2.gbr
YACCS-OLD/YACC1-2020-ORIG/PCB/Working - Under Develolpment/Sequencer-Logic-v2.0/CAMOutputs/GerberFiles/copper_inner_l3.gbr	hardware/cards/sequencer-logic/eagle/deprecated/v2.0/fab/CAMOutputs/GerberFiles/copper_inner_l3.gbr	archive/superseded-revisions/snapshot-2020-08-orig/PCB/Working - Under Develolpment/Sequencer-Logic-v2.0/CAMOutputs/GerberFiles/copper_inner_l3.gbr
YACCS-OLD/YACC1-2020-ORIG/PCB/Working - Under Develolpment/Sequencer-Logic-v2.0/CAMOutputs/GerberFiles/copper_top_l1.gbr	hardware/cards/sequencer-logic/eagle/deprecated/v2.0/fab/CAMOutputs/GerberFiles/copper_top_l1.gbr	archive/superseded-revisions/snapshot-2020-08-orig/PCB/Working - Under Develolpment/Sequencer-Logic-v2.0/CAMOutputs/GerberFiles/copper_top_l1.gbr
YACCS-OLD/YACC1-2020-ORIG/PCB/Working - Under Develolpment/Sequencer-Logic-v2.0/CAMOutputs/GerberFiles/drill_1_16.xln	hardware/cards/sequencer-logic/eagle/deprecated/v2.0/fab/CAMOutputs/DrillFiles/drill_1_16.xln	archive/superseded-revisions/snapshot-2020-08-orig/PCB/Working - Under Develolpment/Sequencer-Logic-v2.0/CAMOutputs/GerberFiles/drill_1_16.xln
YACCS-OLD/YACC1-2020-ORIG/PCB/Working - Under Develolpment/Sequencer-Logic-v2.0/CAMOutputs/GerberFiles/gerber_job.gbrjob	hardware/cards/sequencer-logic/eagle/deprecated/v2.0/fab/CAMOutputs/GerberFiles/gerber_job.gbrjob	archive/superseded-revisions/snapshot-2020-08-orig/PCB/Working - Under Develolpment/Sequencer-Logic-v2.0/CAMOutputs/GerberFiles/gerber_job.gbrjob
YACCS-OLD/YACC1-2020-ORIG/PCB/Working - Under Develolpment/Sequencer-Logic-v2.0/CAMOutputs/GerberFiles/profile.gbr	hardware/cards/sequencer-logic/eagle/deprecated/v2.0/fab/CAMOutputs/GerberFiles/profile.gbr	archive/superseded-revisions/snapshot-2020-08-orig/PCB/Working - Under Develolpment/Sequencer-Logic-v2.0/CAMOutputs/GerberFiles/profile.gbr
YACCS-OLD/YACC1-2020-ORIG/PCB/Working - Under Develolpment/Sequencer-Logic-v2.0/CAMOutputs/GerberFiles/silkscreen_top.gbr	hardware/cards/sequencer-logic/eagle/deprecated/v2.0/fab/CAMOutputs/GerberFiles/silkscreen_top.gbr	archive/superseded-revisions/snapshot-2020-08-orig/PCB/Working - Under Develolpment/Sequencer-Logic-v2.0/CAMOutputs/GerberFiles/silkscreen_top.gbr
YACCS-OLD/YACC1-2020-ORIG/PCB/Working - Under Develolpment/Sequencer-Logic-v2.0/CAMOutputs/GerberFiles/soldermask_bottom.gbr	hardware/cards/sequencer-logic/eagle/deprecated/v2.0/fab/CAMOutputs/GerberFiles/soldermask_bottom.gbr	archive/superseded-revisions/snapshot-2020-08-orig/PCB/Working - Under Develolpment/Sequencer-Logic-v2.0/CAMOutputs/GerberFiles/soldermask_bottom.gbr
YACCS-OLD/YACC1-2020-ORIG/PCB/Working - Under Develolpment/Sequencer-Logic-v2.0/CAMOutputs/GerberFiles/soldermask_top.gbr	hardware/cards/sequencer-logic/eagle/deprecated/v2.0/fab/CAMOutputs/GerberFiles/soldermask_top.gbr	archive/superseded-revisions/snapshot-2020-08-orig/PCB/Working - Under Develolpment/Sequencer-Logic-v2.0/CAMOutputs/GerberFiles/soldermask_top.gbr
YACCS-OLD/YACC1-2020-ORIG/PCB/Working - Under Develolpment/Sequencer-Logic-v2.0/Sequencer-Logic-Prod-V2.0.pro	hardware/cards/sequencer-logic/eagle/deprecated/v2.0/Sequencer-Logic-Prod-V2.0.pro	archive/superseded-revisions/snapshot-2020-08-orig/PCB/Working - Under Develolpment/Sequencer-Logic-v2.0/Sequencer-Logic-Prod-V2.0.pro
YACCS-OLD/YACC1-2020-ORIG/PCB/Working - Under Develolpment/Sequencer-Logic-v2.0/old-YACC1/Sequencer-Logic-Prod-V1.0-1_03.job	archive/gen1-2015-2018/YACC1A1/PRODUCTION/SEQUENCER-LOGIC-V1.0/Sequencer-Logic-Prod-V1.0-1_03.job	archive/superseded-revisions/snapshot-2020-08-orig/PCB/Working - Under Develolpment/Sequencer-Logic-v2.0/old-YACC1/Sequencer-Logic-Prod-V1.0-1_03.job
YACCS-OLD/YACC1-2020-ORIG/PCB/Working - Under Develolpment/Sequencer-Logic-v2.0/old-YACC1/Sequencer-Logic-Prod-V1.0-3 2.pdf	archive/gen1-2015-2018/YACC1A1/Working/Sequencer-Logic-v1.0/Sequencer-Logic-Prod-V1.0-3 2.pdf	archive/superseded-revisions/snapshot-2020-08-orig/PCB/Working - Under Develolpment/Sequencer-Logic-v2.0/old-YACC1/Sequencer-Logic-Prod-V1.0-3 2.pdf
YACCS-OLD/YACC1-2020-ORIG/PCB/Working - Under Develolpment/Sequencer-Logic-v2.0/old-YACC1/Sequencer-Logic-Prod-V1.0-3-BOM.txt	archive/gen1-2015-2018/YACC1A1/Working/Sequencer-Logic-v1.0/Sequencer-Logic-Prod-V1.0-3-BOM.txt	archive/superseded-revisions/snapshot-2020-08-orig/PCB/Working - Under Develolpment/Sequencer-Logic-v2.0/old-YACC1/Sequencer-Logic-Prod-V1.0-3-BOM.txt
YACCS-OLD/YACC1-2020-ORIG/PCB/Working - Under Develolpment/Sequencer-Logic-v2.0/old-YACC1/Sequencer-Logic-Prod-V1.0-3-bom.csv	archive/gen1-2015-2018/YACC1A1/Working/Sequencer-Logic-v1.0/Sequencer-Logic-Prod-V1.0-3-bom.csv	archive/superseded-revisions/snapshot-2020-08-orig/PCB/Working - Under Develolpment/Sequencer-Logic-v2.0/old-YACC1/Sequencer-Logic-Prod-V1.0-3-bom.csv
YACCS-OLD/YACC1-2020-ORIG/PCB/Working - Under Develolpment/Sequencer-Logic-v2.0/old-YACC1/Sequencer-Logic-Prod-V1.0-3.pdf	archive/gen1-2015-2018/YACC1A1/Working/Sequencer-Logic-v1.0/Sequencer-Logic-Prod-V1.0-3.pdf	archive/superseded-revisions/snapshot-2020-08-orig/PCB/Working - Under Develolpment/Sequencer-Logic-v2.0/old-YACC1/Sequencer-Logic-Prod-V1.0-3.pdf
YACCS-OLD/YACC1-2020-ORIG/PCB/Working - Under Develolpment/Sequencer-Logic-v2.0/old-YACC1/Sequencer-Logic-Prod-V1.0-3.pro	archive/gen1-2015-2018/YACC1A1/PRODUCTION/SEQUENCER-LOGIC-V1.0/Sequencer-Logic-Prod-V1.0-3.pro	archive/superseded-revisions/snapshot-2020-08-orig/PCB/Working - Under Develolpment/Sequencer-Logic-v2.0/old-YACC1/Sequencer-Logic-Prod-V1.0-3.pro
YACCS-OLD/YACC1-2020-ORIG/PCB/Working - Under Develolpment/Sequencer-Logic-v2.0/old-YACC1/gerbers.zip	archive/gen1-2015-2018/YACC1A1/PRODUCTION/SEQUENCER-LOGIC-V1.0/gerbers.zip	archive/superseded-revisions/snapshot-2020-08-orig/PCB/Working - Under Develolpment/Sequencer-Logic-v2.0/old-YACC1/gerbers.zip
YACCS-OLD/YACC1-2020-ORIG/PCB/Working - Under Develolpment/Sequencer-Memory-V2.0/CAMOutputs/Assembly/Sequencer-Memory-V1.0-3.csv	hardware/cards/sequencer-memory/eagle/deprecated/v2.0/fab/CAMOutputs/Assembly/Sequencer-Memory-V1.0-3.csv	archive/superseded-revisions/snapshot-2020-08-orig/PCB/Working - Under Develolpment/Sequencer-Memory-V2.0/CAMOutputs/Assembly/Sequencer-Memory-V1.0-3.csv
YACCS-OLD/YACC1-2020-ORIG/PCB/Working - Under Develolpment/Sequencer-Memory-V2.0/CAMOutputs/Assembly/Sequencer-Memory-V2.0.csv	hardware/cards/sequencer-memory/eagle/deprecated/v2.0/fab/CAMOutputs/Assembly/Sequencer-Memory-V1.0-3.csv	archive/superseded-revisions/snapshot-2020-08-orig/PCB/Working - Under Develolpment/Sequencer-Memory-V2.0/CAMOutputs/Assembly/Sequencer-Memory-V2.0.csv
YACCS-OLD/YACC1-2020-ORIG/PCB/Working - Under Develolpment/Sequencer-Memory-V2.0/CAMOutputs/DrillFiles/drill_1_16.xln	hardware/cards/sequencer-memory/eagle/deprecated/v2.0/fab/CAMOutputs/DrillFiles/drill_1_16.xln	archive/superseded-revisions/snapshot-2020-08-orig/PCB/Working - Under Develolpment/Sequencer-Memory-V2.0/CAMOutputs/DrillFiles/drill_1_16.xln
YACCS-OLD/YACC1-2020-ORIG/PCB/Working - Under Develolpment/Sequencer-Memory-V2.0/CAMOutputs/GerberFiles/Archive.zip	hardware/cards/sequencer-memory/eagle/deprecated/v2.0/fab/CAMOutputs/GerberFiles/Archive.zip	archive/superseded-revisions/snapshot-2020-08-orig/PCB/Working - Under Develolpment/Sequencer-Memory-V2.0/CAMOutputs/GerberFiles/Archive.zip
YACCS-OLD/YACC1-2020-ORIG/PCB/Working - Under Develolpment/Sequencer-Memory-V2.0/CAMOutputs/GerberFiles/copper_bottom_l4.gbr	hardware/cards/sequencer-memory/eagle/deprecated/v2.0/fab/CAMOutputs/GerberFiles/copper_bottom_l4.gbr	archive/superseded-revisions/snapshot-2020-08-orig/PCB/Working - Under Develolpment/Sequencer-Memory-V2.0/CAMOutputs/GerberFiles/copper_bottom_l4.gbr
YACCS-OLD/YACC1-2020-ORIG/PCB/Working - Under Develolpment/Sequencer-Memory-V2.0/CAMOutputs/GerberFiles/copper_inner_l2.gbr	hardware/cards/sequencer-memory/eagle/deprecated/v2.0/fab/CAMOutputs/GerberFiles/copper_inner_l2.gbr	archive/superseded-revisions/snapshot-2020-08-orig/PCB/Working - Under Develolpment/Sequencer-Memory-V2.0/CAMOutputs/GerberFiles/copper_inner_l2.gbr
YACCS-OLD/YACC1-2020-ORIG/PCB/Working - Under Develolpment/Sequencer-Memory-V2.0/CAMOutputs/GerberFiles/copper_inner_l3.gbr	hardware/cards/sequencer-memory/eagle/deprecated/v2.0/fab/CAMOutputs/GerberFiles/copper_inner_l3.gbr	archive/superseded-revisions/snapshot-2020-08-orig/PCB/Working - Under Develolpment/Sequencer-Memory-V2.0/CAMOutputs/GerberFiles/copper_inner_l3.gbr
YACCS-OLD/YACC1-2020-ORIG/PCB/Working - Under Develolpment/Sequencer-Memory-V2.0/CAMOutputs/GerberFiles/copper_top_l1.gbr	hardware/cards/sequencer-memory/eagle/deprecated/v2.0/fab/CAMOutputs/GerberFiles/copper_top_l1.gbr	archive/superseded-revisions/snapshot-2020-08-orig/PCB/Working - Under Develolpment/Sequencer-Memory-V2.0/CAMOutputs/GerberFiles/copper_top_l1.gbr
YACCS-OLD/YACC1-2020-ORIG/PCB/Working - Under Develolpment/Sequencer-Memory-V2.0/CAMOutputs/GerberFiles/drill_1_16.xln	hardware/cards/sequencer-memory/eagle/deprecated/v2.0/fab/CAMOutputs/DrillFiles/drill_1_16.xln	archive/superseded-revisions/snapshot-2020-08-orig/PCB/Working - Under Develolpment/Sequencer-Memory-V2.0/CAMOutputs/GerberFiles/drill_1_16.xln
YACCS-OLD/YACC1-2020-ORIG/PCB/Working - Under Develolpment/Sequencer-Memory-V2.0/CAMOutputs/GerberFiles/gerber_job.gbrjob	hardware/cards/sequencer-memory/eagle/deprecated/v2.0/fab/CAMOutputs/GerberFiles/gerber_job.gbrjob	archive/superseded-revisions/snapshot-2020-08-orig/PCB/Working - Under Develolpment/Sequencer-Memory-V2.0/CAMOutputs/GerberFiles/gerber_job.gbrjob
YACCS-OLD/YACC1-2020-ORIG/PCB/Working - Under Develolpment/Sequencer-Memory-V2.0/CAMOutputs/GerberFiles/profile.gbr	hardware/cards/sequencer-memory/eagle/deprecated/v2.0/fab/CAMOutputs/GerberFiles/profile.gbr	archive/superseded-revisions/snapshot-2020-08-orig/PCB/Working - Under Develolpment/Sequencer-Memory-V2.0/CAMOutputs/GerberFiles/profile.gbr
YACCS-OLD/YACC1-2020-ORIG/PCB/Working - Under Develolpment/Sequencer-Memory-V2.0/CAMOutputs/GerberFiles/silkscreen_top.gbr	hardware/cards/sequencer-memory/eagle/deprecated/v2.0/fab/CAMOutputs/GerberFiles/silkscreen_top.gbr	archive/superseded-revisions/snapshot-2020-08-orig/PCB/Working - Under Develolpment/Sequencer-Memory-V2.0/CAMOutputs/GerberFiles/silkscreen_top.gbr
YACCS-OLD/YACC1-2020-ORIG/PCB/Working - Under Develolpment/Sequencer-Memory-V2.0/CAMOutputs/GerberFiles/soldermask_bottom.gbr	hardware/cards/sequencer-memory/eagle/deprecated/v2.0/fab/CAMOutputs/GerberFiles/soldermask_bottom.gbr	archive/superseded-revisions/snapshot-2020-08-orig/PCB/Working - Under Develolpment/Sequencer-Memory-V2.0/CAMOutputs/GerberFiles/soldermask_bottom.gbr
YACCS-OLD/YACC1-2020-ORIG/PCB/Working - Under Develolpment/Sequencer-Memory-V2.0/CAMOutputs/GerberFiles/soldermask_top.gbr	hardware/cards/sequencer-memory/eagle/deprecated/v2.0/fab/CAMOutputs/GerberFiles/soldermask_top.gbr	archive/superseded-revisions/snapshot-2020-08-orig/PCB/Working - Under Develolpment/Sequencer-Memory-V2.0/CAMOutputs/GerberFiles/soldermask_top.gbr
YACCS-OLD/YACC1-2020-ORIG/PCB/Working - Under Develolpment/Sequencer-Memory-V2.0/Notes.rtf	hardware/cards/sequencer-memory/eagle/v2.1/Notes.rtf	archive/superseded-revisions/snapshot-2020-08-orig/PCB/Working - Under Develolpment/Sequencer-Memory-V2.0/Notes.rtf
YACCS-OLD/YACC1-2020-ORIG/PCB/Working - Under Develolpment/Sequencer-Memory-V2.0/Sequencer-Memory-V2.0.brd	hardware/cards/sequencer-memory/eagle/deprecated/v2.0/Sequencer-Memory-V2.0.brd	archive/superseded-revisions/snapshot-2020-08-orig/PCB/Working - Under Develolpment/Sequencer-Memory-V2.0/Sequencer-Memory-V2.0.brd
YACCS-OLD/YACC1-2020-ORIG/PCB/Working - Under Develolpment/Sequencer-Memory-V2.0/Sequencer-Memory-V2.0.pro	hardware/cards/sequencer-memory/eagle/deprecated/v2.0/Sequencer-Memory-V2.0.pro	archive/superseded-revisions/snapshot-2020-08-orig/PCB/Working - Under Develolpment/Sequencer-Memory-V2.0/Sequencer-Memory-V2.0.pro
YACCS-OLD/YACC1-2020-ORIG/PCB/Working - Under Develolpment/Sequencer-Memory-V2.0/Sequencer-Memory-V2.0.sch	hardware/cards/sequencer-memory/eagle/deprecated/v2.0/Sequencer-Memory-V2.0.sch	archive/superseded-revisions/snapshot-2020-08-orig/PCB/Working - Under Develolpment/Sequencer-Memory-V2.0/Sequencer-Memory-V2.0.sch
YACCS-OLD/YACC1-2020-ORIG/Presentations/yacc1.pptx	docs/history/presentations/yacc1.pptx	archive/superseded-revisions/snapshot-2020-08-orig/Presentations/yacc1.pptx
YACCS-OLD/YACC1-2020-ORIG/Software/Assembler/asm.c	archive/third-party/a18-cug149-xcode/a18/asm.c	archive/superseded-revisions/snapshot-2020-08-orig/Software/Assembler/asm.c
YACCS-OLD/YACC1-2020-ORIG/Software/Assembler/asmcmds.c	archive/superseded-revisions/software-old-obsolete/Assembler-old/asmcmds.c	archive/superseded-revisions/snapshot-2020-08-orig/Software/Assembler/asmcmds.c
YACCS-OLD/YACC1-2020-ORIG/Software/Assembler/bios.asm	archive/superseded-revisions/assembler-port-2020/rcasm-old/temp.asm	archive/superseded-revisions/snapshot-2020-08-orig/Software/Assembler/bios.asm
YACCS-OLD/YACC1-2020-ORIG/Software/Assembler/header.h	archive/superseded-revisions/software-old-obsolete/Assembler-old/header.h	archive/superseded-revisions/snapshot-2020-08-orig/Software/Assembler/header.h
YACCS-OLD/YACC1-2020-ORIG/Software/Assembler/mstrings.c	archive/superseded-revisions/software-old-obsolete/Assembler-old/mstrings.c	archive/superseded-revisions/snapshot-2020-08-orig/Software/Assembler/mstrings.c
YACCS-OLD/YACC1-2020-ORIG/Software/Assembler/mstrings.h	software/assembler/upstream/rcasm-2.2/mstrings.h	archive/superseded-revisions/snapshot-2020-08-orig/Software/Assembler/mstrings.h
YACCS-OLD/YACC1-2020-ORIG/Software/Assembler/support.c	archive/superseded-revisions/software-old-obsolete/Assembler-old/support.c	archive/superseded-revisions/snapshot-2020-08-orig/Software/Assembler/support.c
YACCS-OLD/YACC1-2020-ORIG/Software/Assembler/yacc1.def.orig	archive/superseded-revisions/assembler-port-2020/rcasm/yacc1.def	archive/superseded-revisions/snapshot-2020-08-orig/Software/Assembler/yacc1.def.orig
YACCS-OLD/YACC1-2020-ORIG/Software/Assembler/yacc1test.prg	archive/superseded-revisions/assembler-port-2020/rcasm/yacc1test.prg	archive/superseded-revisions/snapshot-2020-08-orig/Software/Assembler/yacc1test.prg
YACCS-OLD/YACC1-2020-ORIG/Software/Assembler/yacc1testorig.asm	tests/assembler/history-2020/yacc1testorig.asm	archive/superseded-revisions/snapshot-2020-08-orig/Software/Assembler/yacc1testorig.asm
YACCS-OLD/YACC1-2020-ORIG/Software/Bus Test Card/Command sender/command_sender_5/command_sender_5.pde	embedded/command-sender/deprecated/command_sender_5/command_sender_5.pde	archive/superseded-revisions/snapshot-2020-08-orig/Software/Bus Test Card/Command sender/command_sender_5/command_sender_5.pde
YACCS-OLD/YACC1-2020-ORIG/Software/Bus Test Card/Command sender/command_sender_6/command_sender_6.pde	embedded/command-sender/deprecated/command_sender_6/command_sender_6.pde	archive/superseded-revisions/snapshot-2020-08-orig/Software/Bus Test Card/Command sender/command_sender_6/command_sender_6.pde
YACCS-OLD/YACC1-2020-ORIG/Software/Bus Test Card/Command sender/command_sender_7/command_sender_7.pde	embedded/command-sender/deprecated/command_sender_7/command_sender_7.pde	archive/superseded-revisions/snapshot-2020-08-orig/Software/Bus Test Card/Command sender/command_sender_7/command_sender_7.pde
YACCS-OLD/YACC1-2020-ORIG/Software/Bus Test Card/Command sender/command_sender_8/command_sender_8.pde	embedded/command-sender/command_sender_8/command_sender_8.pde	archive/superseded-revisions/snapshot-2020-08-orig/Software/Bus Test Card/Command sender/command_sender_8/command_sender_8.pde
YACCS-OLD/YACC1-2020-ORIG/Software/Bus Test Card/Command sender/old/command_sender/Untitled.rtf	embedded/command-sender/deprecated/old/command_sender/Untitled.rtf	archive/superseded-revisions/snapshot-2020-08-orig/Software/Bus Test Card/Command sender/old/command_sender/Untitled.rtf
YACCS-OLD/YACC1-2020-ORIG/Software/Bus Test Card/Command sender/old/command_sender/command_sender.pde	embedded/command-sender/deprecated/old/command_sender/command_sender.pde	archive/superseded-revisions/snapshot-2020-08-orig/Software/Bus Test Card/Command sender/old/command_sender/command_sender.pde
YACCS-OLD/YACC1-2020-ORIG/Software/Bus Test Card/Command sender/old/command_sender_2/command_sender_2.pde	embedded/command-sender/deprecated/old/command_sender_2/command_sender_2.pde	archive/superseded-revisions/snapshot-2020-08-orig/Software/Bus Test Card/Command sender/old/command_sender_2/command_sender_2.pde
YACCS-OLD/YACC1-2020-ORIG/Software/Bus Test Card/Command sender/old/command_sender_3/command_sender_3.pde	embedded/command-sender/deprecated/old/command_sender_3/command_sender_3.pde	archive/superseded-revisions/snapshot-2020-08-orig/Software/Bus Test Card/Command sender/old/command_sender_3/command_sender_3.pde
YACCS-OLD/YACC1-2020-ORIG/Software/Bus Test Card/Command sender/old/command_sender_4/command_sender_4.pde	embedded/command-sender/deprecated/old/command_sender_4/command_sender_4.pde	archive/superseded-revisions/snapshot-2020-08-orig/Software/Bus Test Card/Command sender/old/command_sender_4/command_sender_4.pde
YACCS-OLD/YACC1-2020-ORIG/Software/Bus Test Card/Command sender/tests/ALU/add	tests/bus-tester-scripts/deprecated/gen1-2016/ALU/add	archive/superseded-revisions/snapshot-2020-08-orig/Software/Bus Test Card/Command sender/tests/ALU/add
YACCS-OLD/YACC1-2020-ORIG/Software/Bus Test Card/Command sender/tests/ALU/add.new	tests/bus-tester-scripts/ALU/add.new	archive/superseded-revisions/snapshot-2020-08-orig/Software/Bus Test Card/Command sender/tests/ALU/add.new
YACCS-OLD/YACC1-2020-ORIG/Software/Bus Test Card/Command sender/tests/ALU/and	tests/bus-tester-scripts/deprecated/gen1-2016/ALU/and	archive/superseded-revisions/snapshot-2020-08-orig/Software/Bus Test Card/Command sender/tests/ALU/and
YACCS-OLD/YACC1-2020-ORIG/Software/Bus Test Card/Command sender/tests/ALU/and.new	tests/bus-tester-scripts/ALU/and.new	archive/superseded-revisions/snapshot-2020-08-orig/Software/Bus Test Card/Command sender/tests/ALU/and.new
YACCS-OLD/YACC1-2020-ORIG/Software/Bus Test Card/Command sender/tests/ALU/base	tests/bus-tester-scripts/deprecated/gen1-2016/ALU/base	archive/superseded-revisions/snapshot-2020-08-orig/Software/Bus Test Card/Command sender/tests/ALU/base
YACCS-OLD/YACC1-2020-ORIG/Software/Bus Test Card/Command sender/tests/ALU/branch	tests/bus-tester-scripts/deprecated/gen1-2016/ALU/branch	archive/superseded-revisions/snapshot-2020-08-orig/Software/Bus Test Card/Command sender/tests/ALU/branch
YACCS-OLD/YACC1-2020-ORIG/Software/Bus Test Card/Command sender/tests/ALU/data	tests/bus-tester-scripts/deprecated/gen1-2016/ALU/data	archive/superseded-revisions/snapshot-2020-08-orig/Software/Bus Test Card/Command sender/tests/ALU/data
YACCS-OLD/YACC1-2020-ORIG/Software/Bus Test Card/Command sender/tests/ALU/fix	tests/bus-tester-scripts/deprecated/gen1-2016/fix	archive/superseded-revisions/snapshot-2020-08-orig/Software/Bus Test Card/Command sender/tests/ALU/fix
YACCS-OLD/YACC1-2020-ORIG/Software/Bus Test Card/Command sender/tests/ALU/incdec	tests/bus-tester-scripts/deprecated/gen1-2016/ALU/incdec	archive/superseded-revisions/snapshot-2020-08-orig/Software/Bus Test Card/Command sender/tests/ALU/incdec
YACCS-OLD/YACC1-2020-ORIG/Software/Bus Test Card/Command sender/tests/ALU/invert	tests/bus-tester-scripts/deprecated/gen1-2016/ALU/invert	archive/superseded-revisions/snapshot-2020-08-orig/Software/Bus Test Card/Command sender/tests/ALU/invert
YACCS-OLD/YACC1-2020-ORIG/Software/Bus Test Card/Command sender/tests/ALU/or	tests/bus-tester-scripts/deprecated/gen1-2016/ALU/or	archive/superseded-revisions/snapshot-2020-08-orig/Software/Bus Test Card/Command sender/tests/ALU/or
YACCS-OLD/YACC1-2020-ORIG/Software/Bus Test Card/Command sender/tests/ALU/or.new	tests/bus-tester-scripts/ALU/or.new	archive/superseded-revisions/snapshot-2020-08-orig/Software/Bus Test Card/Command sender/tests/ALU/or.new
YACCS-OLD/YACC1-2020-ORIG/Software/Bus Test Card/Command sender/tests/ALU/shift	tests/bus-tester-scripts/deprecated/gen1-2016/ALU/shift	archive/superseded-revisions/snapshot-2020-08-orig/Software/Bus Test Card/Command sender/tests/ALU/shift
YACCS-OLD/YACC1-2020-ORIG/Software/Bus Test Card/Command sender/tests/ALU/shift2	tests/bus-tester-scripts/deprecated/gen1-2016/ALU/shift2	archive/superseded-revisions/snapshot-2020-08-orig/Software/Bus Test Card/Command sender/tests/ALU/shift2
YACCS-OLD/YACC1-2020-ORIG/Software/Bus Test Card/Command sender/tests/ALU/shift3	tests/bus-tester-scripts/deprecated/gen1-2016/ALU/shift3	archive/superseded-revisions/snapshot-2020-08-orig/Software/Bus Test Card/Command sender/tests/ALU/shift3
YACCS-OLD/YACC1-2020-ORIG/Software/Bus Test Card/Command sender/tests/ALU/sub	tests/bus-tester-scripts/deprecated/gen1-2016/ALU/sub	archive/superseded-revisions/snapshot-2020-08-orig/Software/Bus Test Card/Command sender/tests/ALU/sub
YACCS-OLD/YACC1-2020-ORIG/Software/Bus Test Card/Command sender/tests/ALU/sub.new	tests/bus-tester-scripts/ALU/sub.new	archive/superseded-revisions/snapshot-2020-08-orig/Software/Bus Test Card/Command sender/tests/ALU/sub.new
YACCS-OLD/YACC1-2020-ORIG/Software/Bus Test Card/Command sender/tests/ALU/xor	tests/bus-tester-scripts/deprecated/gen1-2016/ALU/xor	archive/superseded-revisions/snapshot-2020-08-orig/Software/Bus Test Card/Command sender/tests/ALU/xor
YACCS-OLD/YACC1-2020-ORIG/Software/Bus Test Card/Command sender/tests/ALU/zero	tests/bus-tester-scripts/deprecated/gen1-2016/ALU/zero	archive/superseded-revisions/snapshot-2020-08-orig/Software/Bus Test Card/Command sender/tests/ALU/zero
YACCS-OLD/YACC1-2020-ORIG/Software/Bus Test Card/Command sender/tests/Address Register/address registers.txt	tests/bus-tester-scripts/deprecated/address-register-2020-07/address registers.txt	archive/superseded-revisions/snapshot-2020-08-orig/Software/Bus Test Card/Command sender/tests/Address Register/address registers.txt
YACCS-OLD/YACC1-2020-ORIG/Software/Bus Test Card/Command sender/tests/Gen Test Vectors/gen test vectors/main.c	tests/bus-tester-scripts/Gen Test Vectors/gen test vectors/main.c	archive/superseded-revisions/snapshot-2020-08-orig/Software/Bus Test Card/Command sender/tests/Gen Test Vectors/gen test vectors/main.c
YACCS-OLD/YACC1-2020-ORIG/Software/Bus Test Card/Command sender/tests/Gen Test Vectors/gen test vectors/nbproject/Makefile-Debug.mk	tests/bus-tester-scripts/Gen Test Vectors/gen test vectors/nbproject/Makefile-Debug.mk	archive/superseded-revisions/snapshot-2020-08-orig/Software/Bus Test Card/Command sender/tests/Gen Test Vectors/gen test vectors/nbproject/Makefile-Debug.mk
YACCS-OLD/YACC1-2020-ORIG/Software/Bus Test Card/Command sender/tests/Gen Test Vectors/gen test vectors/nbproject/Makefile-Release.mk	tests/bus-tester-scripts/Gen Test Vectors/gen test vectors/nbproject/Makefile-Release.mk	archive/superseded-revisions/snapshot-2020-08-orig/Software/Bus Test Card/Command sender/tests/Gen Test Vectors/gen test vectors/nbproject/Makefile-Release.mk
YACCS-OLD/YACC1-2020-ORIG/Software/Bus Test Card/Command sender/tests/Gen Test Vectors/gen test vectors/nbproject/Makefile-impl.mk	tests/bus-tester-scripts/Gen Test Vectors/gen test vectors/nbproject/Makefile-impl.mk	archive/superseded-revisions/snapshot-2020-08-orig/Software/Bus Test Card/Command sender/tests/Gen Test Vectors/gen test vectors/nbproject/Makefile-impl.mk
YACCS-OLD/YACC1-2020-ORIG/Software/Bus Test Card/Command sender/tests/Gen Test Vectors/gen test vectors/nbproject/Makefile-variables.mk	tests/bus-tester-scripts/Gen Test Vectors/gen test vectors/nbproject/Makefile-variables.mk	archive/superseded-revisions/snapshot-2020-08-orig/Software/Bus Test Card/Command sender/tests/Gen Test Vectors/gen test vectors/nbproject/Makefile-variables.mk
YACCS-OLD/YACC1-2020-ORIG/Software/Bus Test Card/Command sender/tests/Gen Test Vectors/gen test vectors/nbproject/Package-Debug.bash	tests/bus-tester-scripts/Gen Test Vectors/gen test vectors/nbproject/Package-Debug.bash	archive/superseded-revisions/snapshot-2020-08-orig/Software/Bus Test Card/Command sender/tests/Gen Test Vectors/gen test vectors/nbproject/Package-Debug.bash
YACCS-OLD/YACC1-2020-ORIG/Software/Bus Test Card/Command sender/tests/Gen Test Vectors/gen test vectors/nbproject/Package-Release.bash	tests/bus-tester-scripts/Gen Test Vectors/gen test vectors/nbproject/Package-Release.bash	archive/superseded-revisions/snapshot-2020-08-orig/Software/Bus Test Card/Command sender/tests/Gen Test Vectors/gen test vectors/nbproject/Package-Release.bash
YACCS-OLD/YACC1-2020-ORIG/Software/Bus Test Card/Command sender/tests/Gen Test Vectors/gen test vectors/nbproject/configurations.xml	software/disassembler/disasm2/nbproject/configurations.xml	archive/superseded-revisions/snapshot-2020-08-orig/Software/Bus Test Card/Command sender/tests/Gen Test Vectors/gen test vectors/nbproject/configurations.xml
YACCS-OLD/YACC1-2020-ORIG/Software/Bus Test Card/Command sender/tests/Gen Test Vectors/gen test vectors/nbproject/project.xml	tests/bus-tester-scripts/Gen Test Vectors/gen test vectors/nbproject/project.xml	archive/superseded-revisions/snapshot-2020-08-orig/Software/Bus Test Card/Command sender/tests/Gen Test Vectors/gen test vectors/nbproject/project.xml
YACCS-OLD/YACC1-2020-ORIG/Software/Bus Test Card/Command sender/tests/IO/basic-out	tests/bus-tester-scripts/IO/basic-out	archive/superseded-revisions/snapshot-2020-08-orig/Software/Bus Test Card/Command sender/tests/IO/basic-out
YACCS-OLD/YACC1-2020-ORIG/Software/Bus Test Card/Command sender/tests/IO/serialin	tests/bus-tester-scripts/IO/serialin	archive/superseded-revisions/snapshot-2020-08-orig/Software/Bus Test Card/Command sender/tests/IO/serialin
YACCS-OLD/YACC1-2020-ORIG/Software/Bus Test Card/Command sender/tests/IO/serialout	tests/bus-tester-scripts/IO/serialout	archive/superseded-revisions/snapshot-2020-08-orig/Software/Bus Test Card/Command sender/tests/IO/serialout
YACCS-OLD/YACC1-2020-ORIG/Software/Bus Test Card/Command sender/tests/Memory Card Tests/basic mem test low and eprom copy.txt	tests/bus-tester-scripts/Memory Card Tests/basic mem test low and eprom copy.txt	archive/superseded-revisions/snapshot-2020-08-orig/Software/Bus Test Card/Command sender/tests/Memory Card Tests/basic mem test low and eprom copy.txt
YACCS-OLD/YACC1-2020-ORIG/Software/Bus Test Card/Command sender/tests/Memory Card Tests/basic mem test low and eprom.txt	tests/bus-tester-scripts/Memory Card Tests/basic mem test low and eprom.txt	archive/superseded-revisions/snapshot-2020-08-orig/Software/Bus Test Card/Command sender/tests/Memory Card Tests/basic mem test low and eprom.txt
YACCS-OLD/YACC1-2020-ORIG/Software/Bus Test Card/Command sender/tests/Memory Card Tests/basic mem test low hi and eprom.txt	tests/bus-tester-scripts/Memory Card Tests/basic mem test low hi and eprom.txt	archive/superseded-revisions/snapshot-2020-08-orig/Software/Bus Test Card/Command sender/tests/Memory Card Tests/basic mem test low hi and eprom.txt
YACCS-OLD/YACC1-2020-ORIG/Software/Bus Test Card/Command sender/tests/Memory Card Tests/dump mem test low hi and eprom.txt	tests/bus-tester-scripts/Memory Card Tests/dump mem test low hi and eprom.txt	archive/superseded-revisions/snapshot-2020-08-orig/Software/Bus Test Card/Command sender/tests/Memory Card Tests/dump mem test low hi and eprom.txt
YACCS-OLD/YACC1-2020-ORIG/Software/Bus Test Card/Command sender/tests/Memory Card Tests/dump-eprom.txt	tests/bus-tester-scripts/Memory Card Tests/dump-eprom.txt	archive/superseded-revisions/snapshot-2020-08-orig/Software/Bus Test Card/Command sender/tests/Memory Card Tests/dump-eprom.txt
YACCS-OLD/YACC1-2020-ORIG/Software/Bus Test Card/Command sender/tests/Test Vectors/Registers/BASICREG.txt	tests/bus-tester-scripts/deprecated/gen1-2016/ALU/data	archive/superseded-revisions/snapshot-2020-08-orig/Software/Bus Test Card/Command sender/tests/Test Vectors/Registers/BASICREG.txt
YACCS-OLD/YACC1-2020-ORIG/Software/Bus Test Card/Command sender/tests/commands-1.txt	tests/bus-tester-scripts/deprecated/gen1-2016/commands-1.txt	archive/superseded-revisions/snapshot-2020-08-orig/Software/Bus Test Card/Command sender/tests/commands-1.txt
YACCS-OLD/YACC1-2020-ORIG/Software/Bus Test Card/Command sender/tests/commands-2.txt	tests/bus-tester-scripts/deprecated/gen1-2016/commands-2.txt	archive/superseded-revisions/snapshot-2020-08-orig/Software/Bus Test Card/Command sender/tests/commands-2.txt
YACCS-OLD/YACC1-2020-ORIG/Software/Bus Test Card/Command sender/tests/ramtest.logicsettings	tests/bus-tester-scripts/ramtest.logicsettings	archive/superseded-revisions/snapshot-2020-08-orig/Software/Bus Test Card/Command sender/tests/ramtest.logicsettings
YACCS-OLD/YACC1-2020-ORIG/Software/Bus Test Card/Command sender/tests/test	tests/basic/test	archive/superseded-revisions/snapshot-2020-08-orig/Software/Bus Test Card/Command sender/tests/test
YACCS-OLD/YACC1-2020-ORIG/Software/Bus Test Card/Test EEPROM/mem/mem.ino	archive/gen1-2015-2018/YACC1A/Tests/Test EEPROM/mem/mem.ino	archive/superseded-revisions/snapshot-2020-08-orig/Software/Bus Test Card/Test EEPROM/mem/mem.ino
YACCS-OLD/YACC1-2020-ORIG/Software/Bus Test Card/bus-monitor/bus-monitor.ino	embedded/bus-tester/bus-monitor/bus-monitor.ino	archive/superseded-revisions/snapshot-2020-08-orig/Software/Bus Test Card/bus-monitor/bus-monitor.ino
YACCS-OLD/YACC1-2020-ORIG/Software/Emulator/insInfo.c	archive/superseded-revisions/software-old-obsolete/Emulator/insInfo.c	archive/superseded-revisions/snapshot-2020-08-orig/Software/Emulator/insInfo.c
YACCS-OLD/YACC1-2020-ORIG/Software/Emulator/intelhex.c	archive/superseded-revisions/software-old-obsolete/Emulator/intelhex.c	archive/superseded-revisions/snapshot-2020-08-orig/Software/Emulator/intelhex.c
YACCS-OLD/YACC1-2020-ORIG/Software/Emulator/main.c	archive/superseded-revisions/software-old-obsolete/Emulator/main.c	archive/superseded-revisions/snapshot-2020-08-orig/Software/Emulator/main.c
YACCS-OLD/YACC1-2020-ORIG/Software/Emulator/nbproject/Makefile-Debug.mk	archive/superseded-revisions/software-old-obsolete/Emulator/nbproject/Makefile-Debug.mk	archive/superseded-revisions/snapshot-2020-08-orig/Software/Emulator/nbproject/Makefile-Debug.mk
YACCS-OLD/YACC1-2020-ORIG/Software/Emulator/nbproject/Makefile-Release.mk	archive/superseded-revisions/software-old-obsolete/Emulator/nbproject/Makefile-Release.mk	archive/superseded-revisions/snapshot-2020-08-orig/Software/Emulator/nbproject/Makefile-Release.mk
YACCS-OLD/YACC1-2020-ORIG/Software/Emulator/nbproject/Makefile-impl.mk	archive/superseded-revisions/software-old-obsolete/Emulator/nbproject/Makefile-impl.mk	archive/superseded-revisions/snapshot-2020-08-orig/Software/Emulator/nbproject/Makefile-impl.mk
YACCS-OLD/YACC1-2020-ORIG/Software/Emulator/nbproject/Makefile-variables.mk	archive/superseded-revisions/software-old-obsolete/Emulator/nbproject/Makefile-variables.mk	archive/superseded-revisions/snapshot-2020-08-orig/Software/Emulator/nbproject/Makefile-variables.mk
YACCS-OLD/YACC1-2020-ORIG/Software/Emulator/nbproject/Package-Debug.bash	archive/superseded-revisions/software-old-obsolete/Emulator/nbproject/Package-Debug.bash	archive/superseded-revisions/snapshot-2020-08-orig/Software/Emulator/nbproject/Package-Debug.bash
YACCS-OLD/YACC1-2020-ORIG/Software/Emulator/nbproject/Package-Release.bash	archive/superseded-revisions/software-old-obsolete/Emulator/nbproject/Package-Release.bash	archive/superseded-revisions/snapshot-2020-08-orig/Software/Emulator/nbproject/Package-Release.bash
YACCS-OLD/YACC1-2020-ORIG/Software/Emulator/nbproject/configurations.xml	archive/superseded-revisions/software-old-obsolete/Emulator/nbproject/configurations.xml	archive/superseded-revisions/snapshot-2020-08-orig/Software/Emulator/nbproject/configurations.xml
YACCS-OLD/YACC1-2020-ORIG/Software/Emulator/nbproject/project.xml	archive/superseded-revisions/software-old-obsolete/Emulator/nbproject/project.xml	archive/superseded-revisions/snapshot-2020-08-orig/Software/Emulator/nbproject/project.xml
YACCS-OLD/YACC1-2020-ORIG/Software/Memory Card/test EPROM/eprom.bin	archive/superseded-revisions/software-old-obsolete/Memory Card/test EPROM/eprom.bin	archive/superseded-revisions/snapshot-2020-08-orig/Software/Memory Card/test EPROM/eprom.bin
YACCS-OLD/YACC1-2020-ORIG/Software/Memory Card/test EPROM/main.c	archive/superseded-revisions/software-old-obsolete/Memory Card/test EPROM/main.c	archive/superseded-revisions/snapshot-2020-08-orig/Software/Memory Card/test EPROM/main.c
YACCS-OLD/YACC1-2020-ORIG/Software/Memory Card/test EPROM/nbproject/Makefile-Debug.mk	archive/superseded-revisions/software-old-obsolete/Memory Card/test EPROM/nbproject/Makefile-Debug.mk	archive/superseded-revisions/snapshot-2020-08-orig/Software/Memory Card/test EPROM/nbproject/Makefile-Debug.mk
YACCS-OLD/YACC1-2020-ORIG/Software/Memory Card/test EPROM/nbproject/Makefile-Release.mk	archive/superseded-revisions/software-old-obsolete/Memory Card/test EPROM/nbproject/Makefile-Release.mk	archive/superseded-revisions/snapshot-2020-08-orig/Software/Memory Card/test EPROM/nbproject/Makefile-Release.mk
YACCS-OLD/YACC1-2020-ORIG/Software/Memory Card/test EPROM/nbproject/Makefile-impl.mk	archive/superseded-revisions/software-old-obsolete/Memory Card/test EPROM/nbproject/Makefile-impl.mk	archive/superseded-revisions/snapshot-2020-08-orig/Software/Memory Card/test EPROM/nbproject/Makefile-impl.mk
YACCS-OLD/YACC1-2020-ORIG/Software/Memory Card/test EPROM/nbproject/Makefile-variables.mk	archive/superseded-revisions/software-old-obsolete/Memory Card/test EPROM/nbproject/Makefile-variables.mk	archive/superseded-revisions/snapshot-2020-08-orig/Software/Memory Card/test EPROM/nbproject/Makefile-variables.mk
YACCS-OLD/YACC1-2020-ORIG/Software/Memory Card/test EPROM/nbproject/Package-Debug.bash	archive/superseded-revisions/software-old-obsolete/Memory Card/test EPROM/nbproject/Package-Debug.bash	archive/superseded-revisions/snapshot-2020-08-orig/Software/Memory Card/test EPROM/nbproject/Package-Debug.bash
YACCS-OLD/YACC1-2020-ORIG/Software/Memory Card/test EPROM/nbproject/Package-Release.bash	archive/superseded-revisions/software-old-obsolete/Memory Card/test EPROM/nbproject/Package-Release.bash	archive/superseded-revisions/snapshot-2020-08-orig/Software/Memory Card/test EPROM/nbproject/Package-Release.bash
YACCS-OLD/YACC1-2020-ORIG/Software/Memory Card/test EPROM/nbproject/configurations.xml	archive/superseded-revisions/software-old-obsolete/Memory Card/test EPROM/nbproject/configurations.xml	archive/superseded-revisions/snapshot-2020-08-orig/Software/Memory Card/test EPROM/nbproject/configurations.xml
YACCS-OLD/YACC1-2020-ORIG/Software/Memory Card/test EPROM/nbproject/project.xml	archive/superseded-revisions/software-old-obsolete/Memory Card/test EPROM/nbproject/project.xml	archive/superseded-revisions/snapshot-2020-08-orig/Software/Memory Card/test EPROM/nbproject/project.xml
YACCS-OLD/YACC1-2020-ORIG/Software/Sequencer Card/Microcode loader send to sequencer/simple_microcode_sender/simple_microcode_sender.pde	embedded/sequencer-card/deprecated/microcode-loader/simple_microcode_sender/simple_microcode_sender.pde	archive/superseded-revisions/snapshot-2020-08-orig/Software/Sequencer Card/Microcode loader send to sequencer/simple_microcode_sender/simple_microcode_sender.pde
YACCS-OLD/YACC1-2020-ORIG/Software/Sequencer Card/Sequencer Aug 17 pre cleanup/EEPROM.ino	embedded/sequencer-card/deprecated/sequencer1/EEPROM.ino	archive/superseded-revisions/snapshot-2020-08-orig/Software/Sequencer Card/Sequencer Aug 17 pre cleanup/EEPROM.ino
YACCS-OLD/YACC1-2020-ORIG/Software/Sequencer Card/Sequencer Aug 17 pre cleanup/IO.ino	embedded/sequencer-card/deprecated/sequencer1/IO.ino	archive/superseded-revisions/snapshot-2020-08-orig/Software/Sequencer Card/Sequencer Aug 17 pre cleanup/IO.ino
YACCS-OLD/YACC1-2020-ORIG/Software/Sequencer Card/Sequencer Aug 17 pre cleanup/Sequencer.ino	archive/superseded-revisions/sequencer-card-old/Sequencer Aug 17 pre cleanup/Sequencer.ino	archive/superseded-revisions/snapshot-2020-08-orig/Software/Sequencer Card/Sequencer Aug 17 pre cleanup/Sequencer.ino
YACCS-OLD/YACC1-2020-ORIG/Software/Sequencer Card/Sequencer Aug 17 pre cleanup/download.ino	archive/superseded-revisions/sequencer-card-old/Sequencer Aug 17 pre cleanup/download.ino	archive/superseded-revisions/snapshot-2020-08-orig/Software/Sequencer Card/Sequencer Aug 17 pre cleanup/download.ino
YACCS-OLD/YACC1-2020-ORIG/Software/Sequencer Card/Sequencer Aug 17 pre cleanup/uCodeRAM.ino	archive/superseded-revisions/sequencer-card-old/Sequencer Aug 17 pre cleanup/uCodeRAM.ino	archive/superseded-revisions/snapshot-2020-08-orig/Software/Sequencer Card/Sequencer Aug 17 pre cleanup/uCodeRAM.ino
YACCS-OLD/YACC1-2020-ORIG/Software/Sequencer Card/Sequencer Aug 17 pre cleanup/uCodeROM.ino	archive/superseded-revisions/sequencer-card-old/Sequencer Aug 17 pre cleanup/uCodeROM.ino	archive/superseded-revisions/snapshot-2020-08-orig/Software/Sequencer Card/Sequencer Aug 17 pre cleanup/uCodeROM.ino
YACCS-OLD/YACC1-2020-ORIG/Software/Sequencer Card/Sequencer copy/EEPROM.ino	embedded/sequencer-card/deprecated/sequencer1/EEPROM.ino	archive/superseded-revisions/snapshot-2020-08-orig/Software/Sequencer Card/Sequencer copy/EEPROM.ino
YACCS-OLD/YACC1-2020-ORIG/Software/Sequencer Card/Sequencer copy/IO.ino	archive/superseded-revisions/sequencer-card-old/Sequencer copy/IO.ino	archive/superseded-revisions/snapshot-2020-08-orig/Software/Sequencer Card/Sequencer copy/IO.ino
YACCS-OLD/YACC1-2020-ORIG/Software/Sequencer Card/Sequencer copy/Sequencer.ino	archive/superseded-revisions/sequencer-card-old/Sequencer copy/Sequencer.ino	archive/superseded-revisions/snapshot-2020-08-orig/Software/Sequencer Card/Sequencer copy/Sequencer.ino
YACCS-OLD/YACC1-2020-ORIG/Software/Sequencer Card/Sequencer copy/download.ino	archive/superseded-revisions/sequencer-card-old/Sequencer copy/download.ino	archive/superseded-revisions/snapshot-2020-08-orig/Software/Sequencer Card/Sequencer copy/download.ino
YACCS-OLD/YACC1-2020-ORIG/Software/Sequencer Card/Sequencer copy/uCodeRAM.ino	archive/superseded-revisions/sequencer-card-old/Sequencer copy/uCodeRAM.ino	archive/superseded-revisions/snapshot-2020-08-orig/Software/Sequencer Card/Sequencer copy/uCodeRAM.ino
YACCS-OLD/YACC1-2020-ORIG/Software/Sequencer Card/Sequencer copy/uCodeROM.ino	archive/superseded-revisions/sequencer-card-old/Sequencer copy/uCodeROM.ino	archive/superseded-revisions/snapshot-2020-08-orig/Software/Sequencer Card/Sequencer copy/uCodeROM.ino
YACCS-OLD/YACC1-2020-ORIG/Software/Sequencer Card/Sequencer/EEPROM.ino	embedded/sequencer-card/deprecated/sequencer1/EEPROM.ino	archive/superseded-revisions/snapshot-2020-08-orig/Software/Sequencer Card/Sequencer/EEPROM.ino
YACCS-OLD/YACC1-2020-ORIG/Software/Sequencer Card/Sequencer/IO.ino	embedded/sequencer-card/deprecated/sequencer1/IO.ino	archive/superseded-revisions/snapshot-2020-08-orig/Software/Sequencer Card/Sequencer/IO.ino
YACCS-OLD/YACC1-2020-ORIG/Software/Sequencer Card/Sequencer/download.ino	embedded/sequencer-card/deprecated/sequencer1/download.ino	archive/superseded-revisions/snapshot-2020-08-orig/Software/Sequencer Card/Sequencer/download.ino
YACCS-OLD/YACC1-2020-ORIG/Software/Sequencer Card/Sequencer/uCodeRAM.ino	embedded/sequencer-card/deprecated/sequencer1/uCodeRAM.ino	archive/superseded-revisions/snapshot-2020-08-orig/Software/Sequencer Card/Sequencer/uCodeRAM.ino
YACCS-OLD/YACC1-2020-ORIG/Software/Sequencer Card/Sequencer/uCodeROM.ino	embedded/sequencer-card/deprecated/sequencer1/uCodeROM.ino	archive/superseded-revisions/snapshot-2020-08-orig/Software/Sequencer Card/Sequencer/uCodeROM.ino
YACCS-OLD/YACC1-2020-ORIG/Software/Sequencer Card/dumpram/dumpram.ino	embedded/sequencer-card/dumpram/dumpram.ino	archive/superseded-revisions/snapshot-2020-08-orig/Software/Sequencer Card/dumpram/dumpram.ino
YACCS-OLD/YACC1-2020-ORIG/Software/Sequencer Card/uCode-Generator copy/CodeGen.h	archive/superseded-revisions/sequencer-card-old/uCode-Generator copy/CodeGen.h	archive/superseded-revisions/snapshot-2020-08-orig/Software/Sequencer Card/uCode-Generator copy/CodeGen.h
YACCS-OLD/YACC1-2020-ORIG/Software/Sequencer Card/uCode-Generator copy/code.h	archive/superseded-revisions/sequencer-card-old/uCode-Generator copy/code.h	archive/superseded-revisions/snapshot-2020-08-orig/Software/Sequencer Card/uCode-Generator copy/code.h
YACCS-OLD/YACC1-2020-ORIG/Software/Sequencer Card/uCode-Generator copy/code.h.orig.h	archive/superseded-revisions/sequencer-card-old/uCode-Generator copy/code.h.orig.h	archive/superseded-revisions/snapshot-2020-08-orig/Software/Sequencer Card/uCode-Generator copy/code.h.orig.h
YACCS-OLD/YACC1-2020-ORIG/Software/Sequencer Card/uCode-Generator copy/controlLine.c	archive/superseded-revisions/sequencer-card-old/uCode-Generator copy/controlLine.c	archive/superseded-revisions/snapshot-2020-08-orig/Software/Sequencer Card/uCode-Generator copy/controlLine.c
YACCS-OLD/YACC1-2020-ORIG/Software/Sequencer Card/uCode-Generator copy/main.c	archive/superseded-revisions/sequencer-card-old/uCode-Generator copy/main.c	archive/superseded-revisions/snapshot-2020-08-orig/Software/Sequencer Card/uCode-Generator copy/main.c
YACCS-OLD/YACC1-2020-ORIG/Software/Sequencer Card/uCode-Generator copy/nbproject/Makefile-Debug.mk	archive/superseded-revisions/sequencer-card-old/uCode-Generator copy/nbproject/Makefile-Debug.mk	archive/superseded-revisions/snapshot-2020-08-orig/Software/Sequencer Card/uCode-Generator copy/nbproject/Makefile-Debug.mk
YACCS-OLD/YACC1-2020-ORIG/Software/Sequencer Card/uCode-Generator copy/nbproject/Makefile-Release.mk	archive/superseded-revisions/sequencer-card-old/uCode-Generator copy/nbproject/Makefile-Release.mk	archive/superseded-revisions/snapshot-2020-08-orig/Software/Sequencer Card/uCode-Generator copy/nbproject/Makefile-Release.mk
YACCS-OLD/YACC1-2020-ORIG/Software/Sequencer Card/uCode-Generator copy/nbproject/Makefile-impl.mk	archive/superseded-revisions/sequencer-card-old/uCode-Generator copy/nbproject/Makefile-impl.mk	archive/superseded-revisions/snapshot-2020-08-orig/Software/Sequencer Card/uCode-Generator copy/nbproject/Makefile-impl.mk
YACCS-OLD/YACC1-2020-ORIG/Software/Sequencer Card/uCode-Generator copy/nbproject/Makefile-variables.mk	archive/superseded-revisions/sequencer-card-old/uCode-Generator copy/nbproject/Makefile-variables.mk	archive/superseded-revisions/snapshot-2020-08-orig/Software/Sequencer Card/uCode-Generator copy/nbproject/Makefile-variables.mk
YACCS-OLD/YACC1-2020-ORIG/Software/Sequencer Card/uCode-Generator copy/nbproject/Package-Debug.bash	archive/superseded-revisions/sequencer-card-old/uCode-Generator copy/nbproject/Package-Debug.bash	archive/superseded-revisions/snapshot-2020-08-orig/Software/Sequencer Card/uCode-Generator copy/nbproject/Package-Debug.bash
YACCS-OLD/YACC1-2020-ORIG/Software/Sequencer Card/uCode-Generator copy/nbproject/Package-Release.bash	archive/superseded-revisions/sequencer-card-old/uCode-Generator copy/nbproject/Package-Release.bash	archive/superseded-revisions/snapshot-2020-08-orig/Software/Sequencer Card/uCode-Generator copy/nbproject/Package-Release.bash
YACCS-OLD/YACC1-2020-ORIG/Software/Sequencer Card/uCode-Generator copy/nbproject/configurations.xml	archive/superseded-revisions/sequencer-card-old/uCode-Generator copy/nbproject/configurations.xml	archive/superseded-revisions/snapshot-2020-08-orig/Software/Sequencer Card/uCode-Generator copy/nbproject/configurations.xml
YACCS-OLD/YACC1-2020-ORIG/Software/Sequencer Card/uCode-Generator copy/nbproject/project.xml	archive/superseded-revisions/sequencer-card-old/uCode-Generator copy/nbproject/project.xml	archive/superseded-revisions/snapshot-2020-08-orig/Software/Sequencer Card/uCode-Generator copy/nbproject/project.xml
YACCS-OLD/YACC1-2020-ORIG/Software/Sequencer Card/uCode-Generator copy/signal.h	archive/superseded-revisions/sequencer-card-old/uCode-Generator copy/signal.h	archive/superseded-revisions/snapshot-2020-08-orig/Software/Sequencer Card/uCode-Generator copy/signal.h
YACCS-OLD/YACC1-2020-ORIG/Software/Sequencer Card/uCode-Generator copy/test.123	archive/superseded-revisions/sequencer-card-old/uCode-Generator copy/test.123	archive/superseded-revisions/snapshot-2020-08-orig/Software/Sequencer Card/uCode-Generator copy/test.123
YACCS-OLD/YACC1-2020-ORIG/Software/Sequencer Card/uCode-Generator copy/test.hex	archive/superseded-revisions/sequencer-card-old/uCode-Generator copy/test.hex	archive/superseded-revisions/snapshot-2020-08-orig/Software/Sequencer Card/uCode-Generator copy/test.hex
YACCS-OLD/YACC1-2020-ORIG/Software/Sequencer Card/uCode-Generator copy/test.hex.short.hex	archive/superseded-revisions/sequencer-card-old/uCode-Generator copy/test.hex.short.hex	archive/superseded-revisions/snapshot-2020-08-orig/Software/Sequencer Card/uCode-Generator copy/test.hex.short.hex
YACCS-OLD/YACC1-2020-ORIG/Software/Sequencer Card/uCode-Generator copy/test.hexz	archive/superseded-revisions/sequencer-card-old/uCode-Generator copy/test.hexz	archive/superseded-revisions/snapshot-2020-08-orig/Software/Sequencer Card/uCode-Generator copy/test.hexz
YACCS-OLD/YACC1-2020-ORIG/Software/Sequencer Card/uCode-Generator/code.h	software/disassembler/disasm2/code.h	archive/superseded-revisions/snapshot-2020-08-orig/Software/Sequencer Card/uCode-Generator/code.h
YACCS-OLD/YACC1-2020-ORIG/Software/Sequencer Card/uCode-Generator/code.h.orig.h	archive/superseded-revisions/sequencer-card-old/uCode-Generator copy/code.h.orig.h	archive/superseded-revisions/snapshot-2020-08-orig/Software/Sequencer Card/uCode-Generator/code.h.orig.h
YACCS-OLD/YACC1-2020-ORIG/Software/Sequencer Card/uCode-Generator/main.c.aug18.c	archive/superseded-revisions/ucode-generator-v1/main.c.aug18.c	archive/superseded-revisions/snapshot-2020-08-orig/Software/Sequencer Card/uCode-Generator/main.c.aug18.c
YACCS-OLD/YACC1-2020-ORIG/Software/Sequencer Card/uCode-Generator/nbproject/Makefile-Debug.mk	archive/superseded-revisions/sequencer-card-old/uCode-Generator copy/nbproject/Makefile-Debug.mk	archive/superseded-revisions/snapshot-2020-08-orig/Software/Sequencer Card/uCode-Generator/nbproject/Makefile-Debug.mk
YACCS-OLD/YACC1-2020-ORIG/Software/Sequencer Card/uCode-Generator/nbproject/Makefile-Release.mk	archive/superseded-revisions/sequencer-card-old/uCode-Generator copy/nbproject/Makefile-Release.mk	archive/superseded-revisions/snapshot-2020-08-orig/Software/Sequencer Card/uCode-Generator/nbproject/Makefile-Release.mk
YACCS-OLD/YACC1-2020-ORIG/Software/Sequencer Card/uCode-Generator/nbproject/Makefile-impl.mk	archive/superseded-revisions/sequencer-card-old/uCode-Generator copy/nbproject/Makefile-impl.mk	archive/superseded-revisions/snapshot-2020-08-orig/Software/Sequencer Card/uCode-Generator/nbproject/Makefile-impl.mk
YACCS-OLD/YACC1-2020-ORIG/Software/Sequencer Card/uCode-Generator/nbproject/Makefile-variables.mk	archive/superseded-revisions/sequencer-card-old/uCode-Generator copy/nbproject/Makefile-variables.mk	archive/superseded-revisions/snapshot-2020-08-orig/Software/Sequencer Card/uCode-Generator/nbproject/Makefile-variables.mk
YACCS-OLD/YACC1-2020-ORIG/Software/Sequencer Card/uCode-Generator/nbproject/Package-Debug.bash	archive/superseded-revisions/sequencer-card-old/uCode-Generator copy/nbproject/Package-Debug.bash	archive/superseded-revisions/snapshot-2020-08-orig/Software/Sequencer Card/uCode-Generator/nbproject/Package-Debug.bash
YACCS-OLD/YACC1-2020-ORIG/Software/Sequencer Card/uCode-Generator/nbproject/Package-Release.bash	archive/superseded-revisions/sequencer-card-old/uCode-Generator copy/nbproject/Package-Release.bash	archive/superseded-revisions/snapshot-2020-08-orig/Software/Sequencer Card/uCode-Generator/nbproject/Package-Release.bash
YACCS-OLD/YACC1-2020-ORIG/Software/Sequencer Card/uCode-Generator/nbproject/project.xml	archive/superseded-revisions/sequencer-card-old/uCode-Generator copy/nbproject/project.xml	archive/superseded-revisions/snapshot-2020-08-orig/Software/Sequencer Card/uCode-Generator/nbproject/project.xml
YACCS-OLD/YACC1-2020-ORIG/Software/Sequencer Card/uCode-Generator/on-off-loop	archive/superseded-revisions/ucode-generator-v1/on-off-loop	archive/superseded-revisions/snapshot-2020-08-orig/Software/Sequencer Card/uCode-Generator/on-off-loop
YACCS-OLD/YACC1-2020-ORIG/Software/Sequencer Card/uCode-Generator/test.hex.short.hex	archive/superseded-revisions/sequencer-card-old/uCode-Generator copy/test.hex.short.hex	archive/superseded-revisions/snapshot-2020-08-orig/Software/Sequencer Card/uCode-Generator/test.hex.short.hex
YACCS-OLD/YACC1-2020-ORIG/Software/Sequencer Card/uCode-Generator/yaccsignal.h	software/disassembler/disasm2/yaccsignal.h.old.h	archive/superseded-revisions/snapshot-2020-08-orig/Software/Sequencer Card/uCode-Generator/yaccsignal.h
YACCS-OLD/YACC1-2020-ORIG/Software/TinyBasicC/old/tb/tb/nbproject/configurations.xml	archive/gen1-2015-2018/YACC1-BACKUP/Old/NewFolder/test EPROM/nbproject/configurations.xml	archive/superseded-revisions/snapshot-2020-08-orig/Software/TinyBasicC/old/tb/tb/nbproject/configurations.xml
YACCS-OLD/YACC1-2020-ORIG/Software/disasm/code.h	software/disassembler/disasm2/code.h	archive/superseded-revisions/snapshot-2020-08-orig/Software/disasm/code.h
YACCS-OLD/YACC1-2020-ORIG/Software/disasm/nbproject/Makefile-Debug.mk	archive/superseded-revisions/disasm-v1/nbproject/Makefile-Debug.mk	archive/superseded-revisions/snapshot-2020-08-orig/Software/disasm/nbproject/Makefile-Debug.mk
YACCS-OLD/YACC1-2020-ORIG/Software/disasm/nbproject/Makefile-Release.mk	archive/superseded-revisions/disasm-v1/nbproject/Makefile-Release.mk	archive/superseded-revisions/snapshot-2020-08-orig/Software/disasm/nbproject/Makefile-Release.mk
YACCS-OLD/YACC1-2020-ORIG/Software/disasm/nbproject/Makefile-impl.mk	archive/superseded-revisions/disasm-v1/nbproject/Makefile-impl.mk	archive/superseded-revisions/snapshot-2020-08-orig/Software/disasm/nbproject/Makefile-impl.mk
YACCS-OLD/YACC1-2020-ORIG/Software/disasm/nbproject/Makefile-variables.mk	archive/superseded-revisions/disasm-v1/nbproject/Makefile-variables.mk	archive/superseded-revisions/snapshot-2020-08-orig/Software/disasm/nbproject/Makefile-variables.mk
YACCS-OLD/YACC1-2020-ORIG/Software/disasm/nbproject/Package-Debug.bash	archive/superseded-revisions/disasm-v1/nbproject/Package-Debug.bash	archive/superseded-revisions/snapshot-2020-08-orig/Software/disasm/nbproject/Package-Debug.bash
YACCS-OLD/YACC1-2020-ORIG/Software/disasm/nbproject/Package-Release.bash	archive/superseded-revisions/disasm-v1/nbproject/Package-Release.bash	archive/superseded-revisions/snapshot-2020-08-orig/Software/disasm/nbproject/Package-Release.bash
YACCS-OLD/YACC1-2020-ORIG/Software/disasm/nbproject/configurations.xml	software/disassembler/disasm2/nbproject/configurations.xml	archive/superseded-revisions/snapshot-2020-08-orig/Software/disasm/nbproject/configurations.xml
YACCS-OLD/YACC1-2020-ORIG/Software/disasm/nbproject/project.xml	archive/superseded-revisions/disasm-v1/nbproject/project.xml	archive/superseded-revisions/snapshot-2020-08-orig/Software/disasm/nbproject/project.xml
YACCS-OLD/YACC1-2020-ORIG/Software/disasm/yaccsignal.h	archive/superseded-revisions/sequencer-card-old/uCode-Generator copy/signal.h	archive/superseded-revisions/snapshot-2020-08-orig/Software/disasm/yaccsignal.h
YACCS-OLD/YACC1-2020-ORIG/YACC1 Connector - V3.0.pdf	docs/system/connector/YACC1 Connector - V3 - June-18-2020.pdf	archive/superseded-revisions/snapshot-2020-08-orig/YACC1 Connector - V3.0.pdf
YACCS-OLD/YACC1-2020-backup-pre-git-backup/YACC1-2020/Eagle/Design-Rules/oshpark-2layer.cam	hardware/libraries/eagle/Design-Rules/oshpark-2layer.cam	archive/superseded-revisions/snapshot-2020-08-pre-git/YACC1-2020/Eagle/Design-Rules/oshpark-2layer.cam
YACCS-OLD/YACC1-2020-backup-pre-git-backup/YACC1-2020/Eagle/Design-Rules/oshpark-2layer.dru	hardware/libraries/eagle/Design-Rules/oshpark-2layer.dru	archive/superseded-revisions/snapshot-2020-08-pre-git/YACC1-2020/Eagle/Design-Rules/oshpark-2layer.dru
YACCS-OLD/YACC1-2020-backup-pre-git-backup/YACC1-2020/Eagle/Design-Rules/oshpark-4layer.cam	hardware/libraries/eagle/Design-Rules/oshpark-4layer.cam	archive/superseded-revisions/snapshot-2020-08-pre-git/YACC1-2020/Eagle/Design-Rules/oshpark-4layer.cam
YACCS-OLD/YACC1-2020-backup-pre-git-backup/YACC1-2020/Eagle/Design-Rules/oshpark-4layer.dru	hardware/libraries/eagle/Design-Rules/oshpark-4layer.dru	archive/superseded-revisions/snapshot-2020-08-pre-git/YACC1-2020/Eagle/Design-Rules/oshpark-4layer.dru
YACCS-OLD/YACC1-2020-backup-pre-git-backup/YACC1-2020/NOTES Jan 2:17 orig.rtf	docs/history/NOTES Jan 2-17 orig.rtf	archive/superseded-revisions/snapshot-2020-08-pre-git/YACC1-2020/NOTES Jan 2-17 orig.rtf
YACCS-OLD/YACC1-2020-backup-pre-git-backup/YACC1-2020/NOTES Jan 2:17.rtf	docs/history/general-notes/NOTES-Update from old project.rtf	archive/superseded-revisions/snapshot-2020-08-pre-git/YACC1-2020/NOTES Jan 2-17.rtf
YACCS-OLD/YACC1-2020-backup-pre-git-backup/YACC1-2020/PCB/Unsure - see notes/Bus Tester orig/gerbers.zip	hardware/cards/bus-tester/eagle/v1.1/fab/gerbers.zip	archive/superseded-revisions/snapshot-2020-08-pre-git/YACC1-2020/PCB/Unsure - see notes/Bus Tester orig/gerbers.zip
YACCS-OLD/YACC1-2020-backup-pre-git-backup/YACC1-2020/PCB/Unsure - see notes/Bus Tester orig/tester.brd	hardware/cards/bus-tester/eagle/v1.1/tester.brd	archive/superseded-revisions/snapshot-2020-08-pre-git/YACC1-2020/PCB/Unsure - see notes/Bus Tester orig/tester.brd
YACCS-OLD/YACC1-2020-backup-pre-git-backup/YACC1-2020/PCB/Unsure - see notes/Bus Tester orig/tester.dri	hardware/cards/bus-tester/eagle/v1.1/fab/tester.dri	archive/superseded-revisions/snapshot-2020-08-pre-git/YACC1-2020/PCB/Unsure - see notes/Bus Tester orig/tester.dri
YACCS-OLD/YACC1-2020-backup-pre-git-backup/YACC1-2020/PCB/Unsure - see notes/Bus Tester orig/tester.gpi	hardware/cards/bus-tester/eagle/v1.1/fab/tester.gpi	archive/superseded-revisions/snapshot-2020-08-pre-git/YACC1-2020/PCB/Unsure - see notes/Bus Tester orig/tester.gpi
YACCS-OLD/YACC1-2020-backup-pre-git-backup/YACC1-2020/PCB/Unsure - see notes/Bus Tester orig/tester.pro	hardware/cards/bus-tester/eagle/v1.1/tester.pro	archive/superseded-revisions/snapshot-2020-08-pre-git/YACC1-2020/PCB/Unsure - see notes/Bus Tester orig/tester.pro
YACCS-OLD/YACC1-2020-backup-pre-git-backup/YACC1-2020/PCB/Unsure - see notes/Bus Tester orig/tester.sch	hardware/cards/bus-tester/eagle/v1.1/tester.sch	archive/superseded-revisions/snapshot-2020-08-pre-git/YACC1-2020/PCB/Unsure - see notes/Bus Tester orig/tester.sch
YACCS-OLD/YACC1-2020-backup-pre-git-backup/YACC1-2020/PCB/Working - Under Develolpment/ALU-V3.1/ALU V3.1.brd	hardware/cards/alu/eagle/deprecated/v3.1-buried-vias/ALU V3.1.brd	archive/superseded-revisions/snapshot-2020-08-pre-git/YACC1-2020/PCB/Working - Under Develolpment/ALU-V3.1/ALU V3.1.brd
YACCS-OLD/YACC1-2020-backup-pre-git-backup/YACC1-2020/PCB/Working - Under Develolpment/ALU-V3.1/ALU V3.1.csv	hardware/cards/alu/eagle/deprecated/v3.1/bom/ALU V3.1.csv	archive/superseded-revisions/snapshot-2020-08-pre-git/YACC1-2020/PCB/Working - Under Develolpment/ALU-V3.1/ALU V3.1.csv
YACCS-OLD/YACC1-2020-backup-pre-git-backup/YACC1-2020/PCB/Working - Under Develolpment/ALU-V3.1/ALU V3.1.sch	hardware/cards/alu/eagle/deprecated/v3.1-buried-vias/ALU V3.1.sch	archive/superseded-revisions/snapshot-2020-08-pre-git/YACC1-2020/PCB/Working - Under Develolpment/ALU-V3.1/ALU V3.1.sch
YACCS-OLD/YACC1-2020-backup-pre-git-backup/YACC1-2020/PCB/Working - Under Develolpment/ALU-V3.1/Notes.rtf	hardware/cards/alu/eagle/deprecated/v3.1/Notes.rtf	archive/superseded-revisions/snapshot-2020-08-pre-git/YACC1-2020/PCB/Working - Under Develolpment/ALU-V3.1/Notes.rtf
YACCS-OLD/YACC1-2020-backup-pre-git-backup/YACC1-2020/PCB/Working - Under Develolpment/ALU-V3.1/alu v31.1	hardware/cards/alu/eagle/deprecated/v3.1/alu v31.1	archive/superseded-revisions/snapshot-2020-08-pre-git/YACC1-2020/PCB/Working - Under Develolpment/ALU-V3.1/alu v31.1
YACCS-OLD/YACC1-2020-backup-pre-git-backup/YACC1-2020/PCB/Working - Under Develolpment/ALU-V3.1/gerbers/CAMOutputs/Assembly/ALU V3.1.txt	hardware/cards/alu/eagle/deprecated/v3.1-buried-vias/fab/gerbers/CAMOutputs/Assembly/ALU V3.1.txt	archive/superseded-revisions/snapshot-2020-08-pre-git/YACC1-2020/PCB/Working - Under Develolpment/ALU-V3.1/gerbers/CAMOutputs/Assembly/ALU V3.1.txt
YACCS-OLD/YACC1-2020-backup-pre-git-backup/YACC1-2020/PCB/Working - Under Develolpment/ALU-V3.1/gerbers/CAMOutputs/DrillFiles/drill_15_16.xln	hardware/cards/alu/eagle/deprecated/v3.1-buried-vias/fab/gerbers/CAMOutputs/DrillFiles/drill_15_16.xln	archive/superseded-revisions/snapshot-2020-08-pre-git/YACC1-2020/PCB/Working - Under Develolpment/ALU-V3.1/gerbers/CAMOutputs/DrillFiles/drill_15_16.xln
YACCS-OLD/YACC1-2020-backup-pre-git-backup/YACC1-2020/PCB/Working - Under Develolpment/ALU-V3.1/gerbers/CAMOutputs/DrillFiles/drill_1_2.xln	hardware/cards/alu/eagle/deprecated/v3.1-buried-vias/fab/gerbers/CAMOutputs/DrillFiles/drill_1_2.xln	archive/superseded-revisions/snapshot-2020-08-pre-git/YACC1-2020/PCB/Working - Under Develolpment/ALU-V3.1/gerbers/CAMOutputs/DrillFiles/drill_1_2.xln
YACCS-OLD/YACC1-2020-backup-pre-git-backup/YACC1-2020/PCB/Working - Under Develolpment/ALU-V3.1/gerbers/CAMOutputs/GerberFiles/Archive.zip	hardware/cards/alu/eagle/deprecated/v3.1-buried-vias/fab/gerbers/CAMOutputs/GerberFiles/Archive.zip	archive/superseded-revisions/snapshot-2020-08-pre-git/YACC1-2020/PCB/Working - Under Develolpment/ALU-V3.1/gerbers/CAMOutputs/GerberFiles/Archive.zip
YACCS-OLD/YACC1-2020-backup-pre-git-backup/YACC1-2020/PCB/Working - Under Develolpment/ALU-V3.1/gerbers/CAMOutputs/GerberFiles/copper_bottom_l4.gbr	hardware/cards/alu/eagle/deprecated/v3.1-buried-vias/fab/gerbers/CAMOutputs/GerberFiles/copper_bottom_l4.gbr	archive/superseded-revisions/snapshot-2020-08-pre-git/YACC1-2020/PCB/Working - Under Develolpment/ALU-V3.1/gerbers/CAMOutputs/GerberFiles/copper_bottom_l4.gbr
YACCS-OLD/YACC1-2020-backup-pre-git-backup/YACC1-2020/PCB/Working - Under Develolpment/ALU-V3.1/gerbers/CAMOutputs/GerberFiles/copper_inner_l2.gbr	hardware/cards/alu/eagle/deprecated/v3.1-buried-vias/fab/gerbers/CAMOutputs/GerberFiles/copper_inner_l2.gbr	archive/superseded-revisions/snapshot-2020-08-pre-git/YACC1-2020/PCB/Working - Under Develolpment/ALU-V3.1/gerbers/CAMOutputs/GerberFiles/copper_inner_l2.gbr
YACCS-OLD/YACC1-2020-backup-pre-git-backup/YACC1-2020/PCB/Working - Under Develolpment/ALU-V3.1/gerbers/CAMOutputs/GerberFiles/copper_inner_l3.gbr	hardware/cards/alu/eagle/deprecated/v3.1-buried-vias/fab/gerbers/CAMOutputs/GerberFiles/copper_inner_l3.gbr	archive/superseded-revisions/snapshot-2020-08-pre-git/YACC1-2020/PCB/Working - Under Develolpment/ALU-V3.1/gerbers/CAMOutputs/GerberFiles/copper_inner_l3.gbr
YACCS-OLD/YACC1-2020-backup-pre-git-backup/YACC1-2020/PCB/Working - Under Develolpment/ALU-V3.1/gerbers/CAMOutputs/GerberFiles/copper_top_l1.gbr	hardware/cards/alu/eagle/deprecated/v3.1-buried-vias/fab/gerbers/CAMOutputs/GerberFiles/copper_top_l1.gbr	archive/superseded-revisions/snapshot-2020-08-pre-git/YACC1-2020/PCB/Working - Under Develolpment/ALU-V3.1/gerbers/CAMOutputs/GerberFiles/copper_top_l1.gbr
YACCS-OLD/YACC1-2020-backup-pre-git-backup/YACC1-2020/PCB/Working - Under Develolpment/ALU-V3.1/gerbers/CAMOutputs/GerberFiles/drill_15_16.xln	hardware/cards/alu/eagle/deprecated/v3.1-buried-vias/fab/gerbers/CAMOutputs/DrillFiles/drill_15_16.xln	archive/superseded-revisions/snapshot-2020-08-pre-git/YACC1-2020/PCB/Working - Under Develolpment/ALU-V3.1/gerbers/CAMOutputs/GerberFiles/drill_15_16.xln
YACCS-OLD/YACC1-2020-backup-pre-git-backup/YACC1-2020/PCB/Working - Under Develolpment/ALU-V3.1/gerbers/CAMOutputs/GerberFiles/drill_1_2.xln	hardware/cards/alu/eagle/deprecated/v3.1-buried-vias/fab/gerbers/CAMOutputs/DrillFiles/drill_1_2.xln	archive/superseded-revisions/snapshot-2020-08-pre-git/YACC1-2020/PCB/Working - Under Develolpment/ALU-V3.1/gerbers/CAMOutputs/GerberFiles/drill_1_2.xln
YACCS-OLD/YACC1-2020-backup-pre-git-backup/YACC1-2020/PCB/Working - Under Develolpment/ALU-V3.1/gerbers/CAMOutputs/GerberFiles/gerber_job.gbrjob	hardware/cards/alu/eagle/deprecated/v3.1-buried-vias/fab/gerbers/CAMOutputs/GerberFiles/gerber_job.gbrjob	archive/superseded-revisions/snapshot-2020-08-pre-git/YACC1-2020/PCB/Working - Under Develolpment/ALU-V3.1/gerbers/CAMOutputs/GerberFiles/gerber_job.gbrjob
YACCS-OLD/YACC1-2020-backup-pre-git-backup/YACC1-2020/PCB/Working - Under Develolpment/ALU-V3.1/gerbers/CAMOutputs/GerberFiles/silkscreen_top.gbr	hardware/cards/alu/eagle/deprecated/v3.1-buried-vias/fab/gerbers/CAMOutputs/GerberFiles/silkscreen_top.gbr	archive/superseded-revisions/snapshot-2020-08-pre-git/YACC1-2020/PCB/Working - Under Develolpment/ALU-V3.1/gerbers/CAMOutputs/GerberFiles/silkscreen_top.gbr
YACCS-OLD/YACC1-2020-backup-pre-git-backup/YACC1-2020/PCB/Working - Under Develolpment/ALU-V3.1/gerbers/CAMOutputs/GerberFiles/soldermask_bottom.gbr	hardware/cards/alu/eagle/deprecated/v3.1-buried-vias/fab/gerbers/CAMOutputs/GerberFiles/soldermask_bottom.gbr	archive/superseded-revisions/snapshot-2020-08-pre-git/YACC1-2020/PCB/Working - Under Develolpment/ALU-V3.1/gerbers/CAMOutputs/GerberFiles/soldermask_bottom.gbr
YACCS-OLD/YACC1-2020-backup-pre-git-backup/YACC1-2020/PCB/Working - Under Develolpment/ALU-V3.1/gerbers/CAMOutputs/GerberFiles/soldermask_top.gbr	hardware/cards/alu/eagle/deprecated/v3.1-buried-vias/fab/gerbers/CAMOutputs/GerberFiles/soldermask_top.gbr	archive/superseded-revisions/snapshot-2020-08-pre-git/YACC1-2020/PCB/Working - Under Develolpment/ALU-V3.1/gerbers/CAMOutputs/GerberFiles/soldermask_top.gbr
YACCS-OLD/YACC1-2020-backup-pre-git-backup/YACC1-2020/PCB/Working - Under Develolpment/ALU-V3.2/ALU V3.1.brd	hardware/cards/alu/eagle/deprecated/v3.1-buried-vias/ALU V3.1.brd	archive/superseded-revisions/snapshot-2020-08-pre-git/YACC1-2020/PCB/Working - Under Develolpment/ALU-V3.2/ALU V3.1.brd
YACCS-OLD/YACC1-2020-backup-pre-git-backup/YACC1-2020/PCB/Working - Under Develolpment/ALU-V3.2/ALU V3.1.sch	hardware/cards/alu/eagle/deprecated/v3.1-buried-vias/ALU V3.1.sch	archive/superseded-revisions/snapshot-2020-08-pre-git/YACC1-2020/PCB/Working - Under Develolpment/ALU-V3.2/ALU V3.1.sch
YACCS-OLD/YACC1-2020-backup-pre-git-backup/YACC1-2020/PCB/Working - Under Develolpment/ALU-V3.2/Notes.rtf	archive/superseded-revisions/snapshot-2020-08-orig/PCB/Working - Under Develolpment/ALU-V3.2/Notes.rtf	archive/superseded-revisions/snapshot-2020-08-pre-git/YACC1-2020/PCB/Working - Under Develolpment/ALU-V3.2/Notes.rtf
YACCS-OLD/YACC1-2020-backup-pre-git-backup/YACC1-2020/PCB/Working - Under Develolpment/ALU-V3.2/gerbers/CAMOutputs/Assembly/ALU V3.1.txt	hardware/cards/alu/eagle/deprecated/v3.1-buried-vias/fab/gerbers/CAMOutputs/Assembly/ALU V3.1.txt	archive/superseded-revisions/snapshot-2020-08-pre-git/YACC1-2020/PCB/Working - Under Develolpment/ALU-V3.2/gerbers/CAMOutputs/Assembly/ALU V3.1.txt
YACCS-OLD/YACC1-2020-backup-pre-git-backup/YACC1-2020/PCB/Working - Under Develolpment/ALU-V3.2/gerbers/CAMOutputs/DrillFiles/drill_15_16.xln	hardware/cards/alu/eagle/deprecated/v3.1-buried-vias/fab/gerbers/CAMOutputs/DrillFiles/drill_15_16.xln	archive/superseded-revisions/snapshot-2020-08-pre-git/YACC1-2020/PCB/Working - Under Develolpment/ALU-V3.2/gerbers/CAMOutputs/DrillFiles/drill_15_16.xln
YACCS-OLD/YACC1-2020-backup-pre-git-backup/YACC1-2020/PCB/Working - Under Develolpment/ALU-V3.2/gerbers/CAMOutputs/DrillFiles/drill_1_2.xln	hardware/cards/alu/eagle/deprecated/v3.1-buried-vias/fab/gerbers/CAMOutputs/DrillFiles/drill_1_2.xln	archive/superseded-revisions/snapshot-2020-08-pre-git/YACC1-2020/PCB/Working - Under Develolpment/ALU-V3.2/gerbers/CAMOutputs/DrillFiles/drill_1_2.xln
YACCS-OLD/YACC1-2020-backup-pre-git-backup/YACC1-2020/PCB/Working - Under Develolpment/ALU-V3.2/gerbers/CAMOutputs/GerberFiles/Archive.zip	hardware/cards/alu/eagle/deprecated/v3.1-buried-vias/fab/gerbers/CAMOutputs/GerberFiles/Archive.zip	archive/superseded-revisions/snapshot-2020-08-pre-git/YACC1-2020/PCB/Working - Under Develolpment/ALU-V3.2/gerbers/CAMOutputs/GerberFiles/Archive.zip
YACCS-OLD/YACC1-2020-backup-pre-git-backup/YACC1-2020/PCB/Working - Under Develolpment/ALU-V3.2/gerbers/CAMOutputs/GerberFiles/copper_bottom_l4.gbr	hardware/cards/alu/eagle/deprecated/v3.1-buried-vias/fab/gerbers/CAMOutputs/GerberFiles/copper_bottom_l4.gbr	archive/superseded-revisions/snapshot-2020-08-pre-git/YACC1-2020/PCB/Working - Under Develolpment/ALU-V3.2/gerbers/CAMOutputs/GerberFiles/copper_bottom_l4.gbr
YACCS-OLD/YACC1-2020-backup-pre-git-backup/YACC1-2020/PCB/Working - Under Develolpment/ALU-V3.2/gerbers/CAMOutputs/GerberFiles/copper_inner_l2.gbr	hardware/cards/alu/eagle/deprecated/v3.1-buried-vias/fab/gerbers/CAMOutputs/GerberFiles/copper_inner_l2.gbr	archive/superseded-revisions/snapshot-2020-08-pre-git/YACC1-2020/PCB/Working - Under Develolpment/ALU-V3.2/gerbers/CAMOutputs/GerberFiles/copper_inner_l2.gbr
YACCS-OLD/YACC1-2020-backup-pre-git-backup/YACC1-2020/PCB/Working - Under Develolpment/ALU-V3.2/gerbers/CAMOutputs/GerberFiles/copper_inner_l3.gbr	hardware/cards/alu/eagle/deprecated/v3.1-buried-vias/fab/gerbers/CAMOutputs/GerberFiles/copper_inner_l3.gbr	archive/superseded-revisions/snapshot-2020-08-pre-git/YACC1-2020/PCB/Working - Under Develolpment/ALU-V3.2/gerbers/CAMOutputs/GerberFiles/copper_inner_l3.gbr
YACCS-OLD/YACC1-2020-backup-pre-git-backup/YACC1-2020/PCB/Working - Under Develolpment/ALU-V3.2/gerbers/CAMOutputs/GerberFiles/copper_top_l1.gbr	hardware/cards/alu/eagle/deprecated/v3.1-buried-vias/fab/gerbers/CAMOutputs/GerberFiles/copper_top_l1.gbr	archive/superseded-revisions/snapshot-2020-08-pre-git/YACC1-2020/PCB/Working - Under Develolpment/ALU-V3.2/gerbers/CAMOutputs/GerberFiles/copper_top_l1.gbr
YACCS-OLD/YACC1-2020-backup-pre-git-backup/YACC1-2020/PCB/Working - Under Develolpment/ALU-V3.2/gerbers/CAMOutputs/GerberFiles/drill_15_16.xln	hardware/cards/alu/eagle/deprecated/v3.1-buried-vias/fab/gerbers/CAMOutputs/DrillFiles/drill_15_16.xln	archive/superseded-revisions/snapshot-2020-08-pre-git/YACC1-2020/PCB/Working - Under Develolpment/ALU-V3.2/gerbers/CAMOutputs/GerberFiles/drill_15_16.xln
YACCS-OLD/YACC1-2020-backup-pre-git-backup/YACC1-2020/PCB/Working - Under Develolpment/ALU-V3.2/gerbers/CAMOutputs/GerberFiles/drill_1_2.xln	hardware/cards/alu/eagle/deprecated/v3.1-buried-vias/fab/gerbers/CAMOutputs/DrillFiles/drill_1_2.xln	archive/superseded-revisions/snapshot-2020-08-pre-git/YACC1-2020/PCB/Working - Under Develolpment/ALU-V3.2/gerbers/CAMOutputs/GerberFiles/drill_1_2.xln
YACCS-OLD/YACC1-2020-backup-pre-git-backup/YACC1-2020/PCB/Working - Under Develolpment/ALU-V3.2/gerbers/CAMOutputs/GerberFiles/gerber_job.gbrjob	hardware/cards/alu/eagle/deprecated/v3.1-buried-vias/fab/gerbers/CAMOutputs/GerberFiles/gerber_job.gbrjob	archive/superseded-revisions/snapshot-2020-08-pre-git/YACC1-2020/PCB/Working - Under Develolpment/ALU-V3.2/gerbers/CAMOutputs/GerberFiles/gerber_job.gbrjob
YACCS-OLD/YACC1-2020-backup-pre-git-backup/YACC1-2020/PCB/Working - Under Develolpment/ALU-V3.2/gerbers/CAMOutputs/GerberFiles/silkscreen_top.gbr	hardware/cards/alu/eagle/deprecated/v3.1-buried-vias/fab/gerbers/CAMOutputs/GerberFiles/silkscreen_top.gbr	archive/superseded-revisions/snapshot-2020-08-pre-git/YACC1-2020/PCB/Working - Under Develolpment/ALU-V3.2/gerbers/CAMOutputs/GerberFiles/silkscreen_top.gbr
YACCS-OLD/YACC1-2020-backup-pre-git-backup/YACC1-2020/PCB/Working - Under Develolpment/ALU-V3.2/gerbers/CAMOutputs/GerberFiles/soldermask_bottom.gbr	hardware/cards/alu/eagle/deprecated/v3.1-buried-vias/fab/gerbers/CAMOutputs/GerberFiles/soldermask_bottom.gbr	archive/superseded-revisions/snapshot-2020-08-pre-git/YACC1-2020/PCB/Working - Under Develolpment/ALU-V3.2/gerbers/CAMOutputs/GerberFiles/soldermask_bottom.gbr
YACCS-OLD/YACC1-2020-backup-pre-git-backup/YACC1-2020/PCB/Working - Under Develolpment/ALU-V3.2/gerbers/CAMOutputs/GerberFiles/soldermask_top.gbr	hardware/cards/alu/eagle/deprecated/v3.1-buried-vias/fab/gerbers/CAMOutputs/GerberFiles/soldermask_top.gbr	archive/superseded-revisions/snapshot-2020-08-pre-git/YACC1-2020/PCB/Working - Under Develolpment/ALU-V3.2/gerbers/CAMOutputs/GerberFiles/soldermask_top.gbr
YACCS-OLD/YACC1-2020-backup-pre-git-backup/YACC1-2020/PCB/Working - Under Develolpment/Address and TMP-V1.0/Address and TMP V1.0.brd	hardware/cards/address-tmp/eagle/deprecated/v1.0/Address and TMP V1.0.brd	archive/superseded-revisions/snapshot-2020-08-pre-git/YACC1-2020/PCB/Working - Under Develolpment/Address and TMP-V1.0/Address and TMP V1.0.brd
YACCS-OLD/YACC1-2020-backup-pre-git-backup/YACC1-2020/PCB/Working - Under Develolpment/Address and TMP-V1.0/Address and TMP V1.0.pro	hardware/cards/address-tmp/eagle/deprecated/v1.0/Address and TMP V1.0.pro	archive/superseded-revisions/snapshot-2020-08-pre-git/YACC1-2020/PCB/Working - Under Develolpment/Address and TMP-V1.0/Address and TMP V1.0.pro
YACCS-OLD/YACC1-2020-backup-pre-git-backup/YACC1-2020/PCB/Working - Under Develolpment/Address and TMP-V1.0/Address and TMP V1.0.sch	hardware/cards/address-tmp/eagle/deprecated/v1.0/Address and TMP V1.0.sch	archive/superseded-revisions/snapshot-2020-08-pre-git/YACC1-2020/PCB/Working - Under Develolpment/Address and TMP-V1.0/Address and TMP V1.0.sch
YACCS-OLD/YACC1-2020-backup-pre-git-backup/YACC1-2020/PCB/Working - Under Develolpment/Address and TMP-V1.0/CAMOutputs/Assembly/Address and TMP V1.0.txt	hardware/cards/address-tmp/eagle/deprecated/v1.0/fab/CAMOutputs/Assembly/Address and TMP V1.0.txt	archive/superseded-revisions/snapshot-2020-08-pre-git/YACC1-2020/PCB/Working - Under Develolpment/Address and TMP-V1.0/CAMOutputs/Assembly/Address and TMP V1.0.txt
YACCS-OLD/YACC1-2020-backup-pre-git-backup/YACC1-2020/PCB/Working - Under Develolpment/Address and TMP-V1.0/CAMOutputs/DrillFiles/drill_1_16.xln	hardware/cards/address-tmp/eagle/deprecated/v1.0/fab/CAMOutputs/DrillFiles/drill_1_16.xln	archive/superseded-revisions/snapshot-2020-08-pre-git/YACC1-2020/PCB/Working - Under Develolpment/Address and TMP-V1.0/CAMOutputs/DrillFiles/drill_1_16.xln
YACCS-OLD/YACC1-2020-backup-pre-git-backup/YACC1-2020/PCB/Working - Under Develolpment/Address and TMP-V1.0/CAMOutputs/GerberFiles/Archive.zip	hardware/cards/address-tmp/eagle/deprecated/v1.0/fab/CAMOutputs/GerberFiles/Archive.zip	archive/superseded-revisions/snapshot-2020-08-pre-git/YACC1-2020/PCB/Working - Under Develolpment/Address and TMP-V1.0/CAMOutputs/GerberFiles/Archive.zip
YACCS-OLD/YACC1-2020-backup-pre-git-backup/YACC1-2020/PCB/Working - Under Develolpment/Address and TMP-V1.0/CAMOutputs/GerberFiles/copper_bottom.gbr	hardware/cards/address-tmp/eagle/deprecated/v1.0/fab/CAMOutputs/GerberFiles/copper_bottom.gbr	archive/superseded-revisions/snapshot-2020-08-pre-git/YACC1-2020/PCB/Working - Under Develolpment/Address and TMP-V1.0/CAMOutputs/GerberFiles/copper_bottom.gbr
YACCS-OLD/YACC1-2020-backup-pre-git-backup/YACC1-2020/PCB/Working - Under Develolpment/Address and TMP-V1.0/CAMOutputs/GerberFiles/copper_top.gbr	hardware/cards/address-tmp/eagle/deprecated/v1.0/fab/CAMOutputs/GerberFiles/copper_top.gbr	archive/superseded-revisions/snapshot-2020-08-pre-git/YACC1-2020/PCB/Working - Under Develolpment/Address and TMP-V1.0/CAMOutputs/GerberFiles/copper_top.gbr
YACCS-OLD/YACC1-2020-backup-pre-git-backup/YACC1-2020/PCB/Working - Under Develolpment/Address and TMP-V1.0/CAMOutputs/GerberFiles/drill_1_16.xln	hardware/cards/address-tmp/eagle/deprecated/v1.0/fab/CAMOutputs/DrillFiles/drill_1_16.xln	archive/superseded-revisions/snapshot-2020-08-pre-git/YACC1-2020/PCB/Working - Under Develolpment/Address and TMP-V1.0/CAMOutputs/GerberFiles/drill_1_16.xln
YACCS-OLD/YACC1-2020-backup-pre-git-backup/YACC1-2020/PCB/Working - Under Develolpment/Address and TMP-V1.0/CAMOutputs/GerberFiles/gerber_job.gbrjob	hardware/cards/address-tmp/eagle/deprecated/v1.0/fab/CAMOutputs/GerberFiles/gerber_job.gbrjob	archive/superseded-revisions/snapshot-2020-08-pre-git/YACC1-2020/PCB/Working - Under Develolpment/Address and TMP-V1.0/CAMOutputs/GerberFiles/gerber_job.gbrjob
YACCS-OLD/YACC1-2020-backup-pre-git-backup/YACC1-2020/PCB/Working - Under Develolpment/Address and TMP-V1.0/CAMOutputs/GerberFiles/silkscreen_top.gbr	hardware/cards/address-tmp/eagle/deprecated/v1.0/fab/CAMOutputs/GerberFiles/silkscreen_top.gbr	archive/superseded-revisions/snapshot-2020-08-pre-git/YACC1-2020/PCB/Working - Under Develolpment/Address and TMP-V1.0/CAMOutputs/GerberFiles/silkscreen_top.gbr
YACCS-OLD/YACC1-2020-backup-pre-git-backup/YACC1-2020/PCB/Working - Under Develolpment/Address and TMP-V1.0/CAMOutputs/GerberFiles/soldermask_bottom.gbr	hardware/cards/address-tmp/eagle/deprecated/v1.0/fab/CAMOutputs/GerberFiles/soldermask_bottom.gbr	archive/superseded-revisions/snapshot-2020-08-pre-git/YACC1-2020/PCB/Working - Under Develolpment/Address and TMP-V1.0/CAMOutputs/GerberFiles/soldermask_bottom.gbr
YACCS-OLD/YACC1-2020-backup-pre-git-backup/YACC1-2020/PCB/Working - Under Develolpment/Address and TMP-V1.0/CAMOutputs/GerberFiles/soldermask_top.gbr	hardware/cards/address-tmp/eagle/deprecated/v1.0/fab/CAMOutputs/GerberFiles/soldermask_top.gbr	archive/superseded-revisions/snapshot-2020-08-pre-git/YACC1-2020/PCB/Working - Under Develolpment/Address and TMP-V1.0/CAMOutputs/GerberFiles/soldermask_top.gbr
YACCS-OLD/YACC1-2020-backup-pre-git-backup/YACC1-2020/PCB/Working - Under Develolpment/Blank-V1.0/Blank V1.0.brd	archive/superseded-revisions/blank-v1.0/Blank V1.0.brd	archive/superseded-revisions/snapshot-2020-08-pre-git/YACC1-2020/PCB/Working - Under Develolpment/Blank-V1.0/Blank V1.0.brd
YACCS-OLD/YACC1-2020-backup-pre-git-backup/YACC1-2020/PCB/Working - Under Develolpment/Blank-V1.0/Blank V1.0.sch	archive/superseded-revisions/blank-v1.0/Blank V1.0.sch	archive/superseded-revisions/snapshot-2020-08-pre-git/YACC1-2020/PCB/Working - Under Develolpment/Blank-V1.0/Blank V1.0.sch
YACCS-OLD/YACC1-2020-backup-pre-git-backup/YACC1-2020/PCB/Working - Under Develolpment/Bus Jumper Horizontal V3.2/CAMOutputs/Assembly/Jumper Board Horizontal V3.1.txt	hardware/bus/bus-jumper-horizontal/eagle/v3.2/fab/CAMOutputs/Assembly/Jumper Board Horizontal V3.1.txt	archive/superseded-revisions/snapshot-2020-08-pre-git/YACC1-2020/PCB/Working - Under Develolpment/Bus Jumper Horizontal V3.2/CAMOutputs/Assembly/Jumper Board Horizontal V3.1.txt
YACCS-OLD/YACC1-2020-backup-pre-git-backup/YACC1-2020/PCB/Working - Under Develolpment/Bus Jumper Horizontal V3.2/CAMOutputs/DrillFiles/drill_1_16.xln	hardware/bus/bus-jumper-horizontal/eagle/v3.2/fab/CAMOutputs/DrillFiles/drill_1_16.xln	archive/superseded-revisions/snapshot-2020-08-pre-git/YACC1-2020/PCB/Working - Under Develolpment/Bus Jumper Horizontal V3.2/CAMOutputs/DrillFiles/drill_1_16.xln
YACCS-OLD/YACC1-2020-backup-pre-git-backup/YACC1-2020/PCB/Working - Under Develolpment/Bus Jumper Horizontal V3.2/CAMOutputs/GerberFiles/Archive.zip	hardware/bus/bus-jumper-horizontal/eagle/v3.2/fab/CAMOutputs/GerberFiles/Archive.zip	archive/superseded-revisions/snapshot-2020-08-pre-git/YACC1-2020/PCB/Working - Under Develolpment/Bus Jumper Horizontal V3.2/CAMOutputs/GerberFiles/Archive.zip
YACCS-OLD/YACC1-2020-backup-pre-git-backup/YACC1-2020/PCB/Working - Under Develolpment/Bus Jumper Horizontal V3.2/CAMOutputs/GerberFiles/copper_bottom_l4.gbr	hardware/bus/bus-jumper-horizontal/eagle/v3.2/fab/CAMOutputs/GerberFiles/copper_bottom_l4.gbr	archive/superseded-revisions/snapshot-2020-08-pre-git/YACC1-2020/PCB/Working - Under Develolpment/Bus Jumper Horizontal V3.2/CAMOutputs/GerberFiles/copper_bottom_l4.gbr
YACCS-OLD/YACC1-2020-backup-pre-git-backup/YACC1-2020/PCB/Working - Under Develolpment/Bus Jumper Horizontal V3.2/CAMOutputs/GerberFiles/copper_inner_l2.gbr	hardware/bus/bus-jumper-horizontal/eagle/v3.2/fab/CAMOutputs/GerberFiles/copper_inner_l2.gbr	archive/superseded-revisions/snapshot-2020-08-pre-git/YACC1-2020/PCB/Working - Under Develolpment/Bus Jumper Horizontal V3.2/CAMOutputs/GerberFiles/copper_inner_l2.gbr
YACCS-OLD/YACC1-2020-backup-pre-git-backup/YACC1-2020/PCB/Working - Under Develolpment/Bus Jumper Horizontal V3.2/CAMOutputs/GerberFiles/copper_inner_l3.gbr	hardware/bus/bus-jumper-horizontal/eagle/v3.2/fab/CAMOutputs/GerberFiles/copper_inner_l3.gbr	archive/superseded-revisions/snapshot-2020-08-pre-git/YACC1-2020/PCB/Working - Under Develolpment/Bus Jumper Horizontal V3.2/CAMOutputs/GerberFiles/copper_inner_l3.gbr
YACCS-OLD/YACC1-2020-backup-pre-git-backup/YACC1-2020/PCB/Working - Under Develolpment/Bus Jumper Horizontal V3.2/CAMOutputs/GerberFiles/copper_top_l1.gbr	hardware/bus/bus-jumper-horizontal/eagle/v3.2/fab/CAMOutputs/GerberFiles/copper_top_l1.gbr	archive/superseded-revisions/snapshot-2020-08-pre-git/YACC1-2020/PCB/Working - Under Develolpment/Bus Jumper Horizontal V3.2/CAMOutputs/GerberFiles/copper_top_l1.gbr
YACCS-OLD/YACC1-2020-backup-pre-git-backup/YACC1-2020/PCB/Working - Under Develolpment/Bus Jumper Horizontal V3.2/CAMOutputs/GerberFiles/drill_1_16.xln	hardware/bus/bus-jumper-horizontal/eagle/v3.2/fab/CAMOutputs/DrillFiles/drill_1_16.xln	archive/superseded-revisions/snapshot-2020-08-pre-git/YACC1-2020/PCB/Working - Under Develolpment/Bus Jumper Horizontal V3.2/CAMOutputs/GerberFiles/drill_1_16.xln
YACCS-OLD/YACC1-2020-backup-pre-git-backup/YACC1-2020/PCB/Working - Under Develolpment/Bus Jumper Horizontal V3.2/CAMOutputs/GerberFiles/gerber_job.gbrjob	hardware/bus/bus-jumper-horizontal/eagle/v3.2/fab/CAMOutputs/GerberFiles/gerber_job.gbrjob	archive/superseded-revisions/snapshot-2020-08-pre-git/YACC1-2020/PCB/Working - Under Develolpment/Bus Jumper Horizontal V3.2/CAMOutputs/GerberFiles/gerber_job.gbrjob
YACCS-OLD/YACC1-2020-backup-pre-git-backup/YACC1-2020/PCB/Working - Under Develolpment/Bus Jumper Horizontal V3.2/CAMOutputs/GerberFiles/profile.gbr	hardware/bus/bus-jumper-horizontal/eagle/v3.2/fab/CAMOutputs/GerberFiles/profile.gbr	archive/superseded-revisions/snapshot-2020-08-pre-git/YACC1-2020/PCB/Working - Under Develolpment/Bus Jumper Horizontal V3.2/CAMOutputs/GerberFiles/profile.gbr
YACCS-OLD/YACC1-2020-backup-pre-git-backup/YACC1-2020/PCB/Working - Under Develolpment/Bus Jumper Horizontal V3.2/CAMOutputs/GerberFiles/silkscreen_top.gbr	hardware/bus/bus-jumper-horizontal/eagle/deprecated/v3.0/fab/CAMOutputs/GerberFiles/silkscreen_top.gbr	archive/superseded-revisions/snapshot-2020-08-pre-git/YACC1-2020/PCB/Working - Under Develolpment/Bus Jumper Horizontal V3.2/CAMOutputs/GerberFiles/silkscreen_top.gbr
YACCS-OLD/YACC1-2020-backup-pre-git-backup/YACC1-2020/PCB/Working - Under Develolpment/Bus Jumper Horizontal V3.2/CAMOutputs/GerberFiles/soldermask_bottom.gbr	hardware/bus/bus-jumper-horizontal/eagle/v3.2/fab/CAMOutputs/GerberFiles/soldermask_bottom.gbr	archive/superseded-revisions/snapshot-2020-08-pre-git/YACC1-2020/PCB/Working - Under Develolpment/Bus Jumper Horizontal V3.2/CAMOutputs/GerberFiles/soldermask_bottom.gbr
YACCS-OLD/YACC1-2020-backup-pre-git-backup/YACC1-2020/PCB/Working - Under Develolpment/Bus Jumper Horizontal V3.2/CAMOutputs/GerberFiles/soldermask_top.gbr	hardware/bus/bus-jumper-horizontal/eagle/v3.2/fab/CAMOutputs/GerberFiles/soldermask_top.gbr	archive/superseded-revisions/snapshot-2020-08-pre-git/YACC1-2020/PCB/Working - Under Develolpment/Bus Jumper Horizontal V3.2/CAMOutputs/GerberFiles/soldermask_top.gbr
YACCS-OLD/YACC1-2020-backup-pre-git-backup/YACC1-2020/PCB/Working - Under Develolpment/Bus Jumper Horizontal V3.2/Jumper Board Horizontal V3.1.brd	hardware/bus/bus-jumper-horizontal/eagle/v3.2/Jumper Board Horizontal V3.1.brd	archive/superseded-revisions/snapshot-2020-08-pre-git/YACC1-2020/PCB/Working - Under Develolpment/Bus Jumper Horizontal V3.2/Jumper Board Horizontal V3.1.brd
YACCS-OLD/YACC1-2020-backup-pre-git-backup/YACC1-2020/PCB/Working - Under Develolpment/Bus Jumper Horizontal V3.2/Jumper Board Horizontal V3.1.brd.orig	hardware/bus/bus-jumper-horizontal/eagle/v3.2/Jumper Board Horizontal V3.1.brd.orig	archive/superseded-revisions/snapshot-2020-08-pre-git/YACC1-2020/PCB/Working - Under Develolpment/Bus Jumper Horizontal V3.2/Jumper Board Horizontal V3.1.brd.orig
YACCS-OLD/YACC1-2020-backup-pre-git-backup/YACC1-2020/PCB/Working - Under Develolpment/Bus Jumper Horizontal V3.2/Jumper Board Horizontal V3.1.pro	hardware/bus/bus-jumper-horizontal/eagle/v3.2/Jumper Board Horizontal V3.1.pro	archive/superseded-revisions/snapshot-2020-08-pre-git/YACC1-2020/PCB/Working - Under Develolpment/Bus Jumper Horizontal V3.2/Jumper Board Horizontal V3.1.pro
YACCS-OLD/YACC1-2020-backup-pre-git-backup/YACC1-2020/PCB/Working - Under Develolpment/Bus Jumper Horizontal V3.2/Jumper Board Horizontal V3.1_00.pro	hardware/bus/bus-jumper-horizontal/eagle/v3.2/Jumper Board Horizontal V3.1_00.pro	archive/superseded-revisions/snapshot-2020-08-pre-git/YACC1-2020/PCB/Working - Under Develolpment/Bus Jumper Horizontal V3.2/Jumper Board Horizontal V3.1_00.pro
YACCS-OLD/YACC1-2020-backup-pre-git-backup/YACC1-2020/PCB/Working - Under Develolpment/Bus Jumper Horizontal V3.2/Jumper Board Horizontal V3.1_01.pro	hardware/bus/bus-jumper-horizontal/eagle/v3.2/Jumper Board Horizontal V3.1_01.pro	archive/superseded-revisions/snapshot-2020-08-pre-git/YACC1-2020/PCB/Working - Under Develolpment/Bus Jumper Horizontal V3.2/Jumper Board Horizontal V3.1_01.pro
YACCS-OLD/YACC1-2020-backup-pre-git-backup/YACC1-2020/PCB/Working - Under Develolpment/Bus Jumper Horizontal V3.2/Jumper Board Horizontal V3.1_02.pro	hardware/bus/bus-jumper-horizontal/eagle/v3.2/Jumper Board Horizontal V3.1_02.pro	archive/superseded-revisions/snapshot-2020-08-pre-git/YACC1-2020/PCB/Working - Under Develolpment/Bus Jumper Horizontal V3.2/Jumper Board Horizontal V3.1_02.pro
YACCS-OLD/YACC1-2020-backup-pre-git-backup/YACC1-2020/PCB/Working - Under Develolpment/Bus Jumper Horizontal V3.2/Jumper Board Horizontal V3.1_03.pro	hardware/bus/bus-jumper-horizontal/eagle/v3.2/Jumper Board Horizontal V3.1_03.pro	archive/superseded-revisions/snapshot-2020-08-pre-git/YACC1-2020/PCB/Working - Under Develolpment/Bus Jumper Horizontal V3.2/Jumper Board Horizontal V3.1_03.pro
YACCS-OLD/YACC1-2020-backup-pre-git-backup/YACC1-2020/PCB/Working - Under Develolpment/Bus Jumper Horizontal V3.2/Notes.rtf	hardware/bus/bus-jumper-horizontal/eagle/v3.2/Notes.rtf	archive/superseded-revisions/snapshot-2020-08-pre-git/YACC1-2020/PCB/Working - Under Develolpment/Bus Jumper Horizontal V3.2/Notes.rtf
YACCS-OLD/YACC1-2020-backup-pre-git-backup/YACC1-2020/PCB/Working - Under Develolpment/Bus Template V3.0/Bus V3.0.sch	archive/superseded-revisions/bus-template-v3.0/Bus V3.0.sch	archive/superseded-revisions/snapshot-2020-08-pre-git/YACC1-2020/PCB/Working - Under Develolpment/Bus Template V3.0/Bus V3.0.sch
YACCS-OLD/YACC1-2020-backup-pre-git-backup/YACC1-2020/PCB/Working - Under Develolpment/Bus Template V3.1/Bus V3.1.sch	archive/superseded-revisions/bus-template-v3.1/Bus V3.1.sch	archive/superseded-revisions/snapshot-2020-08-pre-git/YACC1-2020/PCB/Working - Under Develolpment/Bus Template V3.1/Bus V3.1.sch
YACCS-OLD/YACC1-2020-backup-pre-git-backup/YACC1-2020/PCB/Working - Under Develolpment/Index Registers 1.1/Index Registers - 1.1.brd	archive/superseded-revisions/snapshot-2020-08-orig/PCB/Working - Under Develolpment/Index Registers 1.1/Index Registers - 1.1.brd	archive/superseded-revisions/snapshot-2020-08-pre-git/YACC1-2020/PCB/Working - Under Develolpment/Index Registers 1.1/Index Registers - 1.1.brd
YACCS-OLD/YACC1-2020-backup-pre-git-backup/YACC1-2020/PCB/Working - Under Develolpment/Index Registers 1.1/Index Registers - 1.1.pro	archive/superseded-revisions/snapshot-2020-08-orig/PCB/Working - Under Develolpment/Index Registers 1.1/Index Registers - 1.1.pro	archive/superseded-revisions/snapshot-2020-08-pre-git/YACC1-2020/PCB/Working - Under Develolpment/Index Registers 1.1/Index Registers - 1.1.pro
YACCS-OLD/YACC1-2020-backup-pre-git-backup/YACC1-2020/PCB/Working - Under Develolpment/Index Registers 1.1/Index Registers - 1.1.sch	archive/superseded-revisions/snapshot-2020-08-orig/PCB/Working - Under Develolpment/Index Registers 1.1/Index Registers - 1.1.sch	archive/superseded-revisions/snapshot-2020-08-pre-git/YACC1-2020/PCB/Working - Under Develolpment/Index Registers 1.1/Index Registers - 1.1.sch
YACCS-OLD/YACC1-2020-backup-pre-git-backup/YACC1-2020/PCB/Working - Under Develolpment/Memory v1.2/CAMOutputs/Assembly/Memory V1.0.txt	hardware/cards/memory/eagle/deprecated/v1.1/fab/CAMOutputs/Assembly/Memory V1.0.txt	archive/superseded-revisions/snapshot-2020-08-pre-git/YACC1-2020/PCB/Working - Under Develolpment/Memory v1.2/CAMOutputs/Assembly/Memory V1.0.txt
YACCS-OLD/YACC1-2020-backup-pre-git-backup/YACC1-2020/PCB/Working - Under Develolpment/Memory v1.2/CAMOutputs/DrillFiles/drill_1_16.xln	hardware/cards/memory/eagle/deprecated/v1.1/fab/CAMOutputs/DrillFiles/drill_1_16.xln	archive/superseded-revisions/snapshot-2020-08-pre-git/YACC1-2020/PCB/Working - Under Develolpment/Memory v1.2/CAMOutputs/DrillFiles/drill_1_16.xln
YACCS-OLD/YACC1-2020-backup-pre-git-backup/YACC1-2020/PCB/Working - Under Develolpment/Memory v1.2/CAMOutputs/GerberFiles/Archive.zip	hardware/cards/memory/eagle/deprecated/v1.1/fab/CAMOutputs/GerberFiles/Archive.zip	archive/superseded-revisions/snapshot-2020-08-pre-git/YACC1-2020/PCB/Working - Under Develolpment/Memory v1.2/CAMOutputs/GerberFiles/Archive.zip
YACCS-OLD/YACC1-2020-backup-pre-git-backup/YACC1-2020/PCB/Working - Under Develolpment/Memory v1.2/CAMOutputs/GerberFiles/copper_bottom.gbr	hardware/cards/memory/eagle/deprecated/v1.1/fab/CAMOutputs/GerberFiles/copper_bottom.gbr	archive/superseded-revisions/snapshot-2020-08-pre-git/YACC1-2020/PCB/Working - Under Develolpment/Memory v1.2/CAMOutputs/GerberFiles/copper_bottom.gbr
YACCS-OLD/YACC1-2020-backup-pre-git-backup/YACC1-2020/PCB/Working - Under Develolpment/Memory v1.2/CAMOutputs/GerberFiles/copper_top.gbr	hardware/cards/memory/eagle/deprecated/v1.1/fab/CAMOutputs/GerberFiles/copper_top.gbr	archive/superseded-revisions/snapshot-2020-08-pre-git/YACC1-2020/PCB/Working - Under Develolpment/Memory v1.2/CAMOutputs/GerberFiles/copper_top.gbr
YACCS-OLD/YACC1-2020-backup-pre-git-backup/YACC1-2020/PCB/Working - Under Develolpment/Memory v1.2/CAMOutputs/GerberFiles/drill_1_16.xln	hardware/cards/memory/eagle/deprecated/v1.1/fab/CAMOutputs/DrillFiles/drill_1_16.xln	archive/superseded-revisions/snapshot-2020-08-pre-git/YACC1-2020/PCB/Working - Under Develolpment/Memory v1.2/CAMOutputs/GerberFiles/drill_1_16.xln
YACCS-OLD/YACC1-2020-backup-pre-git-backup/YACC1-2020/PCB/Working - Under Develolpment/Memory v1.2/CAMOutputs/GerberFiles/gerber_job.gbrjob	hardware/cards/memory/eagle/deprecated/v1.1/fab/CAMOutputs/GerberFiles/gerber_job.gbrjob	archive/superseded-revisions/snapshot-2020-08-pre-git/YACC1-2020/PCB/Working - Under Develolpment/Memory v1.2/CAMOutputs/GerberFiles/gerber_job.gbrjob
YACCS-OLD/YACC1-2020-backup-pre-git-backup/YACC1-2020/PCB/Working - Under Develolpment/Memory v1.2/CAMOutputs/GerberFiles/silkscreen_top.gbr	hardware/cards/memory/eagle/deprecated/v1.1/fab/CAMOutputs/GerberFiles/silkscreen_top.gbr	archive/superseded-revisions/snapshot-2020-08-pre-git/YACC1-2020/PCB/Working - Under Develolpment/Memory v1.2/CAMOutputs/GerberFiles/silkscreen_top.gbr
YACCS-OLD/YACC1-2020-backup-pre-git-backup/YACC1-2020/PCB/Working - Under Develolpment/Memory v1.2/CAMOutputs/GerberFiles/soldermask_bottom.gbr	hardware/cards/memory/eagle/deprecated/v1.1/fab/CAMOutputs/GerberFiles/soldermask_bottom.gbr	archive/superseded-revisions/snapshot-2020-08-pre-git/YACC1-2020/PCB/Working - Under Develolpment/Memory v1.2/CAMOutputs/GerberFiles/soldermask_bottom.gbr
YACCS-OLD/YACC1-2020-backup-pre-git-backup/YACC1-2020/PCB/Working - Under Develolpment/Memory v1.2/CAMOutputs/GerberFiles/soldermask_top.gbr	hardware/cards/memory/eagle/deprecated/v1.1/fab/CAMOutputs/GerberFiles/soldermask_top.gbr	archive/superseded-revisions/snapshot-2020-08-pre-git/YACC1-2020/PCB/Working - Under Develolpment/Memory v1.2/CAMOutputs/GerberFiles/soldermask_top.gbr
YACCS-OLD/YACC1-2020-backup-pre-git-backup/YACC1-2020/PCB/Working - Under Develolpment/Memory v1.2/Memory V1.2.brd	archive/superseded-revisions/snapshot-2020-08-orig/PCB/Working - Under Develolpment/Memory v1.2/Memory V1.2.brd	archive/superseded-revisions/snapshot-2020-08-pre-git/YACC1-2020/PCB/Working - Under Develolpment/Memory v1.2/Memory V1.2.brd
YACCS-OLD/YACC1-2020-backup-pre-git-backup/YACC1-2020/PCB/Working - Under Develolpment/Memory v1.2/Memory V1.2.pro	archive/superseded-revisions/snapshot-2020-08-orig/PCB/Working - Under Develolpment/Memory v1.2/Memory V1.2.pro	archive/superseded-revisions/snapshot-2020-08-pre-git/YACC1-2020/PCB/Working - Under Develolpment/Memory v1.2/Memory V1.2.pro
YACCS-OLD/YACC1-2020-backup-pre-git-backup/YACC1-2020/PCB/Working - Under Develolpment/Memory v1.2/Memory V1.2.sch	archive/superseded-revisions/snapshot-2020-08-orig/PCB/Working - Under Develolpment/Memory v1.2/Memory V1.2.sch	archive/superseded-revisions/snapshot-2020-08-pre-git/YACC1-2020/PCB/Working - Under Develolpment/Memory v1.2/Memory V1.2.sch
YACCS-OLD/YACC1-2020-backup-pre-git-backup/YACC1-2020/PCB/Working - Under Develolpment/Memory v1.2/Notes.rtf	hardware/cards/memory/eagle/deprecated/v1.2/Notes.rtf	archive/superseded-revisions/snapshot-2020-08-pre-git/YACC1-2020/PCB/Working - Under Develolpment/Memory v1.2/Notes.rtf
YACCS-OLD/YACC1-2020-backup-pre-git-backup/YACC1-2020/PCB/Working - Under Develolpment/Memory v1.2/ROM ZSelect.circ	hardware/cards/memory/eagle/deprecated/v1.1/ROM ZSelect.circ	archive/superseded-revisions/snapshot-2020-08-pre-git/YACC1-2020/PCB/Working - Under Develolpment/Memory v1.2/ROM ZSelect.circ
YACCS-OLD/YACC1-2020-backup-pre-git-backup/YACC1-2020/PCB/Working - Under Develolpment/Sequencer-Memory-V2.0/CAMOutputs/Assembly/Sequencer-Memory-V1.0-3.csv	hardware/cards/sequencer-memory/eagle/deprecated/v2.0/fab/CAMOutputs/Assembly/Sequencer-Memory-V1.0-3.csv	archive/superseded-revisions/snapshot-2020-08-pre-git/YACC1-2020/PCB/Working - Under Develolpment/Sequencer-Memory-V2.0/CAMOutputs/Assembly/Sequencer-Memory-V1.0-3.csv
YACCS-OLD/YACC1-2020-backup-pre-git-backup/YACC1-2020/PCB/Working - Under Develolpment/Sequencer-Memory-V2.0/CAMOutputs/Assembly/Sequencer-Memory-V2.0.csv	hardware/cards/sequencer-memory/eagle/deprecated/v2.0/fab/CAMOutputs/Assembly/Sequencer-Memory-V1.0-3.csv	archive/superseded-revisions/snapshot-2020-08-pre-git/YACC1-2020/PCB/Working - Under Develolpment/Sequencer-Memory-V2.0/CAMOutputs/Assembly/Sequencer-Memory-V2.0.csv
YACCS-OLD/YACC1-2020-backup-pre-git-backup/YACC1-2020/PCB/Working - Under Develolpment/Sequencer-Memory-V2.0/CAMOutputs/DrillFiles/drill_1_16.xln	hardware/cards/sequencer-memory/eagle/deprecated/v2.0/fab/CAMOutputs/DrillFiles/drill_1_16.xln	archive/superseded-revisions/snapshot-2020-08-pre-git/YACC1-2020/PCB/Working - Under Develolpment/Sequencer-Memory-V2.0/CAMOutputs/DrillFiles/drill_1_16.xln
YACCS-OLD/YACC1-2020-backup-pre-git-backup/YACC1-2020/PCB/Working - Under Develolpment/Sequencer-Memory-V2.0/CAMOutputs/GerberFiles/Archive.zip	hardware/cards/sequencer-memory/eagle/deprecated/v2.0/fab/CAMOutputs/GerberFiles/Archive.zip	archive/superseded-revisions/snapshot-2020-08-pre-git/YACC1-2020/PCB/Working - Under Develolpment/Sequencer-Memory-V2.0/CAMOutputs/GerberFiles/Archive.zip
YACCS-OLD/YACC1-2020-backup-pre-git-backup/YACC1-2020/PCB/Working - Under Develolpment/Sequencer-Memory-V2.0/CAMOutputs/GerberFiles/copper_bottom_l4.gbr	hardware/cards/sequencer-memory/eagle/deprecated/v2.0/fab/CAMOutputs/GerberFiles/copper_bottom_l4.gbr	archive/superseded-revisions/snapshot-2020-08-pre-git/YACC1-2020/PCB/Working - Under Develolpment/Sequencer-Memory-V2.0/CAMOutputs/GerberFiles/copper_bottom_l4.gbr
YACCS-OLD/YACC1-2020-backup-pre-git-backup/YACC1-2020/PCB/Working - Under Develolpment/Sequencer-Memory-V2.0/CAMOutputs/GerberFiles/copper_inner_l2.gbr	hardware/cards/sequencer-memory/eagle/deprecated/v2.0/fab/CAMOutputs/GerberFiles/copper_inner_l2.gbr	archive/superseded-revisions/snapshot-2020-08-pre-git/YACC1-2020/PCB/Working - Under Develolpment/Sequencer-Memory-V2.0/CAMOutputs/GerberFiles/copper_inner_l2.gbr
YACCS-OLD/YACC1-2020-backup-pre-git-backup/YACC1-2020/PCB/Working - Under Develolpment/Sequencer-Memory-V2.0/CAMOutputs/GerberFiles/copper_inner_l3.gbr	hardware/cards/sequencer-memory/eagle/deprecated/v2.0/fab/CAMOutputs/GerberFiles/copper_inner_l3.gbr	archive/superseded-revisions/snapshot-2020-08-pre-git/YACC1-2020/PCB/Working - Under Develolpment/Sequencer-Memory-V2.0/CAMOutputs/GerberFiles/copper_inner_l3.gbr
YACCS-OLD/YACC1-2020-backup-pre-git-backup/YACC1-2020/PCB/Working - Under Develolpment/Sequencer-Memory-V2.0/CAMOutputs/GerberFiles/copper_top_l1.gbr	hardware/cards/sequencer-memory/eagle/deprecated/v2.0/fab/CAMOutputs/GerberFiles/copper_top_l1.gbr	archive/superseded-revisions/snapshot-2020-08-pre-git/YACC1-2020/PCB/Working - Under Develolpment/Sequencer-Memory-V2.0/CAMOutputs/GerberFiles/copper_top_l1.gbr
YACCS-OLD/YACC1-2020-backup-pre-git-backup/YACC1-2020/PCB/Working - Under Develolpment/Sequencer-Memory-V2.0/CAMOutputs/GerberFiles/drill_1_16.xln	hardware/cards/sequencer-memory/eagle/deprecated/v2.0/fab/CAMOutputs/DrillFiles/drill_1_16.xln	archive/superseded-revisions/snapshot-2020-08-pre-git/YACC1-2020/PCB/Working - Under Develolpment/Sequencer-Memory-V2.0/CAMOutputs/GerberFiles/drill_1_16.xln
YACCS-OLD/YACC1-2020-backup-pre-git-backup/YACC1-2020/PCB/Working - Under Develolpment/Sequencer-Memory-V2.0/CAMOutputs/GerberFiles/gerber_job.gbrjob	hardware/cards/sequencer-memory/eagle/deprecated/v2.0/fab/CAMOutputs/GerberFiles/gerber_job.gbrjob	archive/superseded-revisions/snapshot-2020-08-pre-git/YACC1-2020/PCB/Working - Under Develolpment/Sequencer-Memory-V2.0/CAMOutputs/GerberFiles/gerber_job.gbrjob
YACCS-OLD/YACC1-2020-backup-pre-git-backup/YACC1-2020/PCB/Working - Under Develolpment/Sequencer-Memory-V2.0/CAMOutputs/GerberFiles/profile.gbr	hardware/cards/sequencer-memory/eagle/deprecated/v2.0/fab/CAMOutputs/GerberFiles/profile.gbr	archive/superseded-revisions/snapshot-2020-08-pre-git/YACC1-2020/PCB/Working - Under Develolpment/Sequencer-Memory-V2.0/CAMOutputs/GerberFiles/profile.gbr
YACCS-OLD/YACC1-2020-backup-pre-git-backup/YACC1-2020/PCB/Working - Under Develolpment/Sequencer-Memory-V2.0/CAMOutputs/GerberFiles/silkscreen_top.gbr	hardware/cards/sequencer-memory/eagle/deprecated/v2.0/fab/CAMOutputs/GerberFiles/silkscreen_top.gbr	archive/superseded-revisions/snapshot-2020-08-pre-git/YACC1-2020/PCB/Working - Under Develolpment/Sequencer-Memory-V2.0/CAMOutputs/GerberFiles/silkscreen_top.gbr
YACCS-OLD/YACC1-2020-backup-pre-git-backup/YACC1-2020/PCB/Working - Under Develolpment/Sequencer-Memory-V2.0/CAMOutputs/GerberFiles/soldermask_bottom.gbr	hardware/cards/sequencer-memory/eagle/deprecated/v2.0/fab/CAMOutputs/GerberFiles/soldermask_bottom.gbr	archive/superseded-revisions/snapshot-2020-08-pre-git/YACC1-2020/PCB/Working - Under Develolpment/Sequencer-Memory-V2.0/CAMOutputs/GerberFiles/soldermask_bottom.gbr
YACCS-OLD/YACC1-2020-backup-pre-git-backup/YACC1-2020/PCB/Working - Under Develolpment/Sequencer-Memory-V2.0/CAMOutputs/GerberFiles/soldermask_top.gbr	hardware/cards/sequencer-memory/eagle/deprecated/v2.0/fab/CAMOutputs/GerberFiles/soldermask_top.gbr	archive/superseded-revisions/snapshot-2020-08-pre-git/YACC1-2020/PCB/Working - Under Develolpment/Sequencer-Memory-V2.0/CAMOutputs/GerberFiles/soldermask_top.gbr
YACCS-OLD/YACC1-2020-backup-pre-git-backup/YACC1-2020/PCB/Working - Under Develolpment/Sequencer-Memory-V2.0/Notes.rtf	hardware/cards/sequencer-memory/eagle/v2.1/Notes.rtf	archive/superseded-revisions/snapshot-2020-08-pre-git/YACC1-2020/PCB/Working - Under Develolpment/Sequencer-Memory-V2.0/Notes.rtf
YACCS-OLD/YACC1-2020-backup-pre-git-backup/YACC1-2020/PCB/Working - Under Develolpment/Sequencer-Memory-V2.0/Sequencer-Memory-V2.0.brd	hardware/cards/sequencer-memory/eagle/deprecated/v2.0/Sequencer-Memory-V2.0.brd	archive/superseded-revisions/snapshot-2020-08-pre-git/YACC1-2020/PCB/Working - Under Develolpment/Sequencer-Memory-V2.0/Sequencer-Memory-V2.0.brd
YACCS-OLD/YACC1-2020-backup-pre-git-backup/YACC1-2020/PCB/Working - Under Develolpment/Sequencer-Memory-V2.0/Sequencer-Memory-V2.0.pro	hardware/cards/sequencer-memory/eagle/deprecated/v2.0/Sequencer-Memory-V2.0.pro	archive/superseded-revisions/snapshot-2020-08-pre-git/YACC1-2020/PCB/Working - Under Develolpment/Sequencer-Memory-V2.0/Sequencer-Memory-V2.0.pro
YACCS-OLD/YACC1-2020-backup-pre-git-backup/YACC1-2020/PCB/Working - Under Develolpment/Sequencer-Memory-V2.0/Sequencer-Memory-V2.0.sch	hardware/cards/sequencer-memory/eagle/deprecated/v2.0/Sequencer-Memory-V2.0.sch	archive/superseded-revisions/snapshot-2020-08-pre-git/YACC1-2020/PCB/Working - Under Develolpment/Sequencer-Memory-V2.0/Sequencer-Memory-V2.0.sch
YACCS-OLD/YACC1-2020-backup-pre-git-backup/YACC1-2020/Presentations/yacc1.pptx	docs/history/presentations/yacc1.pptx	archive/superseded-revisions/snapshot-2020-08-pre-git/YACC1-2020/Presentations/yacc1.pptx
YACCS-OLD/YACC1-2020-backup-pre-git-backup/YACC1-2020/Software/Assembler/asm.c	archive/third-party/a18-cug149-xcode/a18/asm.c	archive/superseded-revisions/snapshot-2020-08-pre-git/YACC1-2020/Software/Assembler/asm.c
YACCS-OLD/YACC1-2020-backup-pre-git-backup/YACC1-2020/Software/Assembler/asmcmds.c	archive/superseded-revisions/software-old-obsolete/Assembler-old/asmcmds.c	archive/superseded-revisions/snapshot-2020-08-pre-git/YACC1-2020/Software/Assembler/asmcmds.c
YACCS-OLD/YACC1-2020-backup-pre-git-backup/YACC1-2020/Software/Assembler/bios.asm	archive/superseded-revisions/assembler-port-2020/rcasm-old/temp.asm	archive/superseded-revisions/snapshot-2020-08-pre-git/YACC1-2020/Software/Assembler/bios.asm
YACCS-OLD/YACC1-2020-backup-pre-git-backup/YACC1-2020/Software/Assembler/header.h	archive/superseded-revisions/software-old-obsolete/Assembler-old/header.h	archive/superseded-revisions/snapshot-2020-08-pre-git/YACC1-2020/Software/Assembler/header.h
YACCS-OLD/YACC1-2020-backup-pre-git-backup/YACC1-2020/Software/Assembler/mstrings.c	archive/superseded-revisions/software-old-obsolete/Assembler-old/mstrings.c	archive/superseded-revisions/snapshot-2020-08-pre-git/YACC1-2020/Software/Assembler/mstrings.c
YACCS-OLD/YACC1-2020-backup-pre-git-backup/YACC1-2020/Software/Assembler/mstrings.h	software/assembler/upstream/rcasm-2.2/mstrings.h	archive/superseded-revisions/snapshot-2020-08-pre-git/YACC1-2020/Software/Assembler/mstrings.h
YACCS-OLD/YACC1-2020-backup-pre-git-backup/YACC1-2020/Software/Assembler/nbproject/configurations.xml	archive/superseded-revisions/snapshot-2020-08-orig/Software/Assembler/nbproject/configurations.xml	archive/superseded-revisions/snapshot-2020-08-pre-git/YACC1-2020/Software/Assembler/nbproject/configurations.xml
YACCS-OLD/YACC1-2020-backup-pre-git-backup/YACC1-2020/Software/Assembler/support.c	archive/superseded-revisions/software-old-obsolete/Assembler-old/support.c	archive/superseded-revisions/snapshot-2020-08-pre-git/YACC1-2020/Software/Assembler/support.c
YACCS-OLD/YACC1-2020-backup-pre-git-backup/YACC1-2020/Software/Assembler/yacc1.def.orig	archive/superseded-revisions/assembler-port-2020/rcasm/yacc1.def	archive/superseded-revisions/snapshot-2020-08-pre-git/YACC1-2020/Software/Assembler/yacc1.def.orig
YACCS-OLD/YACC1-2020-backup-pre-git-backup/YACC1-2020/Software/Assembler/yacc1test.asm	archive/superseded-revisions/snapshot-2020-08-orig/Software/Assembler/yacc1test.asm	archive/superseded-revisions/snapshot-2020-08-pre-git/YACC1-2020/Software/Assembler/yacc1test.asm
YACCS-OLD/YACC1-2020-backup-pre-git-backup/YACC1-2020/Software/Assembler/yacc1test.img	archive/superseded-revisions/snapshot-2020-08-orig/Software/Assembler/yacc1test.img	archive/superseded-revisions/snapshot-2020-08-pre-git/YACC1-2020/Software/Assembler/yacc1test.img
YACCS-OLD/YACC1-2020-backup-pre-git-backup/YACC1-2020/Software/Assembler/yacc1test.prg	archive/superseded-revisions/assembler-port-2020/rcasm/yacc1test.prg	archive/superseded-revisions/snapshot-2020-08-pre-git/YACC1-2020/Software/Assembler/yacc1test.prg
YACCS-OLD/YACC1-2020-backup-pre-git-backup/YACC1-2020/Software/Assembler/yacc1testorig.asm	tests/assembler/history-2020/yacc1testorig.asm	archive/superseded-revisions/snapshot-2020-08-pre-git/YACC1-2020/Software/Assembler/yacc1testorig.asm
YACCS-OLD/YACC1-2020-backup-pre-git-backup/YACC1-2020/Software/Bus Test Card/Command sender/command_sender_5/command_sender_5.pde	embedded/command-sender/deprecated/command_sender_5/command_sender_5.pde	archive/superseded-revisions/snapshot-2020-08-pre-git/YACC1-2020/Software/Bus Test Card/Command sender/command_sender_5/command_sender_5.pde
YACCS-OLD/YACC1-2020-backup-pre-git-backup/YACC1-2020/Software/Bus Test Card/Command sender/command_sender_6/command_sender_6.pde	embedded/command-sender/deprecated/command_sender_6/command_sender_6.pde	archive/superseded-revisions/snapshot-2020-08-pre-git/YACC1-2020/Software/Bus Test Card/Command sender/command_sender_6/command_sender_6.pde
YACCS-OLD/YACC1-2020-backup-pre-git-backup/YACC1-2020/Software/Bus Test Card/Command sender/command_sender_7/command_sender_7.pde	embedded/command-sender/deprecated/command_sender_7/command_sender_7.pde	archive/superseded-revisions/snapshot-2020-08-pre-git/YACC1-2020/Software/Bus Test Card/Command sender/command_sender_7/command_sender_7.pde
YACCS-OLD/YACC1-2020-backup-pre-git-backup/YACC1-2020/Software/Bus Test Card/Command sender/command_sender_8/command_sender_8.pde	embedded/command-sender/command_sender_8/command_sender_8.pde	archive/superseded-revisions/snapshot-2020-08-pre-git/YACC1-2020/Software/Bus Test Card/Command sender/command_sender_8/command_sender_8.pde
YACCS-OLD/YACC1-2020-backup-pre-git-backup/YACC1-2020/Software/Bus Test Card/Command sender/old/command_sender/Untitled.rtf	embedded/command-sender/deprecated/old/command_sender/Untitled.rtf	archive/superseded-revisions/snapshot-2020-08-pre-git/YACC1-2020/Software/Bus Test Card/Command sender/old/command_sender/Untitled.rtf
YACCS-OLD/YACC1-2020-backup-pre-git-backup/YACC1-2020/Software/Bus Test Card/Command sender/old/command_sender/command_sender.pde	embedded/command-sender/deprecated/old/command_sender/command_sender.pde	archive/superseded-revisions/snapshot-2020-08-pre-git/YACC1-2020/Software/Bus Test Card/Command sender/old/command_sender/command_sender.pde
YACCS-OLD/YACC1-2020-backup-pre-git-backup/YACC1-2020/Software/Bus Test Card/Command sender/old/command_sender_2/command_sender_2.pde	embedded/command-sender/deprecated/old/command_sender_2/command_sender_2.pde	archive/superseded-revisions/snapshot-2020-08-pre-git/YACC1-2020/Software/Bus Test Card/Command sender/old/command_sender_2/command_sender_2.pde
YACCS-OLD/YACC1-2020-backup-pre-git-backup/YACC1-2020/Software/Bus Test Card/Command sender/old/command_sender_3/command_sender_3.pde	embedded/command-sender/deprecated/old/command_sender_3/command_sender_3.pde	archive/superseded-revisions/snapshot-2020-08-pre-git/YACC1-2020/Software/Bus Test Card/Command sender/old/command_sender_3/command_sender_3.pde
YACCS-OLD/YACC1-2020-backup-pre-git-backup/YACC1-2020/Software/Bus Test Card/Command sender/old/command_sender_4/command_sender_4.pde	embedded/command-sender/deprecated/old/command_sender_4/command_sender_4.pde	archive/superseded-revisions/snapshot-2020-08-pre-git/YACC1-2020/Software/Bus Test Card/Command sender/old/command_sender_4/command_sender_4.pde
YACCS-OLD/YACC1-2020-backup-pre-git-backup/YACC1-2020/Software/Bus Test Card/Command sender/tests/ALU/add	tests/bus-tester-scripts/deprecated/gen1-2016/ALU/add	archive/superseded-revisions/snapshot-2020-08-pre-git/YACC1-2020/Software/Bus Test Card/Command sender/tests/ALU/add
YACCS-OLD/YACC1-2020-backup-pre-git-backup/YACC1-2020/Software/Bus Test Card/Command sender/tests/ALU/add.new	tests/bus-tester-scripts/ALU/add.new	archive/superseded-revisions/snapshot-2020-08-pre-git/YACC1-2020/Software/Bus Test Card/Command sender/tests/ALU/add.new
YACCS-OLD/YACC1-2020-backup-pre-git-backup/YACC1-2020/Software/Bus Test Card/Command sender/tests/ALU/and	tests/bus-tester-scripts/deprecated/gen1-2016/ALU/and	archive/superseded-revisions/snapshot-2020-08-pre-git/YACC1-2020/Software/Bus Test Card/Command sender/tests/ALU/and
YACCS-OLD/YACC1-2020-backup-pre-git-backup/YACC1-2020/Software/Bus Test Card/Command sender/tests/ALU/and.new	tests/bus-tester-scripts/ALU/and.new	archive/superseded-revisions/snapshot-2020-08-pre-git/YACC1-2020/Software/Bus Test Card/Command sender/tests/ALU/and.new
YACCS-OLD/YACC1-2020-backup-pre-git-backup/YACC1-2020/Software/Bus Test Card/Command sender/tests/ALU/base	tests/bus-tester-scripts/deprecated/gen1-2016/ALU/base	archive/superseded-revisions/snapshot-2020-08-pre-git/YACC1-2020/Software/Bus Test Card/Command sender/tests/ALU/base
YACCS-OLD/YACC1-2020-backup-pre-git-backup/YACC1-2020/Software/Bus Test Card/Command sender/tests/ALU/branch	tests/bus-tester-scripts/deprecated/gen1-2016/ALU/branch	archive/superseded-revisions/snapshot-2020-08-pre-git/YACC1-2020/Software/Bus Test Card/Command sender/tests/ALU/branch
YACCS-OLD/YACC1-2020-backup-pre-git-backup/YACC1-2020/Software/Bus Test Card/Command sender/tests/ALU/branch.new	archive/superseded-revisions/snapshot-2020-08-orig/Software/Bus Test Card/Command sender/tests/ALU/branch.new	archive/superseded-revisions/snapshot-2020-08-pre-git/YACC1-2020/Software/Bus Test Card/Command sender/tests/ALU/branch.new
YACCS-OLD/YACC1-2020-backup-pre-git-backup/YACC1-2020/Software/Bus Test Card/Command sender/tests/ALU/data	tests/bus-tester-scripts/deprecated/gen1-2016/ALU/data	archive/superseded-revisions/snapshot-2020-08-pre-git/YACC1-2020/Software/Bus Test Card/Command sender/tests/ALU/data
YACCS-OLD/YACC1-2020-backup-pre-git-backup/YACC1-2020/Software/Bus Test Card/Command sender/tests/ALU/fix	tests/bus-tester-scripts/deprecated/gen1-2016/fix	archive/superseded-revisions/snapshot-2020-08-pre-git/YACC1-2020/Software/Bus Test Card/Command sender/tests/ALU/fix
YACCS-OLD/YACC1-2020-backup-pre-git-backup/YACC1-2020/Software/Bus Test Card/Command sender/tests/ALU/incdec	tests/bus-tester-scripts/deprecated/gen1-2016/ALU/incdec	archive/superseded-revisions/snapshot-2020-08-pre-git/YACC1-2020/Software/Bus Test Card/Command sender/tests/ALU/incdec
YACCS-OLD/YACC1-2020-backup-pre-git-backup/YACC1-2020/Software/Bus Test Card/Command sender/tests/ALU/invert	tests/bus-tester-scripts/deprecated/gen1-2016/ALU/invert	archive/superseded-revisions/snapshot-2020-08-pre-git/YACC1-2020/Software/Bus Test Card/Command sender/tests/ALU/invert
YACCS-OLD/YACC1-2020-backup-pre-git-backup/YACC1-2020/Software/Bus Test Card/Command sender/tests/ALU/or	tests/bus-tester-scripts/deprecated/gen1-2016/ALU/or	archive/superseded-revisions/snapshot-2020-08-pre-git/YACC1-2020/Software/Bus Test Card/Command sender/tests/ALU/or
YACCS-OLD/YACC1-2020-backup-pre-git-backup/YACC1-2020/Software/Bus Test Card/Command sender/tests/ALU/or.new	tests/bus-tester-scripts/ALU/or.new	archive/superseded-revisions/snapshot-2020-08-pre-git/YACC1-2020/Software/Bus Test Card/Command sender/tests/ALU/or.new
YACCS-OLD/YACC1-2020-backup-pre-git-backup/YACC1-2020/Software/Bus Test Card/Command sender/tests/ALU/shift	tests/bus-tester-scripts/deprecated/gen1-2016/ALU/shift	archive/superseded-revisions/snapshot-2020-08-pre-git/YACC1-2020/Software/Bus Test Card/Command sender/tests/ALU/shift
YACCS-OLD/YACC1-2020-backup-pre-git-backup/YACC1-2020/Software/Bus Test Card/Command sender/tests/ALU/shift2	tests/bus-tester-scripts/deprecated/gen1-2016/ALU/shift2	archive/superseded-revisions/snapshot-2020-08-pre-git/YACC1-2020/Software/Bus Test Card/Command sender/tests/ALU/shift2
YACCS-OLD/YACC1-2020-backup-pre-git-backup/YACC1-2020/Software/Bus Test Card/Command sender/tests/ALU/shift3	tests/bus-tester-scripts/deprecated/gen1-2016/ALU/shift3	archive/superseded-revisions/snapshot-2020-08-pre-git/YACC1-2020/Software/Bus Test Card/Command sender/tests/ALU/shift3
YACCS-OLD/YACC1-2020-backup-pre-git-backup/YACC1-2020/Software/Bus Test Card/Command sender/tests/ALU/sub	tests/bus-tester-scripts/deprecated/gen1-2016/ALU/sub	archive/superseded-revisions/snapshot-2020-08-pre-git/YACC1-2020/Software/Bus Test Card/Command sender/tests/ALU/sub
YACCS-OLD/YACC1-2020-backup-pre-git-backup/YACC1-2020/Software/Bus Test Card/Command sender/tests/ALU/sub.new	tests/bus-tester-scripts/ALU/sub.new	archive/superseded-revisions/snapshot-2020-08-pre-git/YACC1-2020/Software/Bus Test Card/Command sender/tests/ALU/sub.new
YACCS-OLD/YACC1-2020-backup-pre-git-backup/YACC1-2020/Software/Bus Test Card/Command sender/tests/ALU/xor	tests/bus-tester-scripts/deprecated/gen1-2016/ALU/xor	archive/superseded-revisions/snapshot-2020-08-pre-git/YACC1-2020/Software/Bus Test Card/Command sender/tests/ALU/xor
YACCS-OLD/YACC1-2020-backup-pre-git-backup/YACC1-2020/Software/Bus Test Card/Command sender/tests/ALU/zero	tests/bus-tester-scripts/deprecated/gen1-2016/ALU/zero	archive/superseded-revisions/snapshot-2020-08-pre-git/YACC1-2020/Software/Bus Test Card/Command sender/tests/ALU/zero
YACCS-OLD/YACC1-2020-backup-pre-git-backup/YACC1-2020/Software/Bus Test Card/Command sender/tests/Address Register/address registers.txt	tests/bus-tester-scripts/deprecated/address-register-2020-07/address registers.txt	archive/superseded-revisions/snapshot-2020-08-pre-git/YACC1-2020/Software/Bus Test Card/Command sender/tests/Address Register/address registers.txt
YACCS-OLD/YACC1-2020-backup-pre-git-backup/YACC1-2020/Software/Bus Test Card/Command sender/tests/Gen Test Vectors/gen test vectors/main.c	tests/bus-tester-scripts/Gen Test Vectors/gen test vectors/main.c	archive/superseded-revisions/snapshot-2020-08-pre-git/YACC1-2020/Software/Bus Test Card/Command sender/tests/Gen Test Vectors/gen test vectors/main.c
YACCS-OLD/YACC1-2020-backup-pre-git-backup/YACC1-2020/Software/Bus Test Card/Command sender/tests/Gen Test Vectors/gen test vectors/nbproject/Makefile-Debug.mk	tests/bus-tester-scripts/Gen Test Vectors/gen test vectors/nbproject/Makefile-Debug.mk	archive/superseded-revisions/snapshot-2020-08-pre-git/YACC1-2020/Software/Bus Test Card/Command sender/tests/Gen Test Vectors/gen test vectors/nbproject/Makefile-Debug.mk
YACCS-OLD/YACC1-2020-backup-pre-git-backup/YACC1-2020/Software/Bus Test Card/Command sender/tests/Gen Test Vectors/gen test vectors/nbproject/Makefile-Release.mk	tests/bus-tester-scripts/Gen Test Vectors/gen test vectors/nbproject/Makefile-Release.mk	archive/superseded-revisions/snapshot-2020-08-pre-git/YACC1-2020/Software/Bus Test Card/Command sender/tests/Gen Test Vectors/gen test vectors/nbproject/Makefile-Release.mk
YACCS-OLD/YACC1-2020-backup-pre-git-backup/YACC1-2020/Software/Bus Test Card/Command sender/tests/Gen Test Vectors/gen test vectors/nbproject/Makefile-impl.mk	tests/bus-tester-scripts/Gen Test Vectors/gen test vectors/nbproject/Makefile-impl.mk	archive/superseded-revisions/snapshot-2020-08-pre-git/YACC1-2020/Software/Bus Test Card/Command sender/tests/Gen Test Vectors/gen test vectors/nbproject/Makefile-impl.mk
YACCS-OLD/YACC1-2020-backup-pre-git-backup/YACC1-2020/Software/Bus Test Card/Command sender/tests/Gen Test Vectors/gen test vectors/nbproject/Makefile-variables.mk	tests/bus-tester-scripts/Gen Test Vectors/gen test vectors/nbproject/Makefile-variables.mk	archive/superseded-revisions/snapshot-2020-08-pre-git/YACC1-2020/Software/Bus Test Card/Command sender/tests/Gen Test Vectors/gen test vectors/nbproject/Makefile-variables.mk
YACCS-OLD/YACC1-2020-backup-pre-git-backup/YACC1-2020/Software/Bus Test Card/Command sender/tests/Gen Test Vectors/gen test vectors/nbproject/Package-Debug.bash	tests/bus-tester-scripts/Gen Test Vectors/gen test vectors/nbproject/Package-Debug.bash	archive/superseded-revisions/snapshot-2020-08-pre-git/YACC1-2020/Software/Bus Test Card/Command sender/tests/Gen Test Vectors/gen test vectors/nbproject/Package-Debug.bash
YACCS-OLD/YACC1-2020-backup-pre-git-backup/YACC1-2020/Software/Bus Test Card/Command sender/tests/Gen Test Vectors/gen test vectors/nbproject/Package-Release.bash	tests/bus-tester-scripts/Gen Test Vectors/gen test vectors/nbproject/Package-Release.bash	archive/superseded-revisions/snapshot-2020-08-pre-git/YACC1-2020/Software/Bus Test Card/Command sender/tests/Gen Test Vectors/gen test vectors/nbproject/Package-Release.bash
YACCS-OLD/YACC1-2020-backup-pre-git-backup/YACC1-2020/Software/Bus Test Card/Command sender/tests/Gen Test Vectors/gen test vectors/nbproject/configurations.xml	software/disassembler/disasm2/nbproject/configurations.xml	archive/superseded-revisions/snapshot-2020-08-pre-git/YACC1-2020/Software/Bus Test Card/Command sender/tests/Gen Test Vectors/gen test vectors/nbproject/configurations.xml
YACCS-OLD/YACC1-2020-backup-pre-git-backup/YACC1-2020/Software/Bus Test Card/Command sender/tests/Gen Test Vectors/gen test vectors/nbproject/project.xml	tests/bus-tester-scripts/Gen Test Vectors/gen test vectors/nbproject/project.xml	archive/superseded-revisions/snapshot-2020-08-pre-git/YACC1-2020/Software/Bus Test Card/Command sender/tests/Gen Test Vectors/gen test vectors/nbproject/project.xml
YACCS-OLD/YACC1-2020-backup-pre-git-backup/YACC1-2020/Software/Bus Test Card/Command sender/tests/IO/basic-out	tests/bus-tester-scripts/IO/basic-out	archive/superseded-revisions/snapshot-2020-08-pre-git/YACC1-2020/Software/Bus Test Card/Command sender/tests/IO/basic-out
YACCS-OLD/YACC1-2020-backup-pre-git-backup/YACC1-2020/Software/Bus Test Card/Command sender/tests/IO/serialin	tests/bus-tester-scripts/IO/serialin	archive/superseded-revisions/snapshot-2020-08-pre-git/YACC1-2020/Software/Bus Test Card/Command sender/tests/IO/serialin
YACCS-OLD/YACC1-2020-backup-pre-git-backup/YACC1-2020/Software/Bus Test Card/Command sender/tests/IO/serialout	tests/bus-tester-scripts/IO/serialout	archive/superseded-revisions/snapshot-2020-08-pre-git/YACC1-2020/Software/Bus Test Card/Command sender/tests/IO/serialout
YACCS-OLD/YACC1-2020-backup-pre-git-backup/YACC1-2020/Software/Bus Test Card/Command sender/tests/Index Register/commands-1 copy.txt	archive/superseded-revisions/snapshot-2020-08-orig/Software/Bus Test Card/Command sender/tests/Index Register/commands-1 copy.txt	archive/superseded-revisions/snapshot-2020-08-pre-git/YACC1-2020/Software/Bus Test Card/Command sender/tests/Index Register/commands-1 copy.txt
YACCS-OLD/YACC1-2020-backup-pre-git-backup/YACC1-2020/Software/Bus Test Card/Command sender/tests/Memory Card Tests/basic mem test low and eprom copy.txt	tests/bus-tester-scripts/Memory Card Tests/basic mem test low and eprom copy.txt	archive/superseded-revisions/snapshot-2020-08-pre-git/YACC1-2020/Software/Bus Test Card/Command sender/tests/Memory Card Tests/basic mem test low and eprom copy.txt
YACCS-OLD/YACC1-2020-backup-pre-git-backup/YACC1-2020/Software/Bus Test Card/Command sender/tests/Memory Card Tests/basic mem test low and eprom.txt	tests/bus-tester-scripts/Memory Card Tests/basic mem test low and eprom.txt	archive/superseded-revisions/snapshot-2020-08-pre-git/YACC1-2020/Software/Bus Test Card/Command sender/tests/Memory Card Tests/basic mem test low and eprom.txt
YACCS-OLD/YACC1-2020-backup-pre-git-backup/YACC1-2020/Software/Bus Test Card/Command sender/tests/Memory Card Tests/basic mem test low hi and eprom.txt	tests/bus-tester-scripts/Memory Card Tests/basic mem test low hi and eprom.txt	archive/superseded-revisions/snapshot-2020-08-pre-git/YACC1-2020/Software/Bus Test Card/Command sender/tests/Memory Card Tests/basic mem test low hi and eprom.txt
YACCS-OLD/YACC1-2020-backup-pre-git-backup/YACC1-2020/Software/Bus Test Card/Command sender/tests/Memory Card Tests/dump mem test low hi and eprom.txt	tests/bus-tester-scripts/Memory Card Tests/dump mem test low hi and eprom.txt	archive/superseded-revisions/snapshot-2020-08-pre-git/YACC1-2020/Software/Bus Test Card/Command sender/tests/Memory Card Tests/dump mem test low hi and eprom.txt
YACCS-OLD/YACC1-2020-backup-pre-git-backup/YACC1-2020/Software/Bus Test Card/Command sender/tests/Memory Card Tests/dump-eprom.txt	tests/bus-tester-scripts/Memory Card Tests/dump-eprom.txt	archive/superseded-revisions/snapshot-2020-08-pre-git/YACC1-2020/Software/Bus Test Card/Command sender/tests/Memory Card Tests/dump-eprom.txt
YACCS-OLD/YACC1-2020-backup-pre-git-backup/YACC1-2020/Software/Bus Test Card/Command sender/tests/Test Vectors/Registers/BASICREG.txt	tests/bus-tester-scripts/deprecated/gen1-2016/ALU/data	archive/superseded-revisions/snapshot-2020-08-pre-git/YACC1-2020/Software/Bus Test Card/Command sender/tests/Test Vectors/Registers/BASICREG.txt
YACCS-OLD/YACC1-2020-backup-pre-git-backup/YACC1-2020/Software/Bus Test Card/Command sender/tests/commands-1.txt	tests/bus-tester-scripts/deprecated/gen1-2016/commands-1.txt	archive/superseded-revisions/snapshot-2020-08-pre-git/YACC1-2020/Software/Bus Test Card/Command sender/tests/commands-1.txt
YACCS-OLD/YACC1-2020-backup-pre-git-backup/YACC1-2020/Software/Bus Test Card/Command sender/tests/commands-2.txt	tests/bus-tester-scripts/deprecated/gen1-2016/commands-2.txt	archive/superseded-revisions/snapshot-2020-08-pre-git/YACC1-2020/Software/Bus Test Card/Command sender/tests/commands-2.txt
YACCS-OLD/YACC1-2020-backup-pre-git-backup/YACC1-2020/Software/Bus Test Card/Command sender/tests/ramtest.logicsettings	tests/bus-tester-scripts/ramtest.logicsettings	archive/superseded-revisions/snapshot-2020-08-pre-git/YACC1-2020/Software/Bus Test Card/Command sender/tests/ramtest.logicsettings
YACCS-OLD/YACC1-2020-backup-pre-git-backup/YACC1-2020/Software/Bus Test Card/Command sender/tests/test	tests/basic/test	archive/superseded-revisions/snapshot-2020-08-pre-git/YACC1-2020/Software/Bus Test Card/Command sender/tests/test
YACCS-OLD/YACC1-2020-backup-pre-git-backup/YACC1-2020/Software/Bus Test Card/Test EEPROM/mem/mem.ino	archive/gen1-2015-2018/YACC1A/Tests/Test EEPROM/mem/mem.ino	archive/superseded-revisions/snapshot-2020-08-pre-git/YACC1-2020/Software/Bus Test Card/Test EEPROM/mem/mem.ino
YACCS-OLD/YACC1-2020-backup-pre-git-backup/YACC1-2020/Software/Bus Test Card/bus-driver/bus-driver.ino	archive/superseded-revisions/snapshot-2020-08-orig/Software/Bus Test Card/bus-driver/bus-driver.ino	archive/superseded-revisions/snapshot-2020-08-pre-git/YACC1-2020/Software/Bus Test Card/bus-driver/bus-driver.ino
YACCS-OLD/YACC1-2020-backup-pre-git-backup/YACC1-2020/Software/Bus Test Card/bus-monitor/bus-monitor.ino	embedded/bus-tester/bus-monitor/bus-monitor.ino	archive/superseded-revisions/snapshot-2020-08-pre-git/YACC1-2020/Software/Bus Test Card/bus-monitor/bus-monitor.ino
YACCS-OLD/YACC1-2020-backup-pre-git-backup/YACC1-2020/Software/Bus Test Card/bus-test/bus-test.ino	archive/superseded-revisions/snapshot-2020-08-orig/Software/Bus Test Card/bus-test/bus-test.ino	archive/superseded-revisions/snapshot-2020-08-pre-git/YACC1-2020/Software/Bus Test Card/bus-test/bus-test.ino
YACCS-OLD/YACC1-2020-backup-pre-git-backup/YACC1-2020/Software/Bus Test Card/led-switch-test/led-switch-test.ino	archive/superseded-revisions/snapshot-2020-08-orig/Software/Bus Test Card/led-switch-test/led-switch-test.ino	archive/superseded-revisions/snapshot-2020-08-pre-git/YACC1-2020/Software/Bus Test Card/led-switch-test/led-switch-test.ino
YACCS-OLD/YACC1-2020-backup-pre-git-backup/YACC1-2020/Software/Emulator/insInfo.c	archive/superseded-revisions/software-old-obsolete/Emulator/insInfo.c	archive/superseded-revisions/snapshot-2020-08-pre-git/YACC1-2020/Software/Emulator/insInfo.c
YACCS-OLD/YACC1-2020-backup-pre-git-backup/YACC1-2020/Software/Emulator/intelhex.c	archive/superseded-revisions/software-old-obsolete/Emulator/intelhex.c	archive/superseded-revisions/snapshot-2020-08-pre-git/YACC1-2020/Software/Emulator/intelhex.c
YACCS-OLD/YACC1-2020-backup-pre-git-backup/YACC1-2020/Software/Emulator/main.c	archive/superseded-revisions/software-old-obsolete/Emulator/main.c	archive/superseded-revisions/snapshot-2020-08-pre-git/YACC1-2020/Software/Emulator/main.c
YACCS-OLD/YACC1-2020-backup-pre-git-backup/YACC1-2020/Software/Emulator/nbproject/Makefile-Debug.mk	archive/superseded-revisions/software-old-obsolete/Emulator/nbproject/Makefile-Debug.mk	archive/superseded-revisions/snapshot-2020-08-pre-git/YACC1-2020/Software/Emulator/nbproject/Makefile-Debug.mk
YACCS-OLD/YACC1-2020-backup-pre-git-backup/YACC1-2020/Software/Emulator/nbproject/Makefile-Release.mk	archive/superseded-revisions/software-old-obsolete/Emulator/nbproject/Makefile-Release.mk	archive/superseded-revisions/snapshot-2020-08-pre-git/YACC1-2020/Software/Emulator/nbproject/Makefile-Release.mk
YACCS-OLD/YACC1-2020-backup-pre-git-backup/YACC1-2020/Software/Emulator/nbproject/Makefile-impl.mk	archive/superseded-revisions/software-old-obsolete/Emulator/nbproject/Makefile-impl.mk	archive/superseded-revisions/snapshot-2020-08-pre-git/YACC1-2020/Software/Emulator/nbproject/Makefile-impl.mk
YACCS-OLD/YACC1-2020-backup-pre-git-backup/YACC1-2020/Software/Emulator/nbproject/Makefile-variables.mk	archive/superseded-revisions/software-old-obsolete/Emulator/nbproject/Makefile-variables.mk	archive/superseded-revisions/snapshot-2020-08-pre-git/YACC1-2020/Software/Emulator/nbproject/Makefile-variables.mk
YACCS-OLD/YACC1-2020-backup-pre-git-backup/YACC1-2020/Software/Emulator/nbproject/Package-Debug.bash	archive/superseded-revisions/software-old-obsolete/Emulator/nbproject/Package-Debug.bash	archive/superseded-revisions/snapshot-2020-08-pre-git/YACC1-2020/Software/Emulator/nbproject/Package-Debug.bash
YACCS-OLD/YACC1-2020-backup-pre-git-backup/YACC1-2020/Software/Emulator/nbproject/Package-Release.bash	archive/superseded-revisions/software-old-obsolete/Emulator/nbproject/Package-Release.bash	archive/superseded-revisions/snapshot-2020-08-pre-git/YACC1-2020/Software/Emulator/nbproject/Package-Release.bash
YACCS-OLD/YACC1-2020-backup-pre-git-backup/YACC1-2020/Software/Emulator/nbproject/configurations.xml	archive/superseded-revisions/software-old-obsolete/Emulator/nbproject/configurations.xml	archive/superseded-revisions/snapshot-2020-08-pre-git/YACC1-2020/Software/Emulator/nbproject/configurations.xml
YACCS-OLD/YACC1-2020-backup-pre-git-backup/YACC1-2020/Software/Emulator/nbproject/project.xml	archive/superseded-revisions/software-old-obsolete/Emulator/nbproject/project.xml	archive/superseded-revisions/snapshot-2020-08-pre-git/YACC1-2020/Software/Emulator/nbproject/project.xml
YACCS-OLD/YACC1-2020-backup-pre-git-backup/YACC1-2020/Software/Memory Card/test EPROM/eprom.bin	archive/superseded-revisions/software-old-obsolete/Memory Card/test EPROM/eprom.bin	archive/superseded-revisions/snapshot-2020-08-pre-git/YACC1-2020/Software/Memory Card/test EPROM/eprom.bin
YACCS-OLD/YACC1-2020-backup-pre-git-backup/YACC1-2020/Software/Memory Card/test EPROM/main.c	archive/superseded-revisions/software-old-obsolete/Memory Card/test EPROM/main.c	archive/superseded-revisions/snapshot-2020-08-pre-git/YACC1-2020/Software/Memory Card/test EPROM/main.c
YACCS-OLD/YACC1-2020-backup-pre-git-backup/YACC1-2020/Software/Memory Card/test EPROM/nbproject/Makefile-Debug.mk	archive/superseded-revisions/software-old-obsolete/Memory Card/test EPROM/nbproject/Makefile-Debug.mk	archive/superseded-revisions/snapshot-2020-08-pre-git/YACC1-2020/Software/Memory Card/test EPROM/nbproject/Makefile-Debug.mk
YACCS-OLD/YACC1-2020-backup-pre-git-backup/YACC1-2020/Software/Memory Card/test EPROM/nbproject/Makefile-Release.mk	archive/superseded-revisions/software-old-obsolete/Memory Card/test EPROM/nbproject/Makefile-Release.mk	archive/superseded-revisions/snapshot-2020-08-pre-git/YACC1-2020/Software/Memory Card/test EPROM/nbproject/Makefile-Release.mk
YACCS-OLD/YACC1-2020-backup-pre-git-backup/YACC1-2020/Software/Memory Card/test EPROM/nbproject/Makefile-impl.mk	archive/superseded-revisions/software-old-obsolete/Memory Card/test EPROM/nbproject/Makefile-impl.mk	archive/superseded-revisions/snapshot-2020-08-pre-git/YACC1-2020/Software/Memory Card/test EPROM/nbproject/Makefile-impl.mk
YACCS-OLD/YACC1-2020-backup-pre-git-backup/YACC1-2020/Software/Memory Card/test EPROM/nbproject/Makefile-variables.mk	archive/superseded-revisions/software-old-obsolete/Memory Card/test EPROM/nbproject/Makefile-variables.mk	archive/superseded-revisions/snapshot-2020-08-pre-git/YACC1-2020/Software/Memory Card/test EPROM/nbproject/Makefile-variables.mk
YACCS-OLD/YACC1-2020-backup-pre-git-backup/YACC1-2020/Software/Memory Card/test EPROM/nbproject/Package-Debug.bash	archive/superseded-revisions/software-old-obsolete/Memory Card/test EPROM/nbproject/Package-Debug.bash	archive/superseded-revisions/snapshot-2020-08-pre-git/YACC1-2020/Software/Memory Card/test EPROM/nbproject/Package-Debug.bash
YACCS-OLD/YACC1-2020-backup-pre-git-backup/YACC1-2020/Software/Memory Card/test EPROM/nbproject/Package-Release.bash	archive/superseded-revisions/software-old-obsolete/Memory Card/test EPROM/nbproject/Package-Release.bash	archive/superseded-revisions/snapshot-2020-08-pre-git/YACC1-2020/Software/Memory Card/test EPROM/nbproject/Package-Release.bash
YACCS-OLD/YACC1-2020-backup-pre-git-backup/YACC1-2020/Software/Memory Card/test EPROM/nbproject/configurations.xml	archive/superseded-revisions/software-old-obsolete/Memory Card/test EPROM/nbproject/configurations.xml	archive/superseded-revisions/snapshot-2020-08-pre-git/YACC1-2020/Software/Memory Card/test EPROM/nbproject/configurations.xml
YACCS-OLD/YACC1-2020-backup-pre-git-backup/YACC1-2020/Software/Memory Card/test EPROM/nbproject/project.xml	archive/superseded-revisions/software-old-obsolete/Memory Card/test EPROM/nbproject/project.xml	archive/superseded-revisions/snapshot-2020-08-pre-git/YACC1-2020/Software/Memory Card/test EPROM/nbproject/project.xml
YACCS-OLD/YACC1-2020-backup-pre-git-backup/YACC1-2020/Software/opcodes.h	archive/superseded-revisions/snapshot-2020-08-orig/Software/opcodes.h	archive/superseded-revisions/snapshot-2020-08-pre-git/YACC1-2020/Software/opcodes.h
YACCS-OLD/YACC1-2020-backup-pre-git-backup/YACC1-2020/YACC1 Connector - V3.0.pdf	docs/system/connector/YACC1 Connector - V3 - June-18-2020.pdf	archive/superseded-revisions/snapshot-2020-08-pre-git/YACC1-2020/YACC1 Connector - V3.0.pdf
YACCS-OLD/YACC1-BACKUP/CommonHeaderFiles/opcodes.h	archive/gen1-2015-2018/YACC1A/deprecated/CommonHeaderFiles-old/opcodes.h	archive/gen1-2015-2018/YACC1-BACKUP/CommonHeaderFiles/opcodes.h
YACCS-OLD/YACC1-BACKUP/Compilier/Notes.txt	archive/gen1-2015-2018/YACC1A/Compilier-magic1/Notes.txt	archive/gen1-2015-2018/YACC1-BACKUP/Compilier/Notes.txt
YACCS-OLD/YACC1-BACKUP/Compilier/m1.md	archive/gen1-2015-2018/YACC1A1/Compilier/m1.md	archive/gen1-2015-2018/YACC1-BACKUP/Compilier/m1.md
YACCS-OLD/YACC1-BACKUP/Data Sheets/24lc64.pdf	docs/datasheets/24lc64.pdf	archive/gen1-2015-2018/YACC1-BACKUP/Data Sheets/24lc64.pdf
YACCS-OLD/YACC1-BACKUP/Data Sheets/74240.pdf	docs/datasheets/74240.pdf	archive/gen1-2015-2018/YACC1-BACKUP/Data Sheets/74240.pdf
YACCS-OLD/YACC1-BACKUP/Data Sheets/74244.pdf	docs/datasheets/74244.pdf	archive/gen1-2015-2018/YACC1-BACKUP/Data Sheets/74244.pdf
YACCS-OLD/YACC1-BACKUP/Data Sheets/74245.pdf	docs/datasheets/74245.pdf	archive/gen1-2015-2018/YACC1-BACKUP/Data Sheets/74245.pdf
YACCS-OLD/YACC1-BACKUP/Data Sheets/74374.pdf	docs/datasheets/74374.pdf	archive/gen1-2015-2018/YACC1-BACKUP/Data Sheets/74374.pdf
YACCS-OLD/YACC1-BACKUP/Data Sheets/MX25L4006E, 3V, 4Mb, v1.6.pdf	docs/datasheets/MX25L4006E, 3V, 4Mb, v1.6.pdf	archive/gen1-2015-2018/YACC1-BACKUP/Data Sheets/MX25L4006E, 3V, 4Mb, v1.6.pdf
YACCS-OLD/YACC1-BACKUP/External Resources/0135038952_pp3a.ppt	archive/gen1-2015-2018/YACC1A1/External Resources/0135038952_pp3a.ppt	archive/gen1-2015-2018/YACC1-BACKUP/External Resources/0135038952_pp3a.ppt
YACCS-OLD/YACC1-BACKUP/External Resources/06-cpu-i.pptx	archive/gen1-2015-2018/YACC1A1/External Resources/06-cpu-i.pptx	archive/gen1-2015-2018/YACC1-BACKUP/External Resources/06-cpu-i.pptx
YACCS-OLD/YACC1-BACKUP/External Resources/74121 pulse circuit.gif	archive/gen1-2015-2018/YACC1A1/External Resources/74121.gif	archive/gen1-2015-2018/YACC1-BACKUP/External Resources/74121 pulse circuit.gif
YACCS-OLD/YACC1-BACKUP/External Resources/A Short Course In Programming by Tom Pittman | COSMAC ELF.pdf	archive/gen1-2015-2018/YACC1A1/Data Sheets/A Short Course In Programming by Tom Pittman | COSMAC ELF.pdf	archive/gen1-2015-2018/YACC1-BACKUP/External Resources/A Short Course In Programming by Tom Pittman | COSMAC ELF.pdf
YACCS-OLD/YACC1-BACKUP/External Resources/CT213_ProcessorDesign_InstructionSet-2.ppt	archive/gen1-2015-2018/YACC1A1/External Resources/CT213_ProcessorDesign_InstructionSet-2.ppt	archive/gen1-2015-2018/YACC1-BACKUP/External Resources/CT213_ProcessorDesign_InstructionSet-2.ppt
YACCS-OLD/YACC1-BACKUP/External Resources/CT213_ProcessorDesign_InstructionSet.ppt	archive/gen1-2015-2018/YACC1A1/External Resources/CT213_ProcessorDesign_InstructionSet.ppt	archive/gen1-2015-2018/YACC1-BACKUP/External Resources/CT213_ProcessorDesign_InstructionSet.ppt
YACCS-OLD/YACC1-BACKUP/External Resources/Magic1.pdf	archive/gen1-2015-2018/YACC1A1/External Resources/Magic1.pdf	archive/gen1-2015-2018/YACC1-BACKUP/External Resources/Magic1.pdf
YACCS-OLD/YACC1-BACKUP/External Resources/eec289q_presentation.ppt	archive/gen1-2015-2018/YACC1A1/External Resources/eec289q_presentation.ppt	archive/gen1-2015-2018/YACC1-BACKUP/External Resources/eec289q_presentation.ppt
YACCS-OLD/YACC1-BACKUP/External Resources/osc footprint.png	archive/gen1-2015-2018/YACC1A/External Resources/osc footprint.png	archive/gen1-2015-2018/YACC1-BACKUP/External Resources/osc footprint.png
YACCS-OLD/YACC1-BACKUP/Layout Specs.pdf	archive/gen1-2015-2018/YACC1A1/Layout Specs.pdf	archive/gen1-2015-2018/YACC1-BACKUP/Layout Specs.pdf
YACCS-OLD/YACC1-BACKUP/Old/2 reg with inc:dec/registers2a.brd	archive/gen1-2015-2018/YACC1A1/Old/2 reg with inc-dec/registers2a.brd	archive/gen1-2015-2018/YACC1-BACKUP/Old/2 reg with inc-dec/registers2a.brd
YACCS-OLD/YACC1-BACKUP/Old/2 reg with inc:dec/registers2a.sch	archive/gen1-2015-2018/YACC1A1/Old/2 reg with inc-dec/registers2a.sch	archive/gen1-2015-2018/YACC1-BACKUP/Old/2 reg with inc-dec/registers2a.sch
YACCS-OLD/YACC1-BACKUP/Old/4 reg no inc:dec - 4 layers/regsimple2addfp.brd	archive/gen1-2015-2018/YACC1A1/Old/4 reg no inc-dec - 4 layers/regsimple2addfp.brd	archive/gen1-2015-2018/YACC1-BACKUP/Old/4 reg no inc-dec - 4 layers/regsimple2addfp.brd
YACCS-OLD/YACC1-BACKUP/Old/4 reg no inc:dec - 4 layers/regsimple2addfp.pro	archive/gen1-2015-2018/YACC1A1/Old/4 reg no inc-dec - 4 layers/regsimple2addfp.pro	archive/gen1-2015-2018/YACC1-BACKUP/Old/4 reg no inc-dec - 4 layers/regsimple2addfp.pro
YACCS-OLD/YACC1-BACKUP/Old/4 reg no inc:dec - 4 layers/regsimple2addfp.sch	archive/gen1-2015-2018/YACC1A1/Old/4 reg no inc-dec - 4 layers/regsimple2addfp.sch	archive/gen1-2015-2018/YACC1-BACKUP/Old/4 reg no inc-dec - 4 layers/regsimple2addfp.sch
YACCS-OLD/YACC1-BACKUP/Old/4 reg no inc:dec - 4 layers/regsimple2addfp_00.job	archive/gen1-2015-2018/YACC1A1/Old/4 reg no inc-dec - 4 layers/regsimple2addfp_00.job	archive/gen1-2015-2018/YACC1-BACKUP/Old/4 reg no inc-dec - 4 layers/regsimple2addfp_00.job
YACCS-OLD/YACC1-BACKUP/Old/4 reg no inc:dec - 4 layers/regsimple2addfp_01.job	archive/gen1-2015-2018/YACC1A1/Old/4 reg no inc-dec - 4 layers/regsimple2addfp_01.job	archive/gen1-2015-2018/YACC1-BACKUP/Old/4 reg no inc-dec - 4 layers/regsimple2addfp_01.job
YACCS-OLD/YACC1-BACKUP/Old/4 reg no inc:dec - 4 layers/regsimple2addfp_02.job	archive/gen1-2015-2018/YACC1A1/Old/4 reg no inc-dec - 4 layers/regsimple2addfp_02.job	archive/gen1-2015-2018/YACC1-BACKUP/Old/4 reg no inc-dec - 4 layers/regsimple2addfp_02.job
YACCS-OLD/YACC1-BACKUP/Old/4 reg no inc:dec - 4 layers/regsimple2addfp_03.job	archive/gen1-2015-2018/YACC1A1/Old/4 reg no inc-dec - 4 layers/regsimple2addfp_03.job	archive/gen1-2015-2018/YACC1-BACKUP/Old/4 reg no inc-dec - 4 layers/regsimple2addfp_03.job
YACCS-OLD/YACC1-BACKUP/Old/4 reg no inc:dec - 4 layers/regsimple2addfp_04.job	archive/gen1-2015-2018/YACC1A1/Old/4 reg no inc-dec - 4 layers/regsimple2addfp_04.job	archive/gen1-2015-2018/YACC1-BACKUP/Old/4 reg no inc-dec - 4 layers/regsimple2addfp_04.job
YACCS-OLD/YACC1-BACKUP/Old/4 reg no inc:dec - 4 layers/regsimple2addfp_05.job	archive/gen1-2015-2018/YACC1A1/Old/4 reg no inc-dec - 4 layers/regsimple2addfp_05.job	archive/gen1-2015-2018/YACC1-BACKUP/Old/4 reg no inc-dec - 4 layers/regsimple2addfp_05.job
YACCS-OLD/YACC1-BACKUP/Old/4 reg no inc:dec - 4 layers/regsimple2addfp_06.job	archive/gen1-2015-2018/YACC1A1/Old/4 reg no inc-dec - 4 layers/regsimple2addfp_06.job	archive/gen1-2015-2018/YACC1-BACKUP/Old/4 reg no inc-dec - 4 layers/regsimple2addfp_06.job
YACCS-OLD/YACC1-BACKUP/Old/4 reg no inc:dec - 4 layers/regsimple2addfp_07.job	archive/gen1-2015-2018/YACC1A1/Old/4 reg no inc-dec - 4 layers/regsimple2addfp_07.job	archive/gen1-2015-2018/YACC1-BACKUP/Old/4 reg no inc-dec - 4 layers/regsimple2addfp_07.job
YACCS-OLD/YACC1-BACKUP/Old/4 reg no inc:dec - 4 layers/regsimple2addfp_08.job	archive/gen1-2015-2018/YACC1A1/Old/4 reg no inc-dec - 4 layers/regsimple2addfp_08.job	archive/gen1-2015-2018/YACC1-BACKUP/Old/4 reg no inc-dec - 4 layers/regsimple2addfp_08.job
YACCS-OLD/YACC1-BACKUP/Old/4 reg no inc:dec - 4 layers/regsimple2addfp_09.job	archive/gen1-2015-2018/YACC1A1/Old/4 reg no inc-dec - 4 layers/regsimple2addfp_09.job	archive/gen1-2015-2018/YACC1-BACKUP/Old/4 reg no inc-dec - 4 layers/regsimple2addfp_09.job
YACCS-OLD/YACC1-BACKUP/Old/4 reg no inc:dec - 4 layers/regsimple2addfp_10.job	archive/gen1-2015-2018/YACC1A1/Old/4 reg no inc-dec - 4 layers/regsimple2addfp_10.job	archive/gen1-2015-2018/YACC1-BACKUP/Old/4 reg no inc-dec - 4 layers/regsimple2addfp_10.job
YACCS-OLD/YACC1-BACKUP/Old/4 reg no inc:dec - 4 layers/regsimple2addfp_11.job	archive/gen1-2015-2018/YACC1A1/Old/4 reg no inc-dec - 4 layers/regsimple2addfp_11.job	archive/gen1-2015-2018/YACC1-BACKUP/Old/4 reg no inc-dec - 4 layers/regsimple2addfp_11.job
YACCS-OLD/YACC1-BACKUP/Old/4 reg no inc:dec - 4 layers/regsimple2addfp_12.job	archive/gen1-2015-2018/YACC1A1/Old/4 reg no inc-dec - 4 layers/regsimple2addfp_12.job	archive/gen1-2015-2018/YACC1-BACKUP/Old/4 reg no inc-dec - 4 layers/regsimple2addfp_12.job
YACCS-OLD/YACC1-BACKUP/Old/4 reg no inc:dec - 4 layers/regsimple2addfp_13.job	archive/gen1-2015-2018/YACC1A1/Old/4 reg no inc-dec - 4 layers/regsimple2addfp_13.job	archive/gen1-2015-2018/YACC1-BACKUP/Old/4 reg no inc-dec - 4 layers/regsimple2addfp_13.job
YACCS-OLD/YACC1-BACKUP/Old/4 reg no inc:dec - 4 layers/regsimple2addfp_14.job	archive/gen1-2015-2018/YACC1A1/Old/4 reg no inc-dec - 4 layers/regsimple2addfp_14.job	archive/gen1-2015-2018/YACC1-BACKUP/Old/4 reg no inc-dec - 4 layers/regsimple2addfp_14.job
YACCS-OLD/YACC1-BACKUP/Old/4 reg no inc:dec - 4 layers/regsimple2addfp_15.job	archive/gen1-2015-2018/YACC1A1/Old/4 reg no inc-dec - 4 layers/regsimple2addfp_15.job	archive/gen1-2015-2018/YACC1-BACKUP/Old/4 reg no inc-dec - 4 layers/regsimple2addfp_15.job
YACCS-OLD/YACC1-BACKUP/Old/4 reg no inc:dec - 4 layers/regsimple2addfp_16.job	archive/gen1-2015-2018/YACC1A1/Old/4 reg no inc-dec - 4 layers/regsimple2addfp_16.job	archive/gen1-2015-2018/YACC1-BACKUP/Old/4 reg no inc-dec - 4 layers/regsimple2addfp_16.job
YACCS-OLD/YACC1-BACKUP/Old/4 reg no inc:dec - 4 layers/regsimple2addfp_17.job	archive/gen1-2015-2018/YACC1A1/Old/4 reg no inc-dec - 4 layers/regsimple2addfp_17.job	archive/gen1-2015-2018/YACC1-BACKUP/Old/4 reg no inc-dec - 4 layers/regsimple2addfp_17.job
YACCS-OLD/YACC1-BACKUP/Old/4 reg no inc:dec - 4 layers/regsimple2addfp_18.job	archive/gen1-2015-2018/YACC1A1/Old/4 reg no inc-dec - 4 layers/regsimple2addfp_18.job	archive/gen1-2015-2018/YACC1-BACKUP/Old/4 reg no inc-dec - 4 layers/regsimple2addfp_18.job
YACCS-OLD/YACC1-BACKUP/Old/4 reg no inc:dec - 4 layers/regsimple2addfp_19.job	archive/gen1-2015-2018/YACC1A1/Old/4 reg no inc-dec - 4 layers/regsimple2addfp_19.job	archive/gen1-2015-2018/YACC1-BACKUP/Old/4 reg no inc-dec - 4 layers/regsimple2addfp_19.job
YACCS-OLD/YACC1-BACKUP/Old/4 reg no inc:dec - 4 layers/regsimple2addfp_20.job	archive/gen1-2015-2018/YACC1A1/Old/4 reg no inc-dec - 4 layers/regsimple2addfp_20.job	archive/gen1-2015-2018/YACC1-BACKUP/Old/4 reg no inc-dec - 4 layers/regsimple2addfp_20.job
YACCS-OLD/YACC1-BACKUP/Old/4 reg no inc:dec - 4 layers/regsimple2addfp_21.job	archive/gen1-2015-2018/YACC1A1/Old/4 reg no inc-dec - 4 layers/regsimple2addfp_21.job	archive/gen1-2015-2018/YACC1-BACKUP/Old/4 reg no inc-dec - 4 layers/regsimple2addfp_21.job
YACCS-OLD/YACC1-BACKUP/Old/4 reg no inc:dec/regsimple2addfp.brd	archive/gen1-2015-2018/YACC1A1/Old/4 reg no inc-dec/regsimple2addfp.brd	archive/gen1-2015-2018/YACC1-BACKUP/Old/4 reg no inc-dec/regsimple2addfp.brd
YACCS-OLD/YACC1-BACKUP/Old/4 reg no inc:dec/regsimple2addfp.pro	archive/gen1-2015-2018/YACC1A1/Old/4 reg no inc-dec/regsimple2addfp.pro	archive/gen1-2015-2018/YACC1-BACKUP/Old/4 reg no inc-dec/regsimple2addfp.pro
YACCS-OLD/YACC1-BACKUP/Old/4 reg no inc:dec/regsimple2addfp.sch	archive/gen1-2015-2018/YACC1A1/Old/4 reg no inc-dec/regsimple2addfp.sch	archive/gen1-2015-2018/YACC1-BACKUP/Old/4 reg no inc-dec/regsimple2addfp.sch
YACCS-OLD/YACC1-BACKUP/Old/4 reg with inc:dec/registers2-4a.brd	archive/gen1-2015-2018/YACC1A1/Old/4 reg with inc-dec/registers2-4a.brd	archive/gen1-2015-2018/YACC1-BACKUP/Old/4 reg with inc-dec/registers2-4a.brd
YACCS-OLD/YACC1-BACKUP/Old/4 reg with inc:dec/registers2-4a.sch	archive/gen1-2015-2018/YACC1A1/Old/4 reg with inc-dec/registers2-4a.sch	archive/gen1-2015-2018/YACC1-BACKUP/Old/4 reg with inc-dec/registers2-4a.sch
YACCS-OLD/YACC1-BACKUP/Old/BUS-PROD-V1.1/yacc2buss.brd	hardware/bus/backplane/eagle/deprecated/v1.1/yacc2buss.brd	archive/gen1-2015-2018/YACC1-BACKUP/Old/BUS-PROD-V1.1/yacc2buss.brd
YACCS-OLD/YACC1-BACKUP/Old/BUS-PROD-V1.1/yacc2buss.pro	hardware/bus/backplane/eagle/deprecated/v1.1/yacc2buss.pro	archive/gen1-2015-2018/YACC1-BACKUP/Old/BUS-PROD-V1.1/yacc2buss.pro
YACCS-OLD/YACC1-BACKUP/Old/BUS-PROD-V1.1/yacc2buss.sch	hardware/bus/backplane/eagle/deprecated/v1.1/yacc2buss.sch	archive/gen1-2015-2018/YACC1-BACKUP/Old/BUS-PROD-V1.1/yacc2buss.sch
YACCS-OLD/YACC1-BACKUP/Old/Bus Definition V1.1.sch	archive/gen1-2015-2018/YACC1A1/Old/Bus Definition V1.1.sch	archive/gen1-2015-2018/YACC1-BACKUP/Old/Bus Definition V1.1.sch
YACCS-OLD/YACC1-BACKUP/Old/Bus/yacc1buss 2.brd	archive/gen1-2015-2018/YACC1A1/Old/Bus/yacc1buss 2.brd	archive/gen1-2015-2018/YACC1-BACKUP/Old/Bus/yacc1buss 2.brd
YACCS-OLD/YACC1-BACKUP/Old/Bus/yacc1buss.brd	archive/gen1-2015-2018/YACC1A1/Old/Bus/yacc1buss.brd	archive/gen1-2015-2018/YACC1-BACKUP/Old/Bus/yacc1buss.brd
YACCS-OLD/YACC1-BACKUP/Old/Bus/yacc1buss.sch	archive/gen1-2015-2018/YACC1A1/Old/Bus/yacc1buss.sch	archive/gen1-2015-2018/YACC1-BACKUP/Old/Bus/yacc1buss.sch
YACCS-OLD/YACC1-BACKUP/Old/NewFolder/CppApplication_1/code.h	archive/superseded-revisions/sequencer-card-old/uCode-Generator copy/code.h.orig.h	archive/gen1-2015-2018/YACC1-BACKUP/Old/NewFolder/CppApplication_1/code.h
YACCS-OLD/YACC1-BACKUP/Old/NewFolder/CppApplication_1/nbproject/configurations.xml	archive/superseded-revisions/software-old-obsolete/Memory Card/test EPROM/nbproject/configurations.xml	archive/gen1-2015-2018/YACC1-BACKUP/Old/NewFolder/CppApplication_1/nbproject/configurations.xml
YACCS-OLD/YACC1-BACKUP/Old/NewFolder/CppApplication_1/nbproject/project.xml	archive/gen1-2015-2018/YACC1A/deprecated/Software/uCode-Generator/nbproject/project.xml	archive/gen1-2015-2018/YACC1-BACKUP/Old/NewFolder/CppApplication_1/nbproject/project.xml
YACCS-OLD/YACC1-BACKUP/Old/NewFolder/CppApplication_1/test.hex.short.hex	archive/superseded-revisions/sequencer-card-old/uCode-Generator copy/test.hex.short.hex	archive/gen1-2015-2018/YACC1-BACKUP/Old/NewFolder/CppApplication_1/test.hex.short.hex
YACCS-OLD/YACC1-BACKUP/Old/NewFolder/test EPROM/nbproject/Makefile-Debug.mk	archive/superseded-revisions/software-old-obsolete/Memory Card/test EPROM/nbproject/Makefile-Debug.mk	archive/gen1-2015-2018/YACC1-BACKUP/Old/NewFolder/test EPROM/nbproject/Makefile-Debug.mk
YACCS-OLD/YACC1-BACKUP/Old/NewFolder/test EPROM/nbproject/Makefile-Release.mk	archive/superseded-revisions/software-old-obsolete/Memory Card/test EPROM/nbproject/Makefile-Release.mk	archive/gen1-2015-2018/YACC1-BACKUP/Old/NewFolder/test EPROM/nbproject/Makefile-Release.mk
YACCS-OLD/YACC1-BACKUP/Old/NewFolder/test EPROM/nbproject/Makefile-impl.mk	archive/superseded-revisions/software-old-obsolete/Memory Card/test EPROM/nbproject/Makefile-impl.mk	archive/gen1-2015-2018/YACC1-BACKUP/Old/NewFolder/test EPROM/nbproject/Makefile-impl.mk
YACCS-OLD/YACC1-BACKUP/Old/NewFolder/test EPROM/nbproject/Makefile-variables.mk	archive/superseded-revisions/software-old-obsolete/Memory Card/test EPROM/nbproject/Makefile-variables.mk	archive/gen1-2015-2018/YACC1-BACKUP/Old/NewFolder/test EPROM/nbproject/Makefile-variables.mk
YACCS-OLD/YACC1-BACKUP/Old/NewFolder/test EPROM/nbproject/Package-Debug.bash	archive/superseded-revisions/software-old-obsolete/Memory Card/test EPROM/nbproject/Package-Debug.bash	archive/gen1-2015-2018/YACC1-BACKUP/Old/NewFolder/test EPROM/nbproject/Package-Debug.bash
YACCS-OLD/YACC1-BACKUP/Old/NewFolder/test EPROM/nbproject/Package-Release.bash	archive/superseded-revisions/software-old-obsolete/Memory Card/test EPROM/nbproject/Package-Release.bash	archive/gen1-2015-2018/YACC1-BACKUP/Old/NewFolder/test EPROM/nbproject/Package-Release.bash
YACCS-OLD/YACC1-BACKUP/Old/Original YACC Documentation/YACC/CPU copy.key/Data/110809_FamilyChineseOahu_EN_00317_2040x1360-small-12.jpg	archive/gen1-2015-2018/YACC1A1/Doc/YACC/CPU copy.key/Data/110809_FamilyChineseOahu_EN_00317_2040x1360-small-12.jpg	archive/gen1-2015-2018/YACC1-BACKUP/Old/Original YACC Documentation/YACC/CPU copy.key/Data/110809_FamilyChineseOahu_EN_00317_2040x1360-small-12.jpg
YACCS-OLD/YACC1-BACKUP/Old/Original YACC Documentation/YACC/CPU copy.key/Data/110809_FamilyChineseOahu_EN_02016_981x654-small-14.jpg	archive/gen1-2015-2018/YACC1A1/Doc/YACC/CPU copy.key/Data/110809_FamilyChineseOahu_EN_02016_981x654-small-14.jpg	archive/gen1-2015-2018/YACC1-BACKUP/Old/Original YACC Documentation/YACC/CPU copy.key/Data/110809_FamilyChineseOahu_EN_02016_981x654-small-14.jpg
YACCS-OLD/YACC1-BACKUP/Old/Original YACC Documentation/YACC/CPU copy.key/Data/110809_FamilyChineseOahu_EN_02390_2880x1921-small-10.jpg	archive/gen1-2015-2018/YACC1A1/Doc/YACC/CPU copy.key/Data/110809_FamilyChineseOahu_EN_02390_2880x1921-small-10.jpg	archive/gen1-2015-2018/YACC1-BACKUP/Old/Original YACC Documentation/YACC/CPU copy.key/Data/110809_FamilyChineseOahu_EN_02390_2880x1921-small-10.jpg
YACCS-OLD/YACC1-BACKUP/Old/Original YACC Documentation/YACC/CPU copy.key/Data/mt10@2x-87.jpg	archive/gen1-2015-2018/YACC1A1/Doc/YACC/CPU copy.key/Data/mt10@2x-87.jpg	archive/gen1-2015-2018/YACC1-BACKUP/Old/Original YACC Documentation/YACC/CPU copy.key/Data/mt10@2x-87.jpg
YACCS-OLD/YACC1-BACKUP/Old/Original YACC Documentation/YACC/CPU copy.key/Data/mt1@2x-78.jpg	archive/gen1-2015-2018/YACC1A1/Doc/YACC/CPU copy.key/Data/mt1@2x-78.jpg	archive/gen1-2015-2018/YACC1-BACKUP/Old/Original YACC Documentation/YACC/CPU copy.key/Data/mt1@2x-78.jpg
YACCS-OLD/YACC1-BACKUP/Old/Original YACC Documentation/YACC/CPU copy.key/Data/mt2@2x-79.jpg	archive/gen1-2015-2018/YACC1A1/Doc/YACC/CPU copy.key/Data/mt2@2x-79.jpg	archive/gen1-2015-2018/YACC1-BACKUP/Old/Original YACC Documentation/YACC/CPU copy.key/Data/mt2@2x-79.jpg
YACCS-OLD/YACC1-BACKUP/Old/Original YACC Documentation/YACC/CPU copy.key/Data/mt3@2x-80.jpg	archive/gen1-2015-2018/YACC1A1/Doc/YACC/CPU copy.key/Data/mt3@2x-80.jpg	archive/gen1-2015-2018/YACC1-BACKUP/Old/Original YACC Documentation/YACC/CPU copy.key/Data/mt3@2x-80.jpg
YACCS-OLD/YACC1-BACKUP/Old/Original YACC Documentation/YACC/CPU copy.key/Data/mt4@2x-81.jpg	archive/gen1-2015-2018/YACC1A1/Doc/YACC/CPU copy.key/Data/mt4@2x-81.jpg	archive/gen1-2015-2018/YACC1-BACKUP/Old/Original YACC Documentation/YACC/CPU copy.key/Data/mt4@2x-81.jpg
YACCS-OLD/YACC1-BACKUP/Old/Original YACC Documentation/YACC/CPU copy.key/Data/mt5@2x-82.jpg	archive/gen1-2015-2018/YACC1A1/Doc/YACC/CPU copy.key/Data/mt5@2x-82.jpg	archive/gen1-2015-2018/YACC1-BACKUP/Old/Original YACC Documentation/YACC/CPU copy.key/Data/mt5@2x-82.jpg
YACCS-OLD/YACC1-BACKUP/Old/Original YACC Documentation/YACC/CPU copy.key/Data/mt6@2x-83.jpg	archive/gen1-2015-2018/YACC1A1/Doc/YACC/CPU copy.key/Data/mt6@2x-83.jpg	archive/gen1-2015-2018/YACC1-BACKUP/Old/Original YACC Documentation/YACC/CPU copy.key/Data/mt6@2x-83.jpg
YACCS-OLD/YACC1-BACKUP/Old/Original YACC Documentation/YACC/CPU copy.key/Data/mt7@2x-84.jpg	archive/gen1-2015-2018/YACC1A1/Doc/YACC/CPU copy.key/Data/mt7@2x-84.jpg	archive/gen1-2015-2018/YACC1-BACKUP/Old/Original YACC Documentation/YACC/CPU copy.key/Data/mt7@2x-84.jpg
YACCS-OLD/YACC1-BACKUP/Old/Original YACC Documentation/YACC/CPU copy.key/Data/mt8@2x-85.jpg	archive/gen1-2015-2018/YACC1A1/Doc/YACC/CPU copy.key/Data/mt8@2x-85.jpg	archive/gen1-2015-2018/YACC1-BACKUP/Old/Original YACC Documentation/YACC/CPU copy.key/Data/mt8@2x-85.jpg
YACCS-OLD/YACC1-BACKUP/Old/Original YACC Documentation/YACC/CPU copy.key/Data/mt9@2x-86.jpg	archive/gen1-2015-2018/YACC1A1/Doc/YACC/CPU copy.key/Data/mt9@2x-86.jpg	archive/gen1-2015-2018/YACC1-BACKUP/Old/Original YACC Documentation/YACC/CPU copy.key/Data/mt9@2x-86.jpg
YACCS-OLD/YACC1-BACKUP/Old/Original YACC Documentation/YACC/CPU copy.key/Data/st0-473.jpg	archive/gen1-2015-2018/YACC1A1/Doc/YACC/CPU copy.key/Data/st0-473.jpg	archive/gen1-2015-2018/YACC1-BACKUP/Old/Original YACC Documentation/YACC/CPU copy.key/Data/st0-473.jpg
YACCS-OLD/YACC1-BACKUP/Old/Original YACC Documentation/YACC/CPU copy.key/Data/st1-967.jpg	archive/gen1-2015-2018/YACC1A1/Doc/YACC/CPU copy.key/Data/st1-967.jpg	archive/gen1-2015-2018/YACC1-BACKUP/Old/Original YACC Documentation/YACC/CPU copy.key/Data/st1-967.jpg
YACCS-OLD/YACC1-BACKUP/Old/Original YACC Documentation/YACC/CPU copy.key/Data/st2-714.jpg	archive/gen1-2015-2018/YACC1A1/Doc/YACC/CPU copy.key/Data/st2-714.jpg	archive/gen1-2015-2018/YACC1-BACKUP/Old/Original YACC Documentation/YACC/CPU copy.key/Data/st2-714.jpg
YACCS-OLD/YACC1-BACKUP/Old/Original YACC Documentation/YACC/CPU copy.key/Data/st3-717.jpg	archive/gen1-2015-2018/YACC1A1/Doc/YACC/CPU copy.key/Data/st3-717.jpg	archive/gen1-2015-2018/YACC1-BACKUP/Old/Original YACC Documentation/YACC/CPU copy.key/Data/st3-717.jpg
YACCS-OLD/YACC1-BACKUP/Old/Original YACC Documentation/YACC/CPU copy.key/Data/st4-719.jpg	archive/gen1-2015-2018/YACC1A1/Doc/YACC/CPU copy.key/Data/st4-719.jpg	archive/gen1-2015-2018/YACC1-BACKUP/Old/Original YACC Documentation/YACC/CPU copy.key/Data/st4-719.jpg
YACCS-OLD/YACC1-BACKUP/Old/Original YACC Documentation/YACC/CPU copy.key/Data/st5-720.jpg	archive/gen1-2015-2018/YACC1A1/Doc/YACC/CPU copy.key/Data/st5-720.jpg	archive/gen1-2015-2018/YACC1-BACKUP/Old/Original YACC Documentation/YACC/CPU copy.key/Data/st5-720.jpg
YACCS-OLD/YACC1-BACKUP/Old/Original YACC Documentation/YACC/CPU copy.key/Index.zip	archive/gen1-2015-2018/YACC1A1/Doc/YACC/CPU copy.key/Index.zip	archive/gen1-2015-2018/YACC1-BACKUP/Old/Original YACC Documentation/YACC/CPU copy.key/Index.zip
YACCS-OLD/YACC1-BACKUP/Old/Original YACC Documentation/YACC/CPU copy.key/Metadata/BuildVersionHistory.plist	archive/gen1-2015-2018/YACC1A1/Doc/YACC/CPU copy.key/Metadata/BuildVersionHistory.plist	archive/gen1-2015-2018/YACC1-BACKUP/Old/Original YACC Documentation/YACC/CPU copy.key/Metadata/BuildVersionHistory.plist
YACCS-OLD/YACC1-BACKUP/Old/Original YACC Documentation/YACC/CPU copy.key/Metadata/DocumentIdentifier	archive/gen1-2015-2018/YACC1A1/Doc/YACC/CPU copy.key/Metadata/DocumentIdentifier	archive/gen1-2015-2018/YACC1-BACKUP/Old/Original YACC Documentation/YACC/CPU copy.key/Metadata/DocumentIdentifier
YACCS-OLD/YACC1-BACKUP/Old/Original YACC Documentation/YACC/CPU copy.key/Metadata/Properties.plist	archive/gen1-2015-2018/YACC1A1/Doc/YACC/CPU copy.key/Metadata/Properties.plist	archive/gen1-2015-2018/YACC1-BACKUP/Old/Original YACC Documentation/YACC/CPU copy.key/Metadata/Properties.plist
YACCS-OLD/YACC1-BACKUP/Old/Original YACC Documentation/YACC/CPU copy.key/preview-micro.jpg	archive/gen1-2015-2018/YACC1A1/Doc/YACC/CPU copy.key/preview-micro.jpg	archive/gen1-2015-2018/YACC1-BACKUP/Old/Original YACC Documentation/YACC/CPU copy.key/preview-micro.jpg
YACCS-OLD/YACC1-BACKUP/Old/Original YACC Documentation/YACC/CPU copy.key/preview-web.jpg	archive/gen1-2015-2018/YACC1A1/Doc/YACC/CPU copy.key/preview-web.jpg	archive/gen1-2015-2018/YACC1-BACKUP/Old/Original YACC Documentation/YACC/CPU copy.key/preview-web.jpg
YACCS-OLD/YACC1-BACKUP/Old/Original YACC Documentation/YACC/CPU copy.key/preview.jpg	archive/gen1-2015-2018/YACC1A1/Doc/YACC/CPU copy.key/preview.jpg	archive/gen1-2015-2018/YACC1-BACKUP/Old/Original YACC Documentation/YACC/CPU copy.key/preview.jpg
YACCS-OLD/YACC1-BACKUP/Old/Original YACC Documentation/YACC/CPU-v1.key	archive/gen1-2015-2018/YACC1A1/Doc/YACC/CPU-v1.key	archive/gen1-2015-2018/YACC1-BACKUP/Old/Original YACC Documentation/YACC/CPU-v1.key
YACCS-OLD/YACC1-BACKUP/Old/Original YACC Documentation/YACC/CPU-v1/CPU-v1.001.jpg	archive/gen1-2015-2018/YACC1A1/Doc/YACC/CPU-v1/CPU-v1.001.jpg	archive/gen1-2015-2018/YACC1-BACKUP/Old/Original YACC Documentation/YACC/CPU-v1/CPU-v1.001.jpg
YACCS-OLD/YACC1-BACKUP/Old/Original YACC Documentation/YACC/CPU-v1/CPU-v1.002.jpg	archive/gen1-2015-2018/YACC1A1/Doc/YACC/CPU-v1/CPU-v1.002.jpg	archive/gen1-2015-2018/YACC1-BACKUP/Old/Original YACC Documentation/YACC/CPU-v1/CPU-v1.002.jpg
YACCS-OLD/YACC1-BACKUP/Old/Original YACC Documentation/YACC/CPU-v1/CPU-v1.003.jpg	archive/gen1-2015-2018/YACC1A1/Doc/YACC/CPU-v1/CPU-v1.003.jpg	archive/gen1-2015-2018/YACC1-BACKUP/Old/Original YACC Documentation/YACC/CPU-v1/CPU-v1.003.jpg
YACCS-OLD/YACC1-BACKUP/Old/Original YACC Documentation/YACC/CPU-v1/CPU-v1.004.jpg	archive/gen1-2015-2018/YACC1A1/Doc/YACC/CPU-v1/CPU-v1.004.jpg	archive/gen1-2015-2018/YACC1-BACKUP/Old/Original YACC Documentation/YACC/CPU-v1/CPU-v1.004.jpg
YACCS-OLD/YACC1-BACKUP/Old/Original YACC Documentation/YACC/CPU-v1/CPU-v1.005.jpg	archive/gen1-2015-2018/YACC1A1/Doc/YACC/CPU-v1/CPU-v1.005.jpg	archive/gen1-2015-2018/YACC1-BACKUP/Old/Original YACC Documentation/YACC/CPU-v1/CPU-v1.005.jpg
YACCS-OLD/YACC1-BACKUP/Old/Original YACC Documentation/YACC/CPU-v1/CPU-v1.006.jpg	archive/gen1-2015-2018/YACC1A1/Doc/YACC/CPU-v1/CPU-v1.006.jpg	archive/gen1-2015-2018/YACC1-BACKUP/Old/Original YACC Documentation/YACC/CPU-v1/CPU-v1.006.jpg
YACCS-OLD/YACC1-BACKUP/Old/Original YACC Documentation/YACC/CPU-v1/CPU-v1.007.jpg	archive/gen1-2015-2018/YACC1A1/Doc/YACC/CPU-v1/CPU-v1.007.jpg	archive/gen1-2015-2018/YACC1-BACKUP/Old/Original YACC Documentation/YACC/CPU-v1/CPU-v1.007.jpg
YACCS-OLD/YACC1-BACKUP/Old/Original YACC Documentation/YACC/CPU-v1/CPU-v1.008.jpg	archive/gen1-2015-2018/YACC1A1/Doc/YACC/CPU-v1/CPU-v1.008.jpg	archive/gen1-2015-2018/YACC1-BACKUP/Old/Original YACC Documentation/YACC/CPU-v1/CPU-v1.008.jpg
YACCS-OLD/YACC1-BACKUP/Old/Original YACC Documentation/YACC/CPU-v1/CPU-v1.009.jpg	archive/gen1-2015-2018/YACC1A1/Doc/YACC/CPU-v1/CPU-v1.009.jpg	archive/gen1-2015-2018/YACC1-BACKUP/Old/Original YACC Documentation/YACC/CPU-v1/CPU-v1.009.jpg
YACCS-OLD/YACC1-BACKUP/Old/Original YACC Documentation/YACC/CPU.001.jpg	archive/gen1-2015-2018/YACC1A1/Doc/YACC/CPU/CPU.001.jpg	archive/gen1-2015-2018/YACC1-BACKUP/Old/Original YACC Documentation/YACC/CPU.001.jpg
YACCS-OLD/YACC1-BACKUP/Old/Original YACC Documentation/YACC/CPU.002.jpg	archive/gen1-2015-2018/YACC1A1/Doc/YACC/CPU/CPU.002.jpg	archive/gen1-2015-2018/YACC1-BACKUP/Old/Original YACC Documentation/YACC/CPU.002.jpg
YACCS-OLD/YACC1-BACKUP/Old/Original YACC Documentation/YACC/CPU.003.jpg	archive/gen1-2015-2018/YACC1A1/Doc/YACC/CPU/CPU.003.jpg	archive/gen1-2015-2018/YACC1-BACKUP/Old/Original YACC Documentation/YACC/CPU.003.jpg
YACCS-OLD/YACC1-BACKUP/Old/Original YACC Documentation/YACC/CPU.004.jpg	archive/gen1-2015-2018/YACC1A1/Doc/YACC/CPU/CPU.004.jpg	archive/gen1-2015-2018/YACC1-BACKUP/Old/Original YACC Documentation/YACC/CPU.004.jpg
YACCS-OLD/YACC1-BACKUP/Old/Original YACC Documentation/YACC/CPU.005.jpg	archive/gen1-2015-2018/YACC1A1/Doc/YACC/CPU.005.jpg	archive/gen1-2015-2018/YACC1-BACKUP/Old/Original YACC Documentation/YACC/CPU.005.jpg
YACCS-OLD/YACC1-BACKUP/Old/Original YACC Documentation/YACC/CPU.006.jpg	archive/gen1-2015-2018/YACC1A1/Doc/YACC/CPU.006.jpg	archive/gen1-2015-2018/YACC1-BACKUP/Old/Original YACC Documentation/YACC/CPU.006.jpg
YACCS-OLD/YACC1-BACKUP/Old/Original YACC Documentation/YACC/CPU.007.jpg	archive/gen1-2015-2018/YACC1A1/Doc/YACC/CPU.007.jpg	archive/gen1-2015-2018/YACC1-BACKUP/Old/Original YACC Documentation/YACC/CPU.007.jpg
YACCS-OLD/YACC1-BACKUP/Old/Original YACC Documentation/YACC/CPU.key.pdf	archive/gen1-2015-2018/YACC1A1/Doc/YACC/CPU.key copy.pdf	archive/gen1-2015-2018/YACC1-BACKUP/Old/Original YACC Documentation/YACC/CPU.key.pdf
YACCS-OLD/YACC1-BACKUP/Old/SP:PC/SP:PC copy.sch	archive/gen1-2015-2018/YACC1A1/Old/SP-PC/SP-PC copy.sch	archive/gen1-2015-2018/YACC1-BACKUP/Old/SP-PC/SP-PC copy.sch
YACCS-OLD/YACC1-BACKUP/Old/SP:PC/SP:PC.brd	archive/gen1-2015-2018/YACC1A1/Old/SP-PC/SP-PC.brd	archive/gen1-2015-2018/YACC1-BACKUP/Old/SP-PC/SP-PC.brd
YACCS-OLD/YACC1-BACKUP/Old/SP:PC/SP:PC.pro	archive/gen1-2015-2018/YACC1A1/Old/SP-PC/SP-PC.pro	archive/gen1-2015-2018/YACC1-BACKUP/Old/SP-PC/SP-PC.pro
YACCS-OLD/YACC1-BACKUP/Old/SP:PC/SP:PC.sch	archive/gen1-2015-2018/YACC1A1/Old/SP-PC/SP-PC.sch	archive/gen1-2015-2018/YACC1-BACKUP/Old/SP-PC/SP-PC.sch
YACCS-OLD/YACC1-BACKUP/Old/Very Old /4 reg no inc:dec-V1.1/reg-board.brd	archive/gen1-2015-2018/YACC1A1/Very Old/4 reg no inc-dec-V1.1/reg-board.brd	archive/gen1-2015-2018/YACC1-BACKUP/Old/Very Old/4 reg no inc-dec-V1.1/reg-board.brd
YACCS-OLD/YACC1-BACKUP/Old/Very Old /4 reg no inc:dec-V1.1/reg-board.pdf	archive/gen1-2015-2018/YACC1A1/Very Old/4 reg no inc-dec-V1.1/reg-board.pdf	archive/gen1-2015-2018/YACC1-BACKUP/Old/Very Old/4 reg no inc-dec-V1.1/reg-board.pdf
YACCS-OLD/YACC1-BACKUP/Old/Very Old /4 reg no inc:dec-V1.1/reg-board.pro	archive/gen1-2015-2018/YACC1A1/Very Old/4 reg no inc-dec-V1.1/reg-board.pro	archive/gen1-2015-2018/YACC1-BACKUP/Old/Very Old/4 reg no inc-dec-V1.1/reg-board.pro
YACCS-OLD/YACC1-BACKUP/Old/Very Old /4 reg no inc:dec-V1.1/reg-board.sch	archive/gen1-2015-2018/YACC1A1/Very Old/4 reg no inc-dec-V1.1/reg-board.sch	archive/gen1-2015-2018/YACC1-BACKUP/Old/Very Old/4 reg no inc-dec-V1.1/reg-board.sch
YACCS-OLD/YACC1-BACKUP/Old/Very Old /4 reg no inc:dec-V1.1/regsimple test.circ	archive/gen1-2015-2018/YACC1A1/Old/4 reg no inc-dec-PROD-V1.1/regsimple test.circ	archive/gen1-2015-2018/YACC1-BACKUP/Old/Very Old/4 reg no inc-dec-V1.1/regsimple test.circ
YACCS-OLD/YACC1-BACKUP/Old/Very Old /Opcodes Yacc1 - Sheet1.pdf	archive/gen1-2015-2018/YACC1A1/Simulation/z-old/Opcodes Yacc1 - Sheet1.pdf	archive/gen1-2015-2018/YACC1-BACKUP/Old/Very Old/Opcodes Yacc1 - Sheet1.pdf
YACCS-OLD/YACC1-BACKUP/Old/Very Old /README.md	archive/gen1-2015-2018/YACC1A1/Very Old/README.md	archive/gen1-2015-2018/YACC1-BACKUP/Old/Very Old/README.md
YACCS-OLD/YACC1-BACKUP/Old/Very Old /board2.brd	archive/gen1-2015-2018/YACC1A1/Very Old/board2.brd	archive/gen1-2015-2018/YACC1-BACKUP/Old/Very Old/board2.brd
YACCS-OLD/YACC1-BACKUP/Old/Very Old /board2.pro	archive/gen1-2015-2018/YACC1A1/Very Old/board2.pro	archive/gen1-2015-2018/YACC1-BACKUP/Old/Very Old/board2.pro
YACCS-OLD/YACC1-BACKUP/Old/Very Old /board2.sch	archive/gen1-2015-2018/YACC1A1/Very Old/board2.sch	archive/gen1-2015-2018/YACC1-BACKUP/Old/Very Old/board2.sch
YACCS-OLD/YACC1-BACKUP/Old/Very Old /controlbus.xlsx	archive/gen1-2015-2018/YACC1A1/Very Old/controlbus.xlsx	archive/gen1-2015-2018/YACC1-BACKUP/Old/Very Old/controlbus.xlsx
YACCS-OLD/YACC1-BACKUP/Old/Very Old /eagle.epf	archive/gen1-2015-2018/YACC1A1/Very Old/eagle.epf	archive/gen1-2015-2018/YACC1-BACKUP/Old/Very Old/eagle.epf
YACCS-OLD/YACC1-BACKUP/Old/Very Old /yacc1.brd	archive/gen1-2015-2018/YACC1A1/Very Old/yacc1.brd	archive/gen1-2015-2018/YACC1-BACKUP/Old/Very Old/yacc1.brd
YACCS-OLD/YACC1-BACKUP/Old/Very Old /yacc1.job	archive/gen1-2015-2018/YACC1A1/Very Old/yacc1.job	archive/gen1-2015-2018/YACC1-BACKUP/Old/Very Old/yacc1.job
YACCS-OLD/YACC1-BACKUP/Old/Very Old /yacc1.pro	archive/gen1-2015-2018/YACC1A1/Very Old/yacc1.pro	archive/gen1-2015-2018/YACC1-BACKUP/Old/Very Old/yacc1.pro
YACCS-OLD/YACC1-BACKUP/Old/Very Old /yacc1.sch	archive/gen1-2015-2018/YACC1A1/Very Old/yacc1.sch	archive/gen1-2015-2018/YACC1-BACKUP/Old/Very Old/yacc1.sch
YACCS-OLD/YACC1-BACKUP/Old/alu/OSHPark-4layer.dru	archive/gen1-2015-2018/YACC1A1/Old/alu conv accum to shift/OSHPark-4layer.dru	archive/gen1-2015-2018/YACC1-BACKUP/Old/alu/OSHPark-4layer.dru
YACCS-OLD/YACC1-BACKUP/Old/alu/alu.brd	archive/gen1-2015-2018/YACC1A1/Old/alu conv accum to shift/alu.brd	archive/gen1-2015-2018/YACC1-BACKUP/Old/alu/alu.brd
YACCS-OLD/YACC1-BACKUP/Old/alu/alu.pro	archive/gen1-2015-2018/YACC1A1/Old/alu conv accum to shift/alu.pro	archive/gen1-2015-2018/YACC1-BACKUP/Old/alu/alu.pro
YACCS-OLD/YACC1-BACKUP/Old/alu/alu.sch	archive/gen1-2015-2018/YACC1A1/Old/alu conv accum to shift/alu.sch	archive/gen1-2015-2018/YACC1-BACKUP/Old/alu/alu.sch
YACCS-OLD/YACC1-BACKUP/Old/alu/alu2 2.brd	archive/gen1-2015-2018/YACC1A1/Old/alu conv accum to shift/alu2 2.brd	archive/gen1-2015-2018/YACC1-BACKUP/Old/alu/alu2 2.brd
YACCS-OLD/YACC1-BACKUP/Old/alu/alu2 3.brd	archive/gen1-2015-2018/YACC1A1/Old/alu conv accum to shift/alu2 3.brd	archive/gen1-2015-2018/YACC1-BACKUP/Old/alu/alu2 3.brd
YACCS-OLD/YACC1-BACKUP/Old/alu/alu2-bom.txt	archive/gen1-2015-2018/YACC1A1/Old/alu conv accum to shift/alu2-bom.txt	archive/gen1-2015-2018/YACC1-BACKUP/Old/alu/alu2-bom.txt
YACCS-OLD/YACC1-BACKUP/Old/alu/alu2-brd.pdf	archive/gen1-2015-2018/YACC1A1/Old/alu conv accum to shift/alu2-brd.pdf	archive/gen1-2015-2018/YACC1-BACKUP/Old/alu/alu2-brd.pdf
YACCS-OLD/YACC1-BACKUP/Old/alu/alu2-sch.pdf	archive/gen1-2015-2018/YACC1A1/Old/alu conv accum to shift/alu2-sch.pdf	archive/gen1-2015-2018/YACC1-BACKUP/Old/alu/alu2-sch.pdf
YACCS-OLD/YACC1-BACKUP/Old/alu/alu2.brd	archive/gen1-2015-2018/YACC1A1/Old/alu conv accum to shift/alu2.brd	archive/gen1-2015-2018/YACC1-BACKUP/Old/alu/alu2.brd
YACCS-OLD/YACC1-BACKUP/Old/alu/alu2.crc	archive/gen1-2015-2018/YACC1A1/Old/alu conv accum to shift/alu2.crc	archive/gen1-2015-2018/YACC1-BACKUP/Old/alu/alu2.crc
YACCS-OLD/YACC1-BACKUP/Old/alu/alu2.dpv	archive/gen1-2015-2018/YACC1A1/Old/alu conv accum to shift/alu2.dpv	archive/gen1-2015-2018/YACC1-BACKUP/Old/alu/alu2.dpv
YACCS-OLD/YACC1-BACKUP/Old/alu/alu2.drd	archive/gen1-2015-2018/YACC1A1/Old/alu conv accum to shift/alu2.drd	archive/gen1-2015-2018/YACC1-BACKUP/Old/alu/alu2.drd
YACCS-OLD/YACC1-BACKUP/Old/alu/alu2.dri	archive/gen1-2015-2018/YACC1A1/Old/alu conv accum to shift/alu2.dri	archive/gen1-2015-2018/YACC1-BACKUP/Old/alu/alu2.dri
YACCS-OLD/YACC1-BACKUP/Old/alu/alu2.gpi	archive/gen1-2015-2018/YACC1A1/Old/alu conv accum to shift/alu2.gpi	archive/gen1-2015-2018/YACC1-BACKUP/Old/alu/alu2.gpi
YACCS-OLD/YACC1-BACKUP/Old/alu/alu2.mil	archive/gen1-2015-2018/YACC1A1/Old/alu conv accum to shift/alu2.crc	archive/gen1-2015-2018/YACC1-BACKUP/Old/alu/alu2.mil
YACCS-OLD/YACC1-BACKUP/Old/alu/alu2.pdf	archive/gen1-2015-2018/YACC1A1/Old/alu conv accum to shift/alu2.pdf	archive/gen1-2015-2018/YACC1-BACKUP/Old/alu/alu2.pdf
YACCS-OLD/YACC1-BACKUP/Old/alu/alu2.pro	archive/gen1-2015-2018/YACC1A1/Old/alu conv accum to shift/alu2.pro	archive/gen1-2015-2018/YACC1-BACKUP/Old/alu/alu2.pro
YACCS-OLD/YACC1-BACKUP/Old/alu/alu2.sch	archive/gen1-2015-2018/YACC1A1/Old/alu conv accum to shift/alu2.sch	archive/gen1-2015-2018/YACC1-BACKUP/Old/alu/alu2.sch
YACCS-OLD/YACC1-BACKUP/Old/alu/alu3 2.brd	archive/gen1-2015-2018/YACC1A1/Old/alu/alu3 2.brd	archive/gen1-2015-2018/YACC1-BACKUP/Old/alu/alu3 2.brd
YACCS-OLD/YACC1-BACKUP/Old/alu/alu3 2.sch	archive/gen1-2015-2018/YACC1A1/Old/alu/alu3 2.sch	archive/gen1-2015-2018/YACC1-BACKUP/Old/alu/alu3 2.sch
YACCS-OLD/YACC1-BACKUP/Old/alu/alu3.brd	archive/gen1-2015-2018/YACC1A1/Old/alu/alu3.brd	archive/gen1-2015-2018/YACC1-BACKUP/Old/alu/alu3.brd
YACCS-OLD/YACC1-BACKUP/Old/alu/alu3.sch	archive/gen1-2015-2018/YACC1A1/Old/alu/alu3.sch	archive/gen1-2015-2018/YACC1-BACKUP/Old/alu/alu3.sch
YACCS-OLD/YACC1-BACKUP/Old/alu/alu3_00.job	archive/gen1-2015-2018/YACC1A1/Old/alu/alu3_00.job	archive/gen1-2015-2018/YACC1-BACKUP/Old/alu/alu3_00.job
YACCS-OLD/YACC1-BACKUP/Old/alu/alu3_00.pro	archive/gen1-2015-2018/YACC1A1/Old/alu/alu3_00.pro	archive/gen1-2015-2018/YACC1-BACKUP/Old/alu/alu3_00.pro
YACCS-OLD/YACC1-BACKUP/Old/alu/alu3_01.job	archive/gen1-2015-2018/YACC1A1/Old/alu/alu3_01.job	archive/gen1-2015-2018/YACC1-BACKUP/Old/alu/alu3_01.job
YACCS-OLD/YACC1-BACKUP/Old/alu/alu3_01.pro	archive/gen1-2015-2018/YACC1A1/Old/alu/alu3_01.pro	archive/gen1-2015-2018/YACC1-BACKUP/Old/alu/alu3_01.pro
YACCS-OLD/YACC1-BACKUP/Old/alu/alu3_02.job	archive/gen1-2015-2018/YACC1A1/Old/alu/alu3_02.job	archive/gen1-2015-2018/YACC1-BACKUP/Old/alu/alu3_02.job
YACCS-OLD/YACC1-BACKUP/Old/alu/alu3_02.pro	archive/gen1-2015-2018/YACC1A1/Old/alu/alu3_02.pro	archive/gen1-2015-2018/YACC1-BACKUP/Old/alu/alu3_02.pro
YACCS-OLD/YACC1-BACKUP/Old/alu/alu3_03.job	archive/gen1-2015-2018/YACC1A1/Old/alu/alu3_03.job	archive/gen1-2015-2018/YACC1-BACKUP/Old/alu/alu3_03.job
YACCS-OLD/YACC1-BACKUP/Old/alu/alu3_03.pro	archive/gen1-2015-2018/YACC1A1/Old/alu/alu3_03.pro	archive/gen1-2015-2018/YACC1-BACKUP/Old/alu/alu3_03.pro
YACCS-OLD/YACC1-BACKUP/Old/alu/untitled folder/Archive.zip	archive/gen1-2015-2018/YACC1A1/Old/alu conv accum to shift/untitled folder/Archive.zip	archive/gen1-2015-2018/YACC1-BACKUP/Old/alu/untitled folder/Archive.zip
YACCS-OLD/YACC1-BACKUP/Old/alu/untitled folder/alu2.cmp	archive/gen1-2015-2018/YACC1A1/Old/alu conv accum to shift/untitled folder/alu2.cmp	archive/gen1-2015-2018/YACC1-BACKUP/Old/alu/untitled folder/alu2.cmp
YACCS-OLD/YACC1-BACKUP/Old/alu/untitled folder/alu2.drh	archive/gen1-2015-2018/YACC1A1/Old/alu conv accum to shift/untitled folder/alu2.drh	archive/gen1-2015-2018/YACC1-BACKUP/Old/alu/untitled folder/alu2.drh
YACCS-OLD/YACC1-BACKUP/Old/alu/untitled folder/alu2.plc	archive/gen1-2015-2018/YACC1A1/Old/alu conv accum to shift/untitled folder/alu2.plc	archive/gen1-2015-2018/YACC1-BACKUP/Old/alu/untitled folder/alu2.plc
YACCS-OLD/YACC1-BACKUP/Old/alu/untitled folder/alu2.sol	archive/gen1-2015-2018/YACC1A1/Old/alu conv accum to shift/untitled folder/alu2.sol	archive/gen1-2015-2018/YACC1-BACKUP/Old/alu/untitled folder/alu2.sol
YACCS-OLD/YACC1-BACKUP/Old/alu/untitled folder/alu2.stc	archive/gen1-2015-2018/YACC1A1/Old/alu conv accum to shift/untitled folder/alu2.stc	archive/gen1-2015-2018/YACC1-BACKUP/Old/alu/untitled folder/alu2.stc
YACCS-OLD/YACC1-BACKUP/Old/alu/untitled folder/alu2.sts	archive/gen1-2015-2018/YACC1A1/Old/alu conv accum to shift/untitled folder/alu2.stc	archive/gen1-2015-2018/YACC1-BACKUP/Old/alu/untitled folder/alu2.sts
YACCS-OLD/YACC1-BACKUP/Old/connector/connector.sch	archive/gen1-2015-2018/YACC1A1/Old/connector/connector.sch	archive/gen1-2015-2018/YACC1-BACKUP/Old/connector/connector.sch
YACCS-OLD/YACC1-BACKUP/Old/opcodes/YACC1 Connector - A1.1.csv	archive/gen1-2015-2018/YACC1A1/Old/opcodes/YACC1 Connector - A1.1.csv	archive/gen1-2015-2018/YACC1-BACKUP/Old/opcodes/YACC1 Connector - A1.1.csv
YACCS-OLD/YACC1-BACKUP/Old/opcodes/YACC1 Connector - B1.1.csv	archive/gen1-2015-2018/YACC1A1/Old/opcodes/YACC1 Connector - B1.1.csv	archive/gen1-2015-2018/YACC1-BACKUP/Old/opcodes/YACC1 Connector - B1.1.csv
YACCS-OLD/YACC1-BACKUP/Old/opcodes/YACC1 Connector - C1.1.csv	archive/gen1-2015-2018/YACC1A1/Old/opcodes/YACC1 Connector - C1.1.csv	archive/gen1-2015-2018/YACC1-BACKUP/Old/opcodes/YACC1 Connector - C1.1.csv
YACCS-OLD/YACC1-BACKUP/Old/opcodes/ops	archive/gen1-2015-2018/YACC1A1/Old/opcodes/ops	archive/gen1-2015-2018/YACC1-BACKUP/Old/opcodes/ops
YACCS-OLD/YACC1-BACKUP/Old/sketch_oct24a/EEPROM.ino	archive/gen1-2015-2018/YACC1A/deprecated/Old/sketch_oct24a/EEPROM.ino	archive/gen1-2015-2018/YACC1-BACKUP/Old/sketch_oct24a/EEPROM.ino
YACCS-OLD/YACC1-BACKUP/Old/sketch_oct24a/IO.ino	archive/gen1-2015-2018/YACC1A/deprecated/Old/sketch_oct24a/IO.ino	archive/gen1-2015-2018/YACC1-BACKUP/Old/sketch_oct24a/IO.ino
YACCS-OLD/YACC1-BACKUP/Old/sketch_oct24a/Loop1.ino	archive/gen1-2015-2018/YACC1A/deprecated/Old/sketch_oct24a/Loop1.ino	archive/gen1-2015-2018/YACC1-BACKUP/Old/sketch_oct24a/Loop1.ino
YACCS-OLD/YACC1-BACKUP/Old/sketch_oct24a/download.ino	archive/gen1-2015-2018/YACC1A/deprecated/Old/sketch_oct24a/download.ino	archive/gen1-2015-2018/YACC1-BACKUP/Old/sketch_oct24a/download.ino
YACCS-OLD/YACC1-BACKUP/Old/sketch_oct24a/sketch_oct24a.ino	archive/gen1-2015-2018/YACC1A/deprecated/Old/sketch_oct24a/sketch_oct24a.ino	archive/gen1-2015-2018/YACC1-BACKUP/Old/sketch_oct24a/sketch_oct24a.ino
YACCS-OLD/YACC1-BACKUP/Old/sketch_oct24a/uCodeRAM.ino	archive/superseded-revisions/sequencer-card-old/Sequencer copy/uCodeRAM.ino	archive/gen1-2015-2018/YACC1-BACKUP/Old/sketch_oct24a/uCodeRAM.ino
YACCS-OLD/YACC1-BACKUP/Old/sketch_oct24a/uCodeROM.ino	archive/superseded-revisions/sequencer-card-old/Sequencer copy/uCodeROM.ino	archive/gen1-2015-2018/YACC1-BACKUP/Old/sketch_oct24a/uCodeROM.ino
YACCS-OLD/YACC1-BACKUP/Old/tester-code V1.0/test_monitor/test_monitor.ino	archive/gen1-2015-2018/YACC1A1/Old/tester-code V1.0/test_monitor/test_monitor.ino	archive/gen1-2015-2018/YACC1-BACKUP/Old/tester-code V1.0/test_monitor/test_monitor.ino
YACCS-OLD/YACC1-BACKUP/Old/tester/Blink2/Blink2.ino	archive/gen1-2015-2018/YACC1A1/Old/tester/Blink2/Blink2.ino	archive/gen1-2015-2018/YACC1-BACKUP/Old/tester/Blink2/Blink2.ino
YACCS-OLD/YACC1-BACKUP/Old/tester/test_monitor/test_monitor.ino	archive/gen1-2015-2018/YACC1A1/Old/tester/test_monitor/test_monitor.ino	archive/gen1-2015-2018/YACC1-BACKUP/Old/tester/test_monitor/test_monitor.ino
YACCS-OLD/YACC1-BACKUP/Old/tester/tester.brd	archive/gen1-2015-2018/YACC1A1/Old/tester/tester.brd	archive/gen1-2015-2018/YACC1-BACKUP/Old/tester/tester.brd
YACCS-OLD/YACC1-BACKUP/Old/tester/tester.pro	archive/gen1-2015-2018/YACC1A1/Old/tester/tester.pro	archive/gen1-2015-2018/YACC1-BACKUP/Old/tester/tester.pro
YACCS-OLD/YACC1-BACKUP/Old/tester/tester.sch	archive/gen1-2015-2018/YACC1A1/Old/tester/tester.sch	archive/gen1-2015-2018/YACC1-BACKUP/Old/tester/tester.sch
YACCS-OLD/YACC1-BACKUP/Old/tester2/tester.brd	archive/gen1-2015-2018/YACC1A1/Old/tester/tester.brd	archive/gen1-2015-2018/YACC1-BACKUP/Old/tester2/tester.brd
YACCS-OLD/YACC1-BACKUP/Old/tester2/tester.pro	archive/gen1-2015-2018/YACC1A1/Old/tester/tester.pro	archive/gen1-2015-2018/YACC1-BACKUP/Old/tester2/tester.pro
YACCS-OLD/YACC1-BACKUP/Old/tester2/tester.sch	archive/gen1-2015-2018/YACC1A1/Old/tester/tester.sch	archive/gen1-2015-2018/YACC1-BACKUP/Old/tester2/tester.sch
YACCS-OLD/YACC1-BACKUP/PCB-PRODUCTION/ALU-PROD-V1.0/OSHPark-4layer.dru	archive/gen1-2015-2018/YACC1A1/Old/alu conv accum to shift/OSHPark-4layer.dru	archive/gen1-2015-2018/YACC1-BACKUP/PCB-PRODUCTION/ALU-PROD-V1.0/OSHPark-4layer.dru
YACCS-OLD/YACC1-BACKUP/PCB-PRODUCTION/ALU-PROD-V1.0/alu4.brd	archive/gen1-2015-2018/YACC1A1/PRODUCTION/ALU-PROD-V1.0/alu4.brd	archive/gen1-2015-2018/YACC1-BACKUP/PCB-PRODUCTION/ALU-PROD-V1.0/alu4.brd
YACCS-OLD/YACC1-BACKUP/PCB-PRODUCTION/ALU-PROD-V1.0/alu4.crc	archive/gen1-2015-2018/YACC1A1/PRODUCTION/ALU-PROD-V1.0/alu4.crc	archive/gen1-2015-2018/YACC1-BACKUP/PCB-PRODUCTION/ALU-PROD-V1.0/alu4.crc
YACCS-OLD/YACC1-BACKUP/PCB-PRODUCTION/ALU-PROD-V1.0/alu4.crs	archive/gen1-2015-2018/YACC1A1/PRODUCTION/ALU-PROD-V1.0/alu4.crc	archive/gen1-2015-2018/YACC1-BACKUP/PCB-PRODUCTION/ALU-PROD-V1.0/alu4.crs
YACCS-OLD/YACC1-BACKUP/PCB-PRODUCTION/ALU-PROD-V1.0/alu4.gpi	archive/gen1-2015-2018/YACC1A1/PRODUCTION/ALU-PROD-V1.0/alu4.gpi	archive/gen1-2015-2018/YACC1-BACKUP/PCB-PRODUCTION/ALU-PROD-V1.0/alu4.gpi
YACCS-OLD/YACC1-BACKUP/PCB-PRODUCTION/ALU-PROD-V1.0/alu4.pdf	archive/gen1-2015-2018/YACC1A1/PRODUCTION/ALU-PROD-V1.0/alu4.pdf	archive/gen1-2015-2018/YACC1-BACKUP/PCB-PRODUCTION/ALU-PROD-V1.0/alu4.pdf
YACCS-OLD/YACC1-BACKUP/PCB-PRODUCTION/ALU-PROD-V1.0/alu4.pls	archive/gen1-2015-2018/YACC1A1/PRODUCTION/ALU-PROD-V1.0/alu4.pls	archive/gen1-2015-2018/YACC1-BACKUP/PCB-PRODUCTION/ALU-PROD-V1.0/alu4.pls
YACCS-OLD/YACC1-BACKUP/PCB-PRODUCTION/ALU-PROD-V1.0/alu4.pro	archive/gen1-2015-2018/YACC1A1/PRODUCTION/ALU-PROD-V1.0/alu4.pro	archive/gen1-2015-2018/YACC1-BACKUP/PCB-PRODUCTION/ALU-PROD-V1.0/alu4.pro
YACCS-OLD/YACC1-BACKUP/PCB-PRODUCTION/ALU-PROD-V1.0/alu4.sch	archive/gen1-2015-2018/YACC1A1/PRODUCTION/ALU-PROD-V1.0/alu4.sch	archive/gen1-2015-2018/YACC1-BACKUP/PCB-PRODUCTION/ALU-PROD-V1.0/alu4.sch
YACCS-OLD/YACC1-BACKUP/PCB-PRODUCTION/ALU-PROD-V1.0/gerbers.zip	archive/gen1-2015-2018/YACC1A1/PRODUCTION/ALU-PROD-V1.0/gerbers.zip	archive/gen1-2015-2018/YACC1-BACKUP/PCB-PRODUCTION/ALU-PROD-V1.0/gerbers.zip
YACCS-OLD/YACC1-BACKUP/PCB-PRODUCTION/ALU-PROD-V1.0/gerbers/alu4.cmp	hardware/cards/alu/eagle/deprecated/v3.0-2layer/fab/gerbers 2 layers no outline/alu4.cmp	archive/gen1-2015-2018/YACC1-BACKUP/PCB-PRODUCTION/ALU-PROD-V1.0/gerbers/alu4.cmp
YACCS-OLD/YACC1-BACKUP/PCB-PRODUCTION/ALU-PROD-V1.0/gerbers/alu4.drd	hardware/cards/alu/eagle/deprecated/v3.0-2layer/fab/gerbers 2 layers no outline/alu4.drd	archive/gen1-2015-2018/YACC1-BACKUP/PCB-PRODUCTION/ALU-PROD-V1.0/gerbers/alu4.drd
YACCS-OLD/YACC1-BACKUP/PCB-PRODUCTION/ALU-PROD-V1.0/gerbers/alu4.dri	hardware/cards/alu/eagle/deprecated/v3.0-2layer/fab/gerbers 2 layers no outline/alu4.dri	archive/gen1-2015-2018/YACC1-BACKUP/PCB-PRODUCTION/ALU-PROD-V1.0/gerbers/alu4.dri
YACCS-OLD/YACC1-BACKUP/PCB-PRODUCTION/ALU-PROD-V1.0/gerbers/alu4.l15	archive/gen1-2015-2018/YACC1A1/PRODUCTION/ALU-PROD-V1.0/gerbers/alu4.l15	archive/gen1-2015-2018/YACC1-BACKUP/PCB-PRODUCTION/ALU-PROD-V1.0/gerbers/alu4.l15
YACCS-OLD/YACC1-BACKUP/PCB-PRODUCTION/ALU-PROD-V1.0/gerbers/alu4.ly2	archive/gen1-2015-2018/YACC1A1/PRODUCTION/ALU-PROD-V1.0/gerbers/alu4.ly2	archive/gen1-2015-2018/YACC1-BACKUP/PCB-PRODUCTION/ALU-PROD-V1.0/gerbers/alu4.ly2
YACCS-OLD/YACC1-BACKUP/PCB-PRODUCTION/ALU-PROD-V1.0/gerbers/alu4.plc	hardware/cards/alu/eagle/deprecated/v3.0-2layer/fab/gerbers 2 layers no outline/alu4.plc	archive/gen1-2015-2018/YACC1-BACKUP/PCB-PRODUCTION/ALU-PROD-V1.0/gerbers/alu4.plc
YACCS-OLD/YACC1-BACKUP/PCB-PRODUCTION/ALU-PROD-V1.0/gerbers/alu4.sol	hardware/cards/alu/eagle/deprecated/v3.0-2layer/fab/gerbers 2 layers no outline/alu4.sol	archive/gen1-2015-2018/YACC1-BACKUP/PCB-PRODUCTION/ALU-PROD-V1.0/gerbers/alu4.sol
YACCS-OLD/YACC1-BACKUP/PCB-PRODUCTION/ALU-PROD-V1.0/gerbers/alu4.stc	hardware/cards/alu/eagle/deprecated/v3.0-2layer/fab/gerbers 2 layers no outline/alu4.stc	archive/gen1-2015-2018/YACC1-BACKUP/PCB-PRODUCTION/ALU-PROD-V1.0/gerbers/alu4.stc
YACCS-OLD/YACC1-BACKUP/PCB-PRODUCTION/ALU-PROD-V1.0/gerbers/alu4.sts	hardware/cards/alu/eagle/deprecated/v3.0-2layer/fab/gerbers 2 layers no outline/alu4.stc	archive/gen1-2015-2018/YACC1-BACKUP/PCB-PRODUCTION/ALU-PROD-V1.0/gerbers/alu4.sts
YACCS-OLD/YACC1-BACKUP/PCB-PRODUCTION/BUS-PROD-V1.1/gerbers.zip	hardware/bus/backplane/eagle/deprecated/v1.1/fab/gerbers.zip	archive/gen1-2015-2018/YACC1-BACKUP/PCB-PRODUCTION/BUS-PROD-V1.1/gerbers.zip
YACCS-OLD/YACC1-BACKUP/PCB-PRODUCTION/BUS-PROD-V1.1/yacc2buss.brd	hardware/bus/backplane/eagle/deprecated/v1.1/yacc2buss.brd	archive/gen1-2015-2018/YACC1-BACKUP/PCB-PRODUCTION/BUS-PROD-V1.1/yacc2buss.brd
YACCS-OLD/YACC1-BACKUP/PCB-PRODUCTION/BUS-PROD-V1.1/yacc2buss.dri	hardware/bus/backplane/eagle/deprecated/v1.1/fab/yacc2buss.dri	archive/gen1-2015-2018/YACC1-BACKUP/PCB-PRODUCTION/BUS-PROD-V1.1/yacc2buss.dri
YACCS-OLD/YACC1-BACKUP/PCB-PRODUCTION/BUS-PROD-V1.1/yacc2buss.gpi	hardware/bus/backplane/eagle/deprecated/v1.1/fab/yacc2buss.gpi	archive/gen1-2015-2018/YACC1-BACKUP/PCB-PRODUCTION/BUS-PROD-V1.1/yacc2buss.gpi
YACCS-OLD/YACC1-BACKUP/PCB-PRODUCTION/BUS-PROD-V1.1/yacc2buss.pro	hardware/bus/backplane/eagle/deprecated/v1.1/yacc2buss.pro	archive/gen1-2015-2018/YACC1-BACKUP/PCB-PRODUCTION/BUS-PROD-V1.1/yacc2buss.pro
YACCS-OLD/YACC1-BACKUP/PCB-PRODUCTION/BUS-PROD-V1.1/yacc2buss.sch	hardware/bus/backplane/eagle/deprecated/v1.1/yacc2buss.sch	archive/gen1-2015-2018/YACC1-BACKUP/PCB-PRODUCTION/BUS-PROD-V1.1/yacc2buss.sch
YACCS-OLD/YACC1-BACKUP/PCB-PRODUCTION/PROTOCARD-PROD-V1.0/ProtoCard-Prod-V1.0.brd	hardware/cards/protocard/eagle/v1.0/ProtoCard-Prod-V1.0.brd	archive/gen1-2015-2018/YACC1-BACKUP/PCB-PRODUCTION/PROTOCARD-PROD-V1.0/ProtoCard-Prod-V1.0.brd
YACCS-OLD/YACC1-BACKUP/PCB-PRODUCTION/PROTOCARD-PROD-V1.0/ProtoCard-Prod-V1.0.dri	hardware/cards/protocard/eagle/v1.0/fab/ProtoCard-Prod-V1.0.dri	archive/gen1-2015-2018/YACC1-BACKUP/PCB-PRODUCTION/PROTOCARD-PROD-V1.0/ProtoCard-Prod-V1.0.dri
YACCS-OLD/YACC1-BACKUP/PCB-PRODUCTION/PROTOCARD-PROD-V1.0/ProtoCard-Prod-V1.0.gpi	hardware/cards/protocard/eagle/v1.0/fab/ProtoCard-Prod-V1.0.gpi	archive/gen1-2015-2018/YACC1-BACKUP/PCB-PRODUCTION/PROTOCARD-PROD-V1.0/ProtoCard-Prod-V1.0.gpi
YACCS-OLD/YACC1-BACKUP/PCB-PRODUCTION/PROTOCARD-PROD-V1.0/ProtoCard-Prod-V1.0.pro	hardware/cards/protocard/eagle/v1.0/ProtoCard-Prod-V1.0.pro	archive/gen1-2015-2018/YACC1-BACKUP/PCB-PRODUCTION/PROTOCARD-PROD-V1.0/ProtoCard-Prod-V1.0.pro
YACCS-OLD/YACC1-BACKUP/PCB-PRODUCTION/PROTOCARD-PROD-V1.0/ProtoCard-Prod-V1.0.sch	hardware/cards/protocard/eagle/v1.0/ProtoCard-Prod-V1.0.sch	archive/gen1-2015-2018/YACC1-BACKUP/PCB-PRODUCTION/PROTOCARD-PROD-V1.0/ProtoCard-Prod-V1.0.sch
YACCS-OLD/YACC1-BACKUP/PCB-PRODUCTION/PROTOCARD-PROD-V1.0/gerbers.zip	hardware/cards/protocard/eagle/v1.0/fab/gerbers.zip	archive/gen1-2015-2018/YACC1-BACKUP/PCB-PRODUCTION/PROTOCARD-PROD-V1.0/gerbers.zip
YACCS-OLD/YACC1-BACKUP/PCB-PRODUCTION/REGISTER-PROD-V1.2/MODS/MODS .rtf	archive/gen1-2015-2018/YACC1A/PCB-PRODUCTION/REGISTER-PROD-V1.2/MODS/MODS .rtf	archive/gen1-2015-2018/YACC1-BACKUP/PCB-PRODUCTION/REGISTER-PROD-V1.2/MODS/MODS .rtf
YACCS-OLD/YACC1-BACKUP/PCB-PRODUCTION/REGISTER-PROD-V1.2/MODS/gerbers.zip	archive/gen1-2015-2018/YACC1A1/PRODUCTION/REGISTER-PROD-V1.2/MODS/gerbers.zip	archive/gen1-2015-2018/YACC1-BACKUP/PCB-PRODUCTION/REGISTER-PROD-V1.2/MODS/gerbers.zip
YACCS-OLD/YACC1-BACKUP/PCB-PRODUCTION/REGISTER-PROD-V1.2/MODS/gerbers/reg-board.cmp	archive/gen1-2015-2018/YACC1A1/PRODUCTION/REGISTER-PROD-V1.2/MODS/gerbers/reg-board.cmp	archive/gen1-2015-2018/YACC1-BACKUP/PCB-PRODUCTION/REGISTER-PROD-V1.2/MODS/gerbers/reg-board.cmp
YACCS-OLD/YACC1-BACKUP/PCB-PRODUCTION/REGISTER-PROD-V1.2/MODS/gerbers/reg-board.drd	archive/gen1-2015-2018/YACC1A1/PRODUCTION/REGISTER-PROD-V1.2/MODS/gerbers/reg-board.drd	archive/gen1-2015-2018/YACC1-BACKUP/PCB-PRODUCTION/REGISTER-PROD-V1.2/MODS/gerbers/reg-board.drd
YACCS-OLD/YACC1-BACKUP/PCB-PRODUCTION/REGISTER-PROD-V1.2/MODS/gerbers/reg-board.plc	archive/gen1-2015-2018/YACC1A1/PRODUCTION/REGISTER-PROD-V1.2/MODS/gerbers/reg-board.plc	archive/gen1-2015-2018/YACC1-BACKUP/PCB-PRODUCTION/REGISTER-PROD-V1.2/MODS/gerbers/reg-board.plc
YACCS-OLD/YACC1-BACKUP/PCB-PRODUCTION/REGISTER-PROD-V1.2/MODS/gerbers/reg-board.sol	archive/gen1-2015-2018/YACC1A1/PRODUCTION/REGISTER-PROD-V1.2/MODS/gerbers/reg-board.sol	archive/gen1-2015-2018/YACC1-BACKUP/PCB-PRODUCTION/REGISTER-PROD-V1.2/MODS/gerbers/reg-board.sol
YACCS-OLD/YACC1-BACKUP/PCB-PRODUCTION/REGISTER-PROD-V1.2/MODS/gerbers/reg-board.stc	archive/gen1-2015-2018/YACC1A1/PRODUCTION/REGISTER-PROD-V1.2/MODS/gerbers/reg-board.stc	archive/gen1-2015-2018/YACC1-BACKUP/PCB-PRODUCTION/REGISTER-PROD-V1.2/MODS/gerbers/reg-board.stc
YACCS-OLD/YACC1-BACKUP/PCB-PRODUCTION/REGISTER-PROD-V1.2/MODS/gerbers/reg-board.sts	archive/gen1-2015-2018/YACC1A1/PRODUCTION/REGISTER-PROD-V1.2/MODS/gerbers/reg-board.stc	archive/gen1-2015-2018/YACC1-BACKUP/PCB-PRODUCTION/REGISTER-PROD-V1.2/MODS/gerbers/reg-board.sts
YACCS-OLD/YACC1-BACKUP/PCB-PRODUCTION/REGISTER-PROD-V1.2/MODS/reg-board-1.brd	archive/gen1-2015-2018/YACC1A/PCB-PRODUCTION/REGISTER-PROD-V1.2/MODS/reg-board-1.brd	archive/gen1-2015-2018/YACC1-BACKUP/PCB-PRODUCTION/REGISTER-PROD-V1.2/MODS/reg-board-1.brd
YACCS-OLD/YACC1-BACKUP/PCB-PRODUCTION/REGISTER-PROD-V1.2/MODS/reg-board-1.sch	archive/gen1-2015-2018/YACC1A/PCB-PRODUCTION/REGISTER-PROD-V1.2/MODS/reg-board-1.sch	archive/gen1-2015-2018/YACC1-BACKUP/PCB-PRODUCTION/REGISTER-PROD-V1.2/MODS/reg-board-1.sch
YACCS-OLD/YACC1-BACKUP/PCB-PRODUCTION/REGISTER-PROD-V1.2/MODS/reg-board.brd	archive/gen1-2015-2018/YACC1A1/PRODUCTION/REGISTER-PROD-V1.2/MODS/reg-board.brd	archive/gen1-2015-2018/YACC1-BACKUP/PCB-PRODUCTION/REGISTER-PROD-V1.2/MODS/reg-board.brd
YACCS-OLD/YACC1-BACKUP/PCB-PRODUCTION/REGISTER-PROD-V1.2/MODS/reg-board.dri	archive/gen1-2015-2018/YACC1A1/PRODUCTION/REGISTER-PROD-V1.2/MODS/reg-board.dri	archive/gen1-2015-2018/YACC1-BACKUP/PCB-PRODUCTION/REGISTER-PROD-V1.2/MODS/reg-board.dri
YACCS-OLD/YACC1-BACKUP/PCB-PRODUCTION/REGISTER-PROD-V1.2/MODS/reg-board.gpi	archive/gen1-2015-2018/YACC1A1/PRODUCTION/REGISTER-PROD-V1.2/MODS/reg-board.gpi	archive/gen1-2015-2018/YACC1-BACKUP/PCB-PRODUCTION/REGISTER-PROD-V1.2/MODS/reg-board.gpi
YACCS-OLD/YACC1-BACKUP/PCB-PRODUCTION/REGISTER-PROD-V1.2/MODS/reg-board.pro	archive/gen1-2015-2018/YACC1A1/PRODUCTION/REGISTER-PROD-V1.2/MODS/reg-board.pro	archive/gen1-2015-2018/YACC1-BACKUP/PCB-PRODUCTION/REGISTER-PROD-V1.2/MODS/reg-board.pro
YACCS-OLD/YACC1-BACKUP/PCB-PRODUCTION/REGISTER-PROD-V1.2/MODS/reg-board.sch	archive/gen1-2015-2018/YACC1A1/PRODUCTION/REGISTER-PROD-V1.2/MODS/reg-board.sch	archive/gen1-2015-2018/YACC1-BACKUP/PCB-PRODUCTION/REGISTER-PROD-V1.2/MODS/reg-board.sch
YACCS-OLD/YACC1-BACKUP/PCB-PRODUCTION/REGISTER-PROD-V1.2/MODS/regsimple test.circ	archive/gen1-2015-2018/YACC1A1/Old/4 reg no inc-dec-PROD-V1.1/regsimple test.circ	archive/gen1-2015-2018/YACC1-BACKUP/PCB-PRODUCTION/REGISTER-PROD-V1.2/MODS/regsimple test.circ
YACCS-OLD/YACC1-BACKUP/PCB-PRODUCTION/REGISTER-PROD-V1.2/gerbers.zip	archive/gen1-2015-2018/YACC1A1/PRODUCTION/REGISTER-PROD-V1.2/MODS/gerbers.zip	archive/gen1-2015-2018/YACC1-BACKUP/PCB-PRODUCTION/REGISTER-PROD-V1.2/gerbers.zip
YACCS-OLD/YACC1-BACKUP/PCB-PRODUCTION/REGISTER-PROD-V1.2/gerbers/reg-board.cmp	archive/gen1-2015-2018/YACC1A1/PRODUCTION/REGISTER-PROD-V1.2/MODS/gerbers/reg-board.cmp	archive/gen1-2015-2018/YACC1-BACKUP/PCB-PRODUCTION/REGISTER-PROD-V1.2/gerbers/reg-board.cmp
YACCS-OLD/YACC1-BACKUP/PCB-PRODUCTION/REGISTER-PROD-V1.2/gerbers/reg-board.drd	archive/gen1-2015-2018/YACC1A1/PRODUCTION/REGISTER-PROD-V1.2/MODS/gerbers/reg-board.drd	archive/gen1-2015-2018/YACC1-BACKUP/PCB-PRODUCTION/REGISTER-PROD-V1.2/gerbers/reg-board.drd
YACCS-OLD/YACC1-BACKUP/PCB-PRODUCTION/REGISTER-PROD-V1.2/gerbers/reg-board.plc	archive/gen1-2015-2018/YACC1A1/PRODUCTION/REGISTER-PROD-V1.2/MODS/gerbers/reg-board.plc	archive/gen1-2015-2018/YACC1-BACKUP/PCB-PRODUCTION/REGISTER-PROD-V1.2/gerbers/reg-board.plc
YACCS-OLD/YACC1-BACKUP/PCB-PRODUCTION/REGISTER-PROD-V1.2/gerbers/reg-board.sol	archive/gen1-2015-2018/YACC1A1/PRODUCTION/REGISTER-PROD-V1.2/MODS/gerbers/reg-board.sol	archive/gen1-2015-2018/YACC1-BACKUP/PCB-PRODUCTION/REGISTER-PROD-V1.2/gerbers/reg-board.sol
YACCS-OLD/YACC1-BACKUP/PCB-PRODUCTION/REGISTER-PROD-V1.2/gerbers/reg-board.stc	archive/gen1-2015-2018/YACC1A1/PRODUCTION/REGISTER-PROD-V1.2/MODS/gerbers/reg-board.stc	archive/gen1-2015-2018/YACC1-BACKUP/PCB-PRODUCTION/REGISTER-PROD-V1.2/gerbers/reg-board.stc
YACCS-OLD/YACC1-BACKUP/PCB-PRODUCTION/REGISTER-PROD-V1.2/gerbers/reg-board.sts	archive/gen1-2015-2018/YACC1A1/PRODUCTION/REGISTER-PROD-V1.2/MODS/gerbers/reg-board.stc	archive/gen1-2015-2018/YACC1-BACKUP/PCB-PRODUCTION/REGISTER-PROD-V1.2/gerbers/reg-board.sts
YACCS-OLD/YACC1-BACKUP/PCB-PRODUCTION/REGISTER-PROD-V1.2/reg-board.brd	archive/gen1-2015-2018/YACC1A1/PRODUCTION/REGISTER-PROD-V1.2/reg-board.brd	archive/gen1-2015-2018/YACC1-BACKUP/PCB-PRODUCTION/REGISTER-PROD-V1.2/reg-board.brd
YACCS-OLD/YACC1-BACKUP/PCB-PRODUCTION/REGISTER-PROD-V1.2/reg-board.dri	archive/gen1-2015-2018/YACC1A1/PRODUCTION/REGISTER-PROD-V1.2/MODS/reg-board.dri	archive/gen1-2015-2018/YACC1-BACKUP/PCB-PRODUCTION/REGISTER-PROD-V1.2/reg-board.dri
YACCS-OLD/YACC1-BACKUP/PCB-PRODUCTION/REGISTER-PROD-V1.2/reg-board.gpi	archive/gen1-2015-2018/YACC1A1/PRODUCTION/REGISTER-PROD-V1.2/MODS/reg-board.gpi	archive/gen1-2015-2018/YACC1-BACKUP/PCB-PRODUCTION/REGISTER-PROD-V1.2/reg-board.gpi
YACCS-OLD/YACC1-BACKUP/PCB-PRODUCTION/REGISTER-PROD-V1.2/reg-board.pro	archive/gen1-2015-2018/YACC1A1/PRODUCTION/REGISTER-PROD-V1.2/reg-board.pro	archive/gen1-2015-2018/YACC1-BACKUP/PCB-PRODUCTION/REGISTER-PROD-V1.2/reg-board.pro
YACCS-OLD/YACC1-BACKUP/PCB-PRODUCTION/REGISTER-PROD-V1.2/reg-board.sch	archive/gen1-2015-2018/YACC1A1/PRODUCTION/REGISTER-PROD-V1.2/reg-board.sch	archive/gen1-2015-2018/YACC1-BACKUP/PCB-PRODUCTION/REGISTER-PROD-V1.2/reg-board.sch
YACCS-OLD/YACC1-BACKUP/PCB-PRODUCTION/REGISTER-PROD-V1.2/regsimple test.circ	archive/gen1-2015-2018/YACC1A1/Old/4 reg no inc-dec-PROD-V1.1/regsimple test.circ	archive/gen1-2015-2018/YACC1-BACKUP/PCB-PRODUCTION/REGISTER-PROD-V1.2/regsimple test.circ
YACCS-OLD/YACC1-BACKUP/PCB-PRODUCTION/SEQUENCER-PROD-V1.0/LOGIC-V1.0/Sequencer-Logic-Prod-V1.0-1_03.job	archive/gen1-2015-2018/YACC1A1/PRODUCTION/SEQUENCER-LOGIC-V1.0/Sequencer-Logic-Prod-V1.0-1_03.job	archive/gen1-2015-2018/YACC1-BACKUP/PCB-PRODUCTION/SEQUENCER-PROD-V1.0/LOGIC-V1.0/Sequencer-Logic-Prod-V1.0-1_03.job
YACCS-OLD/YACC1-BACKUP/PCB-PRODUCTION/SEQUENCER-PROD-V1.0/LOGIC-V1.0/Sequencer-Logic-Prod-V1.0-3.brd	archive/gen1-2015-2018/YACC1A1/PRODUCTION/SEQUENCER-LOGIC-V1.0/Sequencer-Logic-Prod-V1.0-3.brd	archive/gen1-2015-2018/YACC1-BACKUP/PCB-PRODUCTION/SEQUENCER-PROD-V1.0/LOGIC-V1.0/Sequencer-Logic-Prod-V1.0-3.brd
YACCS-OLD/YACC1-BACKUP/PCB-PRODUCTION/SEQUENCER-PROD-V1.0/LOGIC-V1.0/Sequencer-Logic-Prod-V1.0-3.pdf	archive/gen1-2015-2018/YACC1A/PCB-PRODUCTION/SEQUENCER-PROD-V1.0/LOGIC-V1.0/Sequencer-Logic-Prod-V1.0-3.pdf	archive/gen1-2015-2018/YACC1-BACKUP/PCB-PRODUCTION/SEQUENCER-PROD-V1.0/LOGIC-V1.0/Sequencer-Logic-Prod-V1.0-3.pdf
YACCS-OLD/YACC1-BACKUP/PCB-PRODUCTION/SEQUENCER-PROD-V1.0/LOGIC-V1.0/Sequencer-Logic-Prod-V1.0-3.pro	archive/gen1-2015-2018/YACC1A1/PRODUCTION/SEQUENCER-LOGIC-V1.0/Sequencer-Logic-Prod-V1.0-3.pro	archive/gen1-2015-2018/YACC1-BACKUP/PCB-PRODUCTION/SEQUENCER-PROD-V1.0/LOGIC-V1.0/Sequencer-Logic-Prod-V1.0-3.pro
YACCS-OLD/YACC1-BACKUP/PCB-PRODUCTION/SEQUENCER-PROD-V1.0/LOGIC-V1.0/Sequencer-Logic-Prod-V1.0-3.sch	archive/gen1-2015-2018/YACC1A1/PRODUCTION/SEQUENCER-LOGIC-V1.0/Sequencer-Logic-Prod-V1.0-3.sch	archive/gen1-2015-2018/YACC1-BACKUP/PCB-PRODUCTION/SEQUENCER-PROD-V1.0/LOGIC-V1.0/Sequencer-Logic-Prod-V1.0-3.sch
YACCS-OLD/YACC1-BACKUP/PCB-PRODUCTION/SEQUENCER-PROD-V1.0/LOGIC-V1.0/gerbers.zip	archive/gen1-2015-2018/YACC1A1/PRODUCTION/SEQUENCER-LOGIC-V1.0/gerbers.zip	archive/gen1-2015-2018/YACC1-BACKUP/PCB-PRODUCTION/SEQUENCER-PROD-V1.0/LOGIC-V1.0/gerbers.zip
YACCS-OLD/YACC1-BACKUP/PCB-PRODUCTION/SEQUENCER-PROD-V1.0/LOGIC-V1.0/gerbers/Sequencer-Logic-Prod-V1.0-3.cmp	archive/gen1-2015-2018/YACC1A1/PRODUCTION/SEQUENCER-LOGIC-V1.0/gerbers/Sequencer-Logic-Prod-V1.0-3.cmp	archive/gen1-2015-2018/YACC1-BACKUP/PCB-PRODUCTION/SEQUENCER-PROD-V1.0/LOGIC-V1.0/gerbers/Sequencer-Logic-Prod-V1.0-3.cmp
YACCS-OLD/YACC1-BACKUP/PCB-PRODUCTION/SEQUENCER-PROD-V1.0/LOGIC-V1.0/gerbers/Sequencer-Logic-Prod-V1.0-3.drd	archive/gen1-2015-2018/YACC1A1/PRODUCTION/SEQUENCER-LOGIC-V1.0/gerbers/Sequencer-Logic-Prod-V1.0-3.drd	archive/gen1-2015-2018/YACC1-BACKUP/PCB-PRODUCTION/SEQUENCER-PROD-V1.0/LOGIC-V1.0/gerbers/Sequencer-Logic-Prod-V1.0-3.drd
YACCS-OLD/YACC1-BACKUP/PCB-PRODUCTION/SEQUENCER-PROD-V1.0/LOGIC-V1.0/gerbers/Sequencer-Logic-Prod-V1.0-3.dri	archive/gen1-2015-2018/YACC1A1/PRODUCTION/SEQUENCER-LOGIC-V1.0/gerbers/Sequencer-Logic-Prod-V1.0-3.dri	archive/gen1-2015-2018/YACC1-BACKUP/PCB-PRODUCTION/SEQUENCER-PROD-V1.0/LOGIC-V1.0/gerbers/Sequencer-Logic-Prod-V1.0-3.dri
YACCS-OLD/YACC1-BACKUP/PCB-PRODUCTION/SEQUENCER-PROD-V1.0/LOGIC-V1.0/gerbers/Sequencer-Logic-Prod-V1.0-3.l15	archive/gen1-2015-2018/YACC1A1/PRODUCTION/SEQUENCER-LOGIC-V1.0/gerbers/Sequencer-Logic-Prod-V1.0-3.l15	archive/gen1-2015-2018/YACC1-BACKUP/PCB-PRODUCTION/SEQUENCER-PROD-V1.0/LOGIC-V1.0/gerbers/Sequencer-Logic-Prod-V1.0-3.l15
YACCS-OLD/YACC1-BACKUP/PCB-PRODUCTION/SEQUENCER-PROD-V1.0/LOGIC-V1.0/gerbers/Sequencer-Logic-Prod-V1.0-3.ly2	archive/gen1-2015-2018/YACC1A1/PRODUCTION/SEQUENCER-LOGIC-V1.0/gerbers/Sequencer-Logic-Prod-V1.0-3.ly2	archive/gen1-2015-2018/YACC1-BACKUP/PCB-PRODUCTION/SEQUENCER-PROD-V1.0/LOGIC-V1.0/gerbers/Sequencer-Logic-Prod-V1.0-3.ly2
YACCS-OLD/YACC1-BACKUP/PCB-PRODUCTION/SEQUENCER-PROD-V1.0/LOGIC-V1.0/gerbers/Sequencer-Logic-Prod-V1.0-3.plc	archive/gen1-2015-2018/YACC1A1/PRODUCTION/SEQUENCER-LOGIC-V1.0/gerbers/Sequencer-Logic-Prod-V1.0-3.plc	archive/gen1-2015-2018/YACC1-BACKUP/PCB-PRODUCTION/SEQUENCER-PROD-V1.0/LOGIC-V1.0/gerbers/Sequencer-Logic-Prod-V1.0-3.plc
YACCS-OLD/YACC1-BACKUP/PCB-PRODUCTION/SEQUENCER-PROD-V1.0/LOGIC-V1.0/gerbers/Sequencer-Logic-Prod-V1.0-3.sol	archive/gen1-2015-2018/YACC1A1/PRODUCTION/SEQUENCER-LOGIC-V1.0/gerbers/Sequencer-Logic-Prod-V1.0-3.sol	archive/gen1-2015-2018/YACC1-BACKUP/PCB-PRODUCTION/SEQUENCER-PROD-V1.0/LOGIC-V1.0/gerbers/Sequencer-Logic-Prod-V1.0-3.sol
YACCS-OLD/YACC1-BACKUP/PCB-PRODUCTION/SEQUENCER-PROD-V1.0/LOGIC-V1.0/gerbers/Sequencer-Logic-Prod-V1.0-3.stc	archive/gen1-2015-2018/YACC1A1/PRODUCTION/SEQUENCER-LOGIC-V1.0/gerbers/Sequencer-Logic-Prod-V1.0-3.stc	archive/gen1-2015-2018/YACC1-BACKUP/PCB-PRODUCTION/SEQUENCER-PROD-V1.0/LOGIC-V1.0/gerbers/Sequencer-Logic-Prod-V1.0-3.stc
YACCS-OLD/YACC1-BACKUP/PCB-PRODUCTION/SEQUENCER-PROD-V1.0/LOGIC-V1.0/gerbers/Sequencer-Logic-Prod-V1.0-3.sts	archive/gen1-2015-2018/YACC1A1/PRODUCTION/SEQUENCER-LOGIC-V1.0/gerbers/Sequencer-Logic-Prod-V1.0-3.sts	archive/gen1-2015-2018/YACC1-BACKUP/PCB-PRODUCTION/SEQUENCER-PROD-V1.0/LOGIC-V1.0/gerbers/Sequencer-Logic-Prod-V1.0-3.sts
YACCS-OLD/YACC1-BACKUP/PCB-PRODUCTION/SEQUENCER-PROD-V1.0/MEMORY-V1.0/new - bus 1.21/Sequencer-Memory-V1.0-3.brd	archive/gen1-2015-2018/YACC1A1/PRODUCTION/SEQUENCER-MEMORY-Prod-V1.0/new - bus 1.21/Sequencer-Memory-V1.0-3.brd	archive/gen1-2015-2018/YACC1-BACKUP/PCB-PRODUCTION/SEQUENCER-PROD-V1.0/MEMORY-V1.0/new - bus 1.21/Sequencer-Memory-V1.0-3.brd
YACCS-OLD/YACC1-BACKUP/PCB-PRODUCTION/SEQUENCER-PROD-V1.0/MEMORY-V1.0/new - bus 1.21/Sequencer-Memory-V1.0-3.dri	archive/gen1-2015-2018/YACC1A1/PRODUCTION/SEQUENCER-MEMORY-Prod-V1.0/new - bus 1.21/Sequencer-Memory-V1.0-3.dri	archive/gen1-2015-2018/YACC1-BACKUP/PCB-PRODUCTION/SEQUENCER-PROD-V1.0/MEMORY-V1.0/new - bus 1.21/Sequencer-Memory-V1.0-3.dri
YACCS-OLD/YACC1-BACKUP/PCB-PRODUCTION/SEQUENCER-PROD-V1.0/MEMORY-V1.0/new - bus 1.21/Sequencer-Memory-V1.0-3.gpi	archive/gen1-2015-2018/YACC1A1/PRODUCTION/SEQUENCER-MEMORY-Prod-V1.0/new - bus 1.21/Sequencer-Memory-V1.0-3.gpi	archive/gen1-2015-2018/YACC1-BACKUP/PCB-PRODUCTION/SEQUENCER-PROD-V1.0/MEMORY-V1.0/new - bus 1.21/Sequencer-Memory-V1.0-3.gpi
YACCS-OLD/YACC1-BACKUP/PCB-PRODUCTION/SEQUENCER-PROD-V1.0/MEMORY-V1.0/new - bus 1.21/Sequencer-Memory-V1.0-3.pro	archive/gen1-2015-2018/YACC1A1/PRODUCTION/SEQUENCER-MEMORY-Prod-V1.0/new - bus 1.21/Sequencer-Memory-V1.0-3.pro	archive/gen1-2015-2018/YACC1-BACKUP/PCB-PRODUCTION/SEQUENCER-PROD-V1.0/MEMORY-V1.0/new - bus 1.21/Sequencer-Memory-V1.0-3.pro
YACCS-OLD/YACC1-BACKUP/PCB-PRODUCTION/SEQUENCER-PROD-V1.0/MEMORY-V1.0/new - bus 1.21/Sequencer-Memory-V1.0-3.sch	archive/gen1-2015-2018/YACC1A1/PRODUCTION/SEQUENCER-MEMORY-Prod-V1.0/new - bus 1.21/Sequencer-Memory-V1.0-3.sch	archive/gen1-2015-2018/YACC1-BACKUP/PCB-PRODUCTION/SEQUENCER-PROD-V1.0/MEMORY-V1.0/new - bus 1.21/Sequencer-Memory-V1.0-3.sch
YACCS-OLD/YACC1-BACKUP/PCB-PRODUCTION/SEQUENCER-PROD-V1.0/MEMORY-V1.0/new - bus 1.21/gerbers.zip	archive/gen1-2015-2018/YACC1A1/PRODUCTION/SEQUENCER-MEMORY-Prod-V1.0/new - bus 1.21/gerbers.zip	archive/gen1-2015-2018/YACC1-BACKUP/PCB-PRODUCTION/SEQUENCER-PROD-V1.0/MEMORY-V1.0/new - bus 1.21/gerbers.zip
YACCS-OLD/YACC1-BACKUP/PCB-PRODUCTION/SEQUENCER-PROD-V1.0/MEMORY-V1.0/new - bus 1.21/gerbers/Sequencer-Memory-V1.0-3.cmp	archive/gen1-2015-2018/YACC1A1/PRODUCTION/SEQUENCER-MEMORY-Prod-V1.0/new - bus 1.21/gerbers/Sequencer-Memory-V1.0-3.cmp	archive/gen1-2015-2018/YACC1-BACKUP/PCB-PRODUCTION/SEQUENCER-PROD-V1.0/MEMORY-V1.0/new - bus 1.21/gerbers/Sequencer-Memory-V1.0-3.cmp
YACCS-OLD/YACC1-BACKUP/PCB-PRODUCTION/SEQUENCER-PROD-V1.0/MEMORY-V1.0/new - bus 1.21/gerbers/Sequencer-Memory-V1.0-3.drd	archive/gen1-2015-2018/YACC1A1/PRODUCTION/SEQUENCER-MEMORY-Prod-V1.0/new - bus 1.21/gerbers/Sequencer-Memory-V1.0-3.drd	archive/gen1-2015-2018/YACC1-BACKUP/PCB-PRODUCTION/SEQUENCER-PROD-V1.0/MEMORY-V1.0/new - bus 1.21/gerbers/Sequencer-Memory-V1.0-3.drd
YACCS-OLD/YACC1-BACKUP/PCB-PRODUCTION/SEQUENCER-PROD-V1.0/MEMORY-V1.0/new - bus 1.21/gerbers/Sequencer-Memory-V1.0-3.plc	archive/gen1-2015-2018/YACC1A1/PRODUCTION/SEQUENCER-MEMORY-Prod-V1.0/new - bus 1.21/gerbers/Sequencer-Memory-V1.0-3.plc	archive/gen1-2015-2018/YACC1-BACKUP/PCB-PRODUCTION/SEQUENCER-PROD-V1.0/MEMORY-V1.0/new - bus 1.21/gerbers/Sequencer-Memory-V1.0-3.plc
YACCS-OLD/YACC1-BACKUP/PCB-PRODUCTION/SEQUENCER-PROD-V1.0/MEMORY-V1.0/new - bus 1.21/gerbers/Sequencer-Memory-V1.0-3.sol	archive/gen1-2015-2018/YACC1A1/PRODUCTION/SEQUENCER-MEMORY-Prod-V1.0/new - bus 1.21/gerbers/Sequencer-Memory-V1.0-3.sol	archive/gen1-2015-2018/YACC1-BACKUP/PCB-PRODUCTION/SEQUENCER-PROD-V1.0/MEMORY-V1.0/new - bus 1.21/gerbers/Sequencer-Memory-V1.0-3.sol
YACCS-OLD/YACC1-BACKUP/PCB-PRODUCTION/SEQUENCER-PROD-V1.0/MEMORY-V1.0/new - bus 1.21/gerbers/Sequencer-Memory-V1.0-3.stc	archive/gen1-2015-2018/YACC1A1/PRODUCTION/SEQUENCER-MEMORY-Prod-V1.0/new - bus 1.21/gerbers/Sequencer-Memory-V1.0-3.stc	archive/gen1-2015-2018/YACC1-BACKUP/PCB-PRODUCTION/SEQUENCER-PROD-V1.0/MEMORY-V1.0/new - bus 1.21/gerbers/Sequencer-Memory-V1.0-3.stc
YACCS-OLD/YACC1-BACKUP/PCB-PRODUCTION/SEQUENCER-PROD-V1.0/MEMORY-V1.0/new - bus 1.21/gerbers/Sequencer-Memory-V1.0-3.sts	archive/gen1-2015-2018/YACC1A1/PRODUCTION/SEQUENCER-MEMORY-Prod-V1.0/new - bus 1.21/gerbers/Sequencer-Memory-V1.0-3.sts	archive/gen1-2015-2018/YACC1-BACKUP/PCB-PRODUCTION/SEQUENCER-PROD-V1.0/MEMORY-V1.0/new - bus 1.21/gerbers/Sequencer-Memory-V1.0-3.sts
YACCS-OLD/YACC1-BACKUP/PCB-PRODUCTION/SEQUENCER-PROD-V1.0/MEMORY-V1.0/new - bus 1.2?/Sequencer-Memory-V1.0-3.brd	archive/gen1-2015-2018/YACC1A1/PRODUCTION/SEQUENCER-MEMORY-Prod-V1.0/untitled folder/Sequencer-Memory-V1.0-3.brd	archive/gen1-2015-2018/YACC1-BACKUP/PCB-PRODUCTION/SEQUENCER-PROD-V1.0/MEMORY-V1.0/new - bus 1.2?/Sequencer-Memory-V1.0-3.brd
YACCS-OLD/YACC1-BACKUP/PCB-PRODUCTION/SEQUENCER-PROD-V1.0/MEMORY-V1.0/new - bus 1.2?/Sequencer-Memory-V1.0-3.dri	archive/gen1-2015-2018/YACC1A1/PRODUCTION/SEQUENCER-MEMORY-Prod-V1.0/new - bus 1.21/Sequencer-Memory-V1.0-3.dri	archive/gen1-2015-2018/YACC1-BACKUP/PCB-PRODUCTION/SEQUENCER-PROD-V1.0/MEMORY-V1.0/new - bus 1.2?/Sequencer-Memory-V1.0-3.dri
YACCS-OLD/YACC1-BACKUP/PCB-PRODUCTION/SEQUENCER-PROD-V1.0/MEMORY-V1.0/new - bus 1.2?/Sequencer-Memory-V1.0-3.gpi	archive/gen1-2015-2018/YACC1A1/PRODUCTION/SEQUENCER-MEMORY-Prod-V1.0/new - bus 1.21/Sequencer-Memory-V1.0-3.gpi	archive/gen1-2015-2018/YACC1-BACKUP/PCB-PRODUCTION/SEQUENCER-PROD-V1.0/MEMORY-V1.0/new - bus 1.2?/Sequencer-Memory-V1.0-3.gpi
YACCS-OLD/YACC1-BACKUP/PCB-PRODUCTION/SEQUENCER-PROD-V1.0/MEMORY-V1.0/new - bus 1.2?/Sequencer-Memory-V1.0-3.pdf	archive/gen1-2015-2018/YACC1A/PCB-PRODUCTION/SEQUENCER-PROD-V1.0/MEMORY-V1.0/new - bus 1.2?/Sequencer-Memory-V1.0-3.pdf	archive/gen1-2015-2018/YACC1-BACKUP/PCB-PRODUCTION/SEQUENCER-PROD-V1.0/MEMORY-V1.0/new - bus 1.2?/Sequencer-Memory-V1.0-3.pdf
YACCS-OLD/YACC1-BACKUP/PCB-PRODUCTION/SEQUENCER-PROD-V1.0/MEMORY-V1.0/new - bus 1.2?/Sequencer-Memory-V1.0-3.pro	archive/gen1-2015-2018/YACC1A1/PRODUCTION/SEQUENCER-MEMORY-Prod-V1.0/untitled folder/Sequencer-Memory-V1.0-3.pro	archive/gen1-2015-2018/YACC1-BACKUP/PCB-PRODUCTION/SEQUENCER-PROD-V1.0/MEMORY-V1.0/new - bus 1.2?/Sequencer-Memory-V1.0-3.pro
YACCS-OLD/YACC1-BACKUP/PCB-PRODUCTION/SEQUENCER-PROD-V1.0/MEMORY-V1.0/new - bus 1.2?/Sequencer-Memory-V1.0-3.sch	archive/gen1-2015-2018/YACC1A1/PRODUCTION/SEQUENCER-MEMORY-Prod-V1.0/untitled folder/Sequencer-Memory-V1.0-3.sch	archive/gen1-2015-2018/YACC1-BACKUP/PCB-PRODUCTION/SEQUENCER-PROD-V1.0/MEMORY-V1.0/new - bus 1.2?/Sequencer-Memory-V1.0-3.sch
YACCS-OLD/YACC1-BACKUP/PCB-PRODUCTION/SEQUENCER-PROD-V1.0/MEMORY-V1.0/new - bus 1.2?/gerbers.zip	archive/gen1-2015-2018/YACC1A1/PRODUCTION/SEQUENCER-MEMORY-Prod-V1.0/new - bus 1.21/gerbers.zip	archive/gen1-2015-2018/YACC1-BACKUP/PCB-PRODUCTION/SEQUENCER-PROD-V1.0/MEMORY-V1.0/new - bus 1.2?/gerbers.zip
YACCS-OLD/YACC1-BACKUP/PCB-PRODUCTION/SEQUENCER-PROD-V1.0/MEMORY-V1.0/new - bus 1.2?/gerbers/Sequencer-Memory-V1.0-3.cmp	archive/gen1-2015-2018/YACC1A1/PRODUCTION/SEQUENCER-MEMORY-Prod-V1.0/new - bus 1.21/gerbers/Sequencer-Memory-V1.0-3.cmp	archive/gen1-2015-2018/YACC1-BACKUP/PCB-PRODUCTION/SEQUENCER-PROD-V1.0/MEMORY-V1.0/new - bus 1.2?/gerbers/Sequencer-Memory-V1.0-3.cmp
YACCS-OLD/YACC1-BACKUP/PCB-PRODUCTION/SEQUENCER-PROD-V1.0/MEMORY-V1.0/new - bus 1.2?/gerbers/Sequencer-Memory-V1.0-3.drd	archive/gen1-2015-2018/YACC1A1/PRODUCTION/SEQUENCER-MEMORY-Prod-V1.0/new - bus 1.21/gerbers/Sequencer-Memory-V1.0-3.drd	archive/gen1-2015-2018/YACC1-BACKUP/PCB-PRODUCTION/SEQUENCER-PROD-V1.0/MEMORY-V1.0/new - bus 1.2?/gerbers/Sequencer-Memory-V1.0-3.drd
YACCS-OLD/YACC1-BACKUP/PCB-PRODUCTION/SEQUENCER-PROD-V1.0/MEMORY-V1.0/new - bus 1.2?/gerbers/Sequencer-Memory-V1.0-3.plc	archive/gen1-2015-2018/YACC1A1/PRODUCTION/SEQUENCER-MEMORY-Prod-V1.0/new - bus 1.21/gerbers/Sequencer-Memory-V1.0-3.plc	archive/gen1-2015-2018/YACC1-BACKUP/PCB-PRODUCTION/SEQUENCER-PROD-V1.0/MEMORY-V1.0/new - bus 1.2?/gerbers/Sequencer-Memory-V1.0-3.plc
YACCS-OLD/YACC1-BACKUP/PCB-PRODUCTION/SEQUENCER-PROD-V1.0/MEMORY-V1.0/new - bus 1.2?/gerbers/Sequencer-Memory-V1.0-3.sol	archive/gen1-2015-2018/YACC1A1/PRODUCTION/SEQUENCER-MEMORY-Prod-V1.0/new - bus 1.21/gerbers/Sequencer-Memory-V1.0-3.sol	archive/gen1-2015-2018/YACC1-BACKUP/PCB-PRODUCTION/SEQUENCER-PROD-V1.0/MEMORY-V1.0/new - bus 1.2?/gerbers/Sequencer-Memory-V1.0-3.sol
YACCS-OLD/YACC1-BACKUP/PCB-PRODUCTION/SEQUENCER-PROD-V1.0/MEMORY-V1.0/new - bus 1.2?/gerbers/Sequencer-Memory-V1.0-3.stc	archive/gen1-2015-2018/YACC1A1/PRODUCTION/SEQUENCER-MEMORY-Prod-V1.0/new - bus 1.21/gerbers/Sequencer-Memory-V1.0-3.stc	archive/gen1-2015-2018/YACC1-BACKUP/PCB-PRODUCTION/SEQUENCER-PROD-V1.0/MEMORY-V1.0/new - bus 1.2?/gerbers/Sequencer-Memory-V1.0-3.stc
YACCS-OLD/YACC1-BACKUP/PCB-PRODUCTION/SEQUENCER-PROD-V1.0/MEMORY-V1.0/new - bus 1.2?/gerbers/Sequencer-Memory-V1.0-3.sts	archive/gen1-2015-2018/YACC1A1/PRODUCTION/SEQUENCER-MEMORY-Prod-V1.0/new - bus 1.21/gerbers/Sequencer-Memory-V1.0-3.sts	archive/gen1-2015-2018/YACC1-BACKUP/PCB-PRODUCTION/SEQUENCER-PROD-V1.0/MEMORY-V1.0/new - bus 1.2?/gerbers/Sequencer-Memory-V1.0-3.sts
YACCS-OLD/YACC1-BACKUP/PCB-PRODUCTION/SEQUENCER-PROD-V1.0/MEMORY-V1.0/orig - bus 1.20/Sequencer-Memory-V1.0-1.brd	archive/gen1-2015-2018/YACC1A1/PRODUCTION/SEQUENCER-MEMORY-Prod-V1.0/orig - bus 1.20/Sequencer-Memory-V1.0-1.brd	archive/gen1-2015-2018/YACC1-BACKUP/PCB-PRODUCTION/SEQUENCER-PROD-V1.0/MEMORY-V1.0/orig - bus 1.20/Sequencer-Memory-V1.0-1.brd
YACCS-OLD/YACC1-BACKUP/PCB-PRODUCTION/SEQUENCER-PROD-V1.0/MEMORY-V1.0/orig - bus 1.20/Sequencer-Memory-V1.0-1.pro	archive/gen1-2015-2018/YACC1A1/PRODUCTION/SEQUENCER-MEMORY-Prod-V1.0/orig - bus 1.20/Sequencer-Memory-V1.0-1.pro	archive/gen1-2015-2018/YACC1-BACKUP/PCB-PRODUCTION/SEQUENCER-PROD-V1.0/MEMORY-V1.0/orig - bus 1.20/Sequencer-Memory-V1.0-1.pro
YACCS-OLD/YACC1-BACKUP/PCB-PRODUCTION/SEQUENCER-PROD-V1.0/MEMORY-V1.0/orig - bus 1.20/Sequencer-Memory-V1.0-1.sch	archive/gen1-2015-2018/YACC1A1/PRODUCTION/SEQUENCER-MEMORY-Prod-V1.0/orig - bus 1.20/Sequencer-Memory-V1.0-1.sch	archive/gen1-2015-2018/YACC1-BACKUP/PCB-PRODUCTION/SEQUENCER-PROD-V1.0/MEMORY-V1.0/orig - bus 1.20/Sequencer-Memory-V1.0-1.sch
YACCS-OLD/YACC1-BACKUP/PCB-PRODUCTION/SEQUENCER-PROD-V1.0/MEMORY-V1.0/orig - bus 1.20/Sequencer-Memory-V1.0-2.brd	archive/gen1-2015-2018/YACC1A1/PRODUCTION/SEQUENCER-MEMORY-Prod-V1.0/orig - bus 1.20/Sequencer-Memory-V1.0-2.brd	archive/gen1-2015-2018/YACC1-BACKUP/PCB-PRODUCTION/SEQUENCER-PROD-V1.0/MEMORY-V1.0/orig - bus 1.20/Sequencer-Memory-V1.0-2.brd
YACCS-OLD/YACC1-BACKUP/PCB-PRODUCTION/SEQUENCER-PROD-V1.0/MEMORY-V1.0/orig - bus 1.20/Sequencer-Memory-V1.0-2.pro	archive/gen1-2015-2018/YACC1A1/PRODUCTION/SEQUENCER-MEMORY-Prod-V1.0/orig - bus 1.20/Sequencer-Memory-V1.0-2.pro	archive/gen1-2015-2018/YACC1-BACKUP/PCB-PRODUCTION/SEQUENCER-PROD-V1.0/MEMORY-V1.0/orig - bus 1.20/Sequencer-Memory-V1.0-2.pro
YACCS-OLD/YACC1-BACKUP/PCB-PRODUCTION/SEQUENCER-PROD-V1.0/MEMORY-V1.0/orig - bus 1.20/Sequencer-Memory-V1.0-2.sch	archive/gen1-2015-2018/YACC1A1/PRODUCTION/SEQUENCER-MEMORY-Prod-V1.0/orig - bus 1.20/Sequencer-Memory-V1.0-2.sch	archive/gen1-2015-2018/YACC1-BACKUP/PCB-PRODUCTION/SEQUENCER-PROD-V1.0/MEMORY-V1.0/orig - bus 1.20/Sequencer-Memory-V1.0-2.sch
YACCS-OLD/YACC1-BACKUP/PCB-PRODUCTION/SEQUENCER-PROD-V1.0/MEMORY-V1.0/orig - bus 1.20/Sequencer-Memory-V1.0-3 2.brd	archive/gen1-2015-2018/YACC1A1/PRODUCTION/SEQUENCER-MEMORY-Prod-V1.0/orig - bus 1.20/Sequencer-Memory-V1.0-3 2.brd	archive/gen1-2015-2018/YACC1-BACKUP/PCB-PRODUCTION/SEQUENCER-PROD-V1.0/MEMORY-V1.0/orig - bus 1.20/Sequencer-Memory-V1.0-3 2.brd
YACCS-OLD/YACC1-BACKUP/PCB-PRODUCTION/SEQUENCER-PROD-V1.0/MEMORY-V1.0/orig - bus 1.20/Sequencer-Memory-V1.0-3.brd	archive/gen1-2015-2018/YACC1A1/PRODUCTION/SEQUENCER-MEMORY-Prod-V1.0/orig - bus 1.20/Sequencer-Memory-V1.0-3.brd	archive/gen1-2015-2018/YACC1-BACKUP/PCB-PRODUCTION/SEQUENCER-PROD-V1.0/MEMORY-V1.0/orig - bus 1.20/Sequencer-Memory-V1.0-3.brd
YACCS-OLD/YACC1-BACKUP/PCB-PRODUCTION/SEQUENCER-PROD-V1.0/MEMORY-V1.0/orig - bus 1.20/Sequencer-Memory-V1.0-3.dri	archive/gen1-2015-2018/YACC1A1/PRODUCTION/SEQUENCER-MEMORY-Prod-V1.0/new - bus 1.21/Sequencer-Memory-V1.0-3.dri	archive/gen1-2015-2018/YACC1-BACKUP/PCB-PRODUCTION/SEQUENCER-PROD-V1.0/MEMORY-V1.0/orig - bus 1.20/Sequencer-Memory-V1.0-3.dri
YACCS-OLD/YACC1-BACKUP/PCB-PRODUCTION/SEQUENCER-PROD-V1.0/MEMORY-V1.0/orig - bus 1.20/Sequencer-Memory-V1.0-3.gpi	archive/gen1-2015-2018/YACC1A1/PRODUCTION/SEQUENCER-MEMORY-Prod-V1.0/new - bus 1.21/Sequencer-Memory-V1.0-3.gpi	archive/gen1-2015-2018/YACC1-BACKUP/PCB-PRODUCTION/SEQUENCER-PROD-V1.0/MEMORY-V1.0/orig - bus 1.20/Sequencer-Memory-V1.0-3.gpi
YACCS-OLD/YACC1-BACKUP/PCB-PRODUCTION/SEQUENCER-PROD-V1.0/MEMORY-V1.0/orig - bus 1.20/Sequencer-Memory-V1.0-3.pro	archive/gen1-2015-2018/YACC1A1/PRODUCTION/SEQUENCER-MEMORY-Prod-V1.0/new - bus 1.21/Sequencer-Memory-V1.0-3.pro	archive/gen1-2015-2018/YACC1-BACKUP/PCB-PRODUCTION/SEQUENCER-PROD-V1.0/MEMORY-V1.0/orig - bus 1.20/Sequencer-Memory-V1.0-3.pro
YACCS-OLD/YACC1-BACKUP/PCB-PRODUCTION/SEQUENCER-PROD-V1.0/MEMORY-V1.0/orig - bus 1.20/Sequencer-Memory-V1.0-3.sch	archive/gen1-2015-2018/YACC1A1/PRODUCTION/SEQUENCER-MEMORY-Prod-V1.0/orig - bus 1.20/Sequencer-Memory-V1.0-3.sch	archive/gen1-2015-2018/YACC1-BACKUP/PCB-PRODUCTION/SEQUENCER-PROD-V1.0/MEMORY-V1.0/orig - bus 1.20/Sequencer-Memory-V1.0-3.sch
YACCS-OLD/YACC1-BACKUP/PCB-PRODUCTION/SEQUENCER-PROD-V1.0/MEMORY-V1.0/orig - bus 1.20/Sequencer-Memory-V1.0.sch	archive/gen1-2015-2018/YACC1A1/PRODUCTION/SEQUENCER-MEMORY-Prod-V1.0/orig - bus 1.20/Sequencer-Memory-V1.0.sch	archive/gen1-2015-2018/YACC1-BACKUP/PCB-PRODUCTION/SEQUENCER-PROD-V1.0/MEMORY-V1.0/orig - bus 1.20/Sequencer-Memory-V1.0.sch
YACCS-OLD/YACC1-BACKUP/PCB-PRODUCTION/SEQUENCER-PROD-V1.0/MEMORY-V1.0/orig - bus 1.20/gerbers.zip	archive/gen1-2015-2018/YACC1A1/PRODUCTION/SEQUENCER-MEMORY-Prod-V1.0/new - bus 1.21/gerbers.zip	archive/gen1-2015-2018/YACC1-BACKUP/PCB-PRODUCTION/SEQUENCER-PROD-V1.0/MEMORY-V1.0/orig - bus 1.20/gerbers.zip
YACCS-OLD/YACC1-BACKUP/PCB-PRODUCTION/SEQUENCER-PROD-V1.0/MEMORY-V1.0/orig - bus 1.20/gerbers/Sequencer-Memory-V1.0-3.cmp	archive/gen1-2015-2018/YACC1A1/PRODUCTION/SEQUENCER-MEMORY-Prod-V1.0/new - bus 1.21/gerbers/Sequencer-Memory-V1.0-3.cmp	archive/gen1-2015-2018/YACC1-BACKUP/PCB-PRODUCTION/SEQUENCER-PROD-V1.0/MEMORY-V1.0/orig - bus 1.20/gerbers/Sequencer-Memory-V1.0-3.cmp
YACCS-OLD/YACC1-BACKUP/PCB-PRODUCTION/SEQUENCER-PROD-V1.0/MEMORY-V1.0/orig - bus 1.20/gerbers/Sequencer-Memory-V1.0-3.drd	archive/gen1-2015-2018/YACC1A1/PRODUCTION/SEQUENCER-MEMORY-Prod-V1.0/new - bus 1.21/gerbers/Sequencer-Memory-V1.0-3.drd	archive/gen1-2015-2018/YACC1-BACKUP/PCB-PRODUCTION/SEQUENCER-PROD-V1.0/MEMORY-V1.0/orig - bus 1.20/gerbers/Sequencer-Memory-V1.0-3.drd
YACCS-OLD/YACC1-BACKUP/PCB-PRODUCTION/SEQUENCER-PROD-V1.0/MEMORY-V1.0/orig - bus 1.20/gerbers/Sequencer-Memory-V1.0-3.plc	archive/gen1-2015-2018/YACC1A1/PRODUCTION/SEQUENCER-MEMORY-Prod-V1.0/new - bus 1.21/gerbers/Sequencer-Memory-V1.0-3.plc	archive/gen1-2015-2018/YACC1-BACKUP/PCB-PRODUCTION/SEQUENCER-PROD-V1.0/MEMORY-V1.0/orig - bus 1.20/gerbers/Sequencer-Memory-V1.0-3.plc
YACCS-OLD/YACC1-BACKUP/PCB-PRODUCTION/SEQUENCER-PROD-V1.0/MEMORY-V1.0/orig - bus 1.20/gerbers/Sequencer-Memory-V1.0-3.sol	archive/gen1-2015-2018/YACC1A1/PRODUCTION/SEQUENCER-MEMORY-Prod-V1.0/new - bus 1.21/gerbers/Sequencer-Memory-V1.0-3.sol	archive/gen1-2015-2018/YACC1-BACKUP/PCB-PRODUCTION/SEQUENCER-PROD-V1.0/MEMORY-V1.0/orig - bus 1.20/gerbers/Sequencer-Memory-V1.0-3.sol
YACCS-OLD/YACC1-BACKUP/PCB-PRODUCTION/SEQUENCER-PROD-V1.0/MEMORY-V1.0/orig - bus 1.20/gerbers/Sequencer-Memory-V1.0-3.stc	archive/gen1-2015-2018/YACC1A1/PRODUCTION/SEQUENCER-MEMORY-Prod-V1.0/new - bus 1.21/gerbers/Sequencer-Memory-V1.0-3.stc	archive/gen1-2015-2018/YACC1-BACKUP/PCB-PRODUCTION/SEQUENCER-PROD-V1.0/MEMORY-V1.0/orig - bus 1.20/gerbers/Sequencer-Memory-V1.0-3.stc
YACCS-OLD/YACC1-BACKUP/PCB-PRODUCTION/SEQUENCER-PROD-V1.0/MEMORY-V1.0/orig - bus 1.20/gerbers/Sequencer-Memory-V1.0-3.sts	archive/gen1-2015-2018/YACC1A1/PRODUCTION/SEQUENCER-MEMORY-Prod-V1.0/new - bus 1.21/gerbers/Sequencer-Memory-V1.0-3.sts	archive/gen1-2015-2018/YACC1-BACKUP/PCB-PRODUCTION/SEQUENCER-PROD-V1.0/MEMORY-V1.0/orig - bus 1.20/gerbers/Sequencer-Memory-V1.0-3.sts
YACCS-OLD/YACC1-BACKUP/PCB-PRODUCTION/SP-PC-PROD-V1.0/SP:PC.brd	archive/gen1-2015-2018/YACC1A1/PRODUCTION/SP-PC-PROD-V1.0/SP-PC.brd	archive/gen1-2015-2018/YACC1-BACKUP/PCB-PRODUCTION/SP-PC-PROD-V1.0/SP-PC.brd
YACCS-OLD/YACC1-BACKUP/PCB-PRODUCTION/SP-PC-PROD-V1.0/SP:PC.pdf	archive/gen1-2015-2018/YACC1A1/PRODUCTION/SP-PC-PROD-V1.0/SP-PC.pdf	archive/gen1-2015-2018/YACC1-BACKUP/PCB-PRODUCTION/SP-PC-PROD-V1.0/SP-PC.pdf
YACCS-OLD/YACC1-BACKUP/PCB-PRODUCTION/SP-PC-PROD-V1.0/SP:PC.pro	archive/gen1-2015-2018/YACC1A1/PRODUCTION/SP-PC-PROD-V1.0/SP-PC.pro	archive/gen1-2015-2018/YACC1-BACKUP/PCB-PRODUCTION/SP-PC-PROD-V1.0/SP-PC.pro
YACCS-OLD/YACC1-BACKUP/PCB-PRODUCTION/SP-PC-PROD-V1.0/SP:PC.sch	archive/gen1-2015-2018/YACC1A1/PRODUCTION/SP-PC-PROD-V1.0/SP-PC.sch	archive/gen1-2015-2018/YACC1-BACKUP/PCB-PRODUCTION/SP-PC-PROD-V1.0/SP-PC.sch
YACCS-OLD/YACC1-BACKUP/PCB-PRODUCTION/SP-PC-PROD-V1.0/gerbers.zip	archive/gen1-2015-2018/YACC1A1/PRODUCTION/SP-PC-PROD-V1.0/gerbers.zip	archive/gen1-2015-2018/YACC1-BACKUP/PCB-PRODUCTION/SP-PC-PROD-V1.0/gerbers.zip
YACCS-OLD/YACC1-BACKUP/PCB-PRODUCTION/SP-PC-PROD-V1.0/gerbers/SP:PC.GBL	archive/gen1-2015-2018/YACC1A1/PRODUCTION/SP-PC-PROD-V1.0/gerbers/SP-PC.GBL	archive/gen1-2015-2018/YACC1-BACKUP/PCB-PRODUCTION/SP-PC-PROD-V1.0/gerbers/SP-PC.GBL
YACCS-OLD/YACC1-BACKUP/PCB-PRODUCTION/SP-PC-PROD-V1.0/gerbers/SP:PC.GBS	archive/gen1-2015-2018/YACC1A1/PRODUCTION/SP-PC-PROD-V1.0/gerbers/SP-PC.GBS	archive/gen1-2015-2018/YACC1-BACKUP/PCB-PRODUCTION/SP-PC-PROD-V1.0/gerbers/SP-PC.GBS
YACCS-OLD/YACC1-BACKUP/PCB-PRODUCTION/SP-PC-PROD-V1.0/gerbers/SP:PC.GTL	archive/gen1-2015-2018/YACC1A1/PRODUCTION/SP-PC-PROD-V1.0/gerbers/SP-PC.GTL	archive/gen1-2015-2018/YACC1-BACKUP/PCB-PRODUCTION/SP-PC-PROD-V1.0/gerbers/SP-PC.GTL
YACCS-OLD/YACC1-BACKUP/PCB-PRODUCTION/SP-PC-PROD-V1.0/gerbers/SP:PC.GTO	archive/gen1-2015-2018/YACC1A1/PRODUCTION/SP-PC-PROD-V1.0/gerbers/SP-PC.GTO	archive/gen1-2015-2018/YACC1-BACKUP/PCB-PRODUCTION/SP-PC-PROD-V1.0/gerbers/SP-PC.GTO
YACCS-OLD/YACC1-BACKUP/PCB-PRODUCTION/SP-PC-PROD-V1.0/gerbers/SP:PC.GTS	archive/gen1-2015-2018/YACC1A1/PRODUCTION/SP-PC-PROD-V1.0/gerbers/SP-PC.GBS	archive/gen1-2015-2018/YACC1-BACKUP/PCB-PRODUCTION/SP-PC-PROD-V1.0/gerbers/SP-PC.GTS
YACCS-OLD/YACC1-BACKUP/PCB-PRODUCTION/SP-PC-PROD-V1.0/gerbers/SP:PC.TXT	archive/gen1-2015-2018/YACC1A1/PRODUCTION/SP-PC-PROD-V1.0/gerbers/SP-PC.TXT	archive/gen1-2015-2018/YACC1-BACKUP/PCB-PRODUCTION/SP-PC-PROD-V1.0/gerbers/SP-PC.TXT
YACCS-OLD/YACC1-BACKUP/PCB-PRODUCTION/SP-PC-PROD-V1.0/unused gerbers/SP:PC.GBO	archive/gen1-2015-2018/YACC1A1/PRODUCTION/ALU-PROD-V1.0/alu4.crc	archive/gen1-2015-2018/YACC1-BACKUP/PCB-PRODUCTION/SP-PC-PROD-V1.0/unused gerbers/SP-PC.GBO
YACCS-OLD/YACC1-BACKUP/PCB-PRODUCTION/SP-PC-PROD-V1.0/unused gerbers/SP:PC.GML	archive/gen1-2015-2018/YACC1A1/PRODUCTION/ALU-PROD-V1.0/alu4.crc	archive/gen1-2015-2018/YACC1-BACKUP/PCB-PRODUCTION/SP-PC-PROD-V1.0/unused gerbers/SP-PC.GML
YACCS-OLD/YACC1-BACKUP/PCB-PRODUCTION/SP-PC-PROD-V1.0/unused gerbers/SP:PC.GTP	archive/gen1-2015-2018/YACC1A1/PRODUCTION/SP-PC-PROD-V1.0/unused gerbers/SP-PC.GTP	archive/gen1-2015-2018/YACC1-BACKUP/PCB-PRODUCTION/SP-PC-PROD-V1.0/unused gerbers/SP-PC.GTP
YACCS-OLD/YACC1-BACKUP/PCB-PRODUCTION/SP-PC-PROD-V1.0/unused gerbers/SP:PC.dri	archive/gen1-2015-2018/YACC1A1/PRODUCTION/SP-PC-PROD-V1.0/unused gerbers/SP-PC.dri	archive/gen1-2015-2018/YACC1-BACKUP/PCB-PRODUCTION/SP-PC-PROD-V1.0/unused gerbers/SP-PC.dri
YACCS-OLD/YACC1-BACKUP/PCB-PRODUCTION/SP-PC-PROD-V1.0/unused gerbers/SP:PC.gpi	archive/gen1-2015-2018/YACC1A1/PRODUCTION/SP-PC-PROD-V1.0/unused gerbers/SP-PC.gpi	archive/gen1-2015-2018/YACC1-BACKUP/PCB-PRODUCTION/SP-PC-PROD-V1.0/unused gerbers/SP-PC.gpi
YACCS-OLD/YACC1-BACKUP/PCB-PRODUCTION/TESTER-PROD-V1.1/new - 1.21 bus/INCORRECTLY ADJUSTED/gerbers.zip	hardware/cards/bus-tester/eagle/v1.1/fab/gerbers.zip	archive/gen1-2015-2018/YACC1-BACKUP/PCB-PRODUCTION/TESTER-PROD-V1.1/new - 1.21 bus/INCORRECTLY ADJUSTED/gerbers.zip
YACCS-OLD/YACC1-BACKUP/PCB-PRODUCTION/TESTER-PROD-V1.1/new - 1.21 bus/INCORRECTLY ADJUSTED/tester.brd	archive/gen1-2015-2018/YACC1A1/PRODUCTION/TESTER-PROD-V1.1/new - 1.21 bus/INCORRECTLY ADJUSTED/tester.brd	archive/gen1-2015-2018/YACC1-BACKUP/PCB-PRODUCTION/TESTER-PROD-V1.1/new - 1.21 bus/INCORRECTLY ADJUSTED/tester.brd
YACCS-OLD/YACC1-BACKUP/PCB-PRODUCTION/TESTER-PROD-V1.1/new - 1.21 bus/INCORRECTLY ADJUSTED/tester.dri	hardware/cards/bus-tester/eagle/v1.1/fab/tester.dri	archive/gen1-2015-2018/YACC1-BACKUP/PCB-PRODUCTION/TESTER-PROD-V1.1/new - 1.21 bus/INCORRECTLY ADJUSTED/tester.dri
YACCS-OLD/YACC1-BACKUP/PCB-PRODUCTION/TESTER-PROD-V1.1/new - 1.21 bus/INCORRECTLY ADJUSTED/tester.gpi	hardware/cards/bus-tester/eagle/v1.1/fab/tester.gpi	archive/gen1-2015-2018/YACC1-BACKUP/PCB-PRODUCTION/TESTER-PROD-V1.1/new - 1.21 bus/INCORRECTLY ADJUSTED/tester.gpi
YACCS-OLD/YACC1-BACKUP/PCB-PRODUCTION/TESTER-PROD-V1.1/new - 1.21 bus/INCORRECTLY ADJUSTED/tester.pro	archive/gen1-2015-2018/YACC1A1/PRODUCTION/TESTER-PROD-V1.1/new - 1.21 bus/INCORRECTLY ADJUSTED/tester.pro	archive/gen1-2015-2018/YACC1-BACKUP/PCB-PRODUCTION/TESTER-PROD-V1.1/new - 1.21 bus/INCORRECTLY ADJUSTED/tester.pro
YACCS-OLD/YACC1-BACKUP/PCB-PRODUCTION/TESTER-PROD-V1.1/new - 1.21 bus/INCORRECTLY ADJUSTED/tester.sch	archive/gen1-2015-2018/YACC1A1/PRODUCTION/TESTER-PROD-V1.1/new - 1.21 bus/INCORRECTLY ADJUSTED/tester.sch	archive/gen1-2015-2018/YACC1-BACKUP/PCB-PRODUCTION/TESTER-PROD-V1.1/new - 1.21 bus/INCORRECTLY ADJUSTED/tester.sch
YACCS-OLD/YACC1-BACKUP/PCB-PRODUCTION/TESTER-PROD-V1.1/new - 1.21 bus/INCORRECTLY ADJUSTED/tester~renumsch.scr	archive/gen1-2015-2018/YACC1A1/PRODUCTION/TESTER-PROD-V1.1/new - 1.21 bus/INCORRECTLY ADJUSTED/tester~renumsch.scr	archive/gen1-2015-2018/YACC1-BACKUP/PCB-PRODUCTION/TESTER-PROD-V1.1/new - 1.21 bus/INCORRECTLY ADJUSTED/tester~renumsch.scr
YACCS-OLD/YACC1-BACKUP/PCB-PRODUCTION/TESTER-PROD-V1.1/new - 1.21 bus/changes.rtf	archive/gen1-2015-2018/YACC1A1/PRODUCTION/TESTER-PROD-V1.1/new - 1.21 bus/changes.rtf	archive/gen1-2015-2018/YACC1-BACKUP/PCB-PRODUCTION/TESTER-PROD-V1.1/new - 1.21 bus/changes.rtf
YACCS-OLD/YACC1-BACKUP/PCB-PRODUCTION/TESTER-PROD-V1.1/new - 1.21 bus/gerbers.zip	hardware/cards/bus-tester/eagle/v1.1/fab/gerbers.zip	archive/gen1-2015-2018/YACC1-BACKUP/PCB-PRODUCTION/TESTER-PROD-V1.1/new - 1.21 bus/gerbers.zip
YACCS-OLD/YACC1-BACKUP/PCB-PRODUCTION/TESTER-PROD-V1.1/new - 1.21 bus/tester.brd	archive/gen1-2015-2018/YACC1A1/PRODUCTION/TESTER-PROD-V1.1/new - 1.21 bus/tester.brd	archive/gen1-2015-2018/YACC1-BACKUP/PCB-PRODUCTION/TESTER-PROD-V1.1/new - 1.21 bus/tester.brd
YACCS-OLD/YACC1-BACKUP/PCB-PRODUCTION/TESTER-PROD-V1.1/new - 1.21 bus/tester.dri	hardware/cards/bus-tester/eagle/v1.1/fab/tester.dri	archive/gen1-2015-2018/YACC1-BACKUP/PCB-PRODUCTION/TESTER-PROD-V1.1/new - 1.21 bus/tester.dri
YACCS-OLD/YACC1-BACKUP/PCB-PRODUCTION/TESTER-PROD-V1.1/new - 1.21 bus/tester.gpi	hardware/cards/bus-tester/eagle/v1.1/fab/tester.gpi	archive/gen1-2015-2018/YACC1-BACKUP/PCB-PRODUCTION/TESTER-PROD-V1.1/new - 1.21 bus/tester.gpi
YACCS-OLD/YACC1-BACKUP/PCB-PRODUCTION/TESTER-PROD-V1.1/new - 1.21 bus/tester.pro	archive/gen1-2015-2018/YACC1A1/PRODUCTION/TESTER-PROD-V1.1/new - 1.21 bus/INCORRECTLY ADJUSTED/tester.pro	archive/gen1-2015-2018/YACC1-BACKUP/PCB-PRODUCTION/TESTER-PROD-V1.1/new - 1.21 bus/tester.pro
YACCS-OLD/YACC1-BACKUP/PCB-PRODUCTION/TESTER-PROD-V1.1/new - 1.21 bus/tester.sch	archive/gen1-2015-2018/YACC1A1/PRODUCTION/TESTER-PROD-V1.1/new - 1.21 bus/tester.sch	archive/gen1-2015-2018/YACC1-BACKUP/PCB-PRODUCTION/TESTER-PROD-V1.1/new - 1.21 bus/tester.sch
YACCS-OLD/YACC1-BACKUP/PCB-PRODUCTION/TESTER-PROD-V1.1/new - 1.21 bus/tester~renumsch.scr	archive/gen1-2015-2018/YACC1A1/PRODUCTION/TESTER-PROD-V1.1/new - 1.21 bus/INCORRECTLY ADJUSTED/tester~renumsch.scr	archive/gen1-2015-2018/YACC1-BACKUP/PCB-PRODUCTION/TESTER-PROD-V1.1/new - 1.21 bus/tester~renumsch.scr
YACCS-OLD/YACC1-BACKUP/PCB-PRODUCTION/TESTER-PROD-V1.1/new - 1.22 bus/INCORRECTLY ADJUSTED/gerbers.zip	hardware/cards/bus-tester/eagle/v1.1/fab/gerbers.zip	archive/gen1-2015-2018/YACC1-BACKUP/PCB-PRODUCTION/TESTER-PROD-V1.1/new - 1.22 bus/INCORRECTLY ADJUSTED/gerbers.zip
YACCS-OLD/YACC1-BACKUP/PCB-PRODUCTION/TESTER-PROD-V1.1/new - 1.22 bus/INCORRECTLY ADJUSTED/tester.brd	archive/gen1-2015-2018/YACC1A1/PRODUCTION/TESTER-PROD-V1.1/new - 1.21 bus/INCORRECTLY ADJUSTED/tester.brd	archive/gen1-2015-2018/YACC1-BACKUP/PCB-PRODUCTION/TESTER-PROD-V1.1/new - 1.22 bus/INCORRECTLY ADJUSTED/tester.brd
YACCS-OLD/YACC1-BACKUP/PCB-PRODUCTION/TESTER-PROD-V1.1/new - 1.22 bus/INCORRECTLY ADJUSTED/tester.dri	hardware/cards/bus-tester/eagle/v1.1/fab/tester.dri	archive/gen1-2015-2018/YACC1-BACKUP/PCB-PRODUCTION/TESTER-PROD-V1.1/new - 1.22 bus/INCORRECTLY ADJUSTED/tester.dri
YACCS-OLD/YACC1-BACKUP/PCB-PRODUCTION/TESTER-PROD-V1.1/new - 1.22 bus/INCORRECTLY ADJUSTED/tester.gpi	hardware/cards/bus-tester/eagle/v1.1/fab/tester.gpi	archive/gen1-2015-2018/YACC1-BACKUP/PCB-PRODUCTION/TESTER-PROD-V1.1/new - 1.22 bus/INCORRECTLY ADJUSTED/tester.gpi
YACCS-OLD/YACC1-BACKUP/PCB-PRODUCTION/TESTER-PROD-V1.1/new - 1.22 bus/INCORRECTLY ADJUSTED/tester.pro	archive/gen1-2015-2018/YACC1A1/PRODUCTION/TESTER-PROD-V1.1/new - 1.21 bus/INCORRECTLY ADJUSTED/tester.pro	archive/gen1-2015-2018/YACC1-BACKUP/PCB-PRODUCTION/TESTER-PROD-V1.1/new - 1.22 bus/INCORRECTLY ADJUSTED/tester.pro
YACCS-OLD/YACC1-BACKUP/PCB-PRODUCTION/TESTER-PROD-V1.1/new - 1.22 bus/INCORRECTLY ADJUSTED/tester.sch	archive/gen1-2015-2018/YACC1A1/PRODUCTION/TESTER-PROD-V1.1/new - 1.21 bus/INCORRECTLY ADJUSTED/tester.sch	archive/gen1-2015-2018/YACC1-BACKUP/PCB-PRODUCTION/TESTER-PROD-V1.1/new - 1.22 bus/INCORRECTLY ADJUSTED/tester.sch
YACCS-OLD/YACC1-BACKUP/PCB-PRODUCTION/TESTER-PROD-V1.1/new - 1.22 bus/INCORRECTLY ADJUSTED/tester~renumsch.scr	archive/gen1-2015-2018/YACC1A1/PRODUCTION/TESTER-PROD-V1.1/new - 1.21 bus/INCORRECTLY ADJUSTED/tester~renumsch.scr	archive/gen1-2015-2018/YACC1-BACKUP/PCB-PRODUCTION/TESTER-PROD-V1.1/new - 1.22 bus/INCORRECTLY ADJUSTED/tester~renumsch.scr
YACCS-OLD/YACC1-BACKUP/PCB-PRODUCTION/TESTER-PROD-V1.1/new - 1.22 bus/changes.rtf	archive/gen1-2015-2018/YACC1A1/PRODUCTION/TESTER-PROD-V1.1/new - 1.21 bus/changes.rtf	archive/gen1-2015-2018/YACC1-BACKUP/PCB-PRODUCTION/TESTER-PROD-V1.1/new - 1.22 bus/changes.rtf
YACCS-OLD/YACC1-BACKUP/PCB-PRODUCTION/TESTER-PROD-V1.1/new - 1.22 bus/gerbers.zip	hardware/cards/bus-tester/eagle/v1.1/fab/gerbers.zip	archive/gen1-2015-2018/YACC1-BACKUP/PCB-PRODUCTION/TESTER-PROD-V1.1/new - 1.22 bus/gerbers.zip
YACCS-OLD/YACC1-BACKUP/PCB-PRODUCTION/TESTER-PROD-V1.1/new - 1.22 bus/tester.brd	archive/gen1-2015-2018/YACC1A1/PRODUCTION/TESTER-PROD-V1.1/new - 1.21 bus/tester.brd	archive/gen1-2015-2018/YACC1-BACKUP/PCB-PRODUCTION/TESTER-PROD-V1.1/new - 1.22 bus/tester.brd
YACCS-OLD/YACC1-BACKUP/PCB-PRODUCTION/TESTER-PROD-V1.1/new - 1.22 bus/tester.dri	hardware/cards/bus-tester/eagle/v1.1/fab/tester.dri	archive/gen1-2015-2018/YACC1-BACKUP/PCB-PRODUCTION/TESTER-PROD-V1.1/new - 1.22 bus/tester.dri
YACCS-OLD/YACC1-BACKUP/PCB-PRODUCTION/TESTER-PROD-V1.1/new - 1.22 bus/tester.gpi	hardware/cards/bus-tester/eagle/v1.1/fab/tester.gpi	archive/gen1-2015-2018/YACC1-BACKUP/PCB-PRODUCTION/TESTER-PROD-V1.1/new - 1.22 bus/tester.gpi
YACCS-OLD/YACC1-BACKUP/PCB-PRODUCTION/TESTER-PROD-V1.1/new - 1.22 bus/tester.pro	archive/gen1-2015-2018/YACC1A1/PRODUCTION/TESTER-PROD-V1.1/new - 1.21 bus/INCORRECTLY ADJUSTED/tester.pro	archive/gen1-2015-2018/YACC1-BACKUP/PCB-PRODUCTION/TESTER-PROD-V1.1/new - 1.22 bus/tester.pro
YACCS-OLD/YACC1-BACKUP/PCB-PRODUCTION/TESTER-PROD-V1.1/new - 1.22 bus/tester.sch	archive/gen1-2015-2018/YACC1A1/PRODUCTION/TESTER-PROD-V1.1/new - 1.21 bus/tester.sch	archive/gen1-2015-2018/YACC1-BACKUP/PCB-PRODUCTION/TESTER-PROD-V1.1/new - 1.22 bus/tester.sch
YACCS-OLD/YACC1-BACKUP/PCB-PRODUCTION/TESTER-PROD-V1.1/new - 1.22 bus/tester~renumsch.scr	archive/gen1-2015-2018/YACC1A1/PRODUCTION/TESTER-PROD-V1.1/new - 1.21 bus/INCORRECTLY ADJUSTED/tester~renumsch.scr	archive/gen1-2015-2018/YACC1-BACKUP/PCB-PRODUCTION/TESTER-PROD-V1.1/new - 1.22 bus/tester~renumsch.scr
YACCS-OLD/YACC1-BACKUP/PCB-PRODUCTION/TESTER-PROD-V1.1/orig - 1.20 bus/gerbers.zip	hardware/cards/bus-tester/eagle/v1.1/fab/gerbers.zip	archive/gen1-2015-2018/YACC1-BACKUP/PCB-PRODUCTION/TESTER-PROD-V1.1/orig - 1.20 bus/gerbers.zip
YACCS-OLD/YACC1-BACKUP/PCB-PRODUCTION/TESTER-PROD-V1.1/orig - 1.20 bus/tester.brd	archive/gen1-2015-2018/YACC1A1/PRODUCTION/TESTER-PROD-V1.1/orig - 1.20 bus/tester.brd	archive/gen1-2015-2018/YACC1-BACKUP/PCB-PRODUCTION/TESTER-PROD-V1.1/orig - 1.20 bus/tester.brd
YACCS-OLD/YACC1-BACKUP/PCB-PRODUCTION/TESTER-PROD-V1.1/orig - 1.20 bus/tester.dri	hardware/cards/bus-tester/eagle/v1.1/fab/tester.dri	archive/gen1-2015-2018/YACC1-BACKUP/PCB-PRODUCTION/TESTER-PROD-V1.1/orig - 1.20 bus/tester.dri
YACCS-OLD/YACC1-BACKUP/PCB-PRODUCTION/TESTER-PROD-V1.1/orig - 1.20 bus/tester.gpi	hardware/cards/bus-tester/eagle/v1.1/fab/tester.gpi	archive/gen1-2015-2018/YACC1-BACKUP/PCB-PRODUCTION/TESTER-PROD-V1.1/orig - 1.20 bus/tester.gpi
YACCS-OLD/YACC1-BACKUP/PCB-PRODUCTION/TESTER-PROD-V1.1/orig - 1.20 bus/tester.pro	archive/gen1-2015-2018/YACC1A1/PRODUCTION/TESTER-PROD-V1.1/new - 1.21 bus/INCORRECTLY ADJUSTED/tester.pro	archive/gen1-2015-2018/YACC1-BACKUP/PCB-PRODUCTION/TESTER-PROD-V1.1/orig - 1.20 bus/tester.pro
YACCS-OLD/YACC1-BACKUP/PCB-PRODUCTION/TESTER-PROD-V1.1/orig - 1.20 bus/tester.sch	archive/gen1-2015-2018/YACC1A1/PRODUCTION/TESTER-PROD-V1.1/orig - 1.20 bus/tester.sch	archive/gen1-2015-2018/YACC1-BACKUP/PCB-PRODUCTION/TESTER-PROD-V1.1/orig - 1.20 bus/tester.sch
YACCS-OLD/YACC1-BACKUP/PCB-PRODUCTION/TESTER-PROD-V1.1/orig - 1.20 bus/tester~renumsch.scr	archive/gen1-2015-2018/YACC1A1/PRODUCTION/TESTER-PROD-V1.1/new - 1.21 bus/INCORRECTLY ADJUSTED/tester~renumsch.scr	archive/gen1-2015-2018/YACC1-BACKUP/PCB-PRODUCTION/TESTER-PROD-V1.1/orig - 1.20 bus/tester~renumsch.scr
YACCS-OLD/YACC1-BACKUP/PCB-Working/ALU-V1.1/alu4.brd	archive/gen1-2015-2018/YACC1A1/PRODUCTION/ALU-PROD-V1.0/alu4.brd	archive/gen1-2015-2018/YACC1-BACKUP/PCB-Working/ALU-V1.1/alu4.brd
YACCS-OLD/YACC1-BACKUP/PCB-Working/ALU-V1.1/alu4.crc	archive/gen1-2015-2018/YACC1A1/PRODUCTION/ALU-PROD-V1.0/alu4.crc	archive/gen1-2015-2018/YACC1-BACKUP/PCB-Working/ALU-V1.1/alu4.crc
YACCS-OLD/YACC1-BACKUP/PCB-Working/ALU-V1.1/alu4.crs	archive/gen1-2015-2018/YACC1A1/PRODUCTION/ALU-PROD-V1.0/alu4.crc	archive/gen1-2015-2018/YACC1-BACKUP/PCB-Working/ALU-V1.1/alu4.crs
YACCS-OLD/YACC1-BACKUP/PCB-Working/ALU-V1.1/alu4.gpi	archive/gen1-2015-2018/YACC1A1/PRODUCTION/ALU-PROD-V1.0/alu4.gpi	archive/gen1-2015-2018/YACC1-BACKUP/PCB-Working/ALU-V1.1/alu4.gpi
YACCS-OLD/YACC1-BACKUP/PCB-Working/ALU-V1.1/alu4.pls	archive/gen1-2015-2018/YACC1A1/PRODUCTION/ALU-PROD-V1.0/alu4.pls	archive/gen1-2015-2018/YACC1-BACKUP/PCB-Working/ALU-V1.1/alu4.pls
YACCS-OLD/YACC1-BACKUP/PCB-Working/ALU-V1.1/alu4.pro	archive/gen1-2015-2018/YACC1A1/PRODUCTION/ALU-PROD-V1.0/alu4.pro	archive/gen1-2015-2018/YACC1-BACKUP/PCB-Working/ALU-V1.1/alu4.pro
YACCS-OLD/YACC1-BACKUP/PCB-Working/ALU-V1.1/alu4.sch	archive/gen1-2015-2018/YACC1A1/PRODUCTION/ALU-PROD-V1.0/alu4.sch	archive/gen1-2015-2018/YACC1-BACKUP/PCB-Working/ALU-V1.1/alu4.sch
YACCS-OLD/YACC1-BACKUP/PCB-Working/ALU-V1.1/gerbers.zip	archive/gen1-2015-2018/YACC1A1/PRODUCTION/ALU-PROD-V1.0/gerbers.zip	archive/gen1-2015-2018/YACC1-BACKUP/PCB-Working/ALU-V1.1/gerbers.zip
YACCS-OLD/YACC1-BACKUP/PCB-Working/BUS-V1.2/gerbers.zip	hardware/bus/backplane/eagle/deprecated/v1.1/fab/gerbers.zip	archive/gen1-2015-2018/YACC1-BACKUP/PCB-Working/BUS-V1.2/gerbers.zip
YACCS-OLD/YACC1-BACKUP/PCB-Working/BUS-V1.2/yacc2buss.brd	hardware/bus/backplane/eagle/deprecated/v1.1/yacc2buss.brd	archive/gen1-2015-2018/YACC1-BACKUP/PCB-Working/BUS-V1.2/yacc2buss.brd
YACCS-OLD/YACC1-BACKUP/PCB-Working/BUS-V1.2/yacc2buss.dri	hardware/bus/backplane/eagle/deprecated/v1.1/fab/yacc2buss.dri	archive/gen1-2015-2018/YACC1-BACKUP/PCB-Working/BUS-V1.2/yacc2buss.dri
YACCS-OLD/YACC1-BACKUP/PCB-Working/BUS-V1.2/yacc2buss.gpi	hardware/bus/backplane/eagle/deprecated/v1.1/fab/yacc2buss.gpi	archive/gen1-2015-2018/YACC1-BACKUP/PCB-Working/BUS-V1.2/yacc2buss.gpi
YACCS-OLD/YACC1-BACKUP/PCB-Working/BUS-V1.2/yacc2buss.pro	hardware/bus/backplane/eagle/deprecated/v1.1/yacc2buss.pro	archive/gen1-2015-2018/YACC1-BACKUP/PCB-Working/BUS-V1.2/yacc2buss.pro
YACCS-OLD/YACC1-BACKUP/PCB-Working/BUS-V1.2/yacc2buss.sch	hardware/bus/backplane/eagle/deprecated/v1.1/yacc2buss.sch	archive/gen1-2015-2018/YACC1-BACKUP/PCB-Working/BUS-V1.2/yacc2buss.sch
YACCS-OLD/YACC1-BACKUP/PCB-Working/Basic Memory/untitled.brd	archive/gen1-2015-2018/YACC1A1/Working/Basic Memory/untitled.brd	archive/gen1-2015-2018/YACC1-BACKUP/PCB-Working/Basic Memory/untitled.brd
YACCS-OLD/YACC1-BACKUP/PCB-Working/Basic Memory/untitled.pro	archive/gen1-2015-2018/YACC1A1/Working/Basic Memory/untitled.pro	archive/gen1-2015-2018/YACC1-BACKUP/PCB-Working/Basic Memory/untitled.pro
YACCS-OLD/YACC1-BACKUP/PCB-Working/Basic Memory/untitled.sch	archive/gen1-2015-2018/YACC1A1/Working/Basic Memory/untitled.sch	archive/gen1-2015-2018/YACC1-BACKUP/PCB-Working/Basic Memory/untitled.sch
YACCS-OLD/YACC1-BACKUP/PCB-Working/Bus-Jumper-V1.1/Bus Definition V1.2.brd	archive/gen1-2015-2018/YACC1A1/PRODUCTION/BUS-JUMPER-PROD-V1.0/orig - bus 1.20/Bus Definition V1.2.brd	archive/gen1-2015-2018/YACC1-BACKUP/PCB-Working/Bus-Jumper-V1.1/Bus Definition V1.2.brd
YACCS-OLD/YACC1-BACKUP/PCB-Working/Bus-Jumper-V1.1/Bus Definition V1.2.dri	archive/gen1-2015-2018/YACC1A1/PRODUCTION/BUS-JUMPER-PROD-V1.0/new - bus 1.21/Bus Definition V1.2.dri	archive/gen1-2015-2018/YACC1-BACKUP/PCB-Working/Bus-Jumper-V1.1/Bus Definition V1.2.dri
YACCS-OLD/YACC1-BACKUP/PCB-Working/Bus-Jumper-V1.1/Bus Definition V1.2.gpi	archive/gen1-2015-2018/YACC1A1/PRODUCTION/BUS-JUMPER-PROD-V1.0/new - bus 1.21/Bus Definition V1.2.gpi	archive/gen1-2015-2018/YACC1-BACKUP/PCB-Working/Bus-Jumper-V1.1/Bus Definition V1.2.gpi
YACCS-OLD/YACC1-BACKUP/PCB-Working/Bus-Jumper-V1.1/Bus Definition V1.2.pro	archive/gen1-2015-2018/YACC1A1/PRODUCTION/BUS-JUMPER-PROD-V1.0/new - bus 1.21/Bus Definition V1.2.pro	archive/gen1-2015-2018/YACC1-BACKUP/PCB-Working/Bus-Jumper-V1.1/Bus Definition V1.2.pro
YACCS-OLD/YACC1-BACKUP/PCB-Working/Bus-Jumper-V1.1/Bus Definition V1.2.sch	archive/gen1-2015-2018/YACC1A1/PRODUCTION/BUS-JUMPER-PROD-V1.0/orig - bus 1.20/Bus Definition V1.2.sch	archive/gen1-2015-2018/YACC1-BACKUP/PCB-Working/Bus-Jumper-V1.1/Bus Definition V1.2.sch
YACCS-OLD/YACC1-BACKUP/PCB-Working/Bus-Jumper-V1.1/Bus Definition V1.2_00.pro	archive/gen1-2015-2018/YACC1A1/PRODUCTION/BUS-JUMPER-PROD-V1.0/new - bus 1.21/Bus Definition V1.2_00.pro	archive/gen1-2015-2018/YACC1-BACKUP/PCB-Working/Bus-Jumper-V1.1/Bus Definition V1.2_00.pro
YACCS-OLD/YACC1-BACKUP/PCB-Working/Bus-Jumper-V1.1/Bus Definition V1.2_01.pro	archive/gen1-2015-2018/YACC1A1/PRODUCTION/BUS-JUMPER-PROD-V1.0/new - bus 1.21/Bus Definition V1.2_01.pro	archive/gen1-2015-2018/YACC1-BACKUP/PCB-Working/Bus-Jumper-V1.1/Bus Definition V1.2_01.pro
YACCS-OLD/YACC1-BACKUP/PCB-Working/Bus-Jumper-V1.1/Bus Definition V1.2_02.pro	archive/gen1-2015-2018/YACC1A1/PRODUCTION/BUS-JUMPER-PROD-V1.0/new - bus 1.21/Bus Definition V1.2_02.pro	archive/gen1-2015-2018/YACC1-BACKUP/PCB-Working/Bus-Jumper-V1.1/Bus Definition V1.2_02.pro
YACCS-OLD/YACC1-BACKUP/PCB-Working/Bus-Jumper-V1.1/Bus Definition V1.2_03.pro	archive/gen1-2015-2018/YACC1A1/PRODUCTION/BUS-JUMPER-PROD-V1.0/new - bus 1.21/Bus Definition V1.2_03.pro	archive/gen1-2015-2018/YACC1-BACKUP/PCB-Working/Bus-Jumper-V1.1/Bus Definition V1.2_03.pro
YACCS-OLD/YACC1-BACKUP/PCB-Working/Bus-Jumper-V1.1/Bus Definition V1.2_04.pro	archive/gen1-2015-2018/YACC1A1/PRODUCTION/BUS-JUMPER-PROD-V1.0/new - bus 1.21/Bus Definition V1.2_04.pro	archive/gen1-2015-2018/YACC1-BACKUP/PCB-Working/Bus-Jumper-V1.1/Bus Definition V1.2_04.pro
YACCS-OLD/YACC1-BACKUP/PCB-Working/Bus-Jumper-V1.1/gerbers.zip	archive/gen1-2015-2018/YACC1A1/PRODUCTION/BUS-JUMPER-PROD-V1.0/new - bus 1.21/gerbers.zip	archive/gen1-2015-2018/YACC1-BACKUP/PCB-Working/Bus-Jumper-V1.1/gerbers.zip
YACCS-OLD/YACC1-BACKUP/PCB-Working/Bus-Jumper-V1.1/gerbers/Bus Definition V1.2.cmp	archive/gen1-2015-2018/YACC1A1/PRODUCTION/BUS-JUMPER-PROD-V1.0/new - bus 1.21/gerbers/Bus Definition V1.2.cmp	archive/gen1-2015-2018/YACC1-BACKUP/PCB-Working/Bus-Jumper-V1.1/gerbers/Bus Definition V1.2.cmp
YACCS-OLD/YACC1-BACKUP/PCB-Working/Bus-Jumper-V1.1/gerbers/Bus Definition V1.2.drd	archive/gen1-2015-2018/YACC1A1/PRODUCTION/BUS-JUMPER-PROD-V1.0/new - bus 1.21/gerbers/Bus Definition V1.2.drd	archive/gen1-2015-2018/YACC1-BACKUP/PCB-Working/Bus-Jumper-V1.1/gerbers/Bus Definition V1.2.drd
YACCS-OLD/YACC1-BACKUP/PCB-Working/Bus-Jumper-V1.1/gerbers/Bus Definition V1.2.plc	archive/gen1-2015-2018/YACC1A1/PRODUCTION/BUS-JUMPER-PROD-V1.0/new - bus 1.21/gerbers/Bus Definition V1.2.plc	archive/gen1-2015-2018/YACC1-BACKUP/PCB-Working/Bus-Jumper-V1.1/gerbers/Bus Definition V1.2.plc
YACCS-OLD/YACC1-BACKUP/PCB-Working/Bus-Jumper-V1.1/gerbers/Bus Definition V1.2.sol	archive/gen1-2015-2018/YACC1A1/PRODUCTION/BUS-JUMPER-PROD-V1.0/new - bus 1.21/gerbers/Bus Definition V1.2.sol	archive/gen1-2015-2018/YACC1-BACKUP/PCB-Working/Bus-Jumper-V1.1/gerbers/Bus Definition V1.2.sol
YACCS-OLD/YACC1-BACKUP/PCB-Working/Bus-Jumper-V1.1/gerbers/Bus Definition V1.2.stc	archive/gen1-2015-2018/YACC1A1/PRODUCTION/BUS-JUMPER-PROD-V1.0/new - bus 1.21/gerbers/Bus Definition V1.2.stc	archive/gen1-2015-2018/YACC1-BACKUP/PCB-Working/Bus-Jumper-V1.1/gerbers/Bus Definition V1.2.stc
YACCS-OLD/YACC1-BACKUP/PCB-Working/Bus-Jumper-V1.1/gerbers/Bus Definition V1.2.sts	archive/gen1-2015-2018/YACC1A1/PRODUCTION/BUS-JUMPER-PROD-V1.0/new - bus 1.21/gerbers/Bus Definition V1.2.stc	archive/gen1-2015-2018/YACC1-BACKUP/PCB-Working/Bus-Jumper-V1.1/gerbers/Bus Definition V1.2.sts
YACCS-OLD/YACC1-BACKUP/PCB-Working/ProtoCard-V1.1/ProtoCard-Prod-V1.0.brd	hardware/cards/protocard/eagle/v1.0/ProtoCard-Prod-V1.0.brd	archive/gen1-2015-2018/YACC1-BACKUP/PCB-Working/ProtoCard-V1.1/ProtoCard-Prod-V1.0.brd
YACCS-OLD/YACC1-BACKUP/PCB-Working/ProtoCard-V1.1/ProtoCard-Prod-V1.0.dri	hardware/cards/protocard/eagle/v1.0/fab/ProtoCard-Prod-V1.0.dri	archive/gen1-2015-2018/YACC1-BACKUP/PCB-Working/ProtoCard-V1.1/ProtoCard-Prod-V1.0.dri
YACCS-OLD/YACC1-BACKUP/PCB-Working/ProtoCard-V1.1/ProtoCard-Prod-V1.0.gpi	hardware/cards/protocard/eagle/v1.0/fab/ProtoCard-Prod-V1.0.gpi	archive/gen1-2015-2018/YACC1-BACKUP/PCB-Working/ProtoCard-V1.1/ProtoCard-Prod-V1.0.gpi
YACCS-OLD/YACC1-BACKUP/PCB-Working/ProtoCard-V1.1/ProtoCard-Prod-V1.0.pro	hardware/cards/protocard/eagle/v1.0/ProtoCard-Prod-V1.0.pro	archive/gen1-2015-2018/YACC1-BACKUP/PCB-Working/ProtoCard-V1.1/ProtoCard-Prod-V1.0.pro
YACCS-OLD/YACC1-BACKUP/PCB-Working/ProtoCard-V1.1/ProtoCard-Prod-V1.0.sch	hardware/cards/protocard/eagle/v1.0/ProtoCard-Prod-V1.0.sch	archive/gen1-2015-2018/YACC1-BACKUP/PCB-Working/ProtoCard-V1.1/ProtoCard-Prod-V1.0.sch
YACCS-OLD/YACC1-BACKUP/PCB-Working/ProtoCard-V1.1/gerbers.zip	hardware/cards/protocard/eagle/v1.0/fab/gerbers.zip	archive/gen1-2015-2018/YACC1-BACKUP/PCB-Working/ProtoCard-V1.1/gerbers.zip
YACCS-OLD/YACC1-BACKUP/PCB-Working/SP-PC-V1.1/SP:PC-A.pro	archive/gen1-2015-2018/YACC1A1/Working/SP-PC-V1.1/SP-PC-A.pro	archive/gen1-2015-2018/YACC1-BACKUP/PCB-Working/SP-PC-V1.1/SP-PC-A.pro
YACCS-OLD/YACC1-BACKUP/PCB-Working/SP-PC-V1.1/SP:PC.GBO	archive/gen1-2015-2018/YACC1A1/PRODUCTION/ALU-PROD-V1.0/alu4.crc	archive/gen1-2015-2018/YACC1-BACKUP/PCB-Working/SP-PC-V1.1/SP-PC.GBO
YACCS-OLD/YACC1-BACKUP/PCB-Working/SP-PC-V1.1/SP:PC.GML	archive/gen1-2015-2018/YACC1A1/PRODUCTION/ALU-PROD-V1.0/alu4.crc	archive/gen1-2015-2018/YACC1-BACKUP/PCB-Working/SP-PC-V1.1/SP-PC.GML
YACCS-OLD/YACC1-BACKUP/PCB-Working/SP-PC-V1.1/SP:PC.GTP	archive/gen1-2015-2018/YACC1A1/PRODUCTION/SP-PC-PROD-V1.0/unused gerbers/SP-PC.GTP	archive/gen1-2015-2018/YACC1-BACKUP/PCB-Working/SP-PC-V1.1/SP-PC.GTP
YACCS-OLD/YACC1-BACKUP/PCB-Working/SP-PC-V1.1/SP:PC.dri	archive/gen1-2015-2018/YACC1A1/PRODUCTION/SP-PC-PROD-V1.0/unused gerbers/SP-PC.dri	archive/gen1-2015-2018/YACC1-BACKUP/PCB-Working/SP-PC-V1.1/SP-PC.dri
YACCS-OLD/YACC1-BACKUP/PCB-Working/SP-PC-V1.1/SP:PC.gpi	archive/gen1-2015-2018/YACC1A1/PRODUCTION/SP-PC-PROD-V1.0/unused gerbers/SP-PC.gpi	archive/gen1-2015-2018/YACC1-BACKUP/PCB-Working/SP-PC-V1.1/SP-PC.gpi
YACCS-OLD/YACC1-BACKUP/PCB-Working/SP-PC-V1.1/SP:PC.pdf	archive/gen1-2015-2018/YACC1A1/Working/SP-PC-V1.1/SP-PC.pdf	archive/gen1-2015-2018/YACC1-BACKUP/PCB-Working/SP-PC-V1.1/SP-PC.pdf
YACCS-OLD/YACC1-BACKUP/PCB-Working/SP-PC-V1.1/SP:PC.pro	archive/gen1-2015-2018/YACC1A1/Working/SP-PC-V1.1/SP-PC.pro	archive/gen1-2015-2018/YACC1-BACKUP/PCB-Working/SP-PC-V1.1/SP-PC.pro
YACCS-OLD/YACC1-BACKUP/PCB-Working/SP-PC-V1.1/gerbers.zip	archive/gen1-2015-2018/YACC1A1/PRODUCTION/SP-PC-PROD-V1.0/gerbers.zip	archive/gen1-2015-2018/YACC1-BACKUP/PCB-Working/SP-PC-V1.1/gerbers.zip
YACCS-OLD/YACC1-BACKUP/PCB-Working/SP-PC-V1.1/gerbers/SP:PC.GBL	archive/gen1-2015-2018/YACC1A1/PRODUCTION/SP-PC-PROD-V1.0/gerbers/SP-PC.GBL	archive/gen1-2015-2018/YACC1-BACKUP/PCB-Working/SP-PC-V1.1/gerbers/SP-PC.GBL
YACCS-OLD/YACC1-BACKUP/PCB-Working/SP-PC-V1.1/gerbers/SP:PC.GBS	archive/gen1-2015-2018/YACC1A1/PRODUCTION/SP-PC-PROD-V1.0/gerbers/SP-PC.GBS	archive/gen1-2015-2018/YACC1-BACKUP/PCB-Working/SP-PC-V1.1/gerbers/SP-PC.GBS
YACCS-OLD/YACC1-BACKUP/PCB-Working/SP-PC-V1.1/gerbers/SP:PC.GTL	archive/gen1-2015-2018/YACC1A1/PRODUCTION/SP-PC-PROD-V1.0/gerbers/SP-PC.GTL	archive/gen1-2015-2018/YACC1-BACKUP/PCB-Working/SP-PC-V1.1/gerbers/SP-PC.GTL
YACCS-OLD/YACC1-BACKUP/PCB-Working/SP-PC-V1.1/gerbers/SP:PC.GTO	archive/gen1-2015-2018/YACC1A1/PRODUCTION/SP-PC-PROD-V1.0/gerbers/SP-PC.GTO	archive/gen1-2015-2018/YACC1-BACKUP/PCB-Working/SP-PC-V1.1/gerbers/SP-PC.GTO
YACCS-OLD/YACC1-BACKUP/PCB-Working/SP-PC-V1.1/gerbers/SP:PC.GTS	archive/gen1-2015-2018/YACC1A1/PRODUCTION/SP-PC-PROD-V1.0/gerbers/SP-PC.GBS	archive/gen1-2015-2018/YACC1-BACKUP/PCB-Working/SP-PC-V1.1/gerbers/SP-PC.GTS
YACCS-OLD/YACC1-BACKUP/PCB-Working/SP-PC-V1.1/gerbers/SP:PC.TXT	archive/gen1-2015-2018/YACC1A1/PRODUCTION/SP-PC-PROD-V1.0/gerbers/SP-PC.TXT	archive/gen1-2015-2018/YACC1-BACKUP/PCB-Working/SP-PC-V1.1/gerbers/SP-PC.TXT
YACCS-OLD/YACC1-BACKUP/PCB-Working/Sequencer-Logic-v1.0/Sequencer-Logic-Prod-V1.0-1_03.job	archive/gen1-2015-2018/YACC1A1/PRODUCTION/SEQUENCER-LOGIC-V1.0/Sequencer-Logic-Prod-V1.0-1_03.job	archive/gen1-2015-2018/YACC1-BACKUP/PCB-Working/Sequencer-Logic-v1.0/Sequencer-Logic-Prod-V1.0-1_03.job
YACCS-OLD/YACC1-BACKUP/PCB-Working/Sequencer-Logic-v1.0/Sequencer-Logic-Prod-V1.0-3 2.pdf	archive/gen1-2015-2018/YACC1A1/Working/Sequencer-Logic-v1.0/Sequencer-Logic-Prod-V1.0-3 2.pdf	archive/gen1-2015-2018/YACC1-BACKUP/PCB-Working/Sequencer-Logic-v1.0/Sequencer-Logic-Prod-V1.0-3 2.pdf
YACCS-OLD/YACC1-BACKUP/PCB-Working/Sequencer-Logic-v1.0/Sequencer-Logic-Prod-V1.0-3-BOM.txt	archive/gen1-2015-2018/YACC1A1/Working/Sequencer-Logic-v1.0/Sequencer-Logic-Prod-V1.0-3-BOM.txt	archive/gen1-2015-2018/YACC1-BACKUP/PCB-Working/Sequencer-Logic-v1.0/Sequencer-Logic-Prod-V1.0-3-BOM.txt
YACCS-OLD/YACC1-BACKUP/PCB-Working/Sequencer-Logic-v1.0/Sequencer-Logic-Prod-V1.0-3-bom.csv	archive/gen1-2015-2018/YACC1A1/Working/Sequencer-Logic-v1.0/Sequencer-Logic-Prod-V1.0-3-bom.csv	archive/gen1-2015-2018/YACC1-BACKUP/PCB-Working/Sequencer-Logic-v1.0/Sequencer-Logic-Prod-V1.0-3-bom.csv
YACCS-OLD/YACC1-BACKUP/PCB-Working/Sequencer-Logic-v1.0/Sequencer-Logic-Prod-V1.0-3.brd	archive/gen1-2015-2018/YACC1A1/PRODUCTION/SEQUENCER-LOGIC-V1.0/Sequencer-Logic-Prod-V1.0-3.brd	archive/gen1-2015-2018/YACC1-BACKUP/PCB-Working/Sequencer-Logic-v1.0/Sequencer-Logic-Prod-V1.0-3.brd
YACCS-OLD/YACC1-BACKUP/PCB-Working/Sequencer-Logic-v1.0/Sequencer-Logic-Prod-V1.0-3.pdf	archive/gen1-2015-2018/YACC1A1/Working/Sequencer-Logic-v1.0/Sequencer-Logic-Prod-V1.0-3.pdf	archive/gen1-2015-2018/YACC1-BACKUP/PCB-Working/Sequencer-Logic-v1.0/Sequencer-Logic-Prod-V1.0-3.pdf
YACCS-OLD/YACC1-BACKUP/PCB-Working/Sequencer-Logic-v1.0/Sequencer-Logic-Prod-V1.0-3.pro	archive/gen1-2015-2018/YACC1A1/PRODUCTION/SEQUENCER-LOGIC-V1.0/Sequencer-Logic-Prod-V1.0-3.pro	archive/gen1-2015-2018/YACC1-BACKUP/PCB-Working/Sequencer-Logic-v1.0/Sequencer-Logic-Prod-V1.0-3.pro
YACCS-OLD/YACC1-BACKUP/PCB-Working/Sequencer-Logic-v1.0/Sequencer-Logic-Prod-V1.0-3.sch	archive/gen1-2015-2018/YACC1A1/PRODUCTION/SEQUENCER-LOGIC-V1.0/Sequencer-Logic-Prod-V1.0-3.sch	archive/gen1-2015-2018/YACC1-BACKUP/PCB-Working/Sequencer-Logic-v1.0/Sequencer-Logic-Prod-V1.0-3.sch
YACCS-OLD/YACC1-BACKUP/PCB-Working/Sequencer-Logic-v1.0/gerbers.zip	archive/gen1-2015-2018/YACC1A1/PRODUCTION/SEQUENCER-LOGIC-V1.0/gerbers.zip	archive/gen1-2015-2018/YACC1-BACKUP/PCB-Working/Sequencer-Logic-v1.0/gerbers.zip
YACCS-OLD/YACC1-BACKUP/PCB-Working/Sequencer-Logic-v1.0/gerbers/Sequencer-Logic-Prod-V1.0-3.cmp	archive/gen1-2015-2018/YACC1A1/PRODUCTION/SEQUENCER-LOGIC-V1.0/gerbers/Sequencer-Logic-Prod-V1.0-3.cmp	archive/gen1-2015-2018/YACC1-BACKUP/PCB-Working/Sequencer-Logic-v1.0/gerbers/Sequencer-Logic-Prod-V1.0-3.cmp
YACCS-OLD/YACC1-BACKUP/PCB-Working/Sequencer-Logic-v1.0/gerbers/Sequencer-Logic-Prod-V1.0-3.drd	archive/gen1-2015-2018/YACC1A1/PRODUCTION/SEQUENCER-LOGIC-V1.0/gerbers/Sequencer-Logic-Prod-V1.0-3.drd	archive/gen1-2015-2018/YACC1-BACKUP/PCB-Working/Sequencer-Logic-v1.0/gerbers/Sequencer-Logic-Prod-V1.0-3.drd
YACCS-OLD/YACC1-BACKUP/PCB-Working/Sequencer-Logic-v1.0/gerbers/Sequencer-Logic-Prod-V1.0-3.dri	archive/gen1-2015-2018/YACC1A1/PRODUCTION/SEQUENCER-LOGIC-V1.0/gerbers/Sequencer-Logic-Prod-V1.0-3.dri	archive/gen1-2015-2018/YACC1-BACKUP/PCB-Working/Sequencer-Logic-v1.0/gerbers/Sequencer-Logic-Prod-V1.0-3.dri
YACCS-OLD/YACC1-BACKUP/PCB-Working/Sequencer-Logic-v1.0/gerbers/Sequencer-Logic-Prod-V1.0-3.l15	archive/gen1-2015-2018/YACC1A1/PRODUCTION/SEQUENCER-LOGIC-V1.0/gerbers/Sequencer-Logic-Prod-V1.0-3.l15	archive/gen1-2015-2018/YACC1-BACKUP/PCB-Working/Sequencer-Logic-v1.0/gerbers/Sequencer-Logic-Prod-V1.0-3.l15
YACCS-OLD/YACC1-BACKUP/PCB-Working/Sequencer-Logic-v1.0/gerbers/Sequencer-Logic-Prod-V1.0-3.ly2	archive/gen1-2015-2018/YACC1A1/PRODUCTION/SEQUENCER-LOGIC-V1.0/gerbers/Sequencer-Logic-Prod-V1.0-3.ly2	archive/gen1-2015-2018/YACC1-BACKUP/PCB-Working/Sequencer-Logic-v1.0/gerbers/Sequencer-Logic-Prod-V1.0-3.ly2
YACCS-OLD/YACC1-BACKUP/PCB-Working/Sequencer-Logic-v1.0/gerbers/Sequencer-Logic-Prod-V1.0-3.plc	archive/gen1-2015-2018/YACC1A1/PRODUCTION/SEQUENCER-LOGIC-V1.0/gerbers/Sequencer-Logic-Prod-V1.0-3.plc	archive/gen1-2015-2018/YACC1-BACKUP/PCB-Working/Sequencer-Logic-v1.0/gerbers/Sequencer-Logic-Prod-V1.0-3.plc
YACCS-OLD/YACC1-BACKUP/PCB-Working/Sequencer-Logic-v1.0/gerbers/Sequencer-Logic-Prod-V1.0-3.sol	archive/gen1-2015-2018/YACC1A1/PRODUCTION/SEQUENCER-LOGIC-V1.0/gerbers/Sequencer-Logic-Prod-V1.0-3.sol	archive/gen1-2015-2018/YACC1-BACKUP/PCB-Working/Sequencer-Logic-v1.0/gerbers/Sequencer-Logic-Prod-V1.0-3.sol
YACCS-OLD/YACC1-BACKUP/PCB-Working/Sequencer-Logic-v1.0/gerbers/Sequencer-Logic-Prod-V1.0-3.stc	archive/gen1-2015-2018/YACC1A1/PRODUCTION/SEQUENCER-LOGIC-V1.0/gerbers/Sequencer-Logic-Prod-V1.0-3.stc	archive/gen1-2015-2018/YACC1-BACKUP/PCB-Working/Sequencer-Logic-v1.0/gerbers/Sequencer-Logic-Prod-V1.0-3.stc
YACCS-OLD/YACC1-BACKUP/PCB-Working/Sequencer-Logic-v1.0/gerbers/Sequencer-Logic-Prod-V1.0-3.sts	archive/gen1-2015-2018/YACC1A1/PRODUCTION/SEQUENCER-LOGIC-V1.0/gerbers/Sequencer-Logic-Prod-V1.0-3.sts	archive/gen1-2015-2018/YACC1-BACKUP/PCB-Working/Sequencer-Logic-v1.0/gerbers/Sequencer-Logic-Prod-V1.0-3.sts
YACCS-OLD/YACC1-BACKUP/PCB-Working/Sequencer-Memory-V1.1/Sequencer-Memory-V1.0-1.brd	archive/gen1-2015-2018/YACC1A1/PRODUCTION/SEQUENCER-MEMORY-Prod-V1.0/orig - bus 1.20/Sequencer-Memory-V1.0-1.brd	archive/gen1-2015-2018/YACC1-BACKUP/PCB-Working/Sequencer-Memory-V1.1/Sequencer-Memory-V1.0-1.brd
YACCS-OLD/YACC1-BACKUP/PCB-Working/Sequencer-Memory-V1.1/Sequencer-Memory-V1.0-1.pro	archive/gen1-2015-2018/YACC1A1/PRODUCTION/SEQUENCER-MEMORY-Prod-V1.0/orig - bus 1.20/Sequencer-Memory-V1.0-1.pro	archive/gen1-2015-2018/YACC1-BACKUP/PCB-Working/Sequencer-Memory-V1.1/Sequencer-Memory-V1.0-1.pro
YACCS-OLD/YACC1-BACKUP/PCB-Working/Sequencer-Memory-V1.1/Sequencer-Memory-V1.0-1.sch	archive/gen1-2015-2018/YACC1A1/PRODUCTION/SEQUENCER-MEMORY-Prod-V1.0/orig - bus 1.20/Sequencer-Memory-V1.0-1.sch	archive/gen1-2015-2018/YACC1-BACKUP/PCB-Working/Sequencer-Memory-V1.1/Sequencer-Memory-V1.0-1.sch
YACCS-OLD/YACC1-BACKUP/PCB-Working/Sequencer-Memory-V1.1/Sequencer-Memory-V1.0-2.brd	archive/gen1-2015-2018/YACC1A1/PRODUCTION/SEQUENCER-MEMORY-Prod-V1.0/orig - bus 1.20/Sequencer-Memory-V1.0-2.brd	archive/gen1-2015-2018/YACC1-BACKUP/PCB-Working/Sequencer-Memory-V1.1/Sequencer-Memory-V1.0-2.brd
YACCS-OLD/YACC1-BACKUP/PCB-Working/Sequencer-Memory-V1.1/Sequencer-Memory-V1.0-2.pro	archive/gen1-2015-2018/YACC1A1/PRODUCTION/SEQUENCER-MEMORY-Prod-V1.0/orig - bus 1.20/Sequencer-Memory-V1.0-2.pro	archive/gen1-2015-2018/YACC1-BACKUP/PCB-Working/Sequencer-Memory-V1.1/Sequencer-Memory-V1.0-2.pro
YACCS-OLD/YACC1-BACKUP/PCB-Working/Sequencer-Memory-V1.1/Sequencer-Memory-V1.0-2.sch	archive/gen1-2015-2018/YACC1A1/PRODUCTION/SEQUENCER-MEMORY-Prod-V1.0/orig - bus 1.20/Sequencer-Memory-V1.0-2.sch	archive/gen1-2015-2018/YACC1-BACKUP/PCB-Working/Sequencer-Memory-V1.1/Sequencer-Memory-V1.0-2.sch
YACCS-OLD/YACC1-BACKUP/PCB-Working/Sequencer-Memory-V1.1/Sequencer-Memory-V1.0-3 2.brd	archive/gen1-2015-2018/YACC1A1/PRODUCTION/SEQUENCER-MEMORY-Prod-V1.0/orig - bus 1.20/Sequencer-Memory-V1.0-3 2.brd	archive/gen1-2015-2018/YACC1-BACKUP/PCB-Working/Sequencer-Memory-V1.1/Sequencer-Memory-V1.0-3 2.brd
YACCS-OLD/YACC1-BACKUP/PCB-Working/Sequencer-Memory-V1.1/Sequencer-Memory-V1.0-3 3.brd	archive/gen1-2015-2018/YACC1A1/Working/Sequencer-Memory-V1.1/Sequencer-Memory-V1.0-3 3.brd	archive/gen1-2015-2018/YACC1-BACKUP/PCB-Working/Sequencer-Memory-V1.1/Sequencer-Memory-V1.0-3 3.brd
YACCS-OLD/YACC1-BACKUP/PCB-Working/Sequencer-Memory-V1.1/Sequencer-Memory-V1.0-3.brd	archive/gen1-2015-2018/YACC1A1/Working/Sequencer-Memory-V1.1/Sequencer-Memory-V1.0-3.brd	archive/gen1-2015-2018/YACC1-BACKUP/PCB-Working/Sequencer-Memory-V1.1/Sequencer-Memory-V1.0-3.brd
YACCS-OLD/YACC1-BACKUP/PCB-Working/Sequencer-Memory-V1.1/Sequencer-Memory-V1.0-3.dri	archive/gen1-2015-2018/YACC1A1/PRODUCTION/SEQUENCER-MEMORY-Prod-V1.0/new - bus 1.21/Sequencer-Memory-V1.0-3.dri	archive/gen1-2015-2018/YACC1-BACKUP/PCB-Working/Sequencer-Memory-V1.1/Sequencer-Memory-V1.0-3.dri
YACCS-OLD/YACC1-BACKUP/PCB-Working/Sequencer-Memory-V1.1/Sequencer-Memory-V1.0-3.pdf	archive/gen1-2015-2018/YACC1A1/Working/Sequencer-Memory-V1.1/Sequencer-Memory-V1.0-3.pdf	archive/gen1-2015-2018/YACC1-BACKUP/PCB-Working/Sequencer-Memory-V1.1/Sequencer-Memory-V1.0-3.pdf
YACCS-OLD/YACC1-BACKUP/PCB-Working/Sequencer-Memory-V1.1/Sequencer-Memory-V1.0-3.pro	archive/gen1-2015-2018/YACC1A1/PRODUCTION/SEQUENCER-MEMORY-Prod-V1.0/new - bus 1.21/Sequencer-Memory-V1.0-3.pro	archive/gen1-2015-2018/YACC1-BACKUP/PCB-Working/Sequencer-Memory-V1.1/Sequencer-Memory-V1.0-3.pro
YACCS-OLD/YACC1-BACKUP/PCB-Working/Sequencer-Memory-V1.1/Sequencer-Memory-V1.0-3.sch	archive/gen1-2015-2018/YACC1A1/Working/Sequencer-Memory-V1.1/Sequencer-Memory-V1.0-3.sch	archive/gen1-2015-2018/YACC1-BACKUP/PCB-Working/Sequencer-Memory-V1.1/Sequencer-Memory-V1.0-3.sch
YACCS-OLD/YACC1-BACKUP/PCB-Working/Sequencer-Memory-V1.1/Sequencer-Memory-V1.0.sch	archive/gen1-2015-2018/YACC1A1/PRODUCTION/SEQUENCER-MEMORY-Prod-V1.0/orig - bus 1.20/Sequencer-Memory-V1.0.sch	archive/gen1-2015-2018/YACC1-BACKUP/PCB-Working/Sequencer-Memory-V1.1/Sequencer-Memory-V1.0.sch
YACCS-OLD/YACC1-BACKUP/PCB-Working/Sequencer-Memory-V1.1/gerbers.zip	archive/gen1-2015-2018/YACC1A1/PRODUCTION/SEQUENCER-MEMORY-Prod-V1.0/new - bus 1.21/gerbers.zip	archive/gen1-2015-2018/YACC1-BACKUP/PCB-Working/Sequencer-Memory-V1.1/gerbers.zip
YACCS-OLD/YACC1-BACKUP/PCB-Working/Sequencer-Memory-V1.1/gerbers/Sequencer-Memory-V1.0-3.cmp	archive/gen1-2015-2018/YACC1A1/PRODUCTION/SEQUENCER-MEMORY-Prod-V1.0/new - bus 1.21/gerbers/Sequencer-Memory-V1.0-3.cmp	archive/gen1-2015-2018/YACC1-BACKUP/PCB-Working/Sequencer-Memory-V1.1/gerbers/Sequencer-Memory-V1.0-3.cmp
YACCS-OLD/YACC1-BACKUP/PCB-Working/Sequencer-Memory-V1.1/gerbers/Sequencer-Memory-V1.0-3.drd	archive/gen1-2015-2018/YACC1A1/PRODUCTION/SEQUENCER-MEMORY-Prod-V1.0/new - bus 1.21/gerbers/Sequencer-Memory-V1.0-3.drd	archive/gen1-2015-2018/YACC1-BACKUP/PCB-Working/Sequencer-Memory-V1.1/gerbers/Sequencer-Memory-V1.0-3.drd
YACCS-OLD/YACC1-BACKUP/PCB-Working/Sequencer-Memory-V1.1/gerbers/Sequencer-Memory-V1.0-3.plc	archive/gen1-2015-2018/YACC1A1/PRODUCTION/SEQUENCER-MEMORY-Prod-V1.0/new - bus 1.21/gerbers/Sequencer-Memory-V1.0-3.plc	archive/gen1-2015-2018/YACC1-BACKUP/PCB-Working/Sequencer-Memory-V1.1/gerbers/Sequencer-Memory-V1.0-3.plc
YACCS-OLD/YACC1-BACKUP/PCB-Working/Sequencer-Memory-V1.1/gerbers/Sequencer-Memory-V1.0-3.sol	archive/gen1-2015-2018/YACC1A1/PRODUCTION/SEQUENCER-MEMORY-Prod-V1.0/new - bus 1.21/gerbers/Sequencer-Memory-V1.0-3.sol	archive/gen1-2015-2018/YACC1-BACKUP/PCB-Working/Sequencer-Memory-V1.1/gerbers/Sequencer-Memory-V1.0-3.sol
YACCS-OLD/YACC1-BACKUP/PCB-Working/Sequencer-Memory-V1.1/gerbers/Sequencer-Memory-V1.0-3.stc	archive/gen1-2015-2018/YACC1A1/PRODUCTION/SEQUENCER-MEMORY-Prod-V1.0/new - bus 1.21/gerbers/Sequencer-Memory-V1.0-3.stc	archive/gen1-2015-2018/YACC1-BACKUP/PCB-Working/Sequencer-Memory-V1.1/gerbers/Sequencer-Memory-V1.0-3.stc
YACCS-OLD/YACC1-BACKUP/PCB-Working/Sequencer-Memory-V1.1/gerbers/Sequencer-Memory-V1.0-3.sts	archive/gen1-2015-2018/YACC1A1/PRODUCTION/SEQUENCER-MEMORY-Prod-V1.0/new - bus 1.21/gerbers/Sequencer-Memory-V1.0-3.sts	archive/gen1-2015-2018/YACC1-BACKUP/PCB-Working/Sequencer-Memory-V1.1/gerbers/Sequencer-Memory-V1.0-3.sts
YACCS-OLD/YACC1-BACKUP/Simulation/Libraries/7400-lib.circ	archive/gen1-2015-2018/YACC1A1/Simulation/Libraries/7400-lib.circ	archive/gen1-2015-2018/YACC1-BACKUP/Simulation/Libraries/7400-lib.circ
YACCS-OLD/YACC1-BACKUP/Simulation/Libraries/7400-series-rev1.circ	archive/gen1-2015-2018/YACC1A1/Simulation/Libraries/7400-series-rev1.circ	archive/gen1-2015-2018/YACC1-BACKUP/Simulation/Libraries/7400-series-rev1.circ
YACCS-OLD/YACC1-BACKUP/Simulation/Libraries/74x/74109.circ	archive/gen1-2015-2018/YACC1A1/Simulation/Libraries/74x/74109.circ	archive/gen1-2015-2018/YACC1-BACKUP/Simulation/Libraries/74x/74109.circ
YACCS-OLD/YACC1-BACKUP/Simulation/Libraries/74x/74138.circ	archive/gen1-2015-2018/YACC1A1/Simulation/Libraries/74x/74138.circ	archive/gen1-2015-2018/YACC1-BACKUP/Simulation/Libraries/74x/74138.circ
YACCS-OLD/YACC1-BACKUP/Simulation/Libraries/74x/74147.circ	archive/gen1-2015-2018/YACC1A1/Simulation/Libraries/74x/74147.circ	archive/gen1-2015-2018/YACC1-BACKUP/Simulation/Libraries/74x/74147.circ
YACCS-OLD/YACC1-BACKUP/Simulation/Libraries/74x/74148.circ	archive/gen1-2015-2018/YACC1A1/Simulation/Libraries/74x/74148.circ	archive/gen1-2015-2018/YACC1-BACKUP/Simulation/Libraries/74x/74148.circ
YACCS-OLD/YACC1-BACKUP/Simulation/Libraries/74x/74151.circ	archive/gen1-2015-2018/YACC1A1/Simulation/Libraries/74x/74151.circ	archive/gen1-2015-2018/YACC1-BACKUP/Simulation/Libraries/74x/74151.circ
YACCS-OLD/YACC1-BACKUP/Simulation/Libraries/74x/74154.circ	archive/gen1-2015-2018/YACC1A1/Simulation/Libraries/74x/74154.circ	archive/gen1-2015-2018/YACC1-BACKUP/Simulation/Libraries/74x/74154.circ
YACCS-OLD/YACC1-BACKUP/Simulation/Libraries/74x/74157.circ	archive/gen1-2015-2018/YACC1A1/Simulation/Libraries/74x/74157.circ	archive/gen1-2015-2018/YACC1-BACKUP/Simulation/Libraries/74x/74157.circ
YACCS-OLD/YACC1-BACKUP/Simulation/Libraries/74x/74160.circ	archive/gen1-2015-2018/YACC1A1/Simulation/Libraries/74x/74160.circ	archive/gen1-2015-2018/YACC1-BACKUP/Simulation/Libraries/74x/74160.circ
YACCS-OLD/YACC1-BACKUP/Simulation/Libraries/74x/74163.circ	archive/gen1-2015-2018/YACC1A1/Simulation/Libraries/74x/74163.circ	archive/gen1-2015-2018/YACC1-BACKUP/Simulation/Libraries/74x/74163.circ
YACCS-OLD/YACC1-BACKUP/Simulation/Libraries/74x/74163v2.circ	archive/gen1-2015-2018/YACC1A1/Simulation/Libraries/74x/74163v2.circ	archive/gen1-2015-2018/YACC1-BACKUP/Simulation/Libraries/74x/74163v2.circ
YACCS-OLD/YACC1-BACKUP/Simulation/Libraries/74x/74164.circ	archive/gen1-2015-2018/YACC1A1/Simulation/Libraries/74x/74164.circ	archive/gen1-2015-2018/YACC1-BACKUP/Simulation/Libraries/74x/74164.circ
YACCS-OLD/YACC1-BACKUP/Simulation/Libraries/74x/74165.circ	archive/gen1-2015-2018/YACC1A1/Simulation/Libraries/74x/74165.circ	archive/gen1-2015-2018/YACC1-BACKUP/Simulation/Libraries/74x/74165.circ
YACCS-OLD/YACC1-BACKUP/Simulation/Libraries/74x/74166.circ	archive/gen1-2015-2018/YACC1A1/Simulation/Libraries/74x/74166.circ	archive/gen1-2015-2018/YACC1-BACKUP/Simulation/Libraries/74x/74166.circ
YACCS-OLD/YACC1-BACKUP/Simulation/Libraries/74x/74173.circ	archive/gen1-2015-2018/YACC1A1/Simulation/Libraries/74x/74173.circ	archive/gen1-2015-2018/YACC1-BACKUP/Simulation/Libraries/74x/74173.circ
YACCS-OLD/YACC1-BACKUP/Simulation/Libraries/74x/74181/74181 v2.circ	archive/gen1-2015-2018/YACC1A1/Simulation/Libraries/74x/74181/74181 v2.circ	archive/gen1-2015-2018/YACC1-BACKUP/Simulation/Libraries/74x/74181/74181 v2.circ
YACCS-OLD/YACC1-BACKUP/Simulation/Libraries/74x/74181/74181 v3.circ	archive/gen1-2015-2018/YACC1A1/Simulation/Libraries/74x/74181/74181 v3.circ	archive/gen1-2015-2018/YACC1-BACKUP/Simulation/Libraries/74x/74181/74181 v3.circ
YACCS-OLD/YACC1-BACKUP/Simulation/Libraries/74x/74181/74181.circ	archive/gen1-2015-2018/YACC1A1/Simulation/Libraries/74x/74181/74181.circ	archive/gen1-2015-2018/YACC1-BACKUP/Simulation/Libraries/74x/74181/74181.circ
YACCS-OLD/YACC1-BACKUP/Simulation/Libraries/74x/74181/test 74181.circ	archive/gen1-2015-2018/YACC1A1/Simulation/Libraries/74x/74181/test 74181.circ	archive/gen1-2015-2018/YACC1-BACKUP/Simulation/Libraries/74x/74181/test 74181.circ
YACCS-OLD/YACC1-BACKUP/Simulation/Libraries/74x/74182/74182.circ	archive/gen1-2015-2018/YACC1A1/Simulation/Libraries/74x/74182/74182.circ	archive/gen1-2015-2018/YACC1-BACKUP/Simulation/Libraries/74x/74182/74182.circ
YACCS-OLD/YACC1-BACKUP/Simulation/Libraries/74x/74182/test 74182.circ	archive/gen1-2015-2018/YACC1A1/Simulation/Libraries/74x/74182/test 74182.circ	archive/gen1-2015-2018/YACC1-BACKUP/Simulation/Libraries/74x/74182/test 74182.circ
YACCS-OLD/YACC1-BACKUP/Simulation/Libraries/74x/74193.circ	archive/gen1-2015-2018/YACC1A1/Simulation/Libraries/74x/74193.circ	archive/gen1-2015-2018/YACC1-BACKUP/Simulation/Libraries/74x/74193.circ
YACCS-OLD/YACC1-BACKUP/Simulation/Libraries/74x/74273.circ	archive/gen1-2015-2018/YACC1A1/Simulation/Libraries/74x/74273.circ	archive/gen1-2015-2018/YACC1-BACKUP/Simulation/Libraries/74x/74273.circ
YACCS-OLD/YACC1-BACKUP/Simulation/Libraries/74x/74374.circ	archive/gen1-2015-2018/YACC1A1/Simulation/Libraries/74x/74374.circ	archive/gen1-2015-2018/YACC1-BACKUP/Simulation/Libraries/74x/74374.circ
YACCS-OLD/YACC1-BACKUP/Simulation/Libraries/74x/74385.circ	archive/gen1-2015-2018/YACC1A1/Simulation/Libraries/74x/74385.circ	archive/gen1-2015-2018/YACC1-BACKUP/Simulation/Libraries/74x/74385.circ
YACCS-OLD/YACC1-BACKUP/Simulation/Libraries/74x/7442.circ	archive/gen1-2015-2018/YACC1A1/Simulation/Libraries/74x/7442.circ	archive/gen1-2015-2018/YACC1-BACKUP/Simulation/Libraries/74x/7442.circ
YACCS-OLD/YACC1-BACKUP/Simulation/Libraries/74x/7442v2.circ	archive/gen1-2015-2018/YACC1A1/Simulation/Libraries/74x/7442v2.circ	archive/gen1-2015-2018/YACC1-BACKUP/Simulation/Libraries/74x/7442v2.circ
YACCS-OLD/YACC1-BACKUP/Simulation/Libraries/74x/7451.circ	archive/gen1-2015-2018/YACC1A1/Simulation/Libraries/74x/7451.circ	archive/gen1-2015-2018/YACC1-BACKUP/Simulation/Libraries/74x/7451.circ
YACCS-OLD/YACC1-BACKUP/Simulation/Libraries/74x/74670.circ	archive/gen1-2015-2018/YACC1A1/Simulation/Libraries/74x/74670.circ	archive/gen1-2015-2018/YACC1-BACKUP/Simulation/Libraries/74x/74670.circ
YACCS-OLD/YACC1-BACKUP/Simulation/Libraries/74x/7474.circ	archive/gen1-2015-2018/YACC1A1/Simulation/Libraries/74x/7474.circ	archive/gen1-2015-2018/YACC1-BACKUP/Simulation/Libraries/74x/7474.circ
YACCS-OLD/YACC1-BACKUP/Simulation/Libraries/74x/7476.circ	archive/gen1-2015-2018/YACC1A1/Simulation/Libraries/74x/7476.circ	archive/gen1-2015-2018/YACC1-BACKUP/Simulation/Libraries/74x/7476.circ
YACCS-OLD/YACC1-BACKUP/Simulation/Libraries/74x/readme.txt	archive/gen1-2015-2018/YACC1A1/Simulation/Libraries/74x/readme.txt	archive/gen1-2015-2018/YACC1-BACKUP/Simulation/Libraries/74x/readme.txt
YACCS-OLD/YACC1-BACKUP/Simulation/Yacc1-Assembler/.idea/Yacc1-Assembler.iml	archive/gen1-2015-2018/YACC1A1/Simulation/Yacc1-Assembler/.idea/Yacc1-Assembler.iml	archive/gen1-2015-2018/YACC1-BACKUP/Simulation/Yacc1-Assembler/.idea/Yacc1-Assembler.iml
YACCS-OLD/YACC1-BACKUP/Simulation/Yacc1-Assembler/.idea/encodings.xml	archive/gen1-2015-2018/YACC1A1/Simulation/Yacc1-Assembler/.idea/encodings.xml	archive/gen1-2015-2018/YACC1-BACKUP/Simulation/Yacc1-Assembler/.idea/encodings.xml
YACCS-OLD/YACC1-BACKUP/Simulation/Yacc1-Assembler/.idea/misc.xml	archive/gen1-2015-2018/YACC1A1/Simulation/Yacc1-Assembler/.idea/misc.xml	archive/gen1-2015-2018/YACC1-BACKUP/Simulation/Yacc1-Assembler/.idea/misc.xml
YACCS-OLD/YACC1-BACKUP/Simulation/Yacc1-Assembler/.idea/modules.xml	archive/gen1-2015-2018/YACC1A1/Simulation/Yacc1-Assembler/.idea/modules.xml	archive/gen1-2015-2018/YACC1-BACKUP/Simulation/Yacc1-Assembler/.idea/modules.xml
YACCS-OLD/YACC1-BACKUP/Simulation/Yacc1-Assembler/.idea/other.xml	archive/gen1-2015-2018/YACC1A1/Simulation/Yacc1-Assembler/.idea/other.xml	archive/gen1-2015-2018/YACC1-BACKUP/Simulation/Yacc1-Assembler/.idea/other.xml
YACCS-OLD/YACC1-BACKUP/Simulation/Yacc1-Assembler/.idea/scopes/scope_settings.xml	archive/gen1-2015-2018/YACC1A1/Simulation/Yacc1-Assembler/.idea/scopes/scope_settings.xml	archive/gen1-2015-2018/YACC1-BACKUP/Simulation/Yacc1-Assembler/.idea/scopes/scope_settings.xml
YACCS-OLD/YACC1-BACKUP/Simulation/Yacc1-Assembler/.idea/testrunner.xml	archive/gen1-2015-2018/YACC1A1/Simulation/Yacc1-Assembler/.idea/testrunner.xml	archive/gen1-2015-2018/YACC1-BACKUP/Simulation/Yacc1-Assembler/.idea/testrunner.xml
YACCS-OLD/YACC1-BACKUP/Simulation/Yacc1-Assembler/.idea/vcs.xml	archive/gen1-2015-2018/YACC1A1/Simulation/Yacc1-Assembler/.idea/vcs.xml	archive/gen1-2015-2018/YACC1-BACKUP/Simulation/Yacc1-Assembler/.idea/vcs.xml
YACCS-OLD/YACC1-BACKUP/Simulation/Yacc1-Assembler/.idea/workspace.xml	archive/gen1-2015-2018/YACC1A1/Simulation/Yacc1-Assembler/.idea/workspace.xml	archive/gen1-2015-2018/YACC1-BACKUP/Simulation/Yacc1-Assembler/.idea/workspace.xml
YACCS-OLD/YACC1-BACKUP/Simulation/Yacc1-Assembler/loadrom	archive/gen1-2015-2018/YACC1A1/Simulation/Yacc1-Assembler/loadrom	archive/gen1-2015-2018/YACC1-BACKUP/Simulation/Yacc1-Assembler/loadrom
YACCS-OLD/YACC1-BACKUP/Simulation/Yacc1-Assembler/main.py	archive/gen1-2015-2018/YACC1A1/Simulation/Yacc1-Assembler/main.py	archive/gen1-2015-2018/YACC1-BACKUP/Simulation/Yacc1-Assembler/main.py
YACCS-OLD/YACC1-BACKUP/Simulation/Yacc1-Assembler/workfile.asm	archive/gen1-2015-2018/YACC1A1/Simulation/Yacc1-Assembler/workfile.asm	archive/gen1-2015-2018/YACC1-BACKUP/Simulation/Yacc1-Assembler/workfile.asm
YACCS-OLD/YACC1-BACKUP/Simulation/Yacc1-Assembler/workfile2.asm	archive/gen1-2015-2018/YACC1A1/Simulation/Yacc1-Assembler/workfile2.asm	archive/gen1-2015-2018/YACC1-BACKUP/Simulation/Yacc1-Assembler/workfile2.asm
YACCS-OLD/YACC1-BACKUP/Simulation/Yacc1-Assembler/workfile2.lst	archive/gen1-2015-2018/YACC1A1/Simulation/Yacc1-Assembler/workfile2.lst	archive/gen1-2015-2018/YACC1-BACKUP/Simulation/Yacc1-Assembler/workfile2.lst
YACCS-OLD/YACC1-BACKUP/Simulation/yacc1 micro code rom creator/.idea/encodings.xml	archive/gen1-2015-2018/YACC1A1/Simulation/Yacc1-Assembler/.idea/encodings.xml	archive/gen1-2015-2018/YACC1-BACKUP/Simulation/yacc1 micro code rom creator/.idea/encodings.xml
YACCS-OLD/YACC1-BACKUP/Simulation/yacc1 micro code rom creator/.idea/misc.xml	archive/gen1-2015-2018/YACC1A1/Simulation/Yacc1-Assembler/.idea/misc.xml	archive/gen1-2015-2018/YACC1-BACKUP/Simulation/yacc1 micro code rom creator/.idea/misc.xml
YACCS-OLD/YACC1-BACKUP/Simulation/yacc1 micro code rom creator/.idea/modules.xml	archive/gen1-2015-2018/YACC1A1/Simulation/yacc1 micro code rom creator/.idea/modules.xml	archive/gen1-2015-2018/YACC1-BACKUP/Simulation/yacc1 micro code rom creator/.idea/modules.xml
YACCS-OLD/YACC1-BACKUP/Simulation/yacc1 micro code rom creator/.idea/other.xml	archive/gen1-2015-2018/YACC1A1/Simulation/Yacc1-Assembler/.idea/other.xml	archive/gen1-2015-2018/YACC1-BACKUP/Simulation/yacc1 micro code rom creator/.idea/other.xml
YACCS-OLD/YACC1-BACKUP/Simulation/yacc1 micro code rom creator/.idea/scopes/scope_settings.xml	archive/gen1-2015-2018/YACC1A1/Simulation/Yacc1-Assembler/.idea/scopes/scope_settings.xml	archive/gen1-2015-2018/YACC1-BACKUP/Simulation/yacc1 micro code rom creator/.idea/scopes/scope_settings.xml
YACCS-OLD/YACC1-BACKUP/Simulation/yacc1 micro code rom creator/.idea/testrunner.xml	archive/gen1-2015-2018/YACC1A1/Simulation/Yacc1-Assembler/.idea/testrunner.xml	archive/gen1-2015-2018/YACC1-BACKUP/Simulation/yacc1 micro code rom creator/.idea/testrunner.xml
YACCS-OLD/YACC1-BACKUP/Simulation/yacc1 micro code rom creator/.idea/vcs.xml	archive/gen1-2015-2018/YACC1A1/Simulation/Yacc1-Assembler/.idea/vcs.xml	archive/gen1-2015-2018/YACC1-BACKUP/Simulation/yacc1 micro code rom creator/.idea/vcs.xml
YACCS-OLD/YACC1-BACKUP/Simulation/yacc1 micro code rom creator/.idea/workspace.xml	archive/gen1-2015-2018/YACC1A1/Simulation/yacc1 micro code rom creator/.idea/workspace.xml	archive/gen1-2015-2018/YACC1-BACKUP/Simulation/yacc1 micro code rom creator/.idea/workspace.xml
YACCS-OLD/YACC1-BACKUP/Simulation/yacc1 micro code rom creator/.idea/yacc1 micro code rom creator.iml	archive/gen1-2015-2018/YACC1A1/Simulation/Yacc1-Assembler/.idea/Yacc1-Assembler.iml	archive/gen1-2015-2018/YACC1-BACKUP/Simulation/yacc1 micro code rom creator/.idea/yacc1 micro code rom creator.iml
YACCS-OLD/YACC1-BACKUP/Simulation/yacc1 micro code rom creator/codefile	archive/gen1-2015-2018/YACC1A1/Simulation/yacc1 micro code rom creator/codefile	archive/gen1-2015-2018/YACC1-BACKUP/Simulation/yacc1 micro code rom creator/codefile
YACCS-OLD/YACC1-BACKUP/Simulation/yacc1 micro code rom creator/main.py	archive/gen1-2015-2018/YACC1A1/Simulation/yacc1 micro code rom creator/main.py	archive/gen1-2015-2018/YACC1-BACKUP/Simulation/yacc1 micro code rom creator/main.py
YACCS-OLD/YACC1-BACKUP/Simulation/yacc1 micro code rom creator/testfile	archive/gen1-2015-2018/YACC1A1/Simulation/yacc1 micro code rom creator/testfile	archive/gen1-2015-2018/YACC1-BACKUP/Simulation/yacc1 micro code rom creator/testfile
YACCS-OLD/YACC1-BACKUP/Simulation/z-old/Opcodes Yacc1 - Sheet1.pdf	archive/gen1-2015-2018/YACC1A1/Simulation/z-old/Opcodes Yacc1 - Sheet1.pdf	archive/gen1-2015-2018/YACC1-BACKUP/Simulation/z-old/Opcodes Yacc1 - Sheet1.pdf
YACCS-OLD/YACC1-BACKUP/Simulation/z-old/README.md	archive/gen1-2015-2018/YACC1A1/Simulation/z-old/README.md	archive/gen1-2015-2018/YACC1-BACKUP/Simulation/z-old/README.md
YACCS-OLD/YACC1-BACKUP/Simulation/z-old/Yacc1-Assembler/.idea/Yacc1-Assembler.iml	archive/gen1-2015-2018/YACC1A1/Simulation/Yacc1-Assembler/.idea/Yacc1-Assembler.iml	archive/gen1-2015-2018/YACC1-BACKUP/Simulation/z-old/Yacc1-Assembler/.idea/Yacc1-Assembler.iml
YACCS-OLD/YACC1-BACKUP/Simulation/z-old/Yacc1-Assembler/.idea/encodings.xml	archive/gen1-2015-2018/YACC1A1/Simulation/Yacc1-Assembler/.idea/encodings.xml	archive/gen1-2015-2018/YACC1-BACKUP/Simulation/z-old/Yacc1-Assembler/.idea/encodings.xml
YACCS-OLD/YACC1-BACKUP/Simulation/z-old/Yacc1-Assembler/.idea/misc.xml	archive/gen1-2015-2018/YACC1A1/Simulation/Yacc1-Assembler/.idea/misc.xml	archive/gen1-2015-2018/YACC1-BACKUP/Simulation/z-old/Yacc1-Assembler/.idea/misc.xml
YACCS-OLD/YACC1-BACKUP/Simulation/z-old/Yacc1-Assembler/.idea/modules.xml	archive/gen1-2015-2018/YACC1A1/Simulation/Yacc1-Assembler/.idea/modules.xml	archive/gen1-2015-2018/YACC1-BACKUP/Simulation/z-old/Yacc1-Assembler/.idea/modules.xml
YACCS-OLD/YACC1-BACKUP/Simulation/z-old/Yacc1-Assembler/.idea/other.xml	archive/gen1-2015-2018/YACC1A1/Simulation/Yacc1-Assembler/.idea/other.xml	archive/gen1-2015-2018/YACC1-BACKUP/Simulation/z-old/Yacc1-Assembler/.idea/other.xml
YACCS-OLD/YACC1-BACKUP/Simulation/z-old/Yacc1-Assembler/.idea/scopes/scope_settings.xml	archive/gen1-2015-2018/YACC1A1/Simulation/Yacc1-Assembler/.idea/scopes/scope_settings.xml	archive/gen1-2015-2018/YACC1-BACKUP/Simulation/z-old/Yacc1-Assembler/.idea/scopes/scope_settings.xml
YACCS-OLD/YACC1-BACKUP/Simulation/z-old/Yacc1-Assembler/.idea/testrunner.xml	archive/gen1-2015-2018/YACC1A1/Simulation/Yacc1-Assembler/.idea/testrunner.xml	archive/gen1-2015-2018/YACC1-BACKUP/Simulation/z-old/Yacc1-Assembler/.idea/testrunner.xml
YACCS-OLD/YACC1-BACKUP/Simulation/z-old/Yacc1-Assembler/.idea/vcs.xml	archive/gen1-2015-2018/YACC1A1/Simulation/Yacc1-Assembler/.idea/vcs.xml	archive/gen1-2015-2018/YACC1-BACKUP/Simulation/z-old/Yacc1-Assembler/.idea/vcs.xml
YACCS-OLD/YACC1-BACKUP/Simulation/z-old/Yacc1-Assembler/.idea/workspace.xml	archive/gen1-2015-2018/YACC1A1/Simulation/z-old/Yacc1-Assembler/.idea/workspace.xml	archive/gen1-2015-2018/YACC1-BACKUP/Simulation/z-old/Yacc1-Assembler/.idea/workspace.xml
YACCS-OLD/YACC1-BACKUP/Simulation/z-old/Yacc1-Assembler/loadrom	archive/gen1-2015-2018/YACC1A1/Simulation/Yacc1-Assembler/loadrom	archive/gen1-2015-2018/YACC1-BACKUP/Simulation/z-old/Yacc1-Assembler/loadrom
YACCS-OLD/YACC1-BACKUP/Simulation/z-old/Yacc1-Assembler/main.py	archive/gen1-2015-2018/YACC1A1/Simulation/Yacc1-Assembler/main.py	archive/gen1-2015-2018/YACC1-BACKUP/Simulation/z-old/Yacc1-Assembler/main.py
YACCS-OLD/YACC1-BACKUP/Simulation/z-old/Yacc1-Assembler/workfile.asm	archive/gen1-2015-2018/YACC1A1/Simulation/Yacc1-Assembler/workfile.asm	archive/gen1-2015-2018/YACC1-BACKUP/Simulation/z-old/Yacc1-Assembler/workfile.asm
YACCS-OLD/YACC1-BACKUP/Simulation/z-old/Yacc1-Assembler/workfile2.asm	archive/gen1-2015-2018/YACC1A1/Simulation/Yacc1-Assembler/workfile2.asm	archive/gen1-2015-2018/YACC1-BACKUP/Simulation/z-old/Yacc1-Assembler/workfile2.asm
YACCS-OLD/YACC1-BACKUP/Simulation/z-old/Yacc1-Assembler/workfile2.lst	archive/gen1-2015-2018/YACC1A1/Simulation/Yacc1-Assembler/workfile2.lst	archive/gen1-2015-2018/YACC1-BACKUP/Simulation/z-old/Yacc1-Assembler/workfile2.lst
YACCS-OLD/YACC1-BACKUP/Simulation/z-old/yacc1 micro code rom creator/.idea/encodings.xml	archive/gen1-2015-2018/YACC1A1/Simulation/Yacc1-Assembler/.idea/encodings.xml	archive/gen1-2015-2018/YACC1-BACKUP/Simulation/z-old/yacc1 micro code rom creator/.idea/encodings.xml
YACCS-OLD/YACC1-BACKUP/Simulation/z-old/yacc1 micro code rom creator/.idea/misc.xml	archive/gen1-2015-2018/YACC1A1/Simulation/Yacc1-Assembler/.idea/misc.xml	archive/gen1-2015-2018/YACC1-BACKUP/Simulation/z-old/yacc1 micro code rom creator/.idea/misc.xml
YACCS-OLD/YACC1-BACKUP/Simulation/z-old/yacc1 micro code rom creator/.idea/modules.xml	archive/gen1-2015-2018/YACC1A1/Simulation/yacc1 micro code rom creator/.idea/modules.xml	archive/gen1-2015-2018/YACC1-BACKUP/Simulation/z-old/yacc1 micro code rom creator/.idea/modules.xml
YACCS-OLD/YACC1-BACKUP/Simulation/z-old/yacc1 micro code rom creator/.idea/other.xml	archive/gen1-2015-2018/YACC1A1/Simulation/Yacc1-Assembler/.idea/other.xml	archive/gen1-2015-2018/YACC1-BACKUP/Simulation/z-old/yacc1 micro code rom creator/.idea/other.xml
YACCS-OLD/YACC1-BACKUP/Simulation/z-old/yacc1 micro code rom creator/.idea/scopes/scope_settings.xml	archive/gen1-2015-2018/YACC1A1/Simulation/Yacc1-Assembler/.idea/scopes/scope_settings.xml	archive/gen1-2015-2018/YACC1-BACKUP/Simulation/z-old/yacc1 micro code rom creator/.idea/scopes/scope_settings.xml
YACCS-OLD/YACC1-BACKUP/Simulation/z-old/yacc1 micro code rom creator/.idea/testrunner.xml	archive/gen1-2015-2018/YACC1A1/Simulation/Yacc1-Assembler/.idea/testrunner.xml	archive/gen1-2015-2018/YACC1-BACKUP/Simulation/z-old/yacc1 micro code rom creator/.idea/testrunner.xml
YACCS-OLD/YACC1-BACKUP/Simulation/z-old/yacc1 micro code rom creator/.idea/vcs.xml	archive/gen1-2015-2018/YACC1A1/Simulation/Yacc1-Assembler/.idea/vcs.xml	archive/gen1-2015-2018/YACC1-BACKUP/Simulation/z-old/yacc1 micro code rom creator/.idea/vcs.xml
YACCS-OLD/YACC1-BACKUP/Simulation/z-old/yacc1 micro code rom creator/.idea/workspace.xml	archive/gen1-2015-2018/YACC1A1/Simulation/z-old/yacc1 micro code rom creator/.idea/workspace.xml	archive/gen1-2015-2018/YACC1-BACKUP/Simulation/z-old/yacc1 micro code rom creator/.idea/workspace.xml
YACCS-OLD/YACC1-BACKUP/Simulation/z-old/yacc1 micro code rom creator/.idea/yacc1 micro code rom creator.iml	archive/gen1-2015-2018/YACC1A1/Simulation/Yacc1-Assembler/.idea/Yacc1-Assembler.iml	archive/gen1-2015-2018/YACC1-BACKUP/Simulation/z-old/yacc1 micro code rom creator/.idea/yacc1 micro code rom creator.iml
YACCS-OLD/YACC1-BACKUP/Simulation/z-old/yacc1 micro code rom creator/codefile	archive/gen1-2015-2018/YACC1A1/Simulation/yacc1 micro code rom creator/codefile	archive/gen1-2015-2018/YACC1-BACKUP/Simulation/z-old/yacc1 micro code rom creator/codefile
YACCS-OLD/YACC1-BACKUP/Simulation/z-old/yacc1 micro code rom creator/main.py	archive/gen1-2015-2018/YACC1A1/Simulation/yacc1 micro code rom creator/main.py	archive/gen1-2015-2018/YACC1-BACKUP/Simulation/z-old/yacc1 micro code rom creator/main.py
YACCS-OLD/YACC1-BACKUP/Simulation/z-old/yacc1 micro code rom creator/testfile	archive/gen1-2015-2018/YACC1A1/Simulation/yacc1 micro code rom creator/testfile	archive/gen1-2015-2018/YACC1-BACKUP/Simulation/z-old/yacc1 micro code rom creator/testfile
YACCS-OLD/YACC1-BACKUP/Software/BUS V1.1/test_monitor-a/test_monitor-a.ino	archive/gen1-2015-2018/YACC1A1/Software/BUS V1.1/test_monitor-a/test_monitor-a.ino	archive/gen1-2015-2018/YACC1-BACKUP/Software/BUS V1.1/test_monitor-a/test_monitor-a.ino
YACCS-OLD/YACC1-BACKUP/Software/BUS V1.1/test_monitor/test_monitor.ino	archive/gen1-2015-2018/YACC1A1/Software/BUS V1.1/test_monitor/test_monitor.ino	archive/gen1-2015-2018/YACC1-BACKUP/Software/BUS V1.1/test_monitor/test_monitor.ino
YACCS-OLD/YACC1-BACKUP/Software/BUS V1.21/test_monitor-2/test_monitor-2.ino	archive/gen1-2015-2018/YACC1A/deprecated/Software/BUS V1.21/test_monitor-2/test_monitor-2.ino	archive/gen1-2015-2018/YACC1-BACKUP/Software/BUS V1.21/test_monitor-2/test_monitor-2.ino
YACCS-OLD/YACC1-BACKUP/Software/BUS V1.21/test_monitor/test_monitor.ino	archive/gen1-2015-2018/YACC1A1/Software/BUS V1.21/test_monitor/test_monitor.ino	archive/gen1-2015-2018/YACC1-BACKUP/Software/BUS V1.21/test_monitor/test_monitor.ino
YACCS-OLD/YACC1-BACKUP/Software/CommonHeaderFiles/nbproject/configurations.xml	archive/gen1-2015-2018/YACC1-BACKUP/Old/NewFolder/test EPROM/nbproject/configurations.xml	archive/gen1-2015-2018/YACC1-BACKUP/Software/CommonHeaderFiles/nbproject/configurations.xml
YACCS-OLD/YACC1-BACKUP/Software/Sequencer/EEPROM.ino	embedded/sequencer-card/deprecated/sequencer1/EEPROM.ino	archive/gen1-2015-2018/YACC1-BACKUP/Software/Sequencer/EEPROM.ino
YACCS-OLD/YACC1-BACKUP/Software/Sequencer/IO.ino	archive/superseded-revisions/sequencer-card-old/Sequencer copy/IO.ino	archive/gen1-2015-2018/YACC1-BACKUP/Software/Sequencer/IO.ino
YACCS-OLD/YACC1-BACKUP/Software/Sequencer/download.ino	archive/superseded-revisions/sequencer-card-old/Sequencer copy/download.ino	archive/gen1-2015-2018/YACC1-BACKUP/Software/Sequencer/download.ino
YACCS-OLD/YACC1-BACKUP/Software/Sequencer/uCodeRAM.ino	archive/superseded-revisions/sequencer-card-old/Sequencer copy/uCodeRAM.ino	archive/gen1-2015-2018/YACC1-BACKUP/Software/Sequencer/uCodeRAM.ino
YACCS-OLD/YACC1-BACKUP/Software/Sequencer/uCodeROM.ino	archive/superseded-revisions/sequencer-card-old/Sequencer copy/uCodeROM.ino	archive/gen1-2015-2018/YACC1-BACKUP/Software/Sequencer/uCodeROM.ino
YACCS-OLD/YACC1-BACKUP/Software/microcode_sender/Untitled.rtf	embedded/command-sender/deprecated/old/command_sender/Untitled.rtf	archive/gen1-2015-2018/YACC1-BACKUP/Software/microcode_sender/Untitled.rtf
YACCS-OLD/YACC1-BACKUP/Software/microcode_sender/commands.txt	tests/bus-tester-scripts/deprecated/gen1-2016/commands-1.txt	archive/gen1-2015-2018/YACC1-BACKUP/Software/microcode_sender/commands.txt
YACCS-OLD/YACC1-BACKUP/Software/microcode_sender/commandsA.txt	tests/bus-tester-scripts/deprecated/gen1-2016/commands-2.txt	archive/gen1-2015-2018/YACC1-BACKUP/Software/microcode_sender/commandsA.txt
YACCS-OLD/YACC1-BACKUP/Software/test EPROM/nbproject/Makefile-Debug.mk	archive/superseded-revisions/software-old-obsolete/Memory Card/test EPROM/nbproject/Makefile-Debug.mk	archive/gen1-2015-2018/YACC1-BACKUP/Software/test EPROM/nbproject/Makefile-Debug.mk
YACCS-OLD/YACC1-BACKUP/Software/test EPROM/nbproject/Makefile-Release.mk	archive/superseded-revisions/software-old-obsolete/Memory Card/test EPROM/nbproject/Makefile-Release.mk	archive/gen1-2015-2018/YACC1-BACKUP/Software/test EPROM/nbproject/Makefile-Release.mk
YACCS-OLD/YACC1-BACKUP/Software/test EPROM/nbproject/Makefile-impl.mk	archive/superseded-revisions/software-old-obsolete/Memory Card/test EPROM/nbproject/Makefile-impl.mk	archive/gen1-2015-2018/YACC1-BACKUP/Software/test EPROM/nbproject/Makefile-impl.mk
YACCS-OLD/YACC1-BACKUP/Software/test EPROM/nbproject/Makefile-variables.mk	archive/superseded-revisions/software-old-obsolete/Memory Card/test EPROM/nbproject/Makefile-variables.mk	archive/gen1-2015-2018/YACC1-BACKUP/Software/test EPROM/nbproject/Makefile-variables.mk
YACCS-OLD/YACC1-BACKUP/Software/test EPROM/nbproject/Package-Debug.bash	archive/superseded-revisions/software-old-obsolete/Memory Card/test EPROM/nbproject/Package-Debug.bash	archive/gen1-2015-2018/YACC1-BACKUP/Software/test EPROM/nbproject/Package-Debug.bash
YACCS-OLD/YACC1-BACKUP/Software/test EPROM/nbproject/Package-Release.bash	archive/superseded-revisions/software-old-obsolete/Memory Card/test EPROM/nbproject/Package-Release.bash	archive/gen1-2015-2018/YACC1-BACKUP/Software/test EPROM/nbproject/Package-Release.bash
YACCS-OLD/YACC1-BACKUP/Software/test EPROM/nbproject/configurations.xml	archive/gen1-2015-2018/YACC1-BACKUP/Old/NewFolder/test EPROM/nbproject/configurations.xml	archive/gen1-2015-2018/YACC1-BACKUP/Software/test EPROM/nbproject/configurations.xml
YACCS-OLD/YACC1-BACKUP/Software/test_monitor/BUS V1.21/test_monitor/test_monitor.ino	archive/gen1-2015-2018/YACC1A1/Software/test_monitor/BUS V1.21/test_monitor/test_monitor.ino	archive/gen1-2015-2018/YACC1-BACKUP/Software/test_monitor/BUS V1.21/test_monitor/test_monitor.ino
YACCS-OLD/YACC1-BACKUP/Software/uCode-Generator/code.h	archive/superseded-revisions/sequencer-card-old/uCode-Generator copy/code.h.orig.h	archive/gen1-2015-2018/YACC1-BACKUP/Software/uCode-Generator/code.h
YACCS-OLD/YACC1-BACKUP/Software/uCode-Generator/nbproject/Makefile-Debug.mk	archive/gen1-2015-2018/YACC1A/deprecated/Software/uCode-Generator/nbproject/Makefile-Debug.mk	archive/gen1-2015-2018/YACC1-BACKUP/Software/uCode-Generator/nbproject/Makefile-Debug.mk
YACCS-OLD/YACC1-BACKUP/Software/uCode-Generator/nbproject/Makefile-Release.mk	archive/gen1-2015-2018/YACC1A/deprecated/Software/uCode-Generator/nbproject/Makefile-Release.mk	archive/gen1-2015-2018/YACC1-BACKUP/Software/uCode-Generator/nbproject/Makefile-Release.mk
YACCS-OLD/YACC1-BACKUP/Software/uCode-Generator/nbproject/Makefile-impl.mk	archive/superseded-revisions/sequencer-card-old/uCode-Generator copy/nbproject/Makefile-impl.mk	archive/gen1-2015-2018/YACC1-BACKUP/Software/uCode-Generator/nbproject/Makefile-impl.mk
YACCS-OLD/YACC1-BACKUP/Software/uCode-Generator/nbproject/Makefile-variables.mk	archive/superseded-revisions/sequencer-card-old/uCode-Generator copy/nbproject/Makefile-variables.mk	archive/gen1-2015-2018/YACC1-BACKUP/Software/uCode-Generator/nbproject/Makefile-variables.mk
YACCS-OLD/YACC1-BACKUP/Software/uCode-Generator/nbproject/Package-Debug.bash	archive/superseded-revisions/sequencer-card-old/uCode-Generator copy/nbproject/Package-Debug.bash	archive/gen1-2015-2018/YACC1-BACKUP/Software/uCode-Generator/nbproject/Package-Debug.bash
YACCS-OLD/YACC1-BACKUP/Software/uCode-Generator/nbproject/Package-Release.bash	archive/superseded-revisions/sequencer-card-old/uCode-Generator copy/nbproject/Package-Release.bash	archive/gen1-2015-2018/YACC1-BACKUP/Software/uCode-Generator/nbproject/Package-Release.bash
YACCS-OLD/YACC1-BACKUP/Software/uCode-Generator/nbproject/configurations.xml	archive/superseded-revisions/software-old-obsolete/Memory Card/test EPROM/nbproject/configurations.xml	archive/gen1-2015-2018/YACC1-BACKUP/Software/uCode-Generator/nbproject/configurations.xml
YACCS-OLD/YACC1-BACKUP/Software/uCode-Generator/nbproject/project.xml	archive/gen1-2015-2018/YACC1A/deprecated/Software/uCode-Generator/nbproject/project.xml	archive/gen1-2015-2018/YACC1-BACKUP/Software/uCode-Generator/nbproject/project.xml
YACCS-OLD/YACC1-BACKUP/Software/uCode-Generator/test.hex.short.hex	archive/superseded-revisions/sequencer-card-old/uCode-Generator copy/test.hex.short.hex	archive/gen1-2015-2018/YACC1-BACKUP/Software/uCode-Generator/test.hex.short.hex
YACCS-OLD/YACC1-BACKUP/Tests/Gen Test Vectors/a.out	archive/gen1-2015-2018/YACC1A1/Tests/CodeGen/a.out	archive/gen1-2015-2018/YACC1-BACKUP/Tests/Gen Test Vectors/a.out
YACCS-OLD/YACC1-BACKUP/Tests/Gen Test Vectors/codegen.c	archive/gen1-2015-2018/YACC1A1/Tests/CodeGen/codegen.c	archive/gen1-2015-2018/YACC1-BACKUP/Tests/Gen Test Vectors/codegen.c
YACCS-OLD/YACC1-BACKUP/Tests/Test EEPROM/mem/mem.ino	archive/gen1-2015-2018/YACC1A/Tests/Test EEPROM/mem/mem.ino	archive/gen1-2015-2018/YACC1-BACKUP/Tests/Test EEPROM/mem/mem.ino
YACCS-OLD/YACC1-BACKUP/Tests/Test Vectors/ALU/add	tests/bus-tester-scripts/deprecated/gen1-2016/ALU/add	archive/gen1-2015-2018/YACC1-BACKUP/Tests/Test Vectors/ALU/add
YACCS-OLD/YACC1-BACKUP/Tests/Test Vectors/ALU/and	archive/gen1-2015-2018/YACC1A1/Tests/ALU/and	archive/gen1-2015-2018/YACC1-BACKUP/Tests/Test Vectors/ALU/and
YACCS-OLD/YACC1-BACKUP/Tests/Test Vectors/ALU/base	tests/bus-tester-scripts/deprecated/gen1-2016/ALU/base	archive/gen1-2015-2018/YACC1-BACKUP/Tests/Test Vectors/ALU/base
YACCS-OLD/YACC1-BACKUP/Tests/Test Vectors/ALU/branch	tests/bus-tester-scripts/deprecated/gen1-2016/ALU/branch	archive/gen1-2015-2018/YACC1-BACKUP/Tests/Test Vectors/ALU/branch
YACCS-OLD/YACC1-BACKUP/Tests/Test Vectors/ALU/comands.txt	tests/bus-tester-scripts/deprecated/gen1-2016/ALU/zero	archive/gen1-2015-2018/YACC1-BACKUP/Tests/Test Vectors/ALU/comands.txt
YACCS-OLD/YACC1-BACKUP/Tests/Test Vectors/ALU/data	tests/bus-tester-scripts/deprecated/gen1-2016/ALU/data	archive/gen1-2015-2018/YACC1-BACKUP/Tests/Test Vectors/ALU/data
YACCS-OLD/YACC1-BACKUP/Tests/Test Vectors/ALU/incdec	tests/bus-tester-scripts/deprecated/gen1-2016/ALU/incdec	archive/gen1-2015-2018/YACC1-BACKUP/Tests/Test Vectors/ALU/incdec
YACCS-OLD/YACC1-BACKUP/Tests/Test Vectors/ALU/invert	tests/bus-tester-scripts/deprecated/gen1-2016/ALU/invert	archive/gen1-2015-2018/YACC1-BACKUP/Tests/Test Vectors/ALU/invert
YACCS-OLD/YACC1-BACKUP/Tests/Test Vectors/ALU/or	tests/bus-tester-scripts/deprecated/gen1-2016/ALU/or	archive/gen1-2015-2018/YACC1-BACKUP/Tests/Test Vectors/ALU/or
YACCS-OLD/YACC1-BACKUP/Tests/Test Vectors/ALU/shift	tests/bus-tester-scripts/deprecated/gen1-2016/ALU/shift	archive/gen1-2015-2018/YACC1-BACKUP/Tests/Test Vectors/ALU/shift
YACCS-OLD/YACC1-BACKUP/Tests/Test Vectors/ALU/shift2	tests/bus-tester-scripts/deprecated/gen1-2016/ALU/shift2	archive/gen1-2015-2018/YACC1-BACKUP/Tests/Test Vectors/ALU/shift2
YACCS-OLD/YACC1-BACKUP/Tests/Test Vectors/ALU/shift3	tests/bus-tester-scripts/deprecated/gen1-2016/ALU/shift3	archive/gen1-2015-2018/YACC1-BACKUP/Tests/Test Vectors/ALU/shift3
YACCS-OLD/YACC1-BACKUP/Tests/Test Vectors/ALU/sub	tests/bus-tester-scripts/deprecated/gen1-2016/ALU/sub	archive/gen1-2015-2018/YACC1-BACKUP/Tests/Test Vectors/ALU/sub
YACCS-OLD/YACC1-BACKUP/Tests/Test Vectors/ALU/xor	tests/bus-tester-scripts/deprecated/gen1-2016/ALU/xor	archive/gen1-2015-2018/YACC1-BACKUP/Tests/Test Vectors/ALU/xor
YACCS-OLD/YACC1-BACKUP/Tests/Test Vectors/ALU/zero	tests/bus-tester-scripts/deprecated/gen1-2016/ALU/zero	archive/gen1-2015-2018/YACC1-BACKUP/Tests/Test Vectors/ALU/zero
YACCS-OLD/YACC1-BACKUP/Tests/Test Vectors/Registers/BASICREG.txt	tests/bus-tester-scripts/deprecated/gen1-2016/ALU/data	archive/gen1-2015-2018/YACC1-BACKUP/Tests/Test Vectors/Registers/BASICREG.txt
YACCS-OLD/YACC1-BACKUP/Tests/Test Vectors/Registers/commands.txt	tests/bus-tester-scripts/deprecated/gen1-2016/ALU/data	archive/gen1-2015-2018/YACC1-BACKUP/Tests/Test Vectors/Registers/commands.txt
YACCS-OLD/YACC1-BACKUP/Tests/Test Vectors/SP-PC/commands2.txt	tests/bus-tester-scripts/deprecated/gen1-2016/commands-1.txt	archive/gen1-2015-2018/YACC1-BACKUP/Tests/Test Vectors/SP-PC/commands2.txt
YACCS-OLD/YACC1-BACKUP/Tests/command_sender/Untitled.rtf	embedded/command-sender/deprecated/old/command_sender/Untitled.rtf	archive/gen1-2015-2018/YACC1-BACKUP/Tests/command_sender/Untitled.rtf
YACCS-OLD/YACC1-BACKUP/Tests/command_sender/command_sender.pde	embedded/command-sender/deprecated/old/command_sender/command_sender.pde	archive/gen1-2015-2018/YACC1-BACKUP/Tests/command_sender/command_sender.pde
YACCS-OLD/YACC1-BACKUP/Tests/command_sender/commands.txt	tests/bus-tester-scripts/deprecated/gen1-2016/commands-1.txt	archive/gen1-2015-2018/YACC1-BACKUP/Tests/command_sender/commands.txt
YACCS-OLD/YACC1-BACKUP/Tests/command_sender/commandsA.txt	tests/bus-tester-scripts/deprecated/gen1-2016/commands-2.txt	archive/gen1-2015-2018/YACC1-BACKUP/Tests/command_sender/commandsA.txt
YACCS-OLD/YACC1-BACKUP/Tests/commands.txt	archive/gen1-2015-2018/YACC1A/Tests/commands.txt	archive/gen1-2015-2018/YACC1-BACKUP/Tests/commands.txt
YACCS-OLD/YACC1-BACKUP/Tests/readtest_from_serial/Untitled.rtf	embedded/command-sender/deprecated/old/command_sender/Untitled.rtf	archive/gen1-2015-2018/YACC1-BACKUP/Tests/readtest_from_serial/Untitled.rtf
YACCS-OLD/YACC1-BACKUP/Tests/readtest_from_serial/commands.txt	tests/bus-tester-scripts/deprecated/gen1-2016/commands-1.txt	archive/gen1-2015-2018/YACC1-BACKUP/Tests/readtest_from_serial/commands.txt
YACCS-OLD/YACC1-BACKUP/Tests/readtest_from_serial/commandsA.txt	tests/bus-tester-scripts/deprecated/gen1-2016/commands-2.txt	archive/gen1-2015-2018/YACC1-BACKUP/Tests/readtest_from_serial/commandsA.txt
YACCS-OLD/YACC1-BACKUP/Tests/readtest_from_serial/microcode_sender_readtest.pde	archive/gen1-2015-2018/YACC1A/Tests/readtest_from_serial/microcode_sender_readtest.pde	archive/gen1-2015-2018/YACC1-BACKUP/Tests/readtest_from_serial/microcode_sender_readtest.pde
YACCS-OLD/YACC1-BACKUP/UPDATE to 1.21.rtf	archive/gen1-2015-2018/YACC1A1/UPDATE to 1.21.rtf	archive/gen1-2015-2018/YACC1-BACKUP/UPDATE to 1.21.rtf
YACCS-OLD/YACC1-BACKUP/backup pre git/Software/BUS V1.1/test_monitor-a/test_monitor-a.ino	archive/gen1-2015-2018/YACC1A1/Software/BUS V1.1/test_monitor-a/test_monitor-a.ino	archive/gen1-2015-2018/YACC1-BACKUP/backup pre git/Software/BUS V1.1/test_monitor-a/test_monitor-a.ino
YACCS-OLD/YACC1-BACKUP/backup pre git/Software/BUS V1.1/test_monitor/test_monitor.ino	archive/gen1-2015-2018/YACC1A1/Software/BUS V1.1/test_monitor/test_monitor.ino	archive/gen1-2015-2018/YACC1-BACKUP/backup pre git/Software/BUS V1.1/test_monitor/test_monitor.ino
YACCS-OLD/YACC1-BACKUP/backup pre git/Software/BUS V1.21/test_monitor-2-in/test_monitor-2-in.ino	archive/gen1-2015-2018/YACC1-BACKUP/Software/BUS V1.21/test_monitor-2-in/test_monitor-2-in.ino	archive/gen1-2015-2018/YACC1-BACKUP/backup pre git/Software/BUS V1.21/test_monitor-2-in/test_monitor-2-in.ino
YACCS-OLD/YACC1-BACKUP/backup pre git/Software/BUS V1.21/test_monitor-2/test_monitor-2.ino	archive/gen1-2015-2018/YACC1A/deprecated/Software/BUS V1.21/test_monitor-2/test_monitor-2.ino	archive/gen1-2015-2018/YACC1-BACKUP/backup pre git/Software/BUS V1.21/test_monitor-2/test_monitor-2.ino
YACCS-OLD/YACC1-BACKUP/backup pre git/Software/BUS V1.21/test_monitor/test_monitor.ino	archive/gen1-2015-2018/YACC1A1/Software/BUS V1.21/test_monitor/test_monitor.ino	archive/gen1-2015-2018/YACC1-BACKUP/backup pre git/Software/BUS V1.21/test_monitor/test_monitor.ino
YACCS-OLD/YACC1-BACKUP/backup pre git/Software/Sequencer/EEPROM.ino	embedded/sequencer-card/deprecated/sequencer1/EEPROM.ino	archive/gen1-2015-2018/YACC1-BACKUP/backup pre git/Software/Sequencer/EEPROM.ino
YACCS-OLD/YACC1-BACKUP/backup pre git/Software/Sequencer/IO.ino	archive/superseded-revisions/sequencer-card-old/Sequencer copy/IO.ino	archive/gen1-2015-2018/YACC1-BACKUP/backup pre git/Software/Sequencer/IO.ino
YACCS-OLD/YACC1-BACKUP/backup pre git/Software/Sequencer/Sequencer.ino	archive/gen1-2015-2018/YACC1-BACKUP/Software/Sequencer/Sequencer.ino	archive/gen1-2015-2018/YACC1-BACKUP/backup pre git/Software/Sequencer/Sequencer.ino
YACCS-OLD/YACC1-BACKUP/backup pre git/Software/Sequencer/test1.ino	archive/gen1-2015-2018/YACC1-BACKUP/Software/Sequencer/test1.ino	archive/gen1-2015-2018/YACC1-BACKUP/backup pre git/Software/Sequencer/test1.ino
YACCS-OLD/YACC1-BACKUP/backup pre git/Software/Sequencer/uCodeRAM.ino	archive/superseded-revisions/sequencer-card-old/Sequencer copy/uCodeRAM.ino	archive/gen1-2015-2018/YACC1-BACKUP/backup pre git/Software/Sequencer/uCodeRAM.ino
YACCS-OLD/YACC1-BACKUP/backup pre git/Software/Sequencer/uCodeROM.ino	archive/superseded-revisions/sequencer-card-old/Sequencer copy/uCodeROM.ino	archive/gen1-2015-2018/YACC1-BACKUP/backup pre git/Software/Sequencer/uCodeROM.ino
YACCS-OLD/YACC1-BACKUP/backup pre git/Software/microcode_sender/Untitled.rtf	embedded/command-sender/deprecated/old/command_sender/Untitled.rtf	archive/gen1-2015-2018/YACC1-BACKUP/backup pre git/Software/microcode_sender/Untitled.rtf
YACCS-OLD/YACC1-BACKUP/backup pre git/Software/microcode_sender/commands.txt	tests/bus-tester-scripts/deprecated/gen1-2016/commands-1.txt	archive/gen1-2015-2018/YACC1-BACKUP/backup pre git/Software/microcode_sender/commands.txt
YACCS-OLD/YACC1-BACKUP/backup pre git/Software/microcode_sender/commandsA.txt	tests/bus-tester-scripts/deprecated/gen1-2016/commands-2.txt	archive/gen1-2015-2018/YACC1-BACKUP/backup pre git/Software/microcode_sender/commandsA.txt
YACCS-OLD/YACC1-BACKUP/backup pre git/Software/microcode_sender/microcode_sender.pde	archive/gen1-2015-2018/YACC1-BACKUP/Software/microcode_sender/microcode_sender.pde	archive/gen1-2015-2018/YACC1-BACKUP/backup pre git/Software/microcode_sender/microcode_sender.pde
YACCS-OLD/YACC1-BACKUP/backup pre git/Software/test EPROM/eprom.bin	archive/gen1-2015-2018/YACC1-BACKUP/Software/test EPROM/eprom.bin	archive/gen1-2015-2018/YACC1-BACKUP/backup pre git/Software/test EPROM/eprom.bin
YACCS-OLD/YACC1-BACKUP/backup pre git/Software/test EPROM/nbproject/Makefile-Debug.mk	archive/superseded-revisions/software-old-obsolete/Memory Card/test EPROM/nbproject/Makefile-Debug.mk	archive/gen1-2015-2018/YACC1-BACKUP/backup pre git/Software/test EPROM/nbproject/Makefile-Debug.mk
YACCS-OLD/YACC1-BACKUP/backup pre git/Software/test EPROM/nbproject/Makefile-Release.mk	archive/superseded-revisions/software-old-obsolete/Memory Card/test EPROM/nbproject/Makefile-Release.mk	archive/gen1-2015-2018/YACC1-BACKUP/backup pre git/Software/test EPROM/nbproject/Makefile-Release.mk
YACCS-OLD/YACC1-BACKUP/backup pre git/Software/test EPROM/nbproject/Makefile-impl.mk	archive/superseded-revisions/software-old-obsolete/Memory Card/test EPROM/nbproject/Makefile-impl.mk	archive/gen1-2015-2018/YACC1-BACKUP/backup pre git/Software/test EPROM/nbproject/Makefile-impl.mk
YACCS-OLD/YACC1-BACKUP/backup pre git/Software/test EPROM/nbproject/Makefile-variables.mk	archive/superseded-revisions/software-old-obsolete/Memory Card/test EPROM/nbproject/Makefile-variables.mk	archive/gen1-2015-2018/YACC1-BACKUP/backup pre git/Software/test EPROM/nbproject/Makefile-variables.mk
YACCS-OLD/YACC1-BACKUP/backup pre git/Software/test EPROM/nbproject/Package-Debug.bash	archive/superseded-revisions/software-old-obsolete/Memory Card/test EPROM/nbproject/Package-Debug.bash	archive/gen1-2015-2018/YACC1-BACKUP/backup pre git/Software/test EPROM/nbproject/Package-Debug.bash
YACCS-OLD/YACC1-BACKUP/backup pre git/Software/test EPROM/nbproject/Package-Release.bash	archive/superseded-revisions/software-old-obsolete/Memory Card/test EPROM/nbproject/Package-Release.bash	archive/gen1-2015-2018/YACC1-BACKUP/backup pre git/Software/test EPROM/nbproject/Package-Release.bash
YACCS-OLD/YACC1-BACKUP/backup pre git/Software/test EPROM/nbproject/configurations.xml	archive/gen1-2015-2018/YACC1-BACKUP/Old/NewFolder/test EPROM/nbproject/configurations.xml	archive/gen1-2015-2018/YACC1-BACKUP/backup pre git/Software/test EPROM/nbproject/configurations.xml
YACCS-OLD/YACC1-BACKUP/backup pre git/Software/test EPROM/nbproject/project.xml	archive/gen1-2015-2018/YACC1-BACKUP/Old/NewFolder/test EPROM/nbproject/project.xml	archive/gen1-2015-2018/YACC1-BACKUP/backup pre git/Software/test EPROM/nbproject/project.xml
YACCS-OLD/YACC1-BACKUP/backup pre git/Software/test_monitor/BUS V1.21/test_monitor/test_monitor.ino	archive/gen1-2015-2018/YACC1A1/Software/test_monitor/BUS V1.21/test_monitor/test_monitor.ino	archive/gen1-2015-2018/YACC1-BACKUP/backup pre git/Software/test_monitor/BUS V1.21/test_monitor/test_monitor.ino
YACCS-OLD/YACC1-BACKUP/backup pre git/Software/uCode-Generator/code.h	archive/superseded-revisions/sequencer-card-old/uCode-Generator copy/code.h.orig.h	archive/gen1-2015-2018/YACC1-BACKUP/backup pre git/Software/uCode-Generator/code.h
YACCS-OLD/YACC1-BACKUP/backup pre git/Software/uCode-Generator/nbproject/Makefile-Debug.mk	archive/gen1-2015-2018/YACC1A/deprecated/Software/uCode-Generator/nbproject/Makefile-Debug.mk	archive/gen1-2015-2018/YACC1-BACKUP/backup pre git/Software/uCode-Generator/nbproject/Makefile-Debug.mk
YACCS-OLD/YACC1-BACKUP/backup pre git/Software/uCode-Generator/nbproject/Makefile-Release.mk	archive/gen1-2015-2018/YACC1A/deprecated/Software/uCode-Generator/nbproject/Makefile-Release.mk	archive/gen1-2015-2018/YACC1-BACKUP/backup pre git/Software/uCode-Generator/nbproject/Makefile-Release.mk
YACCS-OLD/YACC1-BACKUP/backup pre git/Software/uCode-Generator/nbproject/Makefile-impl.mk	archive/superseded-revisions/sequencer-card-old/uCode-Generator copy/nbproject/Makefile-impl.mk	archive/gen1-2015-2018/YACC1-BACKUP/backup pre git/Software/uCode-Generator/nbproject/Makefile-impl.mk
YACCS-OLD/YACC1-BACKUP/backup pre git/Software/uCode-Generator/nbproject/Makefile-variables.mk	archive/superseded-revisions/sequencer-card-old/uCode-Generator copy/nbproject/Makefile-variables.mk	archive/gen1-2015-2018/YACC1-BACKUP/backup pre git/Software/uCode-Generator/nbproject/Makefile-variables.mk
YACCS-OLD/YACC1-BACKUP/backup pre git/Software/uCode-Generator/nbproject/Package-Debug.bash	archive/superseded-revisions/sequencer-card-old/uCode-Generator copy/nbproject/Package-Debug.bash	archive/gen1-2015-2018/YACC1-BACKUP/backup pre git/Software/uCode-Generator/nbproject/Package-Debug.bash
YACCS-OLD/YACC1-BACKUP/backup pre git/Software/uCode-Generator/nbproject/Package-Release.bash	archive/superseded-revisions/sequencer-card-old/uCode-Generator copy/nbproject/Package-Release.bash	archive/gen1-2015-2018/YACC1-BACKUP/backup pre git/Software/uCode-Generator/nbproject/Package-Release.bash
YACCS-OLD/YACC1-BACKUP/backup pre git/Software/uCode-Generator/nbproject/configurations.xml	archive/superseded-revisions/software-old-obsolete/Memory Card/test EPROM/nbproject/configurations.xml	archive/gen1-2015-2018/YACC1-BACKUP/backup pre git/Software/uCode-Generator/nbproject/configurations.xml
YACCS-OLD/YACC1-BACKUP/backup pre git/Software/uCode-Generator/nbproject/project.xml	archive/gen1-2015-2018/YACC1A/deprecated/Software/uCode-Generator/nbproject/project.xml	archive/gen1-2015-2018/YACC1-BACKUP/backup pre git/Software/uCode-Generator/nbproject/project.xml
YACCS-OLD/YACC1-BACKUP/backup pre git/Software/uCode-Generator/test.hex.short.hex	archive/superseded-revisions/sequencer-card-old/uCode-Generator copy/test.hex.short.hex	archive/gen1-2015-2018/YACC1-BACKUP/backup pre git/Software/uCode-Generator/test.hex.short.hex
YACCS-OLD/YACC1-BACKUP/eagle/74100D5FC9.key	archive/gen1-2015-2018/YACC1A1/eagle/74100D5FC9.key	archive/gen1-2015-2018/YACC1-BACKUP/eagle/74100D5FC9.key
YACCS-OLD/YACC1-BACKUP/eagle/LaenPCBOrder.dru	archive/gen1-2015-2018/YACC1A1/eagle/LaenPCBOrder.dru	archive/gen1-2015-2018/YACC1-BACKUP/eagle/LaenPCBOrder.dru
YACCS-OLD/YACC1-BACKUP/eagle/Libraries/Adafruit-Eagle-Library-master-2/README.md	hardware/libraries/eagle/Libraries/Adafruit-Eagle-Library-master/README.md	archive/gen1-2015-2018/YACC1-BACKUP/eagle/Libraries/Adafruit-Eagle-Library-master-2/README.md
YACCS-OLD/YACC1-BACKUP/eagle/Libraries/Adafruit-Eagle-Library-master-2/README.txt	hardware/libraries/eagle/Libraries/Adafruit-Eagle-Library-master/README.md	archive/gen1-2015-2018/YACC1-BACKUP/eagle/Libraries/Adafruit-Eagle-Library-master-2/README.txt
YACCS-OLD/YACC1-BACKUP/eagle/Libraries/Adafruit-Eagle-Library-master-2/adafruit.lbr	hardware/libraries/eagle/Libraries/Adafruit-Eagle-Library-master/adafruit.lbr	archive/gen1-2015-2018/YACC1-BACKUP/eagle/Libraries/Adafruit-Eagle-Library-master-2/adafruit.lbr
YACCS-OLD/YACC1-BACKUP/eagle/Libraries/E14_Arduino.lbr	archive/gen1-2015-2018/YACC1A1/eagle/Libraries/E14_Arduino.lbr	archive/gen1-2015-2018/YACC1-BACKUP/eagle/Libraries/E14_Arduino.lbr
YACCS-OLD/YACC1-BACKUP/eagle/Libraries/JNHuaMao.lbr	archive/gen1-2015-2018/YACC1A1/eagle/Libraries/JNHuaMao.lbr	archive/gen1-2015-2018/YACC1-BACKUP/eagle/Libraries/JNHuaMao.lbr
YACCS-OLD/YACC1-BACKUP/eagle/Libraries/SparkFun-Eagle-Libraries-master/GeekAmmo.lbr	archive/gen1-2015-2018/YACC1A1/eagle/Libraries/SparkFun-Eagle-Libraries-master/GeekAmmo.lbr	archive/gen1-2015-2018/YACC1-BACKUP/eagle/Libraries/SparkFun-Eagle-Libraries-master/GeekAmmo.lbr
YACCS-OLD/YACC1-BACKUP/eagle/Libraries/SparkFun-Eagle-Libraries-master/LilyPad-Wearables.lbr	archive/gen1-2015-2018/YACC1A1/eagle/Libraries/SparkFun-Eagle-Libraries-master/LilyPad-Wearables.lbr	archive/gen1-2015-2018/YACC1-BACKUP/eagle/Libraries/SparkFun-Eagle-Libraries-master/LilyPad-Wearables.lbr
YACCS-OLD/YACC1-BACKUP/eagle/Libraries/SparkFun-Eagle-Libraries-master/SparkFun-Aesthetics.lbr	archive/gen1-2015-2018/YACC1A1/eagle/Libraries/SparkFun-Eagle-Libraries-master/SparkFun-Aesthetics.lbr	archive/gen1-2015-2018/YACC1-BACKUP/eagle/Libraries/SparkFun-Eagle-Libraries-master/SparkFun-Aesthetics.lbr
YACCS-OLD/YACC1-BACKUP/eagle/Libraries/SparkFun-Eagle-Libraries-master/SparkFun-AnalogIC.lbr	archive/gen1-2015-2018/YACC1A1/eagle/Libraries/SparkFun-Eagle-Libraries-master/SparkFun-AnalogIC.lbr	archive/gen1-2015-2018/YACC1-BACKUP/eagle/Libraries/SparkFun-Eagle-Libraries-master/SparkFun-AnalogIC.lbr
YACCS-OLD/YACC1-BACKUP/eagle/Libraries/SparkFun-Eagle-Libraries-master/SparkFun-Boards.lbr	archive/gen1-2015-2018/YACC1A1/eagle/Libraries/SparkFun-Eagle-Libraries-master/SparkFun-Boards.lbr	archive/gen1-2015-2018/YACC1-BACKUP/eagle/Libraries/SparkFun-Eagle-Libraries-master/SparkFun-Boards.lbr
YACCS-OLD/YACC1-BACKUP/eagle/Libraries/SparkFun-Eagle-Libraries-master/SparkFun-Capacitors.lbr	archive/gen1-2015-2018/YACC1A1/eagle/Libraries/SparkFun-Eagle-Libraries-master/SparkFun-Capacitors.lbr	archive/gen1-2015-2018/YACC1-BACKUP/eagle/Libraries/SparkFun-Eagle-Libraries-master/SparkFun-Capacitors.lbr
YACCS-OLD/YACC1-BACKUP/eagle/Libraries/SparkFun-Eagle-Libraries-master/SparkFun-Connectors.lbr	archive/gen1-2015-2018/YACC1A1/eagle/Libraries/SparkFun-Eagle-Libraries-master/SparkFun-Connectors.lbr	archive/gen1-2015-2018/YACC1-BACKUP/eagle/Libraries/SparkFun-Eagle-Libraries-master/SparkFun-Connectors.lbr
YACCS-OLD/YACC1-BACKUP/eagle/Libraries/SparkFun-Eagle-Libraries-master/SparkFun-DigitalIC.lbr	archive/gen1-2015-2018/YACC1A1/eagle/Libraries/SparkFun-Eagle-Libraries-master/SparkFun-DigitalIC.lbr	archive/gen1-2015-2018/YACC1-BACKUP/eagle/Libraries/SparkFun-Eagle-Libraries-master/SparkFun-DigitalIC.lbr
YACCS-OLD/YACC1-BACKUP/eagle/Libraries/SparkFun-Eagle-Libraries-master/SparkFun-DiscreteSemi.lbr	archive/gen1-2015-2018/YACC1A1/eagle/Libraries/SparkFun-Eagle-Libraries-master/SparkFun-DiscreteSemi.lbr	archive/gen1-2015-2018/YACC1-BACKUP/eagle/Libraries/SparkFun-Eagle-Libraries-master/SparkFun-DiscreteSemi.lbr
YACCS-OLD/YACC1-BACKUP/eagle/Libraries/SparkFun-Eagle-Libraries-master/SparkFun-Displays.lbr	archive/gen1-2015-2018/YACC1A1/eagle/Libraries/SparkFun-Eagle-Libraries-master/SparkFun-Displays.lbr	archive/gen1-2015-2018/YACC1-BACKUP/eagle/Libraries/SparkFun-Eagle-Libraries-master/SparkFun-Displays.lbr
YACCS-OLD/YACC1-BACKUP/eagle/Libraries/SparkFun-Eagle-Libraries-master/SparkFun-Electromechanical.lbr	archive/gen1-2015-2018/YACC1A1/eagle/Libraries/SparkFun-Eagle-Libraries-master/SparkFun-Electromechanical.lbr	archive/gen1-2015-2018/YACC1-BACKUP/eagle/Libraries/SparkFun-Eagle-Libraries-master/SparkFun-Electromechanical.lbr
YACCS-OLD/YACC1-BACKUP/eagle/Libraries/SparkFun-Eagle-Libraries-master/SparkFun-FreqCtrl.lbr	archive/gen1-2015-2018/YACC1A1/eagle/Libraries/SparkFun-Eagle-Libraries-master/SparkFun-FreqCtrl.lbr	archive/gen1-2015-2018/YACC1-BACKUP/eagle/Libraries/SparkFun-Eagle-Libraries-master/SparkFun-FreqCtrl.lbr
YACCS-OLD/YACC1-BACKUP/eagle/Libraries/SparkFun-Eagle-Libraries-master/SparkFun-LED.lbr	archive/gen1-2015-2018/YACC1A1/eagle/Libraries/SparkFun-Eagle-Libraries-master/SparkFun-LED.lbr	archive/gen1-2015-2018/YACC1-BACKUP/eagle/Libraries/SparkFun-Eagle-Libraries-master/SparkFun-LED.lbr
YACCS-OLD/YACC1-BACKUP/eagle/Libraries/SparkFun-Eagle-Libraries-master/SparkFun-Passives.lbr	archive/gen1-2015-2018/YACC1A1/eagle/Libraries/SparkFun-Eagle-Libraries-master/SparkFun-Passives.lbr	archive/gen1-2015-2018/YACC1-BACKUP/eagle/Libraries/SparkFun-Eagle-Libraries-master/SparkFun-Passives.lbr
YACCS-OLD/YACC1-BACKUP/eagle/Libraries/SparkFun-Eagle-Libraries-master/SparkFun-PowerIC.lbr	archive/gen1-2015-2018/YACC1A1/eagle/Libraries/SparkFun-Eagle-Libraries-master/SparkFun-PowerIC.lbr	archive/gen1-2015-2018/YACC1-BACKUP/eagle/Libraries/SparkFun-Eagle-Libraries-master/SparkFun-PowerIC.lbr
YACCS-OLD/YACC1-BACKUP/eagle/Libraries/SparkFun-Eagle-Libraries-master/SparkFun-RF.lbr	archive/gen1-2015-2018/YACC1A1/eagle/Libraries/SparkFun-Eagle-Libraries-master/SparkFun-RF.lbr	archive/gen1-2015-2018/YACC1-BACKUP/eagle/Libraries/SparkFun-Eagle-Libraries-master/SparkFun-RF.lbr
YACCS-OLD/YACC1-BACKUP/eagle/Libraries/SparkFun-Eagle-Libraries-master/SparkFun-Resistors.lbr	archive/gen1-2015-2018/YACC1A1/eagle/Libraries/SparkFun-Eagle-Libraries-master/SparkFun-Resistors.lbr	archive/gen1-2015-2018/YACC1-BACKUP/eagle/Libraries/SparkFun-Eagle-Libraries-master/SparkFun-Resistors.lbr
YACCS-OLD/YACC1-BACKUP/eagle/Libraries/SparkFun-Eagle-Libraries-master/SparkFun-Retired.lbr	archive/gen1-2015-2018/YACC1A1/eagle/Libraries/SparkFun-Eagle-Libraries-master/SparkFun-Retired.lbr	archive/gen1-2015-2018/YACC1-BACKUP/eagle/Libraries/SparkFun-Eagle-Libraries-master/SparkFun-Retired.lbr
YACCS-OLD/YACC1-BACKUP/eagle/Libraries/SparkFun-Eagle-Libraries-master/SparkFun-Sensors.lbr	archive/gen1-2015-2018/YACC1A1/eagle/Libraries/SparkFun-Eagle-Libraries-master/SparkFun-Sensors.lbr	archive/gen1-2015-2018/YACC1-BACKUP/eagle/Libraries/SparkFun-Eagle-Libraries-master/SparkFun-Sensors.lbr
YACCS-OLD/YACC1-BACKUP/eagle/Libraries/SparkFun-Eagle-Libraries-master/User-Submitted.lbr	archive/gen1-2015-2018/YACC1A1/eagle/Libraries/SparkFun-Eagle-Libraries-master/User-Submitted.lbr	archive/gen1-2015-2018/YACC1-BACKUP/eagle/Libraries/SparkFun-Eagle-Libraries-master/User-Submitted.lbr
YACCS-OLD/YACC1-BACKUP/eagle/Libraries/SparkFun-Eagle-Libraries-master/readme.md	archive/gen1-2015-2018/YACC1A1/eagle/Libraries/SparkFun-Eagle-Libraries-master/readme.md	archive/gen1-2015-2018/YACC1-BACKUP/eagle/Libraries/SparkFun-Eagle-Libraries-master/readme.md
YACCS-OLD/YACC1-BACKUP/eagle/Libraries/dp_devices.lbr	archive/gen1-2015-2018/YACC1A1/eagle/Libraries/dp_devices.lbr	archive/gen1-2015-2018/YACC1-BACKUP/eagle/Libraries/dp_devices.lbr
YACCS-OLD/YACC1-BACKUP/eagle/Libraries/ken.lbr	archive/gen1-2015-2018/YACC1A1/eagle/Libraries/ken.lbr	archive/gen1-2015-2018/YACC1-BACKUP/eagle/Libraries/ken.lbr
YACCS-OLD/YACC1-BACKUP/eagle/Libraries/led_rgb.lbr	archive/gen1-2015-2018/YACC1A1/eagle/Libraries/led_rgb.lbr	archive/gen1-2015-2018/YACC1-BACKUP/eagle/Libraries/led_rgb.lbr
YACCS-OLD/YACC1-BACKUP/eagle/Libraries/wicked-device.lbr	archive/gen1-2015-2018/YACC1A1/eagle/Libraries/wicked-device.lbr	archive/gen1-2015-2018/YACC1-BACKUP/eagle/Libraries/wicked-device.lbr
YACCS-OLD/YACC1-BACKUP/eagle/OSHPark-4layer.dru	archive/gen1-2015-2018/YACC1A1/Old/alu conv accum to shift/OSHPark-4layer.dru	archive/gen1-2015-2018/YACC1-BACKUP/eagle/OSHPark-4layer.dru
YACCS-OLD/YACC1A/Compilier-magic1/m1.md	archive/gen1-2015-2018/YACC1A1/Compilier/m1.md	archive/gen1-2015-2018/YACC1A/Compilier-magic1/m1.md
YACCS-OLD/YACC1A/External Resources/0135038952_pp3a.ppt	archive/gen1-2015-2018/YACC1A1/External Resources/0135038952_pp3a.ppt	archive/gen1-2015-2018/YACC1A/External Resources/0135038952_pp3a.ppt
YACCS-OLD/YACC1A/External Resources/06-cpu-i.pptx	archive/gen1-2015-2018/YACC1A1/External Resources/06-cpu-i.pptx	archive/gen1-2015-2018/YACC1A/External Resources/06-cpu-i.pptx
YACCS-OLD/YACC1A/External Resources/74121 pulse circuit.gif	archive/gen1-2015-2018/YACC1A1/External Resources/74121.gif	archive/gen1-2015-2018/YACC1A/External Resources/74121 pulse circuit.gif
YACCS-OLD/YACC1A/External Resources/A Short Course In Programming by Tom Pittman | COSMAC ELF.pdf	archive/gen1-2015-2018/YACC1A1/Data Sheets/A Short Course In Programming by Tom Pittman | COSMAC ELF.pdf	archive/gen1-2015-2018/YACC1A/External Resources/A Short Course In Programming by Tom Pittman | COSMAC ELF.pdf
YACCS-OLD/YACC1A/External Resources/CT213_ProcessorDesign_InstructionSet-2.ppt	archive/gen1-2015-2018/YACC1A1/External Resources/CT213_ProcessorDesign_InstructionSet-2.ppt	archive/gen1-2015-2018/YACC1A/External Resources/CT213_ProcessorDesign_InstructionSet-2.ppt
YACCS-OLD/YACC1A/External Resources/CT213_ProcessorDesign_InstructionSet.ppt	archive/gen1-2015-2018/YACC1A1/External Resources/CT213_ProcessorDesign_InstructionSet.ppt	archive/gen1-2015-2018/YACC1A/External Resources/CT213_ProcessorDesign_InstructionSet.ppt
YACCS-OLD/YACC1A/External Resources/Magic1.pdf	archive/gen1-2015-2018/YACC1A1/External Resources/Magic1.pdf	archive/gen1-2015-2018/YACC1A/External Resources/Magic1.pdf
YACCS-OLD/YACC1A/External Resources/eec289q_presentation.ppt	archive/gen1-2015-2018/YACC1A1/External Resources/eec289q_presentation.ppt	archive/gen1-2015-2018/YACC1A/External Resources/eec289q_presentation.ppt
YACCS-OLD/YACC1A/NOTES Jan 2:17.rtf	docs/history/NOTES Jan 2-17 orig.rtf	archive/gen1-2015-2018/YACC1A/NOTES Jan 2-17.rtf
YACCS-OLD/YACC1A/PCB-PRODUCTION/ALU-PROD-V1.0/OSHPark-4layer.dru	archive/gen1-2015-2018/YACC1A1/Old/alu conv accum to shift/OSHPark-4layer.dru	archive/gen1-2015-2018/YACC1A/PCB-PRODUCTION/ALU-PROD-V1.0/OSHPark-4layer.dru
YACCS-OLD/YACC1A/PCB-PRODUCTION/ALU-PROD-V1.0/alu4.brd	archive/gen1-2015-2018/YACC1A1/PRODUCTION/ALU-PROD-V1.0/alu4.brd	archive/gen1-2015-2018/YACC1A/PCB-PRODUCTION/ALU-PROD-V1.0/alu4.brd
YACCS-OLD/YACC1A/PCB-PRODUCTION/ALU-PROD-V1.0/alu4.crc	archive/gen1-2015-2018/YACC1A1/PRODUCTION/ALU-PROD-V1.0/alu4.crc	archive/gen1-2015-2018/YACC1A/PCB-PRODUCTION/ALU-PROD-V1.0/alu4.crc
YACCS-OLD/YACC1A/PCB-PRODUCTION/ALU-PROD-V1.0/alu4.crs	archive/gen1-2015-2018/YACC1A1/PRODUCTION/ALU-PROD-V1.0/alu4.crc	archive/gen1-2015-2018/YACC1A/PCB-PRODUCTION/ALU-PROD-V1.0/alu4.crs
YACCS-OLD/YACC1A/PCB-PRODUCTION/ALU-PROD-V1.0/alu4.gpi	archive/gen1-2015-2018/YACC1A1/PRODUCTION/ALU-PROD-V1.0/alu4.gpi	archive/gen1-2015-2018/YACC1A/PCB-PRODUCTION/ALU-PROD-V1.0/alu4.gpi
YACCS-OLD/YACC1A/PCB-PRODUCTION/ALU-PROD-V1.0/alu4.pdf	archive/gen1-2015-2018/YACC1A1/PRODUCTION/ALU-PROD-V1.0/alu4.pdf	archive/gen1-2015-2018/YACC1A/PCB-PRODUCTION/ALU-PROD-V1.0/alu4.pdf
YACCS-OLD/YACC1A/PCB-PRODUCTION/ALU-PROD-V1.0/alu4.pls	archive/gen1-2015-2018/YACC1A1/PRODUCTION/ALU-PROD-V1.0/alu4.pls	archive/gen1-2015-2018/YACC1A/PCB-PRODUCTION/ALU-PROD-V1.0/alu4.pls
YACCS-OLD/YACC1A/PCB-PRODUCTION/ALU-PROD-V1.0/alu4.pro	archive/gen1-2015-2018/YACC1A1/PRODUCTION/ALU-PROD-V1.0/alu4.pro	archive/gen1-2015-2018/YACC1A/PCB-PRODUCTION/ALU-PROD-V1.0/alu4.pro
YACCS-OLD/YACC1A/PCB-PRODUCTION/ALU-PROD-V1.0/alu4.sch	archive/gen1-2015-2018/YACC1A1/PRODUCTION/ALU-PROD-V1.0/alu4.sch	archive/gen1-2015-2018/YACC1A/PCB-PRODUCTION/ALU-PROD-V1.0/alu4.sch
YACCS-OLD/YACC1A/PCB-PRODUCTION/ALU-PROD-V1.0/gerbers.zip	archive/gen1-2015-2018/YACC1A1/PRODUCTION/ALU-PROD-V1.0/gerbers.zip	archive/gen1-2015-2018/YACC1A/PCB-PRODUCTION/ALU-PROD-V1.0/gerbers.zip
YACCS-OLD/YACC1A/PCB-PRODUCTION/ALU-PROD-V1.0/gerbers/alu4.cmp	hardware/cards/alu/eagle/deprecated/v3.0-2layer/fab/gerbers 2 layers no outline/alu4.cmp	archive/gen1-2015-2018/YACC1A/PCB-PRODUCTION/ALU-PROD-V1.0/gerbers/alu4.cmp
YACCS-OLD/YACC1A/PCB-PRODUCTION/ALU-PROD-V1.0/gerbers/alu4.drd	hardware/cards/alu/eagle/deprecated/v3.0-2layer/fab/gerbers 2 layers no outline/alu4.drd	archive/gen1-2015-2018/YACC1A/PCB-PRODUCTION/ALU-PROD-V1.0/gerbers/alu4.drd
YACCS-OLD/YACC1A/PCB-PRODUCTION/ALU-PROD-V1.0/gerbers/alu4.dri	hardware/cards/alu/eagle/deprecated/v3.0-2layer/fab/gerbers 2 layers no outline/alu4.dri	archive/gen1-2015-2018/YACC1A/PCB-PRODUCTION/ALU-PROD-V1.0/gerbers/alu4.dri
YACCS-OLD/YACC1A/PCB-PRODUCTION/ALU-PROD-V1.0/gerbers/alu4.l15	archive/gen1-2015-2018/YACC1A1/PRODUCTION/ALU-PROD-V1.0/gerbers/alu4.l15	archive/gen1-2015-2018/YACC1A/PCB-PRODUCTION/ALU-PROD-V1.0/gerbers/alu4.l15
YACCS-OLD/YACC1A/PCB-PRODUCTION/ALU-PROD-V1.0/gerbers/alu4.ly2	archive/gen1-2015-2018/YACC1A1/PRODUCTION/ALU-PROD-V1.0/gerbers/alu4.ly2	archive/gen1-2015-2018/YACC1A/PCB-PRODUCTION/ALU-PROD-V1.0/gerbers/alu4.ly2
YACCS-OLD/YACC1A/PCB-PRODUCTION/ALU-PROD-V1.0/gerbers/alu4.plc	hardware/cards/alu/eagle/deprecated/v3.0-2layer/fab/gerbers 2 layers no outline/alu4.plc	archive/gen1-2015-2018/YACC1A/PCB-PRODUCTION/ALU-PROD-V1.0/gerbers/alu4.plc
YACCS-OLD/YACC1A/PCB-PRODUCTION/ALU-PROD-V1.0/gerbers/alu4.sol	hardware/cards/alu/eagle/deprecated/v3.0-2layer/fab/gerbers 2 layers no outline/alu4.sol	archive/gen1-2015-2018/YACC1A/PCB-PRODUCTION/ALU-PROD-V1.0/gerbers/alu4.sol
YACCS-OLD/YACC1A/PCB-PRODUCTION/ALU-PROD-V1.0/gerbers/alu4.stc	hardware/cards/alu/eagle/deprecated/v3.0-2layer/fab/gerbers 2 layers no outline/alu4.stc	archive/gen1-2015-2018/YACC1A/PCB-PRODUCTION/ALU-PROD-V1.0/gerbers/alu4.stc
YACCS-OLD/YACC1A/PCB-PRODUCTION/ALU-PROD-V1.0/gerbers/alu4.sts	hardware/cards/alu/eagle/deprecated/v3.0-2layer/fab/gerbers 2 layers no outline/alu4.stc	archive/gen1-2015-2018/YACC1A/PCB-PRODUCTION/ALU-PROD-V1.0/gerbers/alu4.sts
YACCS-OLD/YACC1A/PCB-PRODUCTION/BUS-PROD-V1.1/gerbers.zip	hardware/bus/backplane/eagle/deprecated/v1.1/fab/gerbers.zip	archive/gen1-2015-2018/YACC1A/PCB-PRODUCTION/BUS-PROD-V1.1/gerbers.zip
YACCS-OLD/YACC1A/PCB-PRODUCTION/BUS-PROD-V1.1/yacc2buss.brd	hardware/bus/backplane/eagle/deprecated/v1.1/yacc2buss.brd	archive/gen1-2015-2018/YACC1A/PCB-PRODUCTION/BUS-PROD-V1.1/yacc2buss.brd
YACCS-OLD/YACC1A/PCB-PRODUCTION/BUS-PROD-V1.1/yacc2buss.dri	hardware/bus/backplane/eagle/deprecated/v1.1/fab/yacc2buss.dri	archive/gen1-2015-2018/YACC1A/PCB-PRODUCTION/BUS-PROD-V1.1/yacc2buss.dri
YACCS-OLD/YACC1A/PCB-PRODUCTION/BUS-PROD-V1.1/yacc2buss.gpi	hardware/bus/backplane/eagle/deprecated/v1.1/fab/yacc2buss.gpi	archive/gen1-2015-2018/YACC1A/PCB-PRODUCTION/BUS-PROD-V1.1/yacc2buss.gpi
YACCS-OLD/YACC1A/PCB-PRODUCTION/BUS-PROD-V1.1/yacc2buss.pro	hardware/bus/backplane/eagle/deprecated/v1.1/yacc2buss.pro	archive/gen1-2015-2018/YACC1A/PCB-PRODUCTION/BUS-PROD-V1.1/yacc2buss.pro
YACCS-OLD/YACC1A/PCB-PRODUCTION/BUS-PROD-V1.1/yacc2buss.sch	hardware/bus/backplane/eagle/deprecated/v1.1/yacc2buss.sch	archive/gen1-2015-2018/YACC1A/PCB-PRODUCTION/BUS-PROD-V1.1/yacc2buss.sch
YACCS-OLD/YACC1A/PCB-PRODUCTION/PROTOCARD-PROD-V1.0/ProtoCard-Prod-V1.0.brd	hardware/cards/protocard/eagle/v1.0/ProtoCard-Prod-V1.0.brd	archive/gen1-2015-2018/YACC1A/PCB-PRODUCTION/PROTOCARD-PROD-V1.0/ProtoCard-Prod-V1.0.brd
YACCS-OLD/YACC1A/PCB-PRODUCTION/PROTOCARD-PROD-V1.0/ProtoCard-Prod-V1.0.dri	hardware/cards/protocard/eagle/v1.0/fab/ProtoCard-Prod-V1.0.dri	archive/gen1-2015-2018/YACC1A/PCB-PRODUCTION/PROTOCARD-PROD-V1.0/ProtoCard-Prod-V1.0.dri
YACCS-OLD/YACC1A/PCB-PRODUCTION/PROTOCARD-PROD-V1.0/ProtoCard-Prod-V1.0.gpi	hardware/cards/protocard/eagle/v1.0/fab/ProtoCard-Prod-V1.0.gpi	archive/gen1-2015-2018/YACC1A/PCB-PRODUCTION/PROTOCARD-PROD-V1.0/ProtoCard-Prod-V1.0.gpi
YACCS-OLD/YACC1A/PCB-PRODUCTION/PROTOCARD-PROD-V1.0/ProtoCard-Prod-V1.0.pro	hardware/cards/protocard/eagle/v1.0/ProtoCard-Prod-V1.0.pro	archive/gen1-2015-2018/YACC1A/PCB-PRODUCTION/PROTOCARD-PROD-V1.0/ProtoCard-Prod-V1.0.pro
YACCS-OLD/YACC1A/PCB-PRODUCTION/PROTOCARD-PROD-V1.0/ProtoCard-Prod-V1.0.sch	hardware/cards/protocard/eagle/v1.0/ProtoCard-Prod-V1.0.sch	archive/gen1-2015-2018/YACC1A/PCB-PRODUCTION/PROTOCARD-PROD-V1.0/ProtoCard-Prod-V1.0.sch
YACCS-OLD/YACC1A/PCB-PRODUCTION/PROTOCARD-PROD-V1.0/gerbers.zip	hardware/cards/protocard/eagle/v1.0/fab/gerbers.zip	archive/gen1-2015-2018/YACC1A/PCB-PRODUCTION/PROTOCARD-PROD-V1.0/gerbers.zip
YACCS-OLD/YACC1A/PCB-PRODUCTION/REGISTER-PROD-V1.2/MODS/gerbers.zip	archive/gen1-2015-2018/YACC1A1/PRODUCTION/REGISTER-PROD-V1.2/MODS/gerbers.zip	archive/gen1-2015-2018/YACC1A/PCB-PRODUCTION/REGISTER-PROD-V1.2/MODS/gerbers.zip
YACCS-OLD/YACC1A/PCB-PRODUCTION/REGISTER-PROD-V1.2/MODS/gerbers/reg-board.cmp	archive/gen1-2015-2018/YACC1A1/PRODUCTION/REGISTER-PROD-V1.2/MODS/gerbers/reg-board.cmp	archive/gen1-2015-2018/YACC1A/PCB-PRODUCTION/REGISTER-PROD-V1.2/MODS/gerbers/reg-board.cmp
YACCS-OLD/YACC1A/PCB-PRODUCTION/REGISTER-PROD-V1.2/MODS/gerbers/reg-board.drd	archive/gen1-2015-2018/YACC1A1/PRODUCTION/REGISTER-PROD-V1.2/MODS/gerbers/reg-board.drd	archive/gen1-2015-2018/YACC1A/PCB-PRODUCTION/REGISTER-PROD-V1.2/MODS/gerbers/reg-board.drd
YACCS-OLD/YACC1A/PCB-PRODUCTION/REGISTER-PROD-V1.2/MODS/gerbers/reg-board.plc	archive/gen1-2015-2018/YACC1A1/PRODUCTION/REGISTER-PROD-V1.2/MODS/gerbers/reg-board.plc	archive/gen1-2015-2018/YACC1A/PCB-PRODUCTION/REGISTER-PROD-V1.2/MODS/gerbers/reg-board.plc
YACCS-OLD/YACC1A/PCB-PRODUCTION/REGISTER-PROD-V1.2/MODS/gerbers/reg-board.sol	archive/gen1-2015-2018/YACC1A1/PRODUCTION/REGISTER-PROD-V1.2/MODS/gerbers/reg-board.sol	archive/gen1-2015-2018/YACC1A/PCB-PRODUCTION/REGISTER-PROD-V1.2/MODS/gerbers/reg-board.sol
YACCS-OLD/YACC1A/PCB-PRODUCTION/REGISTER-PROD-V1.2/MODS/gerbers/reg-board.stc	archive/gen1-2015-2018/YACC1A1/PRODUCTION/REGISTER-PROD-V1.2/MODS/gerbers/reg-board.stc	archive/gen1-2015-2018/YACC1A/PCB-PRODUCTION/REGISTER-PROD-V1.2/MODS/gerbers/reg-board.stc
YACCS-OLD/YACC1A/PCB-PRODUCTION/REGISTER-PROD-V1.2/MODS/gerbers/reg-board.sts	archive/gen1-2015-2018/YACC1A1/PRODUCTION/REGISTER-PROD-V1.2/MODS/gerbers/reg-board.stc	archive/gen1-2015-2018/YACC1A/PCB-PRODUCTION/REGISTER-PROD-V1.2/MODS/gerbers/reg-board.sts
YACCS-OLD/YACC1A/PCB-PRODUCTION/REGISTER-PROD-V1.2/MODS/reg-board.brd	archive/gen1-2015-2018/YACC1A1/PRODUCTION/REGISTER-PROD-V1.2/MODS/reg-board.brd	archive/gen1-2015-2018/YACC1A/PCB-PRODUCTION/REGISTER-PROD-V1.2/MODS/reg-board.brd
YACCS-OLD/YACC1A/PCB-PRODUCTION/REGISTER-PROD-V1.2/MODS/reg-board.dri	archive/gen1-2015-2018/YACC1A1/PRODUCTION/REGISTER-PROD-V1.2/MODS/reg-board.dri	archive/gen1-2015-2018/YACC1A/PCB-PRODUCTION/REGISTER-PROD-V1.2/MODS/reg-board.dri
YACCS-OLD/YACC1A/PCB-PRODUCTION/REGISTER-PROD-V1.2/MODS/reg-board.gpi	archive/gen1-2015-2018/YACC1A1/PRODUCTION/REGISTER-PROD-V1.2/MODS/reg-board.gpi	archive/gen1-2015-2018/YACC1A/PCB-PRODUCTION/REGISTER-PROD-V1.2/MODS/reg-board.gpi
YACCS-OLD/YACC1A/PCB-PRODUCTION/REGISTER-PROD-V1.2/MODS/reg-board.pro	archive/gen1-2015-2018/YACC1A1/PRODUCTION/REGISTER-PROD-V1.2/MODS/reg-board.pro	archive/gen1-2015-2018/YACC1A/PCB-PRODUCTION/REGISTER-PROD-V1.2/MODS/reg-board.pro
YACCS-OLD/YACC1A/PCB-PRODUCTION/REGISTER-PROD-V1.2/MODS/reg-board.sch	archive/gen1-2015-2018/YACC1A1/PRODUCTION/REGISTER-PROD-V1.2/MODS/reg-board.sch	archive/gen1-2015-2018/YACC1A/PCB-PRODUCTION/REGISTER-PROD-V1.2/MODS/reg-board.sch
YACCS-OLD/YACC1A/PCB-PRODUCTION/REGISTER-PROD-V1.2/MODS/regsimple test.circ	archive/gen1-2015-2018/YACC1A1/Old/4 reg no inc-dec-PROD-V1.1/regsimple test.circ	archive/gen1-2015-2018/YACC1A/PCB-PRODUCTION/REGISTER-PROD-V1.2/MODS/regsimple test.circ
YACCS-OLD/YACC1A/PCB-PRODUCTION/REGISTER-PROD-V1.2/gerbers.zip	archive/gen1-2015-2018/YACC1A1/PRODUCTION/REGISTER-PROD-V1.2/MODS/gerbers.zip	archive/gen1-2015-2018/YACC1A/PCB-PRODUCTION/REGISTER-PROD-V1.2/gerbers.zip
YACCS-OLD/YACC1A/PCB-PRODUCTION/REGISTER-PROD-V1.2/gerbers/reg-board.cmp	archive/gen1-2015-2018/YACC1A1/PRODUCTION/REGISTER-PROD-V1.2/MODS/gerbers/reg-board.cmp	archive/gen1-2015-2018/YACC1A/PCB-PRODUCTION/REGISTER-PROD-V1.2/gerbers/reg-board.cmp
YACCS-OLD/YACC1A/PCB-PRODUCTION/REGISTER-PROD-V1.2/gerbers/reg-board.drd	archive/gen1-2015-2018/YACC1A1/PRODUCTION/REGISTER-PROD-V1.2/MODS/gerbers/reg-board.drd	archive/gen1-2015-2018/YACC1A/PCB-PRODUCTION/REGISTER-PROD-V1.2/gerbers/reg-board.drd
YACCS-OLD/YACC1A/PCB-PRODUCTION/REGISTER-PROD-V1.2/gerbers/reg-board.plc	archive/gen1-2015-2018/YACC1A1/PRODUCTION/REGISTER-PROD-V1.2/MODS/gerbers/reg-board.plc	archive/gen1-2015-2018/YACC1A/PCB-PRODUCTION/REGISTER-PROD-V1.2/gerbers/reg-board.plc
YACCS-OLD/YACC1A/PCB-PRODUCTION/REGISTER-PROD-V1.2/gerbers/reg-board.sol	archive/gen1-2015-2018/YACC1A1/PRODUCTION/REGISTER-PROD-V1.2/MODS/gerbers/reg-board.sol	archive/gen1-2015-2018/YACC1A/PCB-PRODUCTION/REGISTER-PROD-V1.2/gerbers/reg-board.sol
YACCS-OLD/YACC1A/PCB-PRODUCTION/REGISTER-PROD-V1.2/gerbers/reg-board.stc	archive/gen1-2015-2018/YACC1A1/PRODUCTION/REGISTER-PROD-V1.2/MODS/gerbers/reg-board.stc	archive/gen1-2015-2018/YACC1A/PCB-PRODUCTION/REGISTER-PROD-V1.2/gerbers/reg-board.stc
YACCS-OLD/YACC1A/PCB-PRODUCTION/REGISTER-PROD-V1.2/gerbers/reg-board.sts	archive/gen1-2015-2018/YACC1A1/PRODUCTION/REGISTER-PROD-V1.2/MODS/gerbers/reg-board.stc	archive/gen1-2015-2018/YACC1A/PCB-PRODUCTION/REGISTER-PROD-V1.2/gerbers/reg-board.sts
YACCS-OLD/YACC1A/PCB-PRODUCTION/REGISTER-PROD-V1.2/reg-board.brd	archive/gen1-2015-2018/YACC1A1/PRODUCTION/REGISTER-PROD-V1.2/reg-board.brd	archive/gen1-2015-2018/YACC1A/PCB-PRODUCTION/REGISTER-PROD-V1.2/reg-board.brd
YACCS-OLD/YACC1A/PCB-PRODUCTION/REGISTER-PROD-V1.2/reg-board.dri	archive/gen1-2015-2018/YACC1A1/PRODUCTION/REGISTER-PROD-V1.2/MODS/reg-board.dri	archive/gen1-2015-2018/YACC1A/PCB-PRODUCTION/REGISTER-PROD-V1.2/reg-board.dri
YACCS-OLD/YACC1A/PCB-PRODUCTION/REGISTER-PROD-V1.2/reg-board.gpi	archive/gen1-2015-2018/YACC1A1/PRODUCTION/REGISTER-PROD-V1.2/MODS/reg-board.gpi	archive/gen1-2015-2018/YACC1A/PCB-PRODUCTION/REGISTER-PROD-V1.2/reg-board.gpi
YACCS-OLD/YACC1A/PCB-PRODUCTION/REGISTER-PROD-V1.2/reg-board.pro	archive/gen1-2015-2018/YACC1A1/PRODUCTION/REGISTER-PROD-V1.2/reg-board.pro	archive/gen1-2015-2018/YACC1A/PCB-PRODUCTION/REGISTER-PROD-V1.2/reg-board.pro
YACCS-OLD/YACC1A/PCB-PRODUCTION/REGISTER-PROD-V1.2/reg-board.sch	archive/gen1-2015-2018/YACC1A1/PRODUCTION/REGISTER-PROD-V1.2/reg-board.sch	archive/gen1-2015-2018/YACC1A/PCB-PRODUCTION/REGISTER-PROD-V1.2/reg-board.sch
YACCS-OLD/YACC1A/PCB-PRODUCTION/REGISTER-PROD-V1.2/regsimple test.circ	archive/gen1-2015-2018/YACC1A1/Old/4 reg no inc-dec-PROD-V1.1/regsimple test.circ	archive/gen1-2015-2018/YACC1A/PCB-PRODUCTION/REGISTER-PROD-V1.2/regsimple test.circ
YACCS-OLD/YACC1A/PCB-PRODUCTION/SEQUENCER-PROD-V1.0/LOGIC-V1.0/Sequencer-Logic-Prod-V1.0-1_03.job	archive/gen1-2015-2018/YACC1A1/PRODUCTION/SEQUENCER-LOGIC-V1.0/Sequencer-Logic-Prod-V1.0-1_03.job	archive/gen1-2015-2018/YACC1A/PCB-PRODUCTION/SEQUENCER-PROD-V1.0/LOGIC-V1.0/Sequencer-Logic-Prod-V1.0-1_03.job
YACCS-OLD/YACC1A/PCB-PRODUCTION/SEQUENCER-PROD-V1.0/LOGIC-V1.0/Sequencer-Logic-Prod-V1.0-3.brd	archive/gen1-2015-2018/YACC1A1/PRODUCTION/SEQUENCER-LOGIC-V1.0/Sequencer-Logic-Prod-V1.0-3.brd	archive/gen1-2015-2018/YACC1A/PCB-PRODUCTION/SEQUENCER-PROD-V1.0/LOGIC-V1.0/Sequencer-Logic-Prod-V1.0-3.brd
YACCS-OLD/YACC1A/PCB-PRODUCTION/SEQUENCER-PROD-V1.0/LOGIC-V1.0/Sequencer-Logic-Prod-V1.0-3.pro	archive/gen1-2015-2018/YACC1A1/PRODUCTION/SEQUENCER-LOGIC-V1.0/Sequencer-Logic-Prod-V1.0-3.pro	archive/gen1-2015-2018/YACC1A/PCB-PRODUCTION/SEQUENCER-PROD-V1.0/LOGIC-V1.0/Sequencer-Logic-Prod-V1.0-3.pro
YACCS-OLD/YACC1A/PCB-PRODUCTION/SEQUENCER-PROD-V1.0/LOGIC-V1.0/Sequencer-Logic-Prod-V1.0-3.sch	archive/gen1-2015-2018/YACC1A1/PRODUCTION/SEQUENCER-LOGIC-V1.0/Sequencer-Logic-Prod-V1.0-3.sch	archive/gen1-2015-2018/YACC1A/PCB-PRODUCTION/SEQUENCER-PROD-V1.0/LOGIC-V1.0/Sequencer-Logic-Prod-V1.0-3.sch
YACCS-OLD/YACC1A/PCB-PRODUCTION/SEQUENCER-PROD-V1.0/LOGIC-V1.0/gerbers.zip	archive/gen1-2015-2018/YACC1A1/PRODUCTION/SEQUENCER-LOGIC-V1.0/gerbers.zip	archive/gen1-2015-2018/YACC1A/PCB-PRODUCTION/SEQUENCER-PROD-V1.0/LOGIC-V1.0/gerbers.zip
YACCS-OLD/YACC1A/PCB-PRODUCTION/SEQUENCER-PROD-V1.0/LOGIC-V1.0/gerbers/Sequencer-Logic-Prod-V1.0-3.cmp	archive/gen1-2015-2018/YACC1A1/PRODUCTION/SEQUENCER-LOGIC-V1.0/gerbers/Sequencer-Logic-Prod-V1.0-3.cmp	archive/gen1-2015-2018/YACC1A/PCB-PRODUCTION/SEQUENCER-PROD-V1.0/LOGIC-V1.0/gerbers/Sequencer-Logic-Prod-V1.0-3.cmp
YACCS-OLD/YACC1A/PCB-PRODUCTION/SEQUENCER-PROD-V1.0/LOGIC-V1.0/gerbers/Sequencer-Logic-Prod-V1.0-3.drd	archive/gen1-2015-2018/YACC1A1/PRODUCTION/SEQUENCER-LOGIC-V1.0/gerbers/Sequencer-Logic-Prod-V1.0-3.drd	archive/gen1-2015-2018/YACC1A/PCB-PRODUCTION/SEQUENCER-PROD-V1.0/LOGIC-V1.0/gerbers/Sequencer-Logic-Prod-V1.0-3.drd
YACCS-OLD/YACC1A/PCB-PRODUCTION/SEQUENCER-PROD-V1.0/LOGIC-V1.0/gerbers/Sequencer-Logic-Prod-V1.0-3.dri	archive/gen1-2015-2018/YACC1A1/PRODUCTION/SEQUENCER-LOGIC-V1.0/gerbers/Sequencer-Logic-Prod-V1.0-3.dri	archive/gen1-2015-2018/YACC1A/PCB-PRODUCTION/SEQUENCER-PROD-V1.0/LOGIC-V1.0/gerbers/Sequencer-Logic-Prod-V1.0-3.dri
YACCS-OLD/YACC1A/PCB-PRODUCTION/SEQUENCER-PROD-V1.0/LOGIC-V1.0/gerbers/Sequencer-Logic-Prod-V1.0-3.l15	archive/gen1-2015-2018/YACC1A1/PRODUCTION/SEQUENCER-LOGIC-V1.0/gerbers/Sequencer-Logic-Prod-V1.0-3.l15	archive/gen1-2015-2018/YACC1A/PCB-PRODUCTION/SEQUENCER-PROD-V1.0/LOGIC-V1.0/gerbers/Sequencer-Logic-Prod-V1.0-3.l15
YACCS-OLD/YACC1A/PCB-PRODUCTION/SEQUENCER-PROD-V1.0/LOGIC-V1.0/gerbers/Sequencer-Logic-Prod-V1.0-3.ly2	archive/gen1-2015-2018/YACC1A1/PRODUCTION/SEQUENCER-LOGIC-V1.0/gerbers/Sequencer-Logic-Prod-V1.0-3.ly2	archive/gen1-2015-2018/YACC1A/PCB-PRODUCTION/SEQUENCER-PROD-V1.0/LOGIC-V1.0/gerbers/Sequencer-Logic-Prod-V1.0-3.ly2
YACCS-OLD/YACC1A/PCB-PRODUCTION/SEQUENCER-PROD-V1.0/LOGIC-V1.0/gerbers/Sequencer-Logic-Prod-V1.0-3.plc	archive/gen1-2015-2018/YACC1A1/PRODUCTION/SEQUENCER-LOGIC-V1.0/gerbers/Sequencer-Logic-Prod-V1.0-3.plc	archive/gen1-2015-2018/YACC1A/PCB-PRODUCTION/SEQUENCER-PROD-V1.0/LOGIC-V1.0/gerbers/Sequencer-Logic-Prod-V1.0-3.plc
YACCS-OLD/YACC1A/PCB-PRODUCTION/SEQUENCER-PROD-V1.0/LOGIC-V1.0/gerbers/Sequencer-Logic-Prod-V1.0-3.sol	archive/gen1-2015-2018/YACC1A1/PRODUCTION/SEQUENCER-LOGIC-V1.0/gerbers/Sequencer-Logic-Prod-V1.0-3.sol	archive/gen1-2015-2018/YACC1A/PCB-PRODUCTION/SEQUENCER-PROD-V1.0/LOGIC-V1.0/gerbers/Sequencer-Logic-Prod-V1.0-3.sol
YACCS-OLD/YACC1A/PCB-PRODUCTION/SEQUENCER-PROD-V1.0/LOGIC-V1.0/gerbers/Sequencer-Logic-Prod-V1.0-3.stc	archive/gen1-2015-2018/YACC1A1/PRODUCTION/SEQUENCER-LOGIC-V1.0/gerbers/Sequencer-Logic-Prod-V1.0-3.stc	archive/gen1-2015-2018/YACC1A/PCB-PRODUCTION/SEQUENCER-PROD-V1.0/LOGIC-V1.0/gerbers/Sequencer-Logic-Prod-V1.0-3.stc
YACCS-OLD/YACC1A/PCB-PRODUCTION/SEQUENCER-PROD-V1.0/LOGIC-V1.0/gerbers/Sequencer-Logic-Prod-V1.0-3.sts	archive/gen1-2015-2018/YACC1A1/PRODUCTION/SEQUENCER-LOGIC-V1.0/gerbers/Sequencer-Logic-Prod-V1.0-3.sts	archive/gen1-2015-2018/YACC1A/PCB-PRODUCTION/SEQUENCER-PROD-V1.0/LOGIC-V1.0/gerbers/Sequencer-Logic-Prod-V1.0-3.sts
YACCS-OLD/YACC1A/PCB-PRODUCTION/SEQUENCER-PROD-V1.0/MEMORY-V1.0/new - bus 1.21/Sequencer-Memory-V1.0-3.brd	archive/gen1-2015-2018/YACC1A1/PRODUCTION/SEQUENCER-MEMORY-Prod-V1.0/new - bus 1.21/Sequencer-Memory-V1.0-3.brd	archive/gen1-2015-2018/YACC1A/PCB-PRODUCTION/SEQUENCER-PROD-V1.0/MEMORY-V1.0/new - bus 1.21/Sequencer-Memory-V1.0-3.brd
YACCS-OLD/YACC1A/PCB-PRODUCTION/SEQUENCER-PROD-V1.0/MEMORY-V1.0/new - bus 1.21/Sequencer-Memory-V1.0-3.dri	archive/gen1-2015-2018/YACC1A1/PRODUCTION/SEQUENCER-MEMORY-Prod-V1.0/new - bus 1.21/Sequencer-Memory-V1.0-3.dri	archive/gen1-2015-2018/YACC1A/PCB-PRODUCTION/SEQUENCER-PROD-V1.0/MEMORY-V1.0/new - bus 1.21/Sequencer-Memory-V1.0-3.dri
YACCS-OLD/YACC1A/PCB-PRODUCTION/SEQUENCER-PROD-V1.0/MEMORY-V1.0/new - bus 1.21/Sequencer-Memory-V1.0-3.gpi	archive/gen1-2015-2018/YACC1A1/PRODUCTION/SEQUENCER-MEMORY-Prod-V1.0/new - bus 1.21/Sequencer-Memory-V1.0-3.gpi	archive/gen1-2015-2018/YACC1A/PCB-PRODUCTION/SEQUENCER-PROD-V1.0/MEMORY-V1.0/new - bus 1.21/Sequencer-Memory-V1.0-3.gpi
YACCS-OLD/YACC1A/PCB-PRODUCTION/SEQUENCER-PROD-V1.0/MEMORY-V1.0/new - bus 1.21/Sequencer-Memory-V1.0-3.pro	archive/gen1-2015-2018/YACC1A1/PRODUCTION/SEQUENCER-MEMORY-Prod-V1.0/new - bus 1.21/Sequencer-Memory-V1.0-3.pro	archive/gen1-2015-2018/YACC1A/PCB-PRODUCTION/SEQUENCER-PROD-V1.0/MEMORY-V1.0/new - bus 1.21/Sequencer-Memory-V1.0-3.pro
YACCS-OLD/YACC1A/PCB-PRODUCTION/SEQUENCER-PROD-V1.0/MEMORY-V1.0/new - bus 1.21/Sequencer-Memory-V1.0-3.sch	archive/gen1-2015-2018/YACC1A1/PRODUCTION/SEQUENCER-MEMORY-Prod-V1.0/new - bus 1.21/Sequencer-Memory-V1.0-3.sch	archive/gen1-2015-2018/YACC1A/PCB-PRODUCTION/SEQUENCER-PROD-V1.0/MEMORY-V1.0/new - bus 1.21/Sequencer-Memory-V1.0-3.sch
YACCS-OLD/YACC1A/PCB-PRODUCTION/SEQUENCER-PROD-V1.0/MEMORY-V1.0/new - bus 1.21/gerbers.zip	archive/gen1-2015-2018/YACC1A1/PRODUCTION/SEQUENCER-MEMORY-Prod-V1.0/new - bus 1.21/gerbers.zip	archive/gen1-2015-2018/YACC1A/PCB-PRODUCTION/SEQUENCER-PROD-V1.0/MEMORY-V1.0/new - bus 1.21/gerbers.zip
YACCS-OLD/YACC1A/PCB-PRODUCTION/SEQUENCER-PROD-V1.0/MEMORY-V1.0/new - bus 1.21/gerbers/Sequencer-Memory-V1.0-3.cmp	archive/gen1-2015-2018/YACC1A1/PRODUCTION/SEQUENCER-MEMORY-Prod-V1.0/new - bus 1.21/gerbers/Sequencer-Memory-V1.0-3.cmp	archive/gen1-2015-2018/YACC1A/PCB-PRODUCTION/SEQUENCER-PROD-V1.0/MEMORY-V1.0/new - bus 1.21/gerbers/Sequencer-Memory-V1.0-3.cmp
YACCS-OLD/YACC1A/PCB-PRODUCTION/SEQUENCER-PROD-V1.0/MEMORY-V1.0/new - bus 1.21/gerbers/Sequencer-Memory-V1.0-3.drd	archive/gen1-2015-2018/YACC1A1/PRODUCTION/SEQUENCER-MEMORY-Prod-V1.0/new - bus 1.21/gerbers/Sequencer-Memory-V1.0-3.drd	archive/gen1-2015-2018/YACC1A/PCB-PRODUCTION/SEQUENCER-PROD-V1.0/MEMORY-V1.0/new - bus 1.21/gerbers/Sequencer-Memory-V1.0-3.drd
YACCS-OLD/YACC1A/PCB-PRODUCTION/SEQUENCER-PROD-V1.0/MEMORY-V1.0/new - bus 1.21/gerbers/Sequencer-Memory-V1.0-3.plc	archive/gen1-2015-2018/YACC1A1/PRODUCTION/SEQUENCER-MEMORY-Prod-V1.0/new - bus 1.21/gerbers/Sequencer-Memory-V1.0-3.plc	archive/gen1-2015-2018/YACC1A/PCB-PRODUCTION/SEQUENCER-PROD-V1.0/MEMORY-V1.0/new - bus 1.21/gerbers/Sequencer-Memory-V1.0-3.plc
YACCS-OLD/YACC1A/PCB-PRODUCTION/SEQUENCER-PROD-V1.0/MEMORY-V1.0/new - bus 1.21/gerbers/Sequencer-Memory-V1.0-3.sol	archive/gen1-2015-2018/YACC1A1/PRODUCTION/SEQUENCER-MEMORY-Prod-V1.0/new - bus 1.21/gerbers/Sequencer-Memory-V1.0-3.sol	archive/gen1-2015-2018/YACC1A/PCB-PRODUCTION/SEQUENCER-PROD-V1.0/MEMORY-V1.0/new - bus 1.21/gerbers/Sequencer-Memory-V1.0-3.sol
YACCS-OLD/YACC1A/PCB-PRODUCTION/SEQUENCER-PROD-V1.0/MEMORY-V1.0/new - bus 1.21/gerbers/Sequencer-Memory-V1.0-3.stc	archive/gen1-2015-2018/YACC1A1/PRODUCTION/SEQUENCER-MEMORY-Prod-V1.0/new - bus 1.21/gerbers/Sequencer-Memory-V1.0-3.stc	archive/gen1-2015-2018/YACC1A/PCB-PRODUCTION/SEQUENCER-PROD-V1.0/MEMORY-V1.0/new - bus 1.21/gerbers/Sequencer-Memory-V1.0-3.stc
YACCS-OLD/YACC1A/PCB-PRODUCTION/SEQUENCER-PROD-V1.0/MEMORY-V1.0/new - bus 1.21/gerbers/Sequencer-Memory-V1.0-3.sts	archive/gen1-2015-2018/YACC1A1/PRODUCTION/SEQUENCER-MEMORY-Prod-V1.0/new - bus 1.21/gerbers/Sequencer-Memory-V1.0-3.sts	archive/gen1-2015-2018/YACC1A/PCB-PRODUCTION/SEQUENCER-PROD-V1.0/MEMORY-V1.0/new - bus 1.21/gerbers/Sequencer-Memory-V1.0-3.sts
YACCS-OLD/YACC1A/PCB-PRODUCTION/SEQUENCER-PROD-V1.0/MEMORY-V1.0/new - bus 1.2?/Sequencer-Memory-V1.0-3.brd	archive/gen1-2015-2018/YACC1A1/PRODUCTION/SEQUENCER-MEMORY-Prod-V1.0/untitled folder/Sequencer-Memory-V1.0-3.brd	archive/gen1-2015-2018/YACC1A/PCB-PRODUCTION/SEQUENCER-PROD-V1.0/MEMORY-V1.0/new - bus 1.2?/Sequencer-Memory-V1.0-3.brd
YACCS-OLD/YACC1A/PCB-PRODUCTION/SEQUENCER-PROD-V1.0/MEMORY-V1.0/new - bus 1.2?/Sequencer-Memory-V1.0-3.dri	archive/gen1-2015-2018/YACC1A1/PRODUCTION/SEQUENCER-MEMORY-Prod-V1.0/new - bus 1.21/Sequencer-Memory-V1.0-3.dri	archive/gen1-2015-2018/YACC1A/PCB-PRODUCTION/SEQUENCER-PROD-V1.0/MEMORY-V1.0/new - bus 1.2?/Sequencer-Memory-V1.0-3.dri
YACCS-OLD/YACC1A/PCB-PRODUCTION/SEQUENCER-PROD-V1.0/MEMORY-V1.0/new - bus 1.2?/Sequencer-Memory-V1.0-3.gpi	archive/gen1-2015-2018/YACC1A1/PRODUCTION/SEQUENCER-MEMORY-Prod-V1.0/new - bus 1.21/Sequencer-Memory-V1.0-3.gpi	archive/gen1-2015-2018/YACC1A/PCB-PRODUCTION/SEQUENCER-PROD-V1.0/MEMORY-V1.0/new - bus 1.2?/Sequencer-Memory-V1.0-3.gpi
YACCS-OLD/YACC1A/PCB-PRODUCTION/SEQUENCER-PROD-V1.0/MEMORY-V1.0/new - bus 1.2?/Sequencer-Memory-V1.0-3.pro	archive/gen1-2015-2018/YACC1A1/PRODUCTION/SEQUENCER-MEMORY-Prod-V1.0/untitled folder/Sequencer-Memory-V1.0-3.pro	archive/gen1-2015-2018/YACC1A/PCB-PRODUCTION/SEQUENCER-PROD-V1.0/MEMORY-V1.0/new - bus 1.2?/Sequencer-Memory-V1.0-3.pro
YACCS-OLD/YACC1A/PCB-PRODUCTION/SEQUENCER-PROD-V1.0/MEMORY-V1.0/new - bus 1.2?/Sequencer-Memory-V1.0-3.sch	archive/gen1-2015-2018/YACC1A1/PRODUCTION/SEQUENCER-MEMORY-Prod-V1.0/untitled folder/Sequencer-Memory-V1.0-3.sch	archive/gen1-2015-2018/YACC1A/PCB-PRODUCTION/SEQUENCER-PROD-V1.0/MEMORY-V1.0/new - bus 1.2?/Sequencer-Memory-V1.0-3.sch
YACCS-OLD/YACC1A/PCB-PRODUCTION/SEQUENCER-PROD-V1.0/MEMORY-V1.0/new - bus 1.2?/gerbers.zip	archive/gen1-2015-2018/YACC1A1/PRODUCTION/SEQUENCER-MEMORY-Prod-V1.0/new - bus 1.21/gerbers.zip	archive/gen1-2015-2018/YACC1A/PCB-PRODUCTION/SEQUENCER-PROD-V1.0/MEMORY-V1.0/new - bus 1.2?/gerbers.zip
YACCS-OLD/YACC1A/PCB-PRODUCTION/SEQUENCER-PROD-V1.0/MEMORY-V1.0/new - bus 1.2?/gerbers/Sequencer-Memory-V1.0-3.cmp	archive/gen1-2015-2018/YACC1A1/PRODUCTION/SEQUENCER-MEMORY-Prod-V1.0/new - bus 1.21/gerbers/Sequencer-Memory-V1.0-3.cmp	archive/gen1-2015-2018/YACC1A/PCB-PRODUCTION/SEQUENCER-PROD-V1.0/MEMORY-V1.0/new - bus 1.2?/gerbers/Sequencer-Memory-V1.0-3.cmp
YACCS-OLD/YACC1A/PCB-PRODUCTION/SEQUENCER-PROD-V1.0/MEMORY-V1.0/new - bus 1.2?/gerbers/Sequencer-Memory-V1.0-3.drd	archive/gen1-2015-2018/YACC1A1/PRODUCTION/SEQUENCER-MEMORY-Prod-V1.0/new - bus 1.21/gerbers/Sequencer-Memory-V1.0-3.drd	archive/gen1-2015-2018/YACC1A/PCB-PRODUCTION/SEQUENCER-PROD-V1.0/MEMORY-V1.0/new - bus 1.2?/gerbers/Sequencer-Memory-V1.0-3.drd
YACCS-OLD/YACC1A/PCB-PRODUCTION/SEQUENCER-PROD-V1.0/MEMORY-V1.0/new - bus 1.2?/gerbers/Sequencer-Memory-V1.0-3.plc	archive/gen1-2015-2018/YACC1A1/PRODUCTION/SEQUENCER-MEMORY-Prod-V1.0/new - bus 1.21/gerbers/Sequencer-Memory-V1.0-3.plc	archive/gen1-2015-2018/YACC1A/PCB-PRODUCTION/SEQUENCER-PROD-V1.0/MEMORY-V1.0/new - bus 1.2?/gerbers/Sequencer-Memory-V1.0-3.plc
YACCS-OLD/YACC1A/PCB-PRODUCTION/SEQUENCER-PROD-V1.0/MEMORY-V1.0/new - bus 1.2?/gerbers/Sequencer-Memory-V1.0-3.sol	archive/gen1-2015-2018/YACC1A1/PRODUCTION/SEQUENCER-MEMORY-Prod-V1.0/new - bus 1.21/gerbers/Sequencer-Memory-V1.0-3.sol	archive/gen1-2015-2018/YACC1A/PCB-PRODUCTION/SEQUENCER-PROD-V1.0/MEMORY-V1.0/new - bus 1.2?/gerbers/Sequencer-Memory-V1.0-3.sol
YACCS-OLD/YACC1A/PCB-PRODUCTION/SEQUENCER-PROD-V1.0/MEMORY-V1.0/new - bus 1.2?/gerbers/Sequencer-Memory-V1.0-3.stc	archive/gen1-2015-2018/YACC1A1/PRODUCTION/SEQUENCER-MEMORY-Prod-V1.0/new - bus 1.21/gerbers/Sequencer-Memory-V1.0-3.stc	archive/gen1-2015-2018/YACC1A/PCB-PRODUCTION/SEQUENCER-PROD-V1.0/MEMORY-V1.0/new - bus 1.2?/gerbers/Sequencer-Memory-V1.0-3.stc
YACCS-OLD/YACC1A/PCB-PRODUCTION/SEQUENCER-PROD-V1.0/MEMORY-V1.0/new - bus 1.2?/gerbers/Sequencer-Memory-V1.0-3.sts	archive/gen1-2015-2018/YACC1A1/PRODUCTION/SEQUENCER-MEMORY-Prod-V1.0/new - bus 1.21/gerbers/Sequencer-Memory-V1.0-3.sts	archive/gen1-2015-2018/YACC1A/PCB-PRODUCTION/SEQUENCER-PROD-V1.0/MEMORY-V1.0/new - bus 1.2?/gerbers/Sequencer-Memory-V1.0-3.sts
YACCS-OLD/YACC1A/PCB-PRODUCTION/SEQUENCER-PROD-V1.0/MEMORY-V1.0/orig - bus 1.20/Sequencer-Memory-V1.0-1.brd	archive/gen1-2015-2018/YACC1A1/PRODUCTION/SEQUENCER-MEMORY-Prod-V1.0/orig - bus 1.20/Sequencer-Memory-V1.0-1.brd	archive/gen1-2015-2018/YACC1A/PCB-PRODUCTION/SEQUENCER-PROD-V1.0/MEMORY-V1.0/orig - bus 1.20/Sequencer-Memory-V1.0-1.brd
YACCS-OLD/YACC1A/PCB-PRODUCTION/SEQUENCER-PROD-V1.0/MEMORY-V1.0/orig - bus 1.20/Sequencer-Memory-V1.0-1.pro	archive/gen1-2015-2018/YACC1A1/PRODUCTION/SEQUENCER-MEMORY-Prod-V1.0/orig - bus 1.20/Sequencer-Memory-V1.0-1.pro	archive/gen1-2015-2018/YACC1A/PCB-PRODUCTION/SEQUENCER-PROD-V1.0/MEMORY-V1.0/orig - bus 1.20/Sequencer-Memory-V1.0-1.pro
YACCS-OLD/YACC1A/PCB-PRODUCTION/SEQUENCER-PROD-V1.0/MEMORY-V1.0/orig - bus 1.20/Sequencer-Memory-V1.0-1.sch	archive/gen1-2015-2018/YACC1A1/PRODUCTION/SEQUENCER-MEMORY-Prod-V1.0/orig - bus 1.20/Sequencer-Memory-V1.0-1.sch	archive/gen1-2015-2018/YACC1A/PCB-PRODUCTION/SEQUENCER-PROD-V1.0/MEMORY-V1.0/orig - bus 1.20/Sequencer-Memory-V1.0-1.sch
YACCS-OLD/YACC1A/PCB-PRODUCTION/SEQUENCER-PROD-V1.0/MEMORY-V1.0/orig - bus 1.20/Sequencer-Memory-V1.0-2.brd	archive/gen1-2015-2018/YACC1A1/PRODUCTION/SEQUENCER-MEMORY-Prod-V1.0/orig - bus 1.20/Sequencer-Memory-V1.0-2.brd	archive/gen1-2015-2018/YACC1A/PCB-PRODUCTION/SEQUENCER-PROD-V1.0/MEMORY-V1.0/orig - bus 1.20/Sequencer-Memory-V1.0-2.brd
YACCS-OLD/YACC1A/PCB-PRODUCTION/SEQUENCER-PROD-V1.0/MEMORY-V1.0/orig - bus 1.20/Sequencer-Memory-V1.0-2.pro	archive/gen1-2015-2018/YACC1A1/PRODUCTION/SEQUENCER-MEMORY-Prod-V1.0/orig - bus 1.20/Sequencer-Memory-V1.0-2.pro	archive/gen1-2015-2018/YACC1A/PCB-PRODUCTION/SEQUENCER-PROD-V1.0/MEMORY-V1.0/orig - bus 1.20/Sequencer-Memory-V1.0-2.pro
YACCS-OLD/YACC1A/PCB-PRODUCTION/SEQUENCER-PROD-V1.0/MEMORY-V1.0/orig - bus 1.20/Sequencer-Memory-V1.0-2.sch	archive/gen1-2015-2018/YACC1A1/PRODUCTION/SEQUENCER-MEMORY-Prod-V1.0/orig - bus 1.20/Sequencer-Memory-V1.0-2.sch	archive/gen1-2015-2018/YACC1A/PCB-PRODUCTION/SEQUENCER-PROD-V1.0/MEMORY-V1.0/orig - bus 1.20/Sequencer-Memory-V1.0-2.sch
YACCS-OLD/YACC1A/PCB-PRODUCTION/SEQUENCER-PROD-V1.0/MEMORY-V1.0/orig - bus 1.20/Sequencer-Memory-V1.0-3 2.brd	archive/gen1-2015-2018/YACC1A1/PRODUCTION/SEQUENCER-MEMORY-Prod-V1.0/orig - bus 1.20/Sequencer-Memory-V1.0-3 2.brd	archive/gen1-2015-2018/YACC1A/PCB-PRODUCTION/SEQUENCER-PROD-V1.0/MEMORY-V1.0/orig - bus 1.20/Sequencer-Memory-V1.0-3 2.brd
YACCS-OLD/YACC1A/PCB-PRODUCTION/SEQUENCER-PROD-V1.0/MEMORY-V1.0/orig - bus 1.20/Sequencer-Memory-V1.0-3.brd	archive/gen1-2015-2018/YACC1A1/PRODUCTION/SEQUENCER-MEMORY-Prod-V1.0/orig - bus 1.20/Sequencer-Memory-V1.0-3.brd	archive/gen1-2015-2018/YACC1A/PCB-PRODUCTION/SEQUENCER-PROD-V1.0/MEMORY-V1.0/orig - bus 1.20/Sequencer-Memory-V1.0-3.brd
YACCS-OLD/YACC1A/PCB-PRODUCTION/SEQUENCER-PROD-V1.0/MEMORY-V1.0/orig - bus 1.20/Sequencer-Memory-V1.0-3.dri	archive/gen1-2015-2018/YACC1A1/PRODUCTION/SEQUENCER-MEMORY-Prod-V1.0/new - bus 1.21/Sequencer-Memory-V1.0-3.dri	archive/gen1-2015-2018/YACC1A/PCB-PRODUCTION/SEQUENCER-PROD-V1.0/MEMORY-V1.0/orig - bus 1.20/Sequencer-Memory-V1.0-3.dri
YACCS-OLD/YACC1A/PCB-PRODUCTION/SEQUENCER-PROD-V1.0/MEMORY-V1.0/orig - bus 1.20/Sequencer-Memory-V1.0-3.gpi	archive/gen1-2015-2018/YACC1A1/PRODUCTION/SEQUENCER-MEMORY-Prod-V1.0/new - bus 1.21/Sequencer-Memory-V1.0-3.gpi	archive/gen1-2015-2018/YACC1A/PCB-PRODUCTION/SEQUENCER-PROD-V1.0/MEMORY-V1.0/orig - bus 1.20/Sequencer-Memory-V1.0-3.gpi
YACCS-OLD/YACC1A/PCB-PRODUCTION/SEQUENCER-PROD-V1.0/MEMORY-V1.0/orig - bus 1.20/Sequencer-Memory-V1.0-3.pro	archive/gen1-2015-2018/YACC1A1/PRODUCTION/SEQUENCER-MEMORY-Prod-V1.0/new - bus 1.21/Sequencer-Memory-V1.0-3.pro	archive/gen1-2015-2018/YACC1A/PCB-PRODUCTION/SEQUENCER-PROD-V1.0/MEMORY-V1.0/orig - bus 1.20/Sequencer-Memory-V1.0-3.pro
YACCS-OLD/YACC1A/PCB-PRODUCTION/SEQUENCER-PROD-V1.0/MEMORY-V1.0/orig - bus 1.20/Sequencer-Memory-V1.0-3.sch	archive/gen1-2015-2018/YACC1A1/PRODUCTION/SEQUENCER-MEMORY-Prod-V1.0/orig - bus 1.20/Sequencer-Memory-V1.0-3.sch	archive/gen1-2015-2018/YACC1A/PCB-PRODUCTION/SEQUENCER-PROD-V1.0/MEMORY-V1.0/orig - bus 1.20/Sequencer-Memory-V1.0-3.sch
YACCS-OLD/YACC1A/PCB-PRODUCTION/SEQUENCER-PROD-V1.0/MEMORY-V1.0/orig - bus 1.20/Sequencer-Memory-V1.0.sch	archive/gen1-2015-2018/YACC1A1/PRODUCTION/SEQUENCER-MEMORY-Prod-V1.0/orig - bus 1.20/Sequencer-Memory-V1.0.sch	archive/gen1-2015-2018/YACC1A/PCB-PRODUCTION/SEQUENCER-PROD-V1.0/MEMORY-V1.0/orig - bus 1.20/Sequencer-Memory-V1.0.sch
YACCS-OLD/YACC1A/PCB-PRODUCTION/SEQUENCER-PROD-V1.0/MEMORY-V1.0/orig - bus 1.20/gerbers.zip	archive/gen1-2015-2018/YACC1A1/PRODUCTION/SEQUENCER-MEMORY-Prod-V1.0/new - bus 1.21/gerbers.zip	archive/gen1-2015-2018/YACC1A/PCB-PRODUCTION/SEQUENCER-PROD-V1.0/MEMORY-V1.0/orig - bus 1.20/gerbers.zip
YACCS-OLD/YACC1A/PCB-PRODUCTION/SEQUENCER-PROD-V1.0/MEMORY-V1.0/orig - bus 1.20/gerbers/Sequencer-Memory-V1.0-3.cmp	archive/gen1-2015-2018/YACC1A1/PRODUCTION/SEQUENCER-MEMORY-Prod-V1.0/new - bus 1.21/gerbers/Sequencer-Memory-V1.0-3.cmp	archive/gen1-2015-2018/YACC1A/PCB-PRODUCTION/SEQUENCER-PROD-V1.0/MEMORY-V1.0/orig - bus 1.20/gerbers/Sequencer-Memory-V1.0-3.cmp
YACCS-OLD/YACC1A/PCB-PRODUCTION/SEQUENCER-PROD-V1.0/MEMORY-V1.0/orig - bus 1.20/gerbers/Sequencer-Memory-V1.0-3.drd	archive/gen1-2015-2018/YACC1A1/PRODUCTION/SEQUENCER-MEMORY-Prod-V1.0/new - bus 1.21/gerbers/Sequencer-Memory-V1.0-3.drd	archive/gen1-2015-2018/YACC1A/PCB-PRODUCTION/SEQUENCER-PROD-V1.0/MEMORY-V1.0/orig - bus 1.20/gerbers/Sequencer-Memory-V1.0-3.drd
YACCS-OLD/YACC1A/PCB-PRODUCTION/SEQUENCER-PROD-V1.0/MEMORY-V1.0/orig - bus 1.20/gerbers/Sequencer-Memory-V1.0-3.plc	archive/gen1-2015-2018/YACC1A1/PRODUCTION/SEQUENCER-MEMORY-Prod-V1.0/new - bus 1.21/gerbers/Sequencer-Memory-V1.0-3.plc	archive/gen1-2015-2018/YACC1A/PCB-PRODUCTION/SEQUENCER-PROD-V1.0/MEMORY-V1.0/orig - bus 1.20/gerbers/Sequencer-Memory-V1.0-3.plc
YACCS-OLD/YACC1A/PCB-PRODUCTION/SEQUENCER-PROD-V1.0/MEMORY-V1.0/orig - bus 1.20/gerbers/Sequencer-Memory-V1.0-3.sol	archive/gen1-2015-2018/YACC1A1/PRODUCTION/SEQUENCER-MEMORY-Prod-V1.0/new - bus 1.21/gerbers/Sequencer-Memory-V1.0-3.sol	archive/gen1-2015-2018/YACC1A/PCB-PRODUCTION/SEQUENCER-PROD-V1.0/MEMORY-V1.0/orig - bus 1.20/gerbers/Sequencer-Memory-V1.0-3.sol
YACCS-OLD/YACC1A/PCB-PRODUCTION/SEQUENCER-PROD-V1.0/MEMORY-V1.0/orig - bus 1.20/gerbers/Sequencer-Memory-V1.0-3.stc	archive/gen1-2015-2018/YACC1A1/PRODUCTION/SEQUENCER-MEMORY-Prod-V1.0/new - bus 1.21/gerbers/Sequencer-Memory-V1.0-3.stc	archive/gen1-2015-2018/YACC1A/PCB-PRODUCTION/SEQUENCER-PROD-V1.0/MEMORY-V1.0/orig - bus 1.20/gerbers/Sequencer-Memory-V1.0-3.stc
YACCS-OLD/YACC1A/PCB-PRODUCTION/SEQUENCER-PROD-V1.0/MEMORY-V1.0/orig - bus 1.20/gerbers/Sequencer-Memory-V1.0-3.sts	archive/gen1-2015-2018/YACC1A1/PRODUCTION/SEQUENCER-MEMORY-Prod-V1.0/new - bus 1.21/gerbers/Sequencer-Memory-V1.0-3.sts	archive/gen1-2015-2018/YACC1A/PCB-PRODUCTION/SEQUENCER-PROD-V1.0/MEMORY-V1.0/orig - bus 1.20/gerbers/Sequencer-Memory-V1.0-3.sts
YACCS-OLD/YACC1A/PCB-PRODUCTION/SP-PC-PROD-V1.0/SP:PC.brd	archive/gen1-2015-2018/YACC1A1/PRODUCTION/SP-PC-PROD-V1.0/SP-PC.brd	archive/gen1-2015-2018/YACC1A/PCB-PRODUCTION/SP-PC-PROD-V1.0/SP-PC.brd
YACCS-OLD/YACC1A/PCB-PRODUCTION/SP-PC-PROD-V1.0/SP:PC.pdf	archive/gen1-2015-2018/YACC1A1/PRODUCTION/SP-PC-PROD-V1.0/SP-PC.pdf	archive/gen1-2015-2018/YACC1A/PCB-PRODUCTION/SP-PC-PROD-V1.0/SP-PC.pdf
YACCS-OLD/YACC1A/PCB-PRODUCTION/SP-PC-PROD-V1.0/SP:PC.pro	archive/gen1-2015-2018/YACC1A1/PRODUCTION/SP-PC-PROD-V1.0/SP-PC.pro	archive/gen1-2015-2018/YACC1A/PCB-PRODUCTION/SP-PC-PROD-V1.0/SP-PC.pro
YACCS-OLD/YACC1A/PCB-PRODUCTION/SP-PC-PROD-V1.0/SP:PC.sch	archive/gen1-2015-2018/YACC1A1/PRODUCTION/SP-PC-PROD-V1.0/SP-PC.sch	archive/gen1-2015-2018/YACC1A/PCB-PRODUCTION/SP-PC-PROD-V1.0/SP-PC.sch
YACCS-OLD/YACC1A/PCB-PRODUCTION/SP-PC-PROD-V1.0/gerbers.zip	archive/gen1-2015-2018/YACC1A1/PRODUCTION/SP-PC-PROD-V1.0/gerbers.zip	archive/gen1-2015-2018/YACC1A/PCB-PRODUCTION/SP-PC-PROD-V1.0/gerbers.zip
YACCS-OLD/YACC1A/PCB-PRODUCTION/SP-PC-PROD-V1.0/gerbers/SP:PC.GBL	archive/gen1-2015-2018/YACC1A1/PRODUCTION/SP-PC-PROD-V1.0/gerbers/SP-PC.GBL	archive/gen1-2015-2018/YACC1A/PCB-PRODUCTION/SP-PC-PROD-V1.0/gerbers/SP-PC.GBL
YACCS-OLD/YACC1A/PCB-PRODUCTION/SP-PC-PROD-V1.0/gerbers/SP:PC.GBS	archive/gen1-2015-2018/YACC1A1/PRODUCTION/SP-PC-PROD-V1.0/gerbers/SP-PC.GBS	archive/gen1-2015-2018/YACC1A/PCB-PRODUCTION/SP-PC-PROD-V1.0/gerbers/SP-PC.GBS
YACCS-OLD/YACC1A/PCB-PRODUCTION/SP-PC-PROD-V1.0/gerbers/SP:PC.GTL	archive/gen1-2015-2018/YACC1A1/PRODUCTION/SP-PC-PROD-V1.0/gerbers/SP-PC.GTL	archive/gen1-2015-2018/YACC1A/PCB-PRODUCTION/SP-PC-PROD-V1.0/gerbers/SP-PC.GTL
YACCS-OLD/YACC1A/PCB-PRODUCTION/SP-PC-PROD-V1.0/gerbers/SP:PC.GTO	archive/gen1-2015-2018/YACC1A1/PRODUCTION/SP-PC-PROD-V1.0/gerbers/SP-PC.GTO	archive/gen1-2015-2018/YACC1A/PCB-PRODUCTION/SP-PC-PROD-V1.0/gerbers/SP-PC.GTO
YACCS-OLD/YACC1A/PCB-PRODUCTION/SP-PC-PROD-V1.0/gerbers/SP:PC.GTS	archive/gen1-2015-2018/YACC1A1/PRODUCTION/SP-PC-PROD-V1.0/gerbers/SP-PC.GBS	archive/gen1-2015-2018/YACC1A/PCB-PRODUCTION/SP-PC-PROD-V1.0/gerbers/SP-PC.GTS
YACCS-OLD/YACC1A/PCB-PRODUCTION/SP-PC-PROD-V1.0/gerbers/SP:PC.TXT	archive/gen1-2015-2018/YACC1A1/PRODUCTION/SP-PC-PROD-V1.0/gerbers/SP-PC.TXT	archive/gen1-2015-2018/YACC1A/PCB-PRODUCTION/SP-PC-PROD-V1.0/gerbers/SP-PC.TXT
YACCS-OLD/YACC1A/PCB-PRODUCTION/SP-PC-PROD-V1.0/unused gerbers/SP:PC.GBO	archive/gen1-2015-2018/YACC1A1/PRODUCTION/ALU-PROD-V1.0/alu4.crc	archive/gen1-2015-2018/YACC1A/PCB-PRODUCTION/SP-PC-PROD-V1.0/unused gerbers/SP-PC.GBO
YACCS-OLD/YACC1A/PCB-PRODUCTION/SP-PC-PROD-V1.0/unused gerbers/SP:PC.GML	archive/gen1-2015-2018/YACC1A1/PRODUCTION/ALU-PROD-V1.0/alu4.crc	archive/gen1-2015-2018/YACC1A/PCB-PRODUCTION/SP-PC-PROD-V1.0/unused gerbers/SP-PC.GML
YACCS-OLD/YACC1A/PCB-PRODUCTION/SP-PC-PROD-V1.0/unused gerbers/SP:PC.GTP	archive/gen1-2015-2018/YACC1A1/PRODUCTION/SP-PC-PROD-V1.0/unused gerbers/SP-PC.GTP	archive/gen1-2015-2018/YACC1A/PCB-PRODUCTION/SP-PC-PROD-V1.0/unused gerbers/SP-PC.GTP
YACCS-OLD/YACC1A/PCB-PRODUCTION/SP-PC-PROD-V1.0/unused gerbers/SP:PC.dri	archive/gen1-2015-2018/YACC1A1/PRODUCTION/SP-PC-PROD-V1.0/unused gerbers/SP-PC.dri	archive/gen1-2015-2018/YACC1A/PCB-PRODUCTION/SP-PC-PROD-V1.0/unused gerbers/SP-PC.dri
YACCS-OLD/YACC1A/PCB-PRODUCTION/SP-PC-PROD-V1.0/unused gerbers/SP:PC.gpi	archive/gen1-2015-2018/YACC1A1/PRODUCTION/SP-PC-PROD-V1.0/unused gerbers/SP-PC.gpi	archive/gen1-2015-2018/YACC1A/PCB-PRODUCTION/SP-PC-PROD-V1.0/unused gerbers/SP-PC.gpi
YACCS-OLD/YACC1A/PCB-PRODUCTION/TESTER-PROD-V1.1/new - 1.21 bus/INCORRECTLY ADJUSTED/gerbers.zip	hardware/cards/bus-tester/eagle/v1.1/fab/gerbers.zip	archive/gen1-2015-2018/YACC1A/PCB-PRODUCTION/TESTER-PROD-V1.1/new - 1.21 bus/INCORRECTLY ADJUSTED/gerbers.zip
YACCS-OLD/YACC1A/PCB-PRODUCTION/TESTER-PROD-V1.1/new - 1.21 bus/INCORRECTLY ADJUSTED/tester.brd	archive/gen1-2015-2018/YACC1A1/PRODUCTION/TESTER-PROD-V1.1/new - 1.21 bus/INCORRECTLY ADJUSTED/tester.brd	archive/gen1-2015-2018/YACC1A/PCB-PRODUCTION/TESTER-PROD-V1.1/new - 1.21 bus/INCORRECTLY ADJUSTED/tester.brd
YACCS-OLD/YACC1A/PCB-PRODUCTION/TESTER-PROD-V1.1/new - 1.21 bus/INCORRECTLY ADJUSTED/tester.dri	hardware/cards/bus-tester/eagle/v1.1/fab/tester.dri	archive/gen1-2015-2018/YACC1A/PCB-PRODUCTION/TESTER-PROD-V1.1/new - 1.21 bus/INCORRECTLY ADJUSTED/tester.dri
YACCS-OLD/YACC1A/PCB-PRODUCTION/TESTER-PROD-V1.1/new - 1.21 bus/INCORRECTLY ADJUSTED/tester.gpi	hardware/cards/bus-tester/eagle/v1.1/fab/tester.gpi	archive/gen1-2015-2018/YACC1A/PCB-PRODUCTION/TESTER-PROD-V1.1/new - 1.21 bus/INCORRECTLY ADJUSTED/tester.gpi
YACCS-OLD/YACC1A/PCB-PRODUCTION/TESTER-PROD-V1.1/new - 1.21 bus/INCORRECTLY ADJUSTED/tester.pro	archive/gen1-2015-2018/YACC1A1/PRODUCTION/TESTER-PROD-V1.1/new - 1.21 bus/INCORRECTLY ADJUSTED/tester.pro	archive/gen1-2015-2018/YACC1A/PCB-PRODUCTION/TESTER-PROD-V1.1/new - 1.21 bus/INCORRECTLY ADJUSTED/tester.pro
YACCS-OLD/YACC1A/PCB-PRODUCTION/TESTER-PROD-V1.1/new - 1.21 bus/INCORRECTLY ADJUSTED/tester.sch	archive/gen1-2015-2018/YACC1A1/PRODUCTION/TESTER-PROD-V1.1/new - 1.21 bus/INCORRECTLY ADJUSTED/tester.sch	archive/gen1-2015-2018/YACC1A/PCB-PRODUCTION/TESTER-PROD-V1.1/new - 1.21 bus/INCORRECTLY ADJUSTED/tester.sch
YACCS-OLD/YACC1A/PCB-PRODUCTION/TESTER-PROD-V1.1/new - 1.21 bus/INCORRECTLY ADJUSTED/tester~renumsch.scr	archive/gen1-2015-2018/YACC1A1/PRODUCTION/TESTER-PROD-V1.1/new - 1.21 bus/INCORRECTLY ADJUSTED/tester~renumsch.scr	archive/gen1-2015-2018/YACC1A/PCB-PRODUCTION/TESTER-PROD-V1.1/new - 1.21 bus/INCORRECTLY ADJUSTED/tester~renumsch.scr
YACCS-OLD/YACC1A/PCB-PRODUCTION/TESTER-PROD-V1.1/new - 1.21 bus/changes.rtf	archive/gen1-2015-2018/YACC1A1/PRODUCTION/TESTER-PROD-V1.1/new - 1.21 bus/changes.rtf	archive/gen1-2015-2018/YACC1A/PCB-PRODUCTION/TESTER-PROD-V1.1/new - 1.21 bus/changes.rtf
YACCS-OLD/YACC1A/PCB-PRODUCTION/TESTER-PROD-V1.1/new - 1.21 bus/gerbers.zip	hardware/cards/bus-tester/eagle/v1.1/fab/gerbers.zip	archive/gen1-2015-2018/YACC1A/PCB-PRODUCTION/TESTER-PROD-V1.1/new - 1.21 bus/gerbers.zip
YACCS-OLD/YACC1A/PCB-PRODUCTION/TESTER-PROD-V1.1/new - 1.21 bus/tester.brd	archive/gen1-2015-2018/YACC1A1/PRODUCTION/TESTER-PROD-V1.1/new - 1.21 bus/tester.brd	archive/gen1-2015-2018/YACC1A/PCB-PRODUCTION/TESTER-PROD-V1.1/new - 1.21 bus/tester.brd
YACCS-OLD/YACC1A/PCB-PRODUCTION/TESTER-PROD-V1.1/new - 1.21 bus/tester.dri	hardware/cards/bus-tester/eagle/v1.1/fab/tester.dri	archive/gen1-2015-2018/YACC1A/PCB-PRODUCTION/TESTER-PROD-V1.1/new - 1.21 bus/tester.dri
YACCS-OLD/YACC1A/PCB-PRODUCTION/TESTER-PROD-V1.1/new - 1.21 bus/tester.gpi	hardware/cards/bus-tester/eagle/v1.1/fab/tester.gpi	archive/gen1-2015-2018/YACC1A/PCB-PRODUCTION/TESTER-PROD-V1.1/new - 1.21 bus/tester.gpi
YACCS-OLD/YACC1A/PCB-PRODUCTION/TESTER-PROD-V1.1/new - 1.21 bus/tester.pro	archive/gen1-2015-2018/YACC1A1/PRODUCTION/TESTER-PROD-V1.1/new - 1.21 bus/INCORRECTLY ADJUSTED/tester.pro	archive/gen1-2015-2018/YACC1A/PCB-PRODUCTION/TESTER-PROD-V1.1/new - 1.21 bus/tester.pro
YACCS-OLD/YACC1A/PCB-PRODUCTION/TESTER-PROD-V1.1/new - 1.21 bus/tester.sch	archive/gen1-2015-2018/YACC1A1/PRODUCTION/TESTER-PROD-V1.1/new - 1.21 bus/tester.sch	archive/gen1-2015-2018/YACC1A/PCB-PRODUCTION/TESTER-PROD-V1.1/new - 1.21 bus/tester.sch
YACCS-OLD/YACC1A/PCB-PRODUCTION/TESTER-PROD-V1.1/new - 1.21 bus/tester~renumsch.scr	archive/gen1-2015-2018/YACC1A1/PRODUCTION/TESTER-PROD-V1.1/new - 1.21 bus/INCORRECTLY ADJUSTED/tester~renumsch.scr	archive/gen1-2015-2018/YACC1A/PCB-PRODUCTION/TESTER-PROD-V1.1/new - 1.21 bus/tester~renumsch.scr
YACCS-OLD/YACC1A/PCB-PRODUCTION/TESTER-PROD-V1.1/new - 1.22 bus/INCORRECTLY ADJUSTED/gerbers.zip	hardware/cards/bus-tester/eagle/v1.1/fab/gerbers.zip	archive/gen1-2015-2018/YACC1A/PCB-PRODUCTION/TESTER-PROD-V1.1/new - 1.22 bus/INCORRECTLY ADJUSTED/gerbers.zip
YACCS-OLD/YACC1A/PCB-PRODUCTION/TESTER-PROD-V1.1/new - 1.22 bus/INCORRECTLY ADJUSTED/tester.brd	archive/gen1-2015-2018/YACC1A1/PRODUCTION/TESTER-PROD-V1.1/new - 1.21 bus/INCORRECTLY ADJUSTED/tester.brd	archive/gen1-2015-2018/YACC1A/PCB-PRODUCTION/TESTER-PROD-V1.1/new - 1.22 bus/INCORRECTLY ADJUSTED/tester.brd
YACCS-OLD/YACC1A/PCB-PRODUCTION/TESTER-PROD-V1.1/new - 1.22 bus/INCORRECTLY ADJUSTED/tester.dri	hardware/cards/bus-tester/eagle/v1.1/fab/tester.dri	archive/gen1-2015-2018/YACC1A/PCB-PRODUCTION/TESTER-PROD-V1.1/new - 1.22 bus/INCORRECTLY ADJUSTED/tester.dri
YACCS-OLD/YACC1A/PCB-PRODUCTION/TESTER-PROD-V1.1/new - 1.22 bus/INCORRECTLY ADJUSTED/tester.gpi	hardware/cards/bus-tester/eagle/v1.1/fab/tester.gpi	archive/gen1-2015-2018/YACC1A/PCB-PRODUCTION/TESTER-PROD-V1.1/new - 1.22 bus/INCORRECTLY ADJUSTED/tester.gpi
YACCS-OLD/YACC1A/PCB-PRODUCTION/TESTER-PROD-V1.1/new - 1.22 bus/INCORRECTLY ADJUSTED/tester.pro	archive/gen1-2015-2018/YACC1A1/PRODUCTION/TESTER-PROD-V1.1/new - 1.21 bus/INCORRECTLY ADJUSTED/tester.pro	archive/gen1-2015-2018/YACC1A/PCB-PRODUCTION/TESTER-PROD-V1.1/new - 1.22 bus/INCORRECTLY ADJUSTED/tester.pro
YACCS-OLD/YACC1A/PCB-PRODUCTION/TESTER-PROD-V1.1/new - 1.22 bus/INCORRECTLY ADJUSTED/tester.sch	archive/gen1-2015-2018/YACC1A1/PRODUCTION/TESTER-PROD-V1.1/new - 1.21 bus/INCORRECTLY ADJUSTED/tester.sch	archive/gen1-2015-2018/YACC1A/PCB-PRODUCTION/TESTER-PROD-V1.1/new - 1.22 bus/INCORRECTLY ADJUSTED/tester.sch
YACCS-OLD/YACC1A/PCB-PRODUCTION/TESTER-PROD-V1.1/new - 1.22 bus/INCORRECTLY ADJUSTED/tester~renumsch.scr	archive/gen1-2015-2018/YACC1A1/PRODUCTION/TESTER-PROD-V1.1/new - 1.21 bus/INCORRECTLY ADJUSTED/tester~renumsch.scr	archive/gen1-2015-2018/YACC1A/PCB-PRODUCTION/TESTER-PROD-V1.1/new - 1.22 bus/INCORRECTLY ADJUSTED/tester~renumsch.scr
YACCS-OLD/YACC1A/PCB-PRODUCTION/TESTER-PROD-V1.1/new - 1.22 bus/gerbers.zip	hardware/cards/bus-tester/eagle/v1.1/fab/gerbers.zip	archive/gen1-2015-2018/YACC1A/PCB-PRODUCTION/TESTER-PROD-V1.1/new - 1.22 bus/gerbers.zip
YACCS-OLD/YACC1A/PCB-PRODUCTION/TESTER-PROD-V1.1/new - 1.22 bus/tester.brd	archive/gen1-2015-2018/YACC1A1/PRODUCTION/TESTER-PROD-V1.1/new - 1.21 bus/tester.brd	archive/gen1-2015-2018/YACC1A/PCB-PRODUCTION/TESTER-PROD-V1.1/new - 1.22 bus/tester.brd
YACCS-OLD/YACC1A/PCB-PRODUCTION/TESTER-PROD-V1.1/new - 1.22 bus/tester.dri	hardware/cards/bus-tester/eagle/v1.1/fab/tester.dri	archive/gen1-2015-2018/YACC1A/PCB-PRODUCTION/TESTER-PROD-V1.1/new - 1.22 bus/tester.dri
YACCS-OLD/YACC1A/PCB-PRODUCTION/TESTER-PROD-V1.1/new - 1.22 bus/tester.gpi	hardware/cards/bus-tester/eagle/v1.1/fab/tester.gpi	archive/gen1-2015-2018/YACC1A/PCB-PRODUCTION/TESTER-PROD-V1.1/new - 1.22 bus/tester.gpi
YACCS-OLD/YACC1A/PCB-PRODUCTION/TESTER-PROD-V1.1/new - 1.22 bus/tester.pro	archive/gen1-2015-2018/YACC1A1/PRODUCTION/TESTER-PROD-V1.1/new - 1.21 bus/INCORRECTLY ADJUSTED/tester.pro	archive/gen1-2015-2018/YACC1A/PCB-PRODUCTION/TESTER-PROD-V1.1/new - 1.22 bus/tester.pro
YACCS-OLD/YACC1A/PCB-PRODUCTION/TESTER-PROD-V1.1/new - 1.22 bus/tester.sch	archive/gen1-2015-2018/YACC1A1/PRODUCTION/TESTER-PROD-V1.1/new - 1.21 bus/tester.sch	archive/gen1-2015-2018/YACC1A/PCB-PRODUCTION/TESTER-PROD-V1.1/new - 1.22 bus/tester.sch
YACCS-OLD/YACC1A/PCB-PRODUCTION/TESTER-PROD-V1.1/new - 1.22 bus/tester~renumsch.scr	archive/gen1-2015-2018/YACC1A1/PRODUCTION/TESTER-PROD-V1.1/new - 1.21 bus/INCORRECTLY ADJUSTED/tester~renumsch.scr	archive/gen1-2015-2018/YACC1A/PCB-PRODUCTION/TESTER-PROD-V1.1/new - 1.22 bus/tester~renumsch.scr
YACCS-OLD/YACC1A/PCB-PRODUCTION/TESTER-PROD-V1.1/orig - 1.20 bus/gerbers.zip	hardware/cards/bus-tester/eagle/v1.1/fab/gerbers.zip	archive/gen1-2015-2018/YACC1A/PCB-PRODUCTION/TESTER-PROD-V1.1/orig - 1.20 bus/gerbers.zip
YACCS-OLD/YACC1A/PCB-PRODUCTION/TESTER-PROD-V1.1/orig - 1.20 bus/tester.brd	archive/gen1-2015-2018/YACC1A1/PRODUCTION/TESTER-PROD-V1.1/orig - 1.20 bus/tester.brd	archive/gen1-2015-2018/YACC1A/PCB-PRODUCTION/TESTER-PROD-V1.1/orig - 1.20 bus/tester.brd
YACCS-OLD/YACC1A/PCB-PRODUCTION/TESTER-PROD-V1.1/orig - 1.20 bus/tester.dri	hardware/cards/bus-tester/eagle/v1.1/fab/tester.dri	archive/gen1-2015-2018/YACC1A/PCB-PRODUCTION/TESTER-PROD-V1.1/orig - 1.20 bus/tester.dri
YACCS-OLD/YACC1A/PCB-PRODUCTION/TESTER-PROD-V1.1/orig - 1.20 bus/tester.gpi	hardware/cards/bus-tester/eagle/v1.1/fab/tester.gpi	archive/gen1-2015-2018/YACC1A/PCB-PRODUCTION/TESTER-PROD-V1.1/orig - 1.20 bus/tester.gpi
YACCS-OLD/YACC1A/PCB-PRODUCTION/TESTER-PROD-V1.1/orig - 1.20 bus/tester.pro	archive/gen1-2015-2018/YACC1A1/PRODUCTION/TESTER-PROD-V1.1/new - 1.21 bus/INCORRECTLY ADJUSTED/tester.pro	archive/gen1-2015-2018/YACC1A/PCB-PRODUCTION/TESTER-PROD-V1.1/orig - 1.20 bus/tester.pro
YACCS-OLD/YACC1A/PCB-PRODUCTION/TESTER-PROD-V1.1/orig - 1.20 bus/tester.sch	archive/gen1-2015-2018/YACC1A1/PRODUCTION/TESTER-PROD-V1.1/orig - 1.20 bus/tester.sch	archive/gen1-2015-2018/YACC1A/PCB-PRODUCTION/TESTER-PROD-V1.1/orig - 1.20 bus/tester.sch
YACCS-OLD/YACC1A/PCB-PRODUCTION/TESTER-PROD-V1.1/orig - 1.20 bus/tester~renumsch.scr	archive/gen1-2015-2018/YACC1A1/PRODUCTION/TESTER-PROD-V1.1/new - 1.21 bus/INCORRECTLY ADJUSTED/tester~renumsch.scr	archive/gen1-2015-2018/YACC1A/PCB-PRODUCTION/TESTER-PROD-V1.1/orig - 1.20 bus/tester~renumsch.scr
YACCS-OLD/YACC1A/PCB-Working/ALU-V1.1/alu4.brd	archive/gen1-2015-2018/YACC1A1/PRODUCTION/ALU-PROD-V1.0/alu4.brd	archive/gen1-2015-2018/YACC1A/PCB-Working/ALU-V1.1/alu4.brd
YACCS-OLD/YACC1A/PCB-Working/ALU-V1.1/alu4.crc	archive/gen1-2015-2018/YACC1A1/PRODUCTION/ALU-PROD-V1.0/alu4.crc	archive/gen1-2015-2018/YACC1A/PCB-Working/ALU-V1.1/alu4.crc
YACCS-OLD/YACC1A/PCB-Working/ALU-V1.1/alu4.crs	archive/gen1-2015-2018/YACC1A1/PRODUCTION/ALU-PROD-V1.0/alu4.crc	archive/gen1-2015-2018/YACC1A/PCB-Working/ALU-V1.1/alu4.crs
YACCS-OLD/YACC1A/PCB-Working/ALU-V1.1/alu4.gpi	archive/gen1-2015-2018/YACC1A1/PRODUCTION/ALU-PROD-V1.0/alu4.gpi	archive/gen1-2015-2018/YACC1A/PCB-Working/ALU-V1.1/alu4.gpi
YACCS-OLD/YACC1A/PCB-Working/ALU-V1.1/alu4.pls	archive/gen1-2015-2018/YACC1A1/PRODUCTION/ALU-PROD-V1.0/alu4.pls	archive/gen1-2015-2018/YACC1A/PCB-Working/ALU-V1.1/alu4.pls
YACCS-OLD/YACC1A/PCB-Working/ALU-V1.1/alu4.pro	archive/gen1-2015-2018/YACC1A1/PRODUCTION/ALU-PROD-V1.0/alu4.pro	archive/gen1-2015-2018/YACC1A/PCB-Working/ALU-V1.1/alu4.pro
YACCS-OLD/YACC1A/PCB-Working/ALU-V1.1/alu4.sch	archive/gen1-2015-2018/YACC1A1/PRODUCTION/ALU-PROD-V1.0/alu4.sch	archive/gen1-2015-2018/YACC1A/PCB-Working/ALU-V1.1/alu4.sch
YACCS-OLD/YACC1A/PCB-Working/ALU-V1.1/gerbers.zip	archive/gen1-2015-2018/YACC1A1/PRODUCTION/ALU-PROD-V1.0/gerbers.zip	archive/gen1-2015-2018/YACC1A/PCB-Working/ALU-V1.1/gerbers.zip
YACCS-OLD/YACC1A/PCB-Working/BUS-V1.2/gerbers.zip	hardware/bus/backplane/eagle/deprecated/v1.1/fab/gerbers.zip	archive/gen1-2015-2018/YACC1A/PCB-Working/BUS-V1.2/gerbers.zip
YACCS-OLD/YACC1A/PCB-Working/BUS-V1.2/yacc2buss.brd	hardware/bus/backplane/eagle/deprecated/v1.1/yacc2buss.brd	archive/gen1-2015-2018/YACC1A/PCB-Working/BUS-V1.2/yacc2buss.brd
YACCS-OLD/YACC1A/PCB-Working/BUS-V1.2/yacc2buss.dri	hardware/bus/backplane/eagle/deprecated/v1.1/fab/yacc2buss.dri	archive/gen1-2015-2018/YACC1A/PCB-Working/BUS-V1.2/yacc2buss.dri
YACCS-OLD/YACC1A/PCB-Working/BUS-V1.2/yacc2buss.pro	hardware/bus/backplane/eagle/deprecated/v1.1/yacc2buss.pro	archive/gen1-2015-2018/YACC1A/PCB-Working/BUS-V1.2/yacc2buss.pro
YACCS-OLD/YACC1A/PCB-Working/BUS-V1.2/yacc2buss.sch	hardware/bus/backplane/eagle/deprecated/v1.1/yacc2buss.sch	archive/gen1-2015-2018/YACC1A/PCB-Working/BUS-V1.2/yacc2buss.sch
YACCS-OLD/YACC1A/PCB-Working/Basic Memory/untitled.brd	archive/gen1-2015-2018/YACC1A1/Working/Basic Memory/untitled.brd	archive/gen1-2015-2018/YACC1A/PCB-Working/Basic Memory/untitled.brd
YACCS-OLD/YACC1A/PCB-Working/Basic Memory/untitled.pro	archive/gen1-2015-2018/YACC1A1/Working/Basic Memory/untitled.pro	archive/gen1-2015-2018/YACC1A/PCB-Working/Basic Memory/untitled.pro
YACCS-OLD/YACC1A/PCB-Working/Basic Memory/untitled.sch	archive/gen1-2015-2018/YACC1A1/Working/Basic Memory/untitled.sch	archive/gen1-2015-2018/YACC1A/PCB-Working/Basic Memory/untitled.sch
YACCS-OLD/YACC1A/PCB-Working/Bus-Jumper-V1.1/Bus Definition V1.2.brd	archive/gen1-2015-2018/YACC1A1/PRODUCTION/BUS-JUMPER-PROD-V1.0/orig - bus 1.20/Bus Definition V1.2.brd	archive/gen1-2015-2018/YACC1A/PCB-Working/Bus-Jumper-V1.1/Bus Definition V1.2.brd
YACCS-OLD/YACC1A/PCB-Working/Bus-Jumper-V1.1/Bus Definition V1.2.dri	archive/gen1-2015-2018/YACC1A1/PRODUCTION/BUS-JUMPER-PROD-V1.0/new - bus 1.21/Bus Definition V1.2.dri	archive/gen1-2015-2018/YACC1A/PCB-Working/Bus-Jumper-V1.1/Bus Definition V1.2.dri
YACCS-OLD/YACC1A/PCB-Working/Bus-Jumper-V1.1/Bus Definition V1.2.gpi	archive/gen1-2015-2018/YACC1A1/PRODUCTION/BUS-JUMPER-PROD-V1.0/new - bus 1.21/Bus Definition V1.2.gpi	archive/gen1-2015-2018/YACC1A/PCB-Working/Bus-Jumper-V1.1/Bus Definition V1.2.gpi
YACCS-OLD/YACC1A/PCB-Working/Bus-Jumper-V1.1/Bus Definition V1.2.pro	archive/gen1-2015-2018/YACC1A1/PRODUCTION/BUS-JUMPER-PROD-V1.0/new - bus 1.21/Bus Definition V1.2.pro	archive/gen1-2015-2018/YACC1A/PCB-Working/Bus-Jumper-V1.1/Bus Definition V1.2.pro
YACCS-OLD/YACC1A/PCB-Working/Bus-Jumper-V1.1/Bus Definition V1.2.sch	archive/gen1-2015-2018/YACC1A1/PRODUCTION/BUS-JUMPER-PROD-V1.0/orig - bus 1.20/Bus Definition V1.2.sch	archive/gen1-2015-2018/YACC1A/PCB-Working/Bus-Jumper-V1.1/Bus Definition V1.2.sch
YACCS-OLD/YACC1A/PCB-Working/Bus-Jumper-V1.1/Bus Definition V1.2_00.pro	archive/gen1-2015-2018/YACC1A1/PRODUCTION/BUS-JUMPER-PROD-V1.0/new - bus 1.21/Bus Definition V1.2_00.pro	archive/gen1-2015-2018/YACC1A/PCB-Working/Bus-Jumper-V1.1/Bus Definition V1.2_00.pro
YACCS-OLD/YACC1A/PCB-Working/Bus-Jumper-V1.1/Bus Definition V1.2_01.pro	archive/gen1-2015-2018/YACC1A1/PRODUCTION/BUS-JUMPER-PROD-V1.0/new - bus 1.21/Bus Definition V1.2_01.pro	archive/gen1-2015-2018/YACC1A/PCB-Working/Bus-Jumper-V1.1/Bus Definition V1.2_01.pro
YACCS-OLD/YACC1A/PCB-Working/Bus-Jumper-V1.1/Bus Definition V1.2_02.pro	archive/gen1-2015-2018/YACC1A1/PRODUCTION/BUS-JUMPER-PROD-V1.0/new - bus 1.21/Bus Definition V1.2_02.pro	archive/gen1-2015-2018/YACC1A/PCB-Working/Bus-Jumper-V1.1/Bus Definition V1.2_02.pro
YACCS-OLD/YACC1A/PCB-Working/Bus-Jumper-V1.1/Bus Definition V1.2_03.pro	archive/gen1-2015-2018/YACC1A1/PRODUCTION/BUS-JUMPER-PROD-V1.0/new - bus 1.21/Bus Definition V1.2_03.pro	archive/gen1-2015-2018/YACC1A/PCB-Working/Bus-Jumper-V1.1/Bus Definition V1.2_03.pro
YACCS-OLD/YACC1A/PCB-Working/Bus-Jumper-V1.1/Bus Definition V1.2_04.pro	archive/gen1-2015-2018/YACC1A1/PRODUCTION/BUS-JUMPER-PROD-V1.0/new - bus 1.21/Bus Definition V1.2_04.pro	archive/gen1-2015-2018/YACC1A/PCB-Working/Bus-Jumper-V1.1/Bus Definition V1.2_04.pro
YACCS-OLD/YACC1A/PCB-Working/Bus-Jumper-V1.1/gerbers 2/Bus Definition V1.2.cmp	archive/gen1-2015-2018/YACC1A1/PRODUCTION/BUS-JUMPER-PROD-V1.0/new - bus 1.21/gerbers/Bus Definition V1.2.cmp	archive/gen1-2015-2018/YACC1A/PCB-Working/Bus-Jumper-V1.1/gerbers 2/Bus Definition V1.2.cmp
YACCS-OLD/YACC1A/PCB-Working/Bus-Jumper-V1.1/gerbers 2/Bus Definition V1.2.drd	archive/gen1-2015-2018/YACC1A1/PRODUCTION/BUS-JUMPER-PROD-V1.0/new - bus 1.21/gerbers/Bus Definition V1.2.drd	archive/gen1-2015-2018/YACC1A/PCB-Working/Bus-Jumper-V1.1/gerbers 2/Bus Definition V1.2.drd
YACCS-OLD/YACC1A/PCB-Working/Bus-Jumper-V1.1/gerbers 2/Bus Definition V1.2.plc	archive/gen1-2015-2018/YACC1A1/PRODUCTION/BUS-JUMPER-PROD-V1.0/new - bus 1.21/gerbers/Bus Definition V1.2.plc	archive/gen1-2015-2018/YACC1A/PCB-Working/Bus-Jumper-V1.1/gerbers 2/Bus Definition V1.2.plc
YACCS-OLD/YACC1A/PCB-Working/Bus-Jumper-V1.1/gerbers 2/Bus Definition V1.2.sol	archive/gen1-2015-2018/YACC1A1/PRODUCTION/BUS-JUMPER-PROD-V1.0/new - bus 1.21/gerbers/Bus Definition V1.2.sol	archive/gen1-2015-2018/YACC1A/PCB-Working/Bus-Jumper-V1.1/gerbers 2/Bus Definition V1.2.sol
YACCS-OLD/YACC1A/PCB-Working/Bus-Jumper-V1.1/gerbers 2/Bus Definition V1.2.stc	archive/gen1-2015-2018/YACC1A1/PRODUCTION/BUS-JUMPER-PROD-V1.0/new - bus 1.21/gerbers/Bus Definition V1.2.stc	archive/gen1-2015-2018/YACC1A/PCB-Working/Bus-Jumper-V1.1/gerbers 2/Bus Definition V1.2.stc
YACCS-OLD/YACC1A/PCB-Working/Bus-Jumper-V1.1/gerbers 2/Bus Definition V1.2.sts	archive/gen1-2015-2018/YACC1A1/PRODUCTION/BUS-JUMPER-PROD-V1.0/new - bus 1.21/gerbers/Bus Definition V1.2.stc	archive/gen1-2015-2018/YACC1A/PCB-Working/Bus-Jumper-V1.1/gerbers 2/Bus Definition V1.2.sts
YACCS-OLD/YACC1A/PCB-Working/Bus-Jumper-V1.1/gerbers.zip	archive/gen1-2015-2018/YACC1A1/PRODUCTION/BUS-JUMPER-PROD-V1.0/new - bus 1.21/gerbers.zip	archive/gen1-2015-2018/YACC1A/PCB-Working/Bus-Jumper-V1.1/gerbers.zip
YACCS-OLD/YACC1A/PCB-Working/Bus-Jumper-V1.1/gerbers/Bus Definition V1.2.cmp	archive/gen1-2015-2018/YACC1A1/PRODUCTION/BUS-JUMPER-PROD-V1.0/new - bus 1.21/gerbers/Bus Definition V1.2.cmp	archive/gen1-2015-2018/YACC1A/PCB-Working/Bus-Jumper-V1.1/gerbers/Bus Definition V1.2.cmp
YACCS-OLD/YACC1A/PCB-Working/Bus-Jumper-V1.1/gerbers/Bus Definition V1.2.drd	archive/gen1-2015-2018/YACC1A1/PRODUCTION/BUS-JUMPER-PROD-V1.0/new - bus 1.21/gerbers/Bus Definition V1.2.drd	archive/gen1-2015-2018/YACC1A/PCB-Working/Bus-Jumper-V1.1/gerbers/Bus Definition V1.2.drd
YACCS-OLD/YACC1A/PCB-Working/Bus-Jumper-V1.1/gerbers/Bus Definition V1.2.plc	archive/gen1-2015-2018/YACC1A1/PRODUCTION/BUS-JUMPER-PROD-V1.0/new - bus 1.21/gerbers/Bus Definition V1.2.plc	archive/gen1-2015-2018/YACC1A/PCB-Working/Bus-Jumper-V1.1/gerbers/Bus Definition V1.2.plc
YACCS-OLD/YACC1A/PCB-Working/Bus-Jumper-V1.1/gerbers/Bus Definition V1.2.sol	archive/gen1-2015-2018/YACC1A1/PRODUCTION/BUS-JUMPER-PROD-V1.0/new - bus 1.21/gerbers/Bus Definition V1.2.sol	archive/gen1-2015-2018/YACC1A/PCB-Working/Bus-Jumper-V1.1/gerbers/Bus Definition V1.2.sol
YACCS-OLD/YACC1A/PCB-Working/Bus-Jumper-V1.1/gerbers/Bus Definition V1.2.stc	archive/gen1-2015-2018/YACC1A1/PRODUCTION/BUS-JUMPER-PROD-V1.0/new - bus 1.21/gerbers/Bus Definition V1.2.stc	archive/gen1-2015-2018/YACC1A/PCB-Working/Bus-Jumper-V1.1/gerbers/Bus Definition V1.2.stc
YACCS-OLD/YACC1A/PCB-Working/Bus-Jumper-V1.1/gerbers/Bus Definition V1.2.sts	archive/gen1-2015-2018/YACC1A1/PRODUCTION/BUS-JUMPER-PROD-V1.0/new - bus 1.21/gerbers/Bus Definition V1.2.stc	archive/gen1-2015-2018/YACC1A/PCB-Working/Bus-Jumper-V1.1/gerbers/Bus Definition V1.2.sts
YACCS-OLD/YACC1A/PCB-Working/ProtoCard-V1.1/ProtoCard-Prod-V1.0.brd	hardware/cards/protocard/eagle/v1.0/ProtoCard-Prod-V1.0.brd	archive/gen1-2015-2018/YACC1A/PCB-Working/ProtoCard-V1.1/ProtoCard-Prod-V1.0.brd
YACCS-OLD/YACC1A/PCB-Working/ProtoCard-V1.1/ProtoCard-Prod-V1.0.dri	hardware/cards/protocard/eagle/v1.0/fab/ProtoCard-Prod-V1.0.dri	archive/gen1-2015-2018/YACC1A/PCB-Working/ProtoCard-V1.1/ProtoCard-Prod-V1.0.dri
YACCS-OLD/YACC1A/PCB-Working/ProtoCard-V1.1/ProtoCard-Prod-V1.0.gpi	hardware/cards/protocard/eagle/v1.0/fab/ProtoCard-Prod-V1.0.gpi	archive/gen1-2015-2018/YACC1A/PCB-Working/ProtoCard-V1.1/ProtoCard-Prod-V1.0.gpi
YACCS-OLD/YACC1A/PCB-Working/ProtoCard-V1.1/ProtoCard-Prod-V1.0.pro	hardware/cards/protocard/eagle/v1.0/ProtoCard-Prod-V1.0.pro	archive/gen1-2015-2018/YACC1A/PCB-Working/ProtoCard-V1.1/ProtoCard-Prod-V1.0.pro
YACCS-OLD/YACC1A/PCB-Working/ProtoCard-V1.1/ProtoCard-Prod-V1.0.sch	hardware/cards/protocard/eagle/v1.0/ProtoCard-Prod-V1.0.sch	archive/gen1-2015-2018/YACC1A/PCB-Working/ProtoCard-V1.1/ProtoCard-Prod-V1.0.sch
YACCS-OLD/YACC1A/PCB-Working/ProtoCard-V1.1/gerbers.zip	hardware/cards/protocard/eagle/v1.0/fab/gerbers.zip	archive/gen1-2015-2018/YACC1A/PCB-Working/ProtoCard-V1.1/gerbers.zip
YACCS-OLD/YACC1A/PCB-Working/SP-PC-V1.1/SP:PC-A.pro	archive/gen1-2015-2018/YACC1A1/Working/SP-PC-V1.1/SP-PC-A.pro	archive/gen1-2015-2018/YACC1A/PCB-Working/SP-PC-V1.1/SP-PC-A.pro
YACCS-OLD/YACC1A/PCB-Working/SP-PC-V1.1/SP:PC.GBO	archive/gen1-2015-2018/YACC1A1/PRODUCTION/ALU-PROD-V1.0/alu4.crc	archive/gen1-2015-2018/YACC1A/PCB-Working/SP-PC-V1.1/SP-PC.GBO
YACCS-OLD/YACC1A/PCB-Working/SP-PC-V1.1/SP:PC.GML	archive/gen1-2015-2018/YACC1A1/PRODUCTION/ALU-PROD-V1.0/alu4.crc	archive/gen1-2015-2018/YACC1A/PCB-Working/SP-PC-V1.1/SP-PC.GML
YACCS-OLD/YACC1A/PCB-Working/SP-PC-V1.1/SP:PC.GTP	archive/gen1-2015-2018/YACC1A1/PRODUCTION/SP-PC-PROD-V1.0/unused gerbers/SP-PC.GTP	archive/gen1-2015-2018/YACC1A/PCB-Working/SP-PC-V1.1/SP-PC.GTP
YACCS-OLD/YACC1A/PCB-Working/SP-PC-V1.1/SP:PC.dri	archive/gen1-2015-2018/YACC1A1/PRODUCTION/SP-PC-PROD-V1.0/unused gerbers/SP-PC.dri	archive/gen1-2015-2018/YACC1A/PCB-Working/SP-PC-V1.1/SP-PC.dri
YACCS-OLD/YACC1A/PCB-Working/SP-PC-V1.1/SP:PC.gpi	archive/gen1-2015-2018/YACC1A1/PRODUCTION/SP-PC-PROD-V1.0/unused gerbers/SP-PC.gpi	archive/gen1-2015-2018/YACC1A/PCB-Working/SP-PC-V1.1/SP-PC.gpi
YACCS-OLD/YACC1A/PCB-Working/SP-PC-V1.1/SP:PC.pro	archive/gen1-2015-2018/YACC1A1/Working/SP-PC-V1.1/SP-PC.pro	archive/gen1-2015-2018/YACC1A/PCB-Working/SP-PC-V1.1/SP-PC.pro
YACCS-OLD/YACC1A/PCB-Working/SP-PC-V1.1/gerbers.zip	archive/gen1-2015-2018/YACC1A1/PRODUCTION/SP-PC-PROD-V1.0/gerbers.zip	archive/gen1-2015-2018/YACC1A/PCB-Working/SP-PC-V1.1/gerbers.zip
YACCS-OLD/YACC1A/PCB-Working/SP-PC-V1.1/gerbers/SP:PC.GBL	archive/gen1-2015-2018/YACC1A1/PRODUCTION/SP-PC-PROD-V1.0/gerbers/SP-PC.GBL	archive/gen1-2015-2018/YACC1A/PCB-Working/SP-PC-V1.1/gerbers/SP-PC.GBL
YACCS-OLD/YACC1A/PCB-Working/SP-PC-V1.1/gerbers/SP:PC.GBS	archive/gen1-2015-2018/YACC1A1/PRODUCTION/SP-PC-PROD-V1.0/gerbers/SP-PC.GBS	archive/gen1-2015-2018/YACC1A/PCB-Working/SP-PC-V1.1/gerbers/SP-PC.GBS
YACCS-OLD/YACC1A/PCB-Working/SP-PC-V1.1/gerbers/SP:PC.GTL	archive/gen1-2015-2018/YACC1A1/PRODUCTION/SP-PC-PROD-V1.0/gerbers/SP-PC.GTL	archive/gen1-2015-2018/YACC1A/PCB-Working/SP-PC-V1.1/gerbers/SP-PC.GTL
YACCS-OLD/YACC1A/PCB-Working/SP-PC-V1.1/gerbers/SP:PC.GTO	archive/gen1-2015-2018/YACC1A1/PRODUCTION/SP-PC-PROD-V1.0/gerbers/SP-PC.GTO	archive/gen1-2015-2018/YACC1A/PCB-Working/SP-PC-V1.1/gerbers/SP-PC.GTO
YACCS-OLD/YACC1A/PCB-Working/SP-PC-V1.1/gerbers/SP:PC.GTS	archive/gen1-2015-2018/YACC1A1/PRODUCTION/SP-PC-PROD-V1.0/gerbers/SP-PC.GBS	archive/gen1-2015-2018/YACC1A/PCB-Working/SP-PC-V1.1/gerbers/SP-PC.GTS
YACCS-OLD/YACC1A/PCB-Working/SP-PC-V1.1/gerbers/SP:PC.TXT	archive/gen1-2015-2018/YACC1A1/PRODUCTION/SP-PC-PROD-V1.0/gerbers/SP-PC.TXT	archive/gen1-2015-2018/YACC1A/PCB-Working/SP-PC-V1.1/gerbers/SP-PC.TXT
YACCS-OLD/YACC1A/PCB-Working/SP-PC-V1.1/tmpin	archive/gen1-2015-2018/YACC1A/PCB-Working/SP-PC-V1.1/SP-PC-2.sch.ok	archive/gen1-2015-2018/YACC1A/PCB-Working/SP-PC-V1.1/tmpin
YACCS-OLD/YACC1A/PCB-Working/Sequencer-Logic-v1.0/Sequencer-Logic-Prod-V1.0-1_03.job	archive/gen1-2015-2018/YACC1A1/PRODUCTION/SEQUENCER-LOGIC-V1.0/Sequencer-Logic-Prod-V1.0-1_03.job	archive/gen1-2015-2018/YACC1A/PCB-Working/Sequencer-Logic-v1.0/Sequencer-Logic-Prod-V1.0-1_03.job
YACCS-OLD/YACC1A/PCB-Working/Sequencer-Logic-v1.0/Sequencer-Logic-Prod-V1.0-3-bom.csv	archive/gen1-2015-2018/YACC1A1/Working/Sequencer-Logic-v1.0/Sequencer-Logic-Prod-V1.0-3-bom.csv	archive/gen1-2015-2018/YACC1A/PCB-Working/Sequencer-Logic-v1.0/Sequencer-Logic-Prod-V1.0-3-bom.csv
YACCS-OLD/YACC1A/PCB-Working/Sequencer-Logic-v1.0/Sequencer-Logic-Prod-V1.0-3.brd	archive/gen1-2015-2018/YACC1A1/PRODUCTION/SEQUENCER-LOGIC-V1.0/Sequencer-Logic-Prod-V1.0-3.brd	archive/gen1-2015-2018/YACC1A/PCB-Working/Sequencer-Logic-v1.0/Sequencer-Logic-Prod-V1.0-3.brd
YACCS-OLD/YACC1A/PCB-Working/Sequencer-Logic-v1.0/Sequencer-Logic-Prod-V1.0-3.pro	archive/gen1-2015-2018/YACC1A1/PRODUCTION/SEQUENCER-LOGIC-V1.0/Sequencer-Logic-Prod-V1.0-3.pro	archive/gen1-2015-2018/YACC1A/PCB-Working/Sequencer-Logic-v1.0/Sequencer-Logic-Prod-V1.0-3.pro
YACCS-OLD/YACC1A/PCB-Working/Sequencer-Logic-v1.0/Sequencer-Logic-Prod-V1.0-3.sch	archive/gen1-2015-2018/YACC1A1/PRODUCTION/SEQUENCER-LOGIC-V1.0/Sequencer-Logic-Prod-V1.0-3.sch	archive/gen1-2015-2018/YACC1A/PCB-Working/Sequencer-Logic-v1.0/Sequencer-Logic-Prod-V1.0-3.sch
YACCS-OLD/YACC1A/PCB-Working/Sequencer-Logic-v1.0/gerbers.zip	archive/gen1-2015-2018/YACC1A1/PRODUCTION/SEQUENCER-LOGIC-V1.0/gerbers.zip	archive/gen1-2015-2018/YACC1A/PCB-Working/Sequencer-Logic-v1.0/gerbers.zip
YACCS-OLD/YACC1A/PCB-Working/Sequencer-Logic-v1.0/gerbers/Sequencer-Logic-Prod-V1.0-3.cmp	archive/gen1-2015-2018/YACC1A1/PRODUCTION/SEQUENCER-LOGIC-V1.0/gerbers/Sequencer-Logic-Prod-V1.0-3.cmp	archive/gen1-2015-2018/YACC1A/PCB-Working/Sequencer-Logic-v1.0/gerbers/Sequencer-Logic-Prod-V1.0-3.cmp
YACCS-OLD/YACC1A/PCB-Working/Sequencer-Logic-v1.0/gerbers/Sequencer-Logic-Prod-V1.0-3.drd	archive/gen1-2015-2018/YACC1A1/PRODUCTION/SEQUENCER-LOGIC-V1.0/gerbers/Sequencer-Logic-Prod-V1.0-3.drd	archive/gen1-2015-2018/YACC1A/PCB-Working/Sequencer-Logic-v1.0/gerbers/Sequencer-Logic-Prod-V1.0-3.drd
YACCS-OLD/YACC1A/PCB-Working/Sequencer-Logic-v1.0/gerbers/Sequencer-Logic-Prod-V1.0-3.dri	archive/gen1-2015-2018/YACC1A1/PRODUCTION/SEQUENCER-LOGIC-V1.0/gerbers/Sequencer-Logic-Prod-V1.0-3.dri	archive/gen1-2015-2018/YACC1A/PCB-Working/Sequencer-Logic-v1.0/gerbers/Sequencer-Logic-Prod-V1.0-3.dri
YACCS-OLD/YACC1A/PCB-Working/Sequencer-Logic-v1.0/gerbers/Sequencer-Logic-Prod-V1.0-3.l15	archive/gen1-2015-2018/YACC1A1/PRODUCTION/SEQUENCER-LOGIC-V1.0/gerbers/Sequencer-Logic-Prod-V1.0-3.l15	archive/gen1-2015-2018/YACC1A/PCB-Working/Sequencer-Logic-v1.0/gerbers/Sequencer-Logic-Prod-V1.0-3.l15
YACCS-OLD/YACC1A/PCB-Working/Sequencer-Logic-v1.0/gerbers/Sequencer-Logic-Prod-V1.0-3.ly2	archive/gen1-2015-2018/YACC1A1/PRODUCTION/SEQUENCER-LOGIC-V1.0/gerbers/Sequencer-Logic-Prod-V1.0-3.ly2	archive/gen1-2015-2018/YACC1A/PCB-Working/Sequencer-Logic-v1.0/gerbers/Sequencer-Logic-Prod-V1.0-3.ly2
YACCS-OLD/YACC1A/PCB-Working/Sequencer-Logic-v1.0/gerbers/Sequencer-Logic-Prod-V1.0-3.plc	archive/gen1-2015-2018/YACC1A1/PRODUCTION/SEQUENCER-LOGIC-V1.0/gerbers/Sequencer-Logic-Prod-V1.0-3.plc	archive/gen1-2015-2018/YACC1A/PCB-Working/Sequencer-Logic-v1.0/gerbers/Sequencer-Logic-Prod-V1.0-3.plc
YACCS-OLD/YACC1A/PCB-Working/Sequencer-Logic-v1.0/gerbers/Sequencer-Logic-Prod-V1.0-3.sol	archive/gen1-2015-2018/YACC1A1/PRODUCTION/SEQUENCER-LOGIC-V1.0/gerbers/Sequencer-Logic-Prod-V1.0-3.sol	archive/gen1-2015-2018/YACC1A/PCB-Working/Sequencer-Logic-v1.0/gerbers/Sequencer-Logic-Prod-V1.0-3.sol
YACCS-OLD/YACC1A/PCB-Working/Sequencer-Logic-v1.0/gerbers/Sequencer-Logic-Prod-V1.0-3.stc	archive/gen1-2015-2018/YACC1A1/PRODUCTION/SEQUENCER-LOGIC-V1.0/gerbers/Sequencer-Logic-Prod-V1.0-3.stc	archive/gen1-2015-2018/YACC1A/PCB-Working/Sequencer-Logic-v1.0/gerbers/Sequencer-Logic-Prod-V1.0-3.stc
YACCS-OLD/YACC1A/PCB-Working/Sequencer-Logic-v1.0/gerbers/Sequencer-Logic-Prod-V1.0-3.sts	archive/gen1-2015-2018/YACC1A1/PRODUCTION/SEQUENCER-LOGIC-V1.0/gerbers/Sequencer-Logic-Prod-V1.0-3.sts	archive/gen1-2015-2018/YACC1A/PCB-Working/Sequencer-Logic-v1.0/gerbers/Sequencer-Logic-Prod-V1.0-3.sts
YACCS-OLD/YACC1A/PCB-Working/yacc2buss.gpi	hardware/bus/backplane/eagle/deprecated/v1.1/fab/yacc2buss.gpi	archive/gen1-2015-2018/YACC1A/PCB-Working/yacc2buss.gpi
YACCS-OLD/YACC1A/Simulation/Libraries/7400-lib.circ	archive/gen1-2015-2018/YACC1A1/Simulation/Libraries/7400-lib.circ	archive/gen1-2015-2018/YACC1A/Simulation/Libraries/7400-lib.circ
YACCS-OLD/YACC1A/Simulation/Libraries/7400-series-rev1.circ	archive/gen1-2015-2018/YACC1A1/Simulation/Libraries/7400-series-rev1.circ	archive/gen1-2015-2018/YACC1A/Simulation/Libraries/7400-series-rev1.circ
YACCS-OLD/YACC1A/Simulation/Libraries/74x/74109.circ	archive/gen1-2015-2018/YACC1A1/Simulation/Libraries/74x/74109.circ	archive/gen1-2015-2018/YACC1A/Simulation/Libraries/74x/74109.circ
YACCS-OLD/YACC1A/Simulation/Libraries/74x/74138.circ	archive/gen1-2015-2018/YACC1A1/Simulation/Libraries/74x/74138.circ	archive/gen1-2015-2018/YACC1A/Simulation/Libraries/74x/74138.circ
YACCS-OLD/YACC1A/Simulation/Libraries/74x/74147.circ	archive/gen1-2015-2018/YACC1A1/Simulation/Libraries/74x/74147.circ	archive/gen1-2015-2018/YACC1A/Simulation/Libraries/74x/74147.circ
YACCS-OLD/YACC1A/Simulation/Libraries/74x/74148.circ	archive/gen1-2015-2018/YACC1A1/Simulation/Libraries/74x/74148.circ	archive/gen1-2015-2018/YACC1A/Simulation/Libraries/74x/74148.circ
YACCS-OLD/YACC1A/Simulation/Libraries/74x/74151.circ	archive/gen1-2015-2018/YACC1A1/Simulation/Libraries/74x/74151.circ	archive/gen1-2015-2018/YACC1A/Simulation/Libraries/74x/74151.circ
YACCS-OLD/YACC1A/Simulation/Libraries/74x/74154.circ	archive/gen1-2015-2018/YACC1A1/Simulation/Libraries/74x/74154.circ	archive/gen1-2015-2018/YACC1A/Simulation/Libraries/74x/74154.circ
YACCS-OLD/YACC1A/Simulation/Libraries/74x/74157.circ	archive/gen1-2015-2018/YACC1A1/Simulation/Libraries/74x/74157.circ	archive/gen1-2015-2018/YACC1A/Simulation/Libraries/74x/74157.circ
YACCS-OLD/YACC1A/Simulation/Libraries/74x/74160.circ	archive/gen1-2015-2018/YACC1A1/Simulation/Libraries/74x/74160.circ	archive/gen1-2015-2018/YACC1A/Simulation/Libraries/74x/74160.circ
YACCS-OLD/YACC1A/Simulation/Libraries/74x/74163.circ	archive/gen1-2015-2018/YACC1A1/Simulation/Libraries/74x/74163.circ	archive/gen1-2015-2018/YACC1A/Simulation/Libraries/74x/74163.circ
YACCS-OLD/YACC1A/Simulation/Libraries/74x/74163v2.circ	archive/gen1-2015-2018/YACC1A1/Simulation/Libraries/74x/74163v2.circ	archive/gen1-2015-2018/YACC1A/Simulation/Libraries/74x/74163v2.circ
YACCS-OLD/YACC1A/Simulation/Libraries/74x/74164.circ	archive/gen1-2015-2018/YACC1A1/Simulation/Libraries/74x/74164.circ	archive/gen1-2015-2018/YACC1A/Simulation/Libraries/74x/74164.circ
YACCS-OLD/YACC1A/Simulation/Libraries/74x/74165.circ	archive/gen1-2015-2018/YACC1A1/Simulation/Libraries/74x/74165.circ	archive/gen1-2015-2018/YACC1A/Simulation/Libraries/74x/74165.circ
YACCS-OLD/YACC1A/Simulation/Libraries/74x/74166.circ	archive/gen1-2015-2018/YACC1A1/Simulation/Libraries/74x/74166.circ	archive/gen1-2015-2018/YACC1A/Simulation/Libraries/74x/74166.circ
YACCS-OLD/YACC1A/Simulation/Libraries/74x/74173.circ	archive/gen1-2015-2018/YACC1A1/Simulation/Libraries/74x/74173.circ	archive/gen1-2015-2018/YACC1A/Simulation/Libraries/74x/74173.circ
YACCS-OLD/YACC1A/Simulation/Libraries/74x/74181/74181 v2.circ	archive/gen1-2015-2018/YACC1A1/Simulation/Libraries/74x/74181/74181 v2.circ	archive/gen1-2015-2018/YACC1A/Simulation/Libraries/74x/74181/74181 v2.circ
YACCS-OLD/YACC1A/Simulation/Libraries/74x/74181/74181 v3.circ	archive/gen1-2015-2018/YACC1A1/Simulation/Libraries/74x/74181/74181 v3.circ	archive/gen1-2015-2018/YACC1A/Simulation/Libraries/74x/74181/74181 v3.circ
YACCS-OLD/YACC1A/Simulation/Libraries/74x/74181/74181.circ	archive/gen1-2015-2018/YACC1A1/Simulation/Libraries/74x/74181/74181.circ	archive/gen1-2015-2018/YACC1A/Simulation/Libraries/74x/74181/74181.circ
YACCS-OLD/YACC1A/Simulation/Libraries/74x/74181/test 74181.circ	archive/gen1-2015-2018/YACC1A1/Simulation/Libraries/74x/74181/test 74181.circ	archive/gen1-2015-2018/YACC1A/Simulation/Libraries/74x/74181/test 74181.circ
YACCS-OLD/YACC1A/Simulation/Libraries/74x/74182/74182.circ	archive/gen1-2015-2018/YACC1A1/Simulation/Libraries/74x/74182/74182.circ	archive/gen1-2015-2018/YACC1A/Simulation/Libraries/74x/74182/74182.circ
YACCS-OLD/YACC1A/Simulation/Libraries/74x/74182/test 74182.circ	archive/gen1-2015-2018/YACC1A1/Simulation/Libraries/74x/74182/test 74182.circ	archive/gen1-2015-2018/YACC1A/Simulation/Libraries/74x/74182/test 74182.circ
YACCS-OLD/YACC1A/Simulation/Libraries/74x/74193.circ	archive/gen1-2015-2018/YACC1A1/Simulation/Libraries/74x/74193.circ	archive/gen1-2015-2018/YACC1A/Simulation/Libraries/74x/74193.circ
YACCS-OLD/YACC1A/Simulation/Libraries/74x/74273.circ	archive/gen1-2015-2018/YACC1A1/Simulation/Libraries/74x/74273.circ	archive/gen1-2015-2018/YACC1A/Simulation/Libraries/74x/74273.circ
YACCS-OLD/YACC1A/Simulation/Libraries/74x/74374.circ	archive/gen1-2015-2018/YACC1A1/Simulation/Libraries/74x/74374.circ	archive/gen1-2015-2018/YACC1A/Simulation/Libraries/74x/74374.circ
YACCS-OLD/YACC1A/Simulation/Libraries/74x/74385.circ	archive/gen1-2015-2018/YACC1A1/Simulation/Libraries/74x/74385.circ	archive/gen1-2015-2018/YACC1A/Simulation/Libraries/74x/74385.circ
YACCS-OLD/YACC1A/Simulation/Libraries/74x/7442.circ	archive/gen1-2015-2018/YACC1A1/Simulation/Libraries/74x/7442.circ	archive/gen1-2015-2018/YACC1A/Simulation/Libraries/74x/7442.circ
YACCS-OLD/YACC1A/Simulation/Libraries/74x/7442v2.circ	archive/gen1-2015-2018/YACC1A1/Simulation/Libraries/74x/7442v2.circ	archive/gen1-2015-2018/YACC1A/Simulation/Libraries/74x/7442v2.circ
YACCS-OLD/YACC1A/Simulation/Libraries/74x/7451.circ	archive/gen1-2015-2018/YACC1A1/Simulation/Libraries/74x/7451.circ	archive/gen1-2015-2018/YACC1A/Simulation/Libraries/74x/7451.circ
YACCS-OLD/YACC1A/Simulation/Libraries/74x/74670.circ	archive/gen1-2015-2018/YACC1A1/Simulation/Libraries/74x/74670.circ	archive/gen1-2015-2018/YACC1A/Simulation/Libraries/74x/74670.circ
YACCS-OLD/YACC1A/Simulation/Libraries/74x/7474.circ	archive/gen1-2015-2018/YACC1A1/Simulation/Libraries/74x/7474.circ	archive/gen1-2015-2018/YACC1A/Simulation/Libraries/74x/7474.circ
YACCS-OLD/YACC1A/Simulation/Libraries/74x/7476.circ	archive/gen1-2015-2018/YACC1A1/Simulation/Libraries/74x/7476.circ	archive/gen1-2015-2018/YACC1A/Simulation/Libraries/74x/7476.circ
YACCS-OLD/YACC1A/Simulation/Libraries/74x/readme.txt	archive/gen1-2015-2018/YACC1A1/Simulation/Libraries/74x/readme.txt	archive/gen1-2015-2018/YACC1A/Simulation/Libraries/74x/readme.txt
YACCS-OLD/YACC1A/Simulation/Yacc1-Assembler/.idea/Yacc1-Assembler.iml	archive/gen1-2015-2018/YACC1A1/Simulation/Yacc1-Assembler/.idea/Yacc1-Assembler.iml	archive/gen1-2015-2018/YACC1A/Simulation/Yacc1-Assembler/.idea/Yacc1-Assembler.iml
YACCS-OLD/YACC1A/Simulation/Yacc1-Assembler/.idea/encodings.xml	archive/gen1-2015-2018/YACC1A1/Simulation/Yacc1-Assembler/.idea/encodings.xml	archive/gen1-2015-2018/YACC1A/Simulation/Yacc1-Assembler/.idea/encodings.xml
YACCS-OLD/YACC1A/Simulation/Yacc1-Assembler/.idea/misc.xml	archive/gen1-2015-2018/YACC1A1/Simulation/Yacc1-Assembler/.idea/misc.xml	archive/gen1-2015-2018/YACC1A/Simulation/Yacc1-Assembler/.idea/misc.xml
YACCS-OLD/YACC1A/Simulation/Yacc1-Assembler/.idea/modules.xml	archive/gen1-2015-2018/YACC1A1/Simulation/Yacc1-Assembler/.idea/modules.xml	archive/gen1-2015-2018/YACC1A/Simulation/Yacc1-Assembler/.idea/modules.xml
YACCS-OLD/YACC1A/Simulation/Yacc1-Assembler/.idea/other.xml	archive/gen1-2015-2018/YACC1A1/Simulation/Yacc1-Assembler/.idea/other.xml	archive/gen1-2015-2018/YACC1A/Simulation/Yacc1-Assembler/.idea/other.xml
YACCS-OLD/YACC1A/Simulation/Yacc1-Assembler/.idea/scopes/scope_settings.xml	archive/gen1-2015-2018/YACC1A1/Simulation/Yacc1-Assembler/.idea/scopes/scope_settings.xml	archive/gen1-2015-2018/YACC1A/Simulation/Yacc1-Assembler/.idea/scopes/scope_settings.xml
YACCS-OLD/YACC1A/Simulation/Yacc1-Assembler/.idea/testrunner.xml	archive/gen1-2015-2018/YACC1A1/Simulation/Yacc1-Assembler/.idea/testrunner.xml	archive/gen1-2015-2018/YACC1A/Simulation/Yacc1-Assembler/.idea/testrunner.xml
YACCS-OLD/YACC1A/Simulation/Yacc1-Assembler/.idea/vcs.xml	archive/gen1-2015-2018/YACC1A1/Simulation/Yacc1-Assembler/.idea/vcs.xml	archive/gen1-2015-2018/YACC1A/Simulation/Yacc1-Assembler/.idea/vcs.xml
YACCS-OLD/YACC1A/Simulation/Yacc1-Assembler/.idea/workspace.xml	archive/gen1-2015-2018/YACC1A1/Simulation/Yacc1-Assembler/.idea/workspace.xml	archive/gen1-2015-2018/YACC1A/Simulation/Yacc1-Assembler/.idea/workspace.xml
YACCS-OLD/YACC1A/Simulation/Yacc1-Assembler/loadrom	archive/gen1-2015-2018/YACC1A1/Simulation/Yacc1-Assembler/loadrom	archive/gen1-2015-2018/YACC1A/Simulation/Yacc1-Assembler/loadrom
YACCS-OLD/YACC1A/Simulation/Yacc1-Assembler/main.py	archive/gen1-2015-2018/YACC1A1/Simulation/Yacc1-Assembler/main.py	archive/gen1-2015-2018/YACC1A/Simulation/Yacc1-Assembler/main.py
YACCS-OLD/YACC1A/Simulation/Yacc1-Assembler/workfile.asm	archive/gen1-2015-2018/YACC1A1/Simulation/Yacc1-Assembler/workfile.asm	archive/gen1-2015-2018/YACC1A/Simulation/Yacc1-Assembler/workfile.asm
YACCS-OLD/YACC1A/Simulation/Yacc1-Assembler/workfile2.asm	archive/gen1-2015-2018/YACC1A1/Simulation/Yacc1-Assembler/workfile2.asm	archive/gen1-2015-2018/YACC1A/Simulation/Yacc1-Assembler/workfile2.asm
YACCS-OLD/YACC1A/Simulation/Yacc1-Assembler/workfile2.lst	archive/gen1-2015-2018/YACC1A1/Simulation/Yacc1-Assembler/workfile2.lst	archive/gen1-2015-2018/YACC1A/Simulation/Yacc1-Assembler/workfile2.lst
YACCS-OLD/YACC1A/Simulation/yacc1 micro code rom creator/.idea/encodings.xml	archive/gen1-2015-2018/YACC1A1/Simulation/Yacc1-Assembler/.idea/encodings.xml	archive/gen1-2015-2018/YACC1A/Simulation/yacc1 micro code rom creator/.idea/encodings.xml
YACCS-OLD/YACC1A/Simulation/yacc1 micro code rom creator/.idea/misc.xml	archive/gen1-2015-2018/YACC1A1/Simulation/Yacc1-Assembler/.idea/misc.xml	archive/gen1-2015-2018/YACC1A/Simulation/yacc1 micro code rom creator/.idea/misc.xml
YACCS-OLD/YACC1A/Simulation/yacc1 micro code rom creator/.idea/modules.xml	archive/gen1-2015-2018/YACC1A1/Simulation/yacc1 micro code rom creator/.idea/modules.xml	archive/gen1-2015-2018/YACC1A/Simulation/yacc1 micro code rom creator/.idea/modules.xml
YACCS-OLD/YACC1A/Simulation/yacc1 micro code rom creator/.idea/other.xml	archive/gen1-2015-2018/YACC1A1/Simulation/Yacc1-Assembler/.idea/other.xml	archive/gen1-2015-2018/YACC1A/Simulation/yacc1 micro code rom creator/.idea/other.xml
YACCS-OLD/YACC1A/Simulation/yacc1 micro code rom creator/.idea/scopes/scope_settings.xml	archive/gen1-2015-2018/YACC1A1/Simulation/Yacc1-Assembler/.idea/scopes/scope_settings.xml	archive/gen1-2015-2018/YACC1A/Simulation/yacc1 micro code rom creator/.idea/scopes/scope_settings.xml
YACCS-OLD/YACC1A/Simulation/yacc1 micro code rom creator/.idea/testrunner.xml	archive/gen1-2015-2018/YACC1A1/Simulation/Yacc1-Assembler/.idea/testrunner.xml	archive/gen1-2015-2018/YACC1A/Simulation/yacc1 micro code rom creator/.idea/testrunner.xml
YACCS-OLD/YACC1A/Simulation/yacc1 micro code rom creator/.idea/vcs.xml	archive/gen1-2015-2018/YACC1A1/Simulation/Yacc1-Assembler/.idea/vcs.xml	archive/gen1-2015-2018/YACC1A/Simulation/yacc1 micro code rom creator/.idea/vcs.xml
YACCS-OLD/YACC1A/Simulation/yacc1 micro code rom creator/.idea/workspace.xml	archive/gen1-2015-2018/YACC1A1/Simulation/yacc1 micro code rom creator/.idea/workspace.xml	archive/gen1-2015-2018/YACC1A/Simulation/yacc1 micro code rom creator/.idea/workspace.xml
YACCS-OLD/YACC1A/Simulation/yacc1 micro code rom creator/.idea/yacc1 micro code rom creator.iml	archive/gen1-2015-2018/YACC1A1/Simulation/Yacc1-Assembler/.idea/Yacc1-Assembler.iml	archive/gen1-2015-2018/YACC1A/Simulation/yacc1 micro code rom creator/.idea/yacc1 micro code rom creator.iml
YACCS-OLD/YACC1A/Simulation/yacc1 micro code rom creator/codefile	archive/gen1-2015-2018/YACC1A1/Simulation/yacc1 micro code rom creator/codefile	archive/gen1-2015-2018/YACC1A/Simulation/yacc1 micro code rom creator/codefile
YACCS-OLD/YACC1A/Simulation/yacc1 micro code rom creator/main.py	archive/gen1-2015-2018/YACC1A1/Simulation/yacc1 micro code rom creator/main.py	archive/gen1-2015-2018/YACC1A/Simulation/yacc1 micro code rom creator/main.py
YACCS-OLD/YACC1A/Simulation/yacc1 micro code rom creator/testfile	archive/gen1-2015-2018/YACC1A1/Simulation/yacc1 micro code rom creator/testfile	archive/gen1-2015-2018/YACC1A/Simulation/yacc1 micro code rom creator/testfile
YACCS-OLD/YACC1A/Simulation/z-old/Opcodes Yacc1 - Sheet1.pdf	archive/gen1-2015-2018/YACC1A1/Simulation/z-old/Opcodes Yacc1 - Sheet1.pdf	archive/gen1-2015-2018/YACC1A/Simulation/z-old/Opcodes Yacc1 - Sheet1.pdf
YACCS-OLD/YACC1A/Simulation/z-old/README.md	archive/gen1-2015-2018/YACC1A1/Simulation/z-old/README.md	archive/gen1-2015-2018/YACC1A/Simulation/z-old/README.md
YACCS-OLD/YACC1A/Simulation/z-old/Yacc1-Assembler/.idea/Yacc1-Assembler.iml	archive/gen1-2015-2018/YACC1A1/Simulation/Yacc1-Assembler/.idea/Yacc1-Assembler.iml	archive/gen1-2015-2018/YACC1A/Simulation/z-old/Yacc1-Assembler/.idea/Yacc1-Assembler.iml
YACCS-OLD/YACC1A/Simulation/z-old/Yacc1-Assembler/.idea/encodings.xml	archive/gen1-2015-2018/YACC1A1/Simulation/Yacc1-Assembler/.idea/encodings.xml	archive/gen1-2015-2018/YACC1A/Simulation/z-old/Yacc1-Assembler/.idea/encodings.xml
YACCS-OLD/YACC1A/Simulation/z-old/Yacc1-Assembler/.idea/misc.xml	archive/gen1-2015-2018/YACC1A1/Simulation/Yacc1-Assembler/.idea/misc.xml	archive/gen1-2015-2018/YACC1A/Simulation/z-old/Yacc1-Assembler/.idea/misc.xml
YACCS-OLD/YACC1A/Simulation/z-old/Yacc1-Assembler/.idea/modules.xml	archive/gen1-2015-2018/YACC1A1/Simulation/Yacc1-Assembler/.idea/modules.xml	archive/gen1-2015-2018/YACC1A/Simulation/z-old/Yacc1-Assembler/.idea/modules.xml
YACCS-OLD/YACC1A/Simulation/z-old/Yacc1-Assembler/.idea/other.xml	archive/gen1-2015-2018/YACC1A1/Simulation/Yacc1-Assembler/.idea/other.xml	archive/gen1-2015-2018/YACC1A/Simulation/z-old/Yacc1-Assembler/.idea/other.xml
YACCS-OLD/YACC1A/Simulation/z-old/Yacc1-Assembler/.idea/scopes/scope_settings.xml	archive/gen1-2015-2018/YACC1A1/Simulation/Yacc1-Assembler/.idea/scopes/scope_settings.xml	archive/gen1-2015-2018/YACC1A/Simulation/z-old/Yacc1-Assembler/.idea/scopes/scope_settings.xml
YACCS-OLD/YACC1A/Simulation/z-old/Yacc1-Assembler/.idea/testrunner.xml	archive/gen1-2015-2018/YACC1A1/Simulation/Yacc1-Assembler/.idea/testrunner.xml	archive/gen1-2015-2018/YACC1A/Simulation/z-old/Yacc1-Assembler/.idea/testrunner.xml
YACCS-OLD/YACC1A/Simulation/z-old/Yacc1-Assembler/.idea/vcs.xml	archive/gen1-2015-2018/YACC1A1/Simulation/Yacc1-Assembler/.idea/vcs.xml	archive/gen1-2015-2018/YACC1A/Simulation/z-old/Yacc1-Assembler/.idea/vcs.xml
YACCS-OLD/YACC1A/Simulation/z-old/Yacc1-Assembler/.idea/workspace.xml	archive/gen1-2015-2018/YACC1A1/Simulation/z-old/Yacc1-Assembler/.idea/workspace.xml	archive/gen1-2015-2018/YACC1A/Simulation/z-old/Yacc1-Assembler/.idea/workspace.xml
YACCS-OLD/YACC1A/Simulation/z-old/Yacc1-Assembler/loadrom	archive/gen1-2015-2018/YACC1A1/Simulation/Yacc1-Assembler/loadrom	archive/gen1-2015-2018/YACC1A/Simulation/z-old/Yacc1-Assembler/loadrom
YACCS-OLD/YACC1A/Simulation/z-old/Yacc1-Assembler/main.py	archive/gen1-2015-2018/YACC1A1/Simulation/Yacc1-Assembler/main.py	archive/gen1-2015-2018/YACC1A/Simulation/z-old/Yacc1-Assembler/main.py
YACCS-OLD/YACC1A/Simulation/z-old/Yacc1-Assembler/workfile.asm	archive/gen1-2015-2018/YACC1A1/Simulation/Yacc1-Assembler/workfile.asm	archive/gen1-2015-2018/YACC1A/Simulation/z-old/Yacc1-Assembler/workfile.asm
YACCS-OLD/YACC1A/Simulation/z-old/Yacc1-Assembler/workfile2.asm	archive/gen1-2015-2018/YACC1A1/Simulation/Yacc1-Assembler/workfile2.asm	archive/gen1-2015-2018/YACC1A/Simulation/z-old/Yacc1-Assembler/workfile2.asm
YACCS-OLD/YACC1A/Simulation/z-old/Yacc1-Assembler/workfile2.lst	archive/gen1-2015-2018/YACC1A1/Simulation/Yacc1-Assembler/workfile2.lst	archive/gen1-2015-2018/YACC1A/Simulation/z-old/Yacc1-Assembler/workfile2.lst
YACCS-OLD/YACC1A/Simulation/z-old/yacc1 micro code rom creator/.idea/encodings.xml	archive/gen1-2015-2018/YACC1A1/Simulation/Yacc1-Assembler/.idea/encodings.xml	archive/gen1-2015-2018/YACC1A/Simulation/z-old/yacc1 micro code rom creator/.idea/encodings.xml
YACCS-OLD/YACC1A/Simulation/z-old/yacc1 micro code rom creator/.idea/misc.xml	archive/gen1-2015-2018/YACC1A1/Simulation/Yacc1-Assembler/.idea/misc.xml	archive/gen1-2015-2018/YACC1A/Simulation/z-old/yacc1 micro code rom creator/.idea/misc.xml
YACCS-OLD/YACC1A/Simulation/z-old/yacc1 micro code rom creator/.idea/modules.xml	archive/gen1-2015-2018/YACC1A1/Simulation/yacc1 micro code rom creator/.idea/modules.xml	archive/gen1-2015-2018/YACC1A/Simulation/z-old/yacc1 micro code rom creator/.idea/modules.xml
YACCS-OLD/YACC1A/Simulation/z-old/yacc1 micro code rom creator/.idea/other.xml	archive/gen1-2015-2018/YACC1A1/Simulation/Yacc1-Assembler/.idea/other.xml	archive/gen1-2015-2018/YACC1A/Simulation/z-old/yacc1 micro code rom creator/.idea/other.xml
YACCS-OLD/YACC1A/Simulation/z-old/yacc1 micro code rom creator/.idea/scopes/scope_settings.xml	archive/gen1-2015-2018/YACC1A1/Simulation/Yacc1-Assembler/.idea/scopes/scope_settings.xml	archive/gen1-2015-2018/YACC1A/Simulation/z-old/yacc1 micro code rom creator/.idea/scopes/scope_settings.xml
YACCS-OLD/YACC1A/Simulation/z-old/yacc1 micro code rom creator/.idea/testrunner.xml	archive/gen1-2015-2018/YACC1A1/Simulation/Yacc1-Assembler/.idea/testrunner.xml	archive/gen1-2015-2018/YACC1A/Simulation/z-old/yacc1 micro code rom creator/.idea/testrunner.xml
YACCS-OLD/YACC1A/Simulation/z-old/yacc1 micro code rom creator/.idea/vcs.xml	archive/gen1-2015-2018/YACC1A1/Simulation/Yacc1-Assembler/.idea/vcs.xml	archive/gen1-2015-2018/YACC1A/Simulation/z-old/yacc1 micro code rom creator/.idea/vcs.xml
YACCS-OLD/YACC1A/Simulation/z-old/yacc1 micro code rom creator/.idea/workspace.xml	archive/gen1-2015-2018/YACC1A1/Simulation/z-old/yacc1 micro code rom creator/.idea/workspace.xml	archive/gen1-2015-2018/YACC1A/Simulation/z-old/yacc1 micro code rom creator/.idea/workspace.xml
YACCS-OLD/YACC1A/Simulation/z-old/yacc1 micro code rom creator/.idea/yacc1 micro code rom creator.iml	archive/gen1-2015-2018/YACC1A1/Simulation/Yacc1-Assembler/.idea/Yacc1-Assembler.iml	archive/gen1-2015-2018/YACC1A/Simulation/z-old/yacc1 micro code rom creator/.idea/yacc1 micro code rom creator.iml
YACCS-OLD/YACC1A/Simulation/z-old/yacc1 micro code rom creator/codefile	archive/gen1-2015-2018/YACC1A1/Simulation/yacc1 micro code rom creator/codefile	archive/gen1-2015-2018/YACC1A/Simulation/z-old/yacc1 micro code rom creator/codefile
YACCS-OLD/YACC1A/Simulation/z-old/yacc1 micro code rom creator/main.py	archive/gen1-2015-2018/YACC1A1/Simulation/yacc1 micro code rom creator/main.py	archive/gen1-2015-2018/YACC1A/Simulation/z-old/yacc1 micro code rom creator/main.py
YACCS-OLD/YACC1A/Simulation/z-old/yacc1 micro code rom creator/testfile	archive/gen1-2015-2018/YACC1A1/Simulation/yacc1 micro code rom creator/testfile	archive/gen1-2015-2018/YACC1A/Simulation/z-old/yacc1 micro code rom creator/testfile
YACCS-OLD/YACC1A/Tests/Gen Test Vectors/a.out	archive/gen1-2015-2018/YACC1A1/Tests/CodeGen/a.out	archive/gen1-2015-2018/YACC1A/Tests/Gen Test Vectors/a.out
YACCS-OLD/YACC1A/Tests/Gen Test Vectors/codegen.c	archive/gen1-2015-2018/YACC1A1/Tests/CodeGen/codegen.c	archive/gen1-2015-2018/YACC1A/Tests/Gen Test Vectors/codegen.c
YACCS-OLD/YACC1A/Tests/readtest_from_serial/Untitled.rtf	embedded/command-sender/deprecated/old/command_sender/Untitled.rtf	archive/gen1-2015-2018/YACC1A/Tests/readtest_from_serial/Untitled.rtf
YACCS-OLD/YACC1A/Tests/readtest_from_serial/commands.txt	tests/bus-tester-scripts/deprecated/gen1-2016/commands-1.txt	archive/gen1-2015-2018/YACC1A/Tests/readtest_from_serial/commands.txt
YACCS-OLD/YACC1A/Tests/readtest_from_serial/commandsA.txt	tests/bus-tester-scripts/deprecated/gen1-2016/commands-2.txt	archive/gen1-2015-2018/YACC1A/Tests/readtest_from_serial/commandsA.txt
YACCS-OLD/YACC1A/deprecated/Data Sheets/24lc64.pdf	docs/datasheets/24lc64.pdf	archive/gen1-2015-2018/YACC1A/deprecated/Data Sheets/24lc64.pdf
YACCS-OLD/YACC1A/deprecated/Data Sheets/74240.pdf	docs/datasheets/74240.pdf	archive/gen1-2015-2018/YACC1A/deprecated/Data Sheets/74240.pdf
YACCS-OLD/YACC1A/deprecated/Data Sheets/74244.pdf	docs/datasheets/74244.pdf	archive/gen1-2015-2018/YACC1A/deprecated/Data Sheets/74244.pdf
YACCS-OLD/YACC1A/deprecated/Data Sheets/74245.pdf	docs/datasheets/74245.pdf	archive/gen1-2015-2018/YACC1A/deprecated/Data Sheets/74245.pdf
YACCS-OLD/YACC1A/deprecated/Data Sheets/74374.pdf	docs/datasheets/74374.pdf	archive/gen1-2015-2018/YACC1A/deprecated/Data Sheets/74374.pdf
YACCS-OLD/YACC1A/deprecated/Data Sheets/MX25L4006E, 3V, 4Mb, v1.6.pdf	docs/datasheets/MX25L4006E, 3V, 4Mb, v1.6.pdf	archive/gen1-2015-2018/YACC1A/deprecated/Data Sheets/MX25L4006E, 3V, 4Mb, v1.6.pdf
YACCS-OLD/YACC1A/deprecated/Old/2 reg with inc:dec/registers2a.brd	archive/gen1-2015-2018/YACC1A1/Old/2 reg with inc-dec/registers2a.brd	archive/gen1-2015-2018/YACC1A/deprecated/Old/2 reg with inc-dec/registers2a.brd
YACCS-OLD/YACC1A/deprecated/Old/2 reg with inc:dec/registers2a.sch	archive/gen1-2015-2018/YACC1A1/Old/2 reg with inc-dec/registers2a.sch	archive/gen1-2015-2018/YACC1A/deprecated/Old/2 reg with inc-dec/registers2a.sch
YACCS-OLD/YACC1A/deprecated/Old/4 reg no inc:dec - 4 layers/regsimple2addfp.brd	archive/gen1-2015-2018/YACC1A1/Old/4 reg no inc-dec - 4 layers/regsimple2addfp.brd	archive/gen1-2015-2018/YACC1A/deprecated/Old/4 reg no inc-dec - 4 layers/regsimple2addfp.brd
YACCS-OLD/YACC1A/deprecated/Old/4 reg no inc:dec - 4 layers/regsimple2addfp.pro	archive/gen1-2015-2018/YACC1A1/Old/4 reg no inc-dec - 4 layers/regsimple2addfp.pro	archive/gen1-2015-2018/YACC1A/deprecated/Old/4 reg no inc-dec - 4 layers/regsimple2addfp.pro
YACCS-OLD/YACC1A/deprecated/Old/4 reg no inc:dec - 4 layers/regsimple2addfp.sch	archive/gen1-2015-2018/YACC1A1/Old/4 reg no inc-dec - 4 layers/regsimple2addfp.sch	archive/gen1-2015-2018/YACC1A/deprecated/Old/4 reg no inc-dec - 4 layers/regsimple2addfp.sch
YACCS-OLD/YACC1A/deprecated/Old/4 reg no inc:dec - 4 layers/regsimple2addfp_00.job	archive/gen1-2015-2018/YACC1A1/Old/4 reg no inc-dec - 4 layers/regsimple2addfp_00.job	archive/gen1-2015-2018/YACC1A/deprecated/Old/4 reg no inc-dec - 4 layers/regsimple2addfp_00.job
YACCS-OLD/YACC1A/deprecated/Old/4 reg no inc:dec - 4 layers/regsimple2addfp_01.job	archive/gen1-2015-2018/YACC1A1/Old/4 reg no inc-dec - 4 layers/regsimple2addfp_01.job	archive/gen1-2015-2018/YACC1A/deprecated/Old/4 reg no inc-dec - 4 layers/regsimple2addfp_01.job
YACCS-OLD/YACC1A/deprecated/Old/4 reg no inc:dec - 4 layers/regsimple2addfp_02.job	archive/gen1-2015-2018/YACC1A1/Old/4 reg no inc-dec - 4 layers/regsimple2addfp_02.job	archive/gen1-2015-2018/YACC1A/deprecated/Old/4 reg no inc-dec - 4 layers/regsimple2addfp_02.job
YACCS-OLD/YACC1A/deprecated/Old/4 reg no inc:dec - 4 layers/regsimple2addfp_03.job	archive/gen1-2015-2018/YACC1A1/Old/4 reg no inc-dec - 4 layers/regsimple2addfp_03.job	archive/gen1-2015-2018/YACC1A/deprecated/Old/4 reg no inc-dec - 4 layers/regsimple2addfp_03.job
YACCS-OLD/YACC1A/deprecated/Old/4 reg no inc:dec - 4 layers/regsimple2addfp_04.job	archive/gen1-2015-2018/YACC1A1/Old/4 reg no inc-dec - 4 layers/regsimple2addfp_04.job	archive/gen1-2015-2018/YACC1A/deprecated/Old/4 reg no inc-dec - 4 layers/regsimple2addfp_04.job
YACCS-OLD/YACC1A/deprecated/Old/4 reg no inc:dec - 4 layers/regsimple2addfp_05.job	archive/gen1-2015-2018/YACC1A1/Old/4 reg no inc-dec - 4 layers/regsimple2addfp_05.job	archive/gen1-2015-2018/YACC1A/deprecated/Old/4 reg no inc-dec - 4 layers/regsimple2addfp_05.job
YACCS-OLD/YACC1A/deprecated/Old/4 reg no inc:dec - 4 layers/regsimple2addfp_06.job	archive/gen1-2015-2018/YACC1A1/Old/4 reg no inc-dec - 4 layers/regsimple2addfp_06.job	archive/gen1-2015-2018/YACC1A/deprecated/Old/4 reg no inc-dec - 4 layers/regsimple2addfp_06.job
YACCS-OLD/YACC1A/deprecated/Old/4 reg no inc:dec - 4 layers/regsimple2addfp_07.job	archive/gen1-2015-2018/YACC1A1/Old/4 reg no inc-dec - 4 layers/regsimple2addfp_07.job	archive/gen1-2015-2018/YACC1A/deprecated/Old/4 reg no inc-dec - 4 layers/regsimple2addfp_07.job
YACCS-OLD/YACC1A/deprecated/Old/4 reg no inc:dec - 4 layers/regsimple2addfp_08.job	archive/gen1-2015-2018/YACC1A1/Old/4 reg no inc-dec - 4 layers/regsimple2addfp_08.job	archive/gen1-2015-2018/YACC1A/deprecated/Old/4 reg no inc-dec - 4 layers/regsimple2addfp_08.job
YACCS-OLD/YACC1A/deprecated/Old/4 reg no inc:dec - 4 layers/regsimple2addfp_09.job	archive/gen1-2015-2018/YACC1A1/Old/4 reg no inc-dec - 4 layers/regsimple2addfp_09.job	archive/gen1-2015-2018/YACC1A/deprecated/Old/4 reg no inc-dec - 4 layers/regsimple2addfp_09.job
YACCS-OLD/YACC1A/deprecated/Old/4 reg no inc:dec - 4 layers/regsimple2addfp_10.job	archive/gen1-2015-2018/YACC1A1/Old/4 reg no inc-dec - 4 layers/regsimple2addfp_10.job	archive/gen1-2015-2018/YACC1A/deprecated/Old/4 reg no inc-dec - 4 layers/regsimple2addfp_10.job
YACCS-OLD/YACC1A/deprecated/Old/4 reg no inc:dec - 4 layers/regsimple2addfp_11.job	archive/gen1-2015-2018/YACC1A1/Old/4 reg no inc-dec - 4 layers/regsimple2addfp_11.job	archive/gen1-2015-2018/YACC1A/deprecated/Old/4 reg no inc-dec - 4 layers/regsimple2addfp_11.job
YACCS-OLD/YACC1A/deprecated/Old/4 reg no inc:dec - 4 layers/regsimple2addfp_12.job	archive/gen1-2015-2018/YACC1A1/Old/4 reg no inc-dec - 4 layers/regsimple2addfp_12.job	archive/gen1-2015-2018/YACC1A/deprecated/Old/4 reg no inc-dec - 4 layers/regsimple2addfp_12.job
YACCS-OLD/YACC1A/deprecated/Old/4 reg no inc:dec - 4 layers/regsimple2addfp_13.job	archive/gen1-2015-2018/YACC1A1/Old/4 reg no inc-dec - 4 layers/regsimple2addfp_13.job	archive/gen1-2015-2018/YACC1A/deprecated/Old/4 reg no inc-dec - 4 layers/regsimple2addfp_13.job
YACCS-OLD/YACC1A/deprecated/Old/4 reg no inc:dec - 4 layers/regsimple2addfp_14.job	archive/gen1-2015-2018/YACC1A1/Old/4 reg no inc-dec - 4 layers/regsimple2addfp_14.job	archive/gen1-2015-2018/YACC1A/deprecated/Old/4 reg no inc-dec - 4 layers/regsimple2addfp_14.job
YACCS-OLD/YACC1A/deprecated/Old/4 reg no inc:dec - 4 layers/regsimple2addfp_15.job	archive/gen1-2015-2018/YACC1A1/Old/4 reg no inc-dec - 4 layers/regsimple2addfp_15.job	archive/gen1-2015-2018/YACC1A/deprecated/Old/4 reg no inc-dec - 4 layers/regsimple2addfp_15.job
YACCS-OLD/YACC1A/deprecated/Old/4 reg no inc:dec - 4 layers/regsimple2addfp_16.job	archive/gen1-2015-2018/YACC1A1/Old/4 reg no inc-dec - 4 layers/regsimple2addfp_16.job	archive/gen1-2015-2018/YACC1A/deprecated/Old/4 reg no inc-dec - 4 layers/regsimple2addfp_16.job
YACCS-OLD/YACC1A/deprecated/Old/4 reg no inc:dec - 4 layers/regsimple2addfp_17.job	archive/gen1-2015-2018/YACC1A1/Old/4 reg no inc-dec - 4 layers/regsimple2addfp_17.job	archive/gen1-2015-2018/YACC1A/deprecated/Old/4 reg no inc-dec - 4 layers/regsimple2addfp_17.job
YACCS-OLD/YACC1A/deprecated/Old/4 reg no inc:dec - 4 layers/regsimple2addfp_18.job	archive/gen1-2015-2018/YACC1A1/Old/4 reg no inc-dec - 4 layers/regsimple2addfp_18.job	archive/gen1-2015-2018/YACC1A/deprecated/Old/4 reg no inc-dec - 4 layers/regsimple2addfp_18.job
YACCS-OLD/YACC1A/deprecated/Old/4 reg no inc:dec - 4 layers/regsimple2addfp_19.job	archive/gen1-2015-2018/YACC1A1/Old/4 reg no inc-dec - 4 layers/regsimple2addfp_19.job	archive/gen1-2015-2018/YACC1A/deprecated/Old/4 reg no inc-dec - 4 layers/regsimple2addfp_19.job
YACCS-OLD/YACC1A/deprecated/Old/4 reg no inc:dec - 4 layers/regsimple2addfp_20.job	archive/gen1-2015-2018/YACC1A1/Old/4 reg no inc-dec - 4 layers/regsimple2addfp_20.job	archive/gen1-2015-2018/YACC1A/deprecated/Old/4 reg no inc-dec - 4 layers/regsimple2addfp_20.job
YACCS-OLD/YACC1A/deprecated/Old/4 reg no inc:dec - 4 layers/regsimple2addfp_21.job	archive/gen1-2015-2018/YACC1A1/Old/4 reg no inc-dec - 4 layers/regsimple2addfp_21.job	archive/gen1-2015-2018/YACC1A/deprecated/Old/4 reg no inc-dec - 4 layers/regsimple2addfp_21.job
YACCS-OLD/YACC1A/deprecated/Old/4 reg no inc:dec/regsimple2addfp.brd	archive/gen1-2015-2018/YACC1A1/Old/4 reg no inc-dec/regsimple2addfp.brd	archive/gen1-2015-2018/YACC1A/deprecated/Old/4 reg no inc-dec/regsimple2addfp.brd
YACCS-OLD/YACC1A/deprecated/Old/4 reg no inc:dec/regsimple2addfp.pro	archive/gen1-2015-2018/YACC1A1/Old/4 reg no inc-dec/regsimple2addfp.pro	archive/gen1-2015-2018/YACC1A/deprecated/Old/4 reg no inc-dec/regsimple2addfp.pro
YACCS-OLD/YACC1A/deprecated/Old/4 reg no inc:dec/regsimple2addfp.sch	archive/gen1-2015-2018/YACC1A1/Old/4 reg no inc-dec/regsimple2addfp.sch	archive/gen1-2015-2018/YACC1A/deprecated/Old/4 reg no inc-dec/regsimple2addfp.sch
YACCS-OLD/YACC1A/deprecated/Old/4 reg with inc:dec/registers2-4a.brd	archive/gen1-2015-2018/YACC1A1/Old/4 reg with inc-dec/registers2-4a.brd	archive/gen1-2015-2018/YACC1A/deprecated/Old/4 reg with inc-dec/registers2-4a.brd
YACCS-OLD/YACC1A/deprecated/Old/4 reg with inc:dec/registers2-4a.sch	archive/gen1-2015-2018/YACC1A1/Old/4 reg with inc-dec/registers2-4a.sch	archive/gen1-2015-2018/YACC1A/deprecated/Old/4 reg with inc-dec/registers2-4a.sch
YACCS-OLD/YACC1A/deprecated/Old/BUS-PROD-V1.1/yacc2buss.brd	hardware/bus/backplane/eagle/deprecated/v1.1/yacc2buss.brd	archive/gen1-2015-2018/YACC1A/deprecated/Old/BUS-PROD-V1.1/yacc2buss.brd
YACCS-OLD/YACC1A/deprecated/Old/BUS-PROD-V1.1/yacc2buss.pro	hardware/bus/backplane/eagle/deprecated/v1.1/yacc2buss.pro	archive/gen1-2015-2018/YACC1A/deprecated/Old/BUS-PROD-V1.1/yacc2buss.pro
YACCS-OLD/YACC1A/deprecated/Old/BUS-PROD-V1.1/yacc2buss.sch	hardware/bus/backplane/eagle/deprecated/v1.1/yacc2buss.sch	archive/gen1-2015-2018/YACC1A/deprecated/Old/BUS-PROD-V1.1/yacc2buss.sch
YACCS-OLD/YACC1A/deprecated/Old/Bus Definition V1.1.sch	archive/gen1-2015-2018/YACC1A1/Old/Bus Definition V1.1.sch	archive/gen1-2015-2018/YACC1A/deprecated/Old/Bus Definition V1.1.sch
YACCS-OLD/YACC1A/deprecated/Old/Bus/yacc1buss 2.brd	archive/gen1-2015-2018/YACC1A1/Old/Bus/yacc1buss 2.brd	archive/gen1-2015-2018/YACC1A/deprecated/Old/Bus/yacc1buss 2.brd
YACCS-OLD/YACC1A/deprecated/Old/Bus/yacc1buss.brd	archive/gen1-2015-2018/YACC1A1/Old/Bus/yacc1buss.brd	archive/gen1-2015-2018/YACC1A/deprecated/Old/Bus/yacc1buss.brd
YACCS-OLD/YACC1A/deprecated/Old/Bus/yacc1buss.sch	archive/gen1-2015-2018/YACC1A1/Old/Bus/yacc1buss.sch	archive/gen1-2015-2018/YACC1A/deprecated/Old/Bus/yacc1buss.sch
YACCS-OLD/YACC1A/deprecated/Old/SP:PC/SP:PC copy.sch	archive/gen1-2015-2018/YACC1A1/Old/SP-PC/SP-PC copy.sch	archive/gen1-2015-2018/YACC1A/deprecated/Old/SP-PC/SP-PC copy.sch
YACCS-OLD/YACC1A/deprecated/Old/SP:PC/SP:PC.brd	archive/gen1-2015-2018/YACC1A1/Old/SP-PC/SP-PC.brd	archive/gen1-2015-2018/YACC1A/deprecated/Old/SP-PC/SP-PC.brd
YACCS-OLD/YACC1A/deprecated/Old/SP:PC/SP:PC.pro	archive/gen1-2015-2018/YACC1A1/Old/SP-PC/SP-PC.pro	archive/gen1-2015-2018/YACC1A/deprecated/Old/SP-PC/SP-PC.pro
YACCS-OLD/YACC1A/deprecated/Old/SP:PC/SP:PC.sch	archive/gen1-2015-2018/YACC1A1/Old/SP-PC/SP-PC.sch	archive/gen1-2015-2018/YACC1A/deprecated/Old/SP-PC/SP-PC.sch
YACCS-OLD/YACC1A/deprecated/Old/UPDATE to 1.21.rtf	archive/gen1-2015-2018/YACC1A1/UPDATE to 1.21.rtf	archive/gen1-2015-2018/YACC1A/deprecated/Old/UPDATE to 1.21.rtf
YACCS-OLD/YACC1A/deprecated/Old/connector/connector.sch	archive/gen1-2015-2018/YACC1A1/Old/connector/connector.sch	archive/gen1-2015-2018/YACC1A/deprecated/Old/connector/connector.sch
YACCS-OLD/YACC1A/deprecated/Old/opcodes/YACC1 Connector - A1.1.csv	archive/gen1-2015-2018/YACC1A1/Old/opcodes/YACC1 Connector - A1.1.csv	archive/gen1-2015-2018/YACC1A/deprecated/Old/opcodes/YACC1 Connector - A1.1.csv
YACCS-OLD/YACC1A/deprecated/Old/opcodes/YACC1 Connector - B1.1.csv	archive/gen1-2015-2018/YACC1A1/Old/opcodes/YACC1 Connector - B1.1.csv	archive/gen1-2015-2018/YACC1A/deprecated/Old/opcodes/YACC1 Connector - B1.1.csv
YACCS-OLD/YACC1A/deprecated/Old/opcodes/YACC1 Connector - C1.1.csv	archive/gen1-2015-2018/YACC1A1/Old/opcodes/YACC1 Connector - C1.1.csv	archive/gen1-2015-2018/YACC1A/deprecated/Old/opcodes/YACC1 Connector - C1.1.csv
YACCS-OLD/YACC1A/deprecated/Old/opcodes/ops	archive/gen1-2015-2018/YACC1A1/Old/opcodes/ops	archive/gen1-2015-2018/YACC1A/deprecated/Old/opcodes/ops
YACCS-OLD/YACC1A/deprecated/Old/sketch_oct24a/uCodeRAM.ino	archive/superseded-revisions/sequencer-card-old/Sequencer copy/uCodeRAM.ino	archive/gen1-2015-2018/YACC1A/deprecated/Old/sketch_oct24a/uCodeRAM.ino
YACCS-OLD/YACC1A/deprecated/Old/sketch_oct24a/uCodeROM.ino	archive/superseded-revisions/sequencer-card-old/Sequencer copy/uCodeROM.ino	archive/gen1-2015-2018/YACC1A/deprecated/Old/sketch_oct24a/uCodeROM.ino
YACCS-OLD/YACC1A/deprecated/Old/tester-code V1.0/test_monitor/test_monitor.ino	archive/gen1-2015-2018/YACC1A1/Old/tester-code V1.0/test_monitor/test_monitor.ino	archive/gen1-2015-2018/YACC1A/deprecated/Old/tester-code V1.0/test_monitor/test_monitor.ino
YACCS-OLD/YACC1A/deprecated/Old/tester/Blink2/Blink2.ino	archive/gen1-2015-2018/YACC1A1/Old/tester/Blink2/Blink2.ino	archive/gen1-2015-2018/YACC1A/deprecated/Old/tester/Blink2/Blink2.ino
YACCS-OLD/YACC1A/deprecated/Old/tester/test_monitor/test_monitor.ino	archive/gen1-2015-2018/YACC1A1/Old/tester/test_monitor/test_monitor.ino	archive/gen1-2015-2018/YACC1A/deprecated/Old/tester/test_monitor/test_monitor.ino
YACCS-OLD/YACC1A/deprecated/Old/tester/tester.brd	archive/gen1-2015-2018/YACC1A1/Old/tester/tester.brd	archive/gen1-2015-2018/YACC1A/deprecated/Old/tester/tester.brd
YACCS-OLD/YACC1A/deprecated/Old/tester/tester.pro	archive/gen1-2015-2018/YACC1A1/Old/tester/tester.pro	archive/gen1-2015-2018/YACC1A/deprecated/Old/tester/tester.pro
YACCS-OLD/YACC1A/deprecated/Old/tester/tester.sch	archive/gen1-2015-2018/YACC1A1/Old/tester/tester.sch	archive/gen1-2015-2018/YACC1A/deprecated/Old/tester/tester.sch
YACCS-OLD/YACC1A/deprecated/Old/tester2/tester.brd	archive/gen1-2015-2018/YACC1A1/Old/tester/tester.brd	archive/gen1-2015-2018/YACC1A/deprecated/Old/tester2/tester.brd
YACCS-OLD/YACC1A/deprecated/Old/tester2/tester.pro	archive/gen1-2015-2018/YACC1A1/Old/tester/tester.pro	archive/gen1-2015-2018/YACC1A/deprecated/Old/tester2/tester.pro
YACCS-OLD/YACC1A/deprecated/Old/tester2/tester.sch	archive/gen1-2015-2018/YACC1A1/Old/tester/tester.sch	archive/gen1-2015-2018/YACC1A/deprecated/Old/tester2/tester.sch
YACCS-OLD/YACC1A/deprecated/Software/BUS V1.1/test_monitor-a/test_monitor-a.ino	archive/gen1-2015-2018/YACC1A1/Software/BUS V1.1/test_monitor-a/test_monitor-a.ino	archive/gen1-2015-2018/YACC1A/deprecated/Software/BUS V1.1/test_monitor-a/test_monitor-a.ino
YACCS-OLD/YACC1A/deprecated/Software/BUS V1.1/test_monitor/test_monitor.ino	archive/gen1-2015-2018/YACC1A1/Software/BUS V1.1/test_monitor/test_monitor.ino	archive/gen1-2015-2018/YACC1A/deprecated/Software/BUS V1.1/test_monitor/test_monitor.ino
YACCS-OLD/YACC1A/deprecated/Software/BUS V1.21/bus-test/YACC_Common_header.h	archive/gen1-2015-2018/YACC1A/deprecated/Software/BUS V1.21/bus-monitor/YACC_Common_header.h	archive/gen1-2015-2018/YACC1A/deprecated/Software/BUS V1.21/bus-test/YACC_Common_header.h
YACCS-OLD/YACC1A/deprecated/Software/BUS V1.21/test_monitor/test_monitor.ino	archive/gen1-2015-2018/YACC1A1/Software/BUS V1.21/test_monitor/test_monitor.ino	archive/gen1-2015-2018/YACC1A/deprecated/Software/BUS V1.21/test_monitor/test_monitor.ino
YACCS-OLD/YACC1A/deprecated/Software/simple-microcode_sender/Untitled.rtf	embedded/command-sender/deprecated/old/command_sender/Untitled.rtf	archive/gen1-2015-2018/YACC1A/deprecated/Software/simple-microcode_sender/Untitled.rtf
YACCS-OLD/YACC1A/deprecated/Software/simple-microcode_sender/commands.txt	tests/bus-tester-scripts/deprecated/gen1-2016/commands-1.txt	archive/gen1-2015-2018/YACC1A/deprecated/Software/simple-microcode_sender/commands.txt
YACCS-OLD/YACC1A/deprecated/Software/simple-microcode_sender/commandsA.txt	tests/bus-tester-scripts/deprecated/gen1-2016/commands-2.txt	archive/gen1-2015-2018/YACC1A/deprecated/Software/simple-microcode_sender/commandsA.txt
YACCS-OLD/YACC1A/deprecated/Software/test_monitor/BUS V1.21/test_monitor/test_monitor.ino	archive/gen1-2015-2018/YACC1A1/Software/test_monitor/BUS V1.21/test_monitor/test_monitor.ino	archive/gen1-2015-2018/YACC1A/deprecated/Software/test_monitor/BUS V1.21/test_monitor/test_monitor.ino
YACCS-OLD/YACC1A/deprecated/Software/uCode-Generator/code.h	archive/superseded-revisions/sequencer-card-old/uCode-Generator copy/code.h.orig.h	archive/gen1-2015-2018/YACC1A/deprecated/Software/uCode-Generator/code.h
YACCS-OLD/YACC1A/deprecated/Software/uCode-Generator/nbproject/Makefile-impl.mk	archive/superseded-revisions/sequencer-card-old/uCode-Generator copy/nbproject/Makefile-impl.mk	archive/gen1-2015-2018/YACC1A/deprecated/Software/uCode-Generator/nbproject/Makefile-impl.mk
YACCS-OLD/YACC1A/deprecated/Software/uCode-Generator/nbproject/Makefile-variables.mk	archive/superseded-revisions/sequencer-card-old/uCode-Generator copy/nbproject/Makefile-variables.mk	archive/gen1-2015-2018/YACC1A/deprecated/Software/uCode-Generator/nbproject/Makefile-variables.mk
YACCS-OLD/YACC1A/deprecated/Software/uCode-Generator/nbproject/Package-Debug.bash	archive/superseded-revisions/sequencer-card-old/uCode-Generator copy/nbproject/Package-Debug.bash	archive/gen1-2015-2018/YACC1A/deprecated/Software/uCode-Generator/nbproject/Package-Debug.bash
YACCS-OLD/YACC1A/deprecated/Software/uCode-Generator/nbproject/Package-Release.bash	archive/superseded-revisions/sequencer-card-old/uCode-Generator copy/nbproject/Package-Release.bash	archive/gen1-2015-2018/YACC1A/deprecated/Software/uCode-Generator/nbproject/Package-Release.bash
YACCS-OLD/YACC1A/deprecated/Software/uCode-Generator/nbproject/configurations.xml	archive/superseded-revisions/software-old-obsolete/Memory Card/test EPROM/nbproject/configurations.xml	archive/gen1-2015-2018/YACC1A/deprecated/Software/uCode-Generator/nbproject/configurations.xml
YACCS-OLD/YACC1A/deprecated/Software/uCode-Generator/test.hex.short.hex	archive/superseded-revisions/sequencer-card-old/uCode-Generator copy/test.hex.short.hex	archive/gen1-2015-2018/YACC1A/deprecated/Software/uCode-Generator/test.hex.short.hex
YACCS-OLD/YACC1A/eagle-old/74100D5FC9.key	archive/gen1-2015-2018/YACC1A1/eagle/74100D5FC9.key	archive/gen1-2015-2018/YACC1A/eagle-old/74100D5FC9.key
YACCS-OLD/YACC1A/eagle-old/LaenPCBOrder.dru	archive/gen1-2015-2018/YACC1A1/eagle/LaenPCBOrder.dru	archive/gen1-2015-2018/YACC1A/eagle-old/LaenPCBOrder.dru
YACCS-OLD/YACC1A/eagle-old/Libraries/Adafruit-Eagle-Library-master-2/README.md	hardware/libraries/eagle/Libraries/Adafruit-Eagle-Library-master/README.md	archive/gen1-2015-2018/YACC1A/eagle-old/Libraries/Adafruit-Eagle-Library-master-2/README.md
YACCS-OLD/YACC1A/eagle-old/Libraries/Adafruit-Eagle-Library-master-2/README.txt	hardware/libraries/eagle/Libraries/Adafruit-Eagle-Library-master/README.md	archive/gen1-2015-2018/YACC1A/eagle-old/Libraries/Adafruit-Eagle-Library-master-2/README.txt
YACCS-OLD/YACC1A/eagle-old/Libraries/Adafruit-Eagle-Library-master-2/adafruit.lbr	hardware/libraries/eagle/Libraries/Adafruit-Eagle-Library-master/adafruit.lbr	archive/gen1-2015-2018/YACC1A/eagle-old/Libraries/Adafruit-Eagle-Library-master-2/adafruit.lbr
YACCS-OLD/YACC1A/eagle-old/Libraries/E14_Arduino.lbr	archive/gen1-2015-2018/YACC1A1/eagle/Libraries/E14_Arduino.lbr	archive/gen1-2015-2018/YACC1A/eagle-old/Libraries/E14_Arduino.lbr
YACCS-OLD/YACC1A/eagle-old/Libraries/JNHuaMao.lbr	archive/gen1-2015-2018/YACC1A1/eagle/Libraries/JNHuaMao.lbr	archive/gen1-2015-2018/YACC1A/eagle-old/Libraries/JNHuaMao.lbr
YACCS-OLD/YACC1A/eagle-old/Libraries/SparkFun-Eagle-Libraries-master/GeekAmmo.lbr	archive/gen1-2015-2018/YACC1A1/eagle/Libraries/SparkFun-Eagle-Libraries-master/GeekAmmo.lbr	archive/gen1-2015-2018/YACC1A/eagle-old/Libraries/SparkFun-Eagle-Libraries-master/GeekAmmo.lbr
YACCS-OLD/YACC1A/eagle-old/Libraries/SparkFun-Eagle-Libraries-master/LilyPad-Wearables.lbr	archive/gen1-2015-2018/YACC1A1/eagle/Libraries/SparkFun-Eagle-Libraries-master/LilyPad-Wearables.lbr	archive/gen1-2015-2018/YACC1A/eagle-old/Libraries/SparkFun-Eagle-Libraries-master/LilyPad-Wearables.lbr
YACCS-OLD/YACC1A/eagle-old/Libraries/SparkFun-Eagle-Libraries-master/SparkFun-Aesthetics.lbr	archive/gen1-2015-2018/YACC1A1/eagle/Libraries/SparkFun-Eagle-Libraries-master/SparkFun-Aesthetics.lbr	archive/gen1-2015-2018/YACC1A/eagle-old/Libraries/SparkFun-Eagle-Libraries-master/SparkFun-Aesthetics.lbr
YACCS-OLD/YACC1A/eagle-old/Libraries/SparkFun-Eagle-Libraries-master/SparkFun-AnalogIC.lbr	archive/gen1-2015-2018/YACC1A1/eagle/Libraries/SparkFun-Eagle-Libraries-master/SparkFun-AnalogIC.lbr	archive/gen1-2015-2018/YACC1A/eagle-old/Libraries/SparkFun-Eagle-Libraries-master/SparkFun-AnalogIC.lbr
YACCS-OLD/YACC1A/eagle-old/Libraries/SparkFun-Eagle-Libraries-master/SparkFun-Boards.lbr	archive/gen1-2015-2018/YACC1A1/eagle/Libraries/SparkFun-Eagle-Libraries-master/SparkFun-Boards.lbr	archive/gen1-2015-2018/YACC1A/eagle-old/Libraries/SparkFun-Eagle-Libraries-master/SparkFun-Boards.lbr
YACCS-OLD/YACC1A/eagle-old/Libraries/SparkFun-Eagle-Libraries-master/SparkFun-Capacitors.lbr	archive/gen1-2015-2018/YACC1A1/eagle/Libraries/SparkFun-Eagle-Libraries-master/SparkFun-Capacitors.lbr	archive/gen1-2015-2018/YACC1A/eagle-old/Libraries/SparkFun-Eagle-Libraries-master/SparkFun-Capacitors.lbr
YACCS-OLD/YACC1A/eagle-old/Libraries/SparkFun-Eagle-Libraries-master/SparkFun-Connectors.lbr	archive/gen1-2015-2018/YACC1A1/eagle/Libraries/SparkFun-Eagle-Libraries-master/SparkFun-Connectors.lbr	archive/gen1-2015-2018/YACC1A/eagle-old/Libraries/SparkFun-Eagle-Libraries-master/SparkFun-Connectors.lbr
YACCS-OLD/YACC1A/eagle-old/Libraries/SparkFun-Eagle-Libraries-master/SparkFun-DigitalIC.lbr	archive/gen1-2015-2018/YACC1A1/eagle/Libraries/SparkFun-Eagle-Libraries-master/SparkFun-DigitalIC.lbr	archive/gen1-2015-2018/YACC1A/eagle-old/Libraries/SparkFun-Eagle-Libraries-master/SparkFun-DigitalIC.lbr
YACCS-OLD/YACC1A/eagle-old/Libraries/SparkFun-Eagle-Libraries-master/SparkFun-DiscreteSemi.lbr	archive/gen1-2015-2018/YACC1A1/eagle/Libraries/SparkFun-Eagle-Libraries-master/SparkFun-DiscreteSemi.lbr	archive/gen1-2015-2018/YACC1A/eagle-old/Libraries/SparkFun-Eagle-Libraries-master/SparkFun-DiscreteSemi.lbr
YACCS-OLD/YACC1A/eagle-old/Libraries/SparkFun-Eagle-Libraries-master/SparkFun-Displays.lbr	archive/gen1-2015-2018/YACC1A1/eagle/Libraries/SparkFun-Eagle-Libraries-master/SparkFun-Displays.lbr	archive/gen1-2015-2018/YACC1A/eagle-old/Libraries/SparkFun-Eagle-Libraries-master/SparkFun-Displays.lbr
YACCS-OLD/YACC1A/eagle-old/Libraries/SparkFun-Eagle-Libraries-master/SparkFun-Electromechanical.lbr	archive/gen1-2015-2018/YACC1A1/eagle/Libraries/SparkFun-Eagle-Libraries-master/SparkFun-Electromechanical.lbr	archive/gen1-2015-2018/YACC1A/eagle-old/Libraries/SparkFun-Eagle-Libraries-master/SparkFun-Electromechanical.lbr
YACCS-OLD/YACC1A/eagle-old/Libraries/SparkFun-Eagle-Libraries-master/SparkFun-FreqCtrl.lbr	archive/gen1-2015-2018/YACC1A1/eagle/Libraries/SparkFun-Eagle-Libraries-master/SparkFun-FreqCtrl.lbr	archive/gen1-2015-2018/YACC1A/eagle-old/Libraries/SparkFun-Eagle-Libraries-master/SparkFun-FreqCtrl.lbr
YACCS-OLD/YACC1A/eagle-old/Libraries/SparkFun-Eagle-Libraries-master/SparkFun-LED.lbr	archive/gen1-2015-2018/YACC1A1/eagle/Libraries/SparkFun-Eagle-Libraries-master/SparkFun-LED.lbr	archive/gen1-2015-2018/YACC1A/eagle-old/Libraries/SparkFun-Eagle-Libraries-master/SparkFun-LED.lbr
YACCS-OLD/YACC1A/eagle-old/Libraries/SparkFun-Eagle-Libraries-master/SparkFun-Passives.lbr	archive/gen1-2015-2018/YACC1A1/eagle/Libraries/SparkFun-Eagle-Libraries-master/SparkFun-Passives.lbr	archive/gen1-2015-2018/YACC1A/eagle-old/Libraries/SparkFun-Eagle-Libraries-master/SparkFun-Passives.lbr
YACCS-OLD/YACC1A/eagle-old/Libraries/SparkFun-Eagle-Libraries-master/SparkFun-PowerIC.lbr	archive/gen1-2015-2018/YACC1A1/eagle/Libraries/SparkFun-Eagle-Libraries-master/SparkFun-PowerIC.lbr	archive/gen1-2015-2018/YACC1A/eagle-old/Libraries/SparkFun-Eagle-Libraries-master/SparkFun-PowerIC.lbr
YACCS-OLD/YACC1A/eagle-old/Libraries/SparkFun-Eagle-Libraries-master/SparkFun-RF.lbr	archive/gen1-2015-2018/YACC1A1/eagle/Libraries/SparkFun-Eagle-Libraries-master/SparkFun-RF.lbr	archive/gen1-2015-2018/YACC1A/eagle-old/Libraries/SparkFun-Eagle-Libraries-master/SparkFun-RF.lbr
YACCS-OLD/YACC1A/eagle-old/Libraries/SparkFun-Eagle-Libraries-master/SparkFun-Resistors.lbr	archive/gen1-2015-2018/YACC1A1/eagle/Libraries/SparkFun-Eagle-Libraries-master/SparkFun-Resistors.lbr	archive/gen1-2015-2018/YACC1A/eagle-old/Libraries/SparkFun-Eagle-Libraries-master/SparkFun-Resistors.lbr
YACCS-OLD/YACC1A/eagle-old/Libraries/SparkFun-Eagle-Libraries-master/SparkFun-Retired.lbr	archive/gen1-2015-2018/YACC1A1/eagle/Libraries/SparkFun-Eagle-Libraries-master/SparkFun-Retired.lbr	archive/gen1-2015-2018/YACC1A/eagle-old/Libraries/SparkFun-Eagle-Libraries-master/SparkFun-Retired.lbr
YACCS-OLD/YACC1A/eagle-old/Libraries/SparkFun-Eagle-Libraries-master/SparkFun-Sensors.lbr	archive/gen1-2015-2018/YACC1A1/eagle/Libraries/SparkFun-Eagle-Libraries-master/SparkFun-Sensors.lbr	archive/gen1-2015-2018/YACC1A/eagle-old/Libraries/SparkFun-Eagle-Libraries-master/SparkFun-Sensors.lbr
YACCS-OLD/YACC1A/eagle-old/Libraries/SparkFun-Eagle-Libraries-master/User-Submitted.lbr	archive/gen1-2015-2018/YACC1A1/eagle/Libraries/SparkFun-Eagle-Libraries-master/User-Submitted.lbr	archive/gen1-2015-2018/YACC1A/eagle-old/Libraries/SparkFun-Eagle-Libraries-master/User-Submitted.lbr
YACCS-OLD/YACC1A/eagle-old/Libraries/SparkFun-Eagle-Libraries-master/readme.md	archive/gen1-2015-2018/YACC1A1/eagle/Libraries/SparkFun-Eagle-Libraries-master/readme.md	archive/gen1-2015-2018/YACC1A/eagle-old/Libraries/SparkFun-Eagle-Libraries-master/readme.md
YACCS-OLD/YACC1A/eagle-old/Libraries/dp_devices.lbr	archive/gen1-2015-2018/YACC1A1/eagle/Libraries/dp_devices.lbr	archive/gen1-2015-2018/YACC1A/eagle-old/Libraries/dp_devices.lbr
YACCS-OLD/YACC1A/eagle-old/Libraries/ken.lbr	archive/gen1-2015-2018/YACC1A1/eagle/Libraries/ken.lbr	archive/gen1-2015-2018/YACC1A/eagle-old/Libraries/ken.lbr
YACCS-OLD/YACC1A/eagle-old/Libraries/led_rgb.lbr	archive/gen1-2015-2018/YACC1A1/eagle/Libraries/led_rgb.lbr	archive/gen1-2015-2018/YACC1A/eagle-old/Libraries/led_rgb.lbr
YACCS-OLD/YACC1A/eagle-old/Libraries/wicked-device.lbr	archive/gen1-2015-2018/YACC1A1/eagle/Libraries/wicked-device.lbr	archive/gen1-2015-2018/YACC1A/eagle-old/Libraries/wicked-device.lbr
YACCS-OLD/YACC1A/eagle-old/OSHPark-4layer.dru	archive/gen1-2015-2018/YACC1A1/Old/alu conv accum to shift/OSHPark-4layer.dru	archive/gen1-2015-2018/YACC1A/eagle-old/OSHPark-4layer.dru
YACCS-OLD/YACC1A1/Data Sheets/74240.pdf	docs/datasheets/74240.pdf	archive/gen1-2015-2018/YACC1A1/Data Sheets/74240.pdf
YACCS-OLD/YACC1A1/Data Sheets/74244.pdf	docs/datasheets/74244.pdf	archive/gen1-2015-2018/YACC1A1/Data Sheets/74244.pdf
YACCS-OLD/YACC1A1/Data Sheets/74245.pdf	docs/datasheets/74245.pdf	archive/gen1-2015-2018/YACC1A1/Data Sheets/74245.pdf
YACCS-OLD/YACC1A1/Data Sheets/74374.pdf	docs/datasheets/74374.pdf	archive/gen1-2015-2018/YACC1A1/Data Sheets/74374.pdf
YACCS-OLD/YACC1A1/Data Sheets/MX25L4006E, 3V, 4Mb, v1.6.pdf	docs/datasheets/MX25L4006E, 3V, 4Mb, v1.6.pdf	archive/gen1-2015-2018/YACC1A1/Data Sheets/MX25L4006E, 3V, 4Mb, v1.6.pdf
YACCS-OLD/YACC1A1/Doc/YACC/CPU.key/Data/110809_FamilyChineseOahu_EN_00317_2040x1360-small-12.jpg	archive/gen1-2015-2018/YACC1A1/Doc/YACC/CPU copy.key/Data/110809_FamilyChineseOahu_EN_00317_2040x1360-small-12.jpg	archive/gen1-2015-2018/YACC1A1/Doc/YACC/CPU.key/Data/110809_FamilyChineseOahu_EN_00317_2040x1360-small-12.jpg
YACCS-OLD/YACC1A1/Doc/YACC/CPU.key/Data/110809_FamilyChineseOahu_EN_02016_981x654-small-14.jpg	archive/gen1-2015-2018/YACC1A1/Doc/YACC/CPU copy.key/Data/110809_FamilyChineseOahu_EN_02016_981x654-small-14.jpg	archive/gen1-2015-2018/YACC1A1/Doc/YACC/CPU.key/Data/110809_FamilyChineseOahu_EN_02016_981x654-small-14.jpg
YACCS-OLD/YACC1A1/Doc/YACC/CPU.key/Data/110809_FamilyChineseOahu_EN_02390_2880x1921-small-10.jpg	archive/gen1-2015-2018/YACC1A1/Doc/YACC/CPU copy.key/Data/110809_FamilyChineseOahu_EN_02390_2880x1921-small-10.jpg	archive/gen1-2015-2018/YACC1A1/Doc/YACC/CPU.key/Data/110809_FamilyChineseOahu_EN_02390_2880x1921-small-10.jpg
YACCS-OLD/YACC1A1/Doc/YACC/CPU.key/Data/mt10@2x-87.jpg	archive/gen1-2015-2018/YACC1A1/Doc/YACC/CPU copy.key/Data/mt10@2x-87.jpg	archive/gen1-2015-2018/YACC1A1/Doc/YACC/CPU.key/Data/mt10@2x-87.jpg
YACCS-OLD/YACC1A1/Doc/YACC/CPU.key/Data/mt1@2x-78.jpg	archive/gen1-2015-2018/YACC1A1/Doc/YACC/CPU copy.key/Data/mt1@2x-78.jpg	archive/gen1-2015-2018/YACC1A1/Doc/YACC/CPU.key/Data/mt1@2x-78.jpg
YACCS-OLD/YACC1A1/Doc/YACC/CPU.key/Data/mt2@2x-79.jpg	archive/gen1-2015-2018/YACC1A1/Doc/YACC/CPU copy.key/Data/mt2@2x-79.jpg	archive/gen1-2015-2018/YACC1A1/Doc/YACC/CPU.key/Data/mt2@2x-79.jpg
YACCS-OLD/YACC1A1/Doc/YACC/CPU.key/Data/mt3@2x-80.jpg	archive/gen1-2015-2018/YACC1A1/Doc/YACC/CPU copy.key/Data/mt3@2x-80.jpg	archive/gen1-2015-2018/YACC1A1/Doc/YACC/CPU.key/Data/mt3@2x-80.jpg
YACCS-OLD/YACC1A1/Doc/YACC/CPU.key/Data/mt4@2x-81.jpg	archive/gen1-2015-2018/YACC1A1/Doc/YACC/CPU copy.key/Data/mt4@2x-81.jpg	archive/gen1-2015-2018/YACC1A1/Doc/YACC/CPU.key/Data/mt4@2x-81.jpg
YACCS-OLD/YACC1A1/Doc/YACC/CPU.key/Data/mt5@2x-82.jpg	archive/gen1-2015-2018/YACC1A1/Doc/YACC/CPU copy.key/Data/mt5@2x-82.jpg	archive/gen1-2015-2018/YACC1A1/Doc/YACC/CPU.key/Data/mt5@2x-82.jpg
YACCS-OLD/YACC1A1/Doc/YACC/CPU.key/Data/mt6@2x-83.jpg	archive/gen1-2015-2018/YACC1A1/Doc/YACC/CPU copy.key/Data/mt6@2x-83.jpg	archive/gen1-2015-2018/YACC1A1/Doc/YACC/CPU.key/Data/mt6@2x-83.jpg
YACCS-OLD/YACC1A1/Doc/YACC/CPU.key/Data/mt7@2x-84.jpg	archive/gen1-2015-2018/YACC1A1/Doc/YACC/CPU copy.key/Data/mt7@2x-84.jpg	archive/gen1-2015-2018/YACC1A1/Doc/YACC/CPU.key/Data/mt7@2x-84.jpg
YACCS-OLD/YACC1A1/Doc/YACC/CPU.key/Data/mt8@2x-85.jpg	archive/gen1-2015-2018/YACC1A1/Doc/YACC/CPU copy.key/Data/mt8@2x-85.jpg	archive/gen1-2015-2018/YACC1A1/Doc/YACC/CPU.key/Data/mt8@2x-85.jpg
YACCS-OLD/YACC1A1/Doc/YACC/CPU.key/Data/mt9@2x-86.jpg	archive/gen1-2015-2018/YACC1A1/Doc/YACC/CPU copy.key/Data/mt9@2x-86.jpg	archive/gen1-2015-2018/YACC1A1/Doc/YACC/CPU.key/Data/mt9@2x-86.jpg
YACCS-OLD/YACC1A1/Doc/YACC/CPU.key/Data/st0-473.jpg	archive/gen1-2015-2018/YACC1A1/Doc/YACC/CPU copy.key/Data/st0-473.jpg	archive/gen1-2015-2018/YACC1A1/Doc/YACC/CPU.key/Data/st0-473.jpg
YACCS-OLD/YACC1A1/Doc/YACC/CPU.key/Metadata/BuildVersionHistory.plist	archive/gen1-2015-2018/YACC1A1/Doc/YACC/CPU copy.key/Metadata/BuildVersionHistory.plist	archive/gen1-2015-2018/YACC1A1/Doc/YACC/CPU.key/Metadata/BuildVersionHistory.plist
YACCS-OLD/YACC1A1/Doc/YACC/CPU.key/preview-micro.jpg	archive/gen1-2015-2018/YACC1A1/Doc/YACC/CPU copy.key/preview-micro.jpg	archive/gen1-2015-2018/YACC1A1/Doc/YACC/CPU.key/preview-micro.jpg
YACCS-OLD/YACC1A1/Doc/YACC/CPU.key/preview-web.jpg	archive/gen1-2015-2018/YACC1A1/Doc/YACC/CPU copy.key/preview-web.jpg	archive/gen1-2015-2018/YACC1A1/Doc/YACC/CPU.key/preview-web.jpg
YACCS-OLD/YACC1A1/Doc/YACC/CPU.key/preview.jpg	archive/gen1-2015-2018/YACC1A1/Doc/YACC/CPU copy.key/preview.jpg	archive/gen1-2015-2018/YACC1A1/Doc/YACC/CPU.key/preview.jpg
YACCS-OLD/YACC1A1/Old/BUS-PROD-V1.1/yacc2buss.brd	hardware/bus/backplane/eagle/deprecated/v1.1/yacc2buss.brd	archive/gen1-2015-2018/YACC1A1/Old/BUS-PROD-V1.1/yacc2buss.brd
YACCS-OLD/YACC1A1/Old/BUS-PROD-V1.1/yacc2buss.pro	hardware/bus/backplane/eagle/deprecated/v1.1/yacc2buss.pro	archive/gen1-2015-2018/YACC1A1/Old/BUS-PROD-V1.1/yacc2buss.pro
YACCS-OLD/YACC1A1/Old/BUS-PROD-V1.1/yacc2buss.sch	hardware/bus/backplane/eagle/deprecated/v1.1/yacc2buss.sch	archive/gen1-2015-2018/YACC1A1/Old/BUS-PROD-V1.1/yacc2buss.sch
YACCS-OLD/YACC1A1/Old/alu conv accum to shift/alu2.mil	archive/gen1-2015-2018/YACC1A1/Old/alu conv accum to shift/alu2.crc	archive/gen1-2015-2018/YACC1A1/Old/alu conv accum to shift/alu2.mil
YACCS-OLD/YACC1A1/Old/alu conv accum to shift/untitled folder/alu2.sts	archive/gen1-2015-2018/YACC1A1/Old/alu conv accum to shift/untitled folder/alu2.stc	archive/gen1-2015-2018/YACC1A1/Old/alu conv accum to shift/untitled folder/alu2.sts
YACCS-OLD/YACC1A1/Old/alu/OSHPark-4layer.dru	archive/gen1-2015-2018/YACC1A1/Old/alu conv accum to shift/OSHPark-4layer.dru	archive/gen1-2015-2018/YACC1A1/Old/alu/OSHPark-4layer.dru
YACCS-OLD/YACC1A1/Old/alu/alu.brd	archive/gen1-2015-2018/YACC1A1/Old/alu conv accum to shift/alu.brd	archive/gen1-2015-2018/YACC1A1/Old/alu/alu.brd
YACCS-OLD/YACC1A1/Old/alu/alu.pro	archive/gen1-2015-2018/YACC1A1/Old/alu conv accum to shift/alu.pro	archive/gen1-2015-2018/YACC1A1/Old/alu/alu.pro
YACCS-OLD/YACC1A1/Old/alu/alu.sch	archive/gen1-2015-2018/YACC1A1/Old/alu conv accum to shift/alu.sch	archive/gen1-2015-2018/YACC1A1/Old/alu/alu.sch
YACCS-OLD/YACC1A1/Old/alu/alu2 3.brd	archive/gen1-2015-2018/YACC1A1/Old/alu conv accum to shift/alu2 3.brd	archive/gen1-2015-2018/YACC1A1/Old/alu/alu2 3.brd
YACCS-OLD/YACC1A1/Old/alu/alu2-bom.txt	archive/gen1-2015-2018/YACC1A1/Old/alu conv accum to shift/alu2-bom.txt	archive/gen1-2015-2018/YACC1A1/Old/alu/alu2-bom.txt
YACCS-OLD/YACC1A1/Old/alu/alu2-brd.pdf	archive/gen1-2015-2018/YACC1A1/Old/alu conv accum to shift/alu2-brd.pdf	archive/gen1-2015-2018/YACC1A1/Old/alu/alu2-brd.pdf
YACCS-OLD/YACC1A1/Old/alu/alu2-sch.pdf	archive/gen1-2015-2018/YACC1A1/Old/alu conv accum to shift/alu2-sch.pdf	archive/gen1-2015-2018/YACC1A1/Old/alu/alu2-sch.pdf
YACCS-OLD/YACC1A1/Old/alu/alu2.brd	archive/gen1-2015-2018/YACC1A1/Old/alu conv accum to shift/alu2.brd	archive/gen1-2015-2018/YACC1A1/Old/alu/alu2.brd
YACCS-OLD/YACC1A1/Old/alu/alu2.crc	archive/gen1-2015-2018/YACC1A1/Old/alu conv accum to shift/alu2.crc	archive/gen1-2015-2018/YACC1A1/Old/alu/alu2.crc
YACCS-OLD/YACC1A1/Old/alu/alu2.dpv	archive/gen1-2015-2018/YACC1A1/Old/alu conv accum to shift/alu2.dpv	archive/gen1-2015-2018/YACC1A1/Old/alu/alu2.dpv
YACCS-OLD/YACC1A1/Old/alu/alu2.drd	archive/gen1-2015-2018/YACC1A1/Old/alu conv accum to shift/alu2.drd	archive/gen1-2015-2018/YACC1A1/Old/alu/alu2.drd
YACCS-OLD/YACC1A1/Old/alu/alu2.dri	archive/gen1-2015-2018/YACC1A1/Old/alu conv accum to shift/alu2.dri	archive/gen1-2015-2018/YACC1A1/Old/alu/alu2.dri
YACCS-OLD/YACC1A1/Old/alu/alu2.gpi	archive/gen1-2015-2018/YACC1A1/Old/alu conv accum to shift/alu2.gpi	archive/gen1-2015-2018/YACC1A1/Old/alu/alu2.gpi
YACCS-OLD/YACC1A1/Old/alu/alu2.mil	archive/gen1-2015-2018/YACC1A1/Old/alu conv accum to shift/alu2.crc	archive/gen1-2015-2018/YACC1A1/Old/alu/alu2.mil
YACCS-OLD/YACC1A1/Old/alu/alu2.pdf	archive/gen1-2015-2018/YACC1A1/Old/alu conv accum to shift/alu2.pdf	archive/gen1-2015-2018/YACC1A1/Old/alu/alu2.pdf
YACCS-OLD/YACC1A1/Old/alu/alu2.pro	archive/gen1-2015-2018/YACC1A1/Old/alu conv accum to shift/alu2.pro	archive/gen1-2015-2018/YACC1A1/Old/alu/alu2.pro
YACCS-OLD/YACC1A1/Old/alu/alu2.sch	archive/gen1-2015-2018/YACC1A1/Old/alu conv accum to shift/alu2.sch	archive/gen1-2015-2018/YACC1A1/Old/alu/alu2.sch
YACCS-OLD/YACC1A1/Old/alu/untitled folder/Archive.zip	archive/gen1-2015-2018/YACC1A1/Old/alu conv accum to shift/untitled folder/Archive.zip	archive/gen1-2015-2018/YACC1A1/Old/alu/untitled folder/Archive.zip
YACCS-OLD/YACC1A1/Old/alu/untitled folder/alu2.cmp	archive/gen1-2015-2018/YACC1A1/Old/alu conv accum to shift/untitled folder/alu2.cmp	archive/gen1-2015-2018/YACC1A1/Old/alu/untitled folder/alu2.cmp
YACCS-OLD/YACC1A1/Old/alu/untitled folder/alu2.drh	archive/gen1-2015-2018/YACC1A1/Old/alu conv accum to shift/untitled folder/alu2.drh	archive/gen1-2015-2018/YACC1A1/Old/alu/untitled folder/alu2.drh
YACCS-OLD/YACC1A1/Old/alu/untitled folder/alu2.plc	archive/gen1-2015-2018/YACC1A1/Old/alu conv accum to shift/untitled folder/alu2.plc	archive/gen1-2015-2018/YACC1A1/Old/alu/untitled folder/alu2.plc
YACCS-OLD/YACC1A1/Old/alu/untitled folder/alu2.sol	archive/gen1-2015-2018/YACC1A1/Old/alu conv accum to shift/untitled folder/alu2.sol	archive/gen1-2015-2018/YACC1A1/Old/alu/untitled folder/alu2.sol
YACCS-OLD/YACC1A1/Old/alu/untitled folder/alu2.stc	archive/gen1-2015-2018/YACC1A1/Old/alu conv accum to shift/untitled folder/alu2.stc	archive/gen1-2015-2018/YACC1A1/Old/alu/untitled folder/alu2.stc
YACCS-OLD/YACC1A1/Old/alu/untitled folder/alu2.sts	archive/gen1-2015-2018/YACC1A1/Old/alu conv accum to shift/untitled folder/alu2.stc	archive/gen1-2015-2018/YACC1A1/Old/alu/untitled folder/alu2.sts
YACCS-OLD/YACC1A1/Old/tester2/tester.brd	archive/gen1-2015-2018/YACC1A1/Old/tester/tester.brd	archive/gen1-2015-2018/YACC1A1/Old/tester2/tester.brd
YACCS-OLD/YACC1A1/Old/tester2/tester.pro	archive/gen1-2015-2018/YACC1A1/Old/tester/tester.pro	archive/gen1-2015-2018/YACC1A1/Old/tester2/tester.pro
YACCS-OLD/YACC1A1/Old/tester2/tester.sch	archive/gen1-2015-2018/YACC1A1/Old/tester/tester.sch	archive/gen1-2015-2018/YACC1A1/Old/tester2/tester.sch
YACCS-OLD/YACC1A1/PRODUCTION/ALU-PROD-V1.0/OSHPark-4layer.dru	archive/gen1-2015-2018/YACC1A1/Old/alu conv accum to shift/OSHPark-4layer.dru	archive/gen1-2015-2018/YACC1A1/PRODUCTION/ALU-PROD-V1.0/OSHPark-4layer.dru
YACCS-OLD/YACC1A1/PRODUCTION/ALU-PROD-V1.0/alu4.crs	archive/gen1-2015-2018/YACC1A1/PRODUCTION/ALU-PROD-V1.0/alu4.crc	archive/gen1-2015-2018/YACC1A1/PRODUCTION/ALU-PROD-V1.0/alu4.crs
YACCS-OLD/YACC1A1/PRODUCTION/ALU-PROD-V1.0/gerbers/alu4.cmp	hardware/cards/alu/eagle/deprecated/v3.0-2layer/fab/gerbers 2 layers no outline/alu4.cmp	archive/gen1-2015-2018/YACC1A1/PRODUCTION/ALU-PROD-V1.0/gerbers/alu4.cmp
YACCS-OLD/YACC1A1/PRODUCTION/ALU-PROD-V1.0/gerbers/alu4.drd	hardware/cards/alu/eagle/deprecated/v3.0-2layer/fab/gerbers 2 layers no outline/alu4.drd	archive/gen1-2015-2018/YACC1A1/PRODUCTION/ALU-PROD-V1.0/gerbers/alu4.drd
YACCS-OLD/YACC1A1/PRODUCTION/ALU-PROD-V1.0/gerbers/alu4.dri	hardware/cards/alu/eagle/deprecated/v3.0-2layer/fab/gerbers 2 layers no outline/alu4.dri	archive/gen1-2015-2018/YACC1A1/PRODUCTION/ALU-PROD-V1.0/gerbers/alu4.dri
YACCS-OLD/YACC1A1/PRODUCTION/ALU-PROD-V1.0/gerbers/alu4.plc	hardware/cards/alu/eagle/deprecated/v3.0-2layer/fab/gerbers 2 layers no outline/alu4.plc	archive/gen1-2015-2018/YACC1A1/PRODUCTION/ALU-PROD-V1.0/gerbers/alu4.plc
YACCS-OLD/YACC1A1/PRODUCTION/ALU-PROD-V1.0/gerbers/alu4.sol	hardware/cards/alu/eagle/deprecated/v3.0-2layer/fab/gerbers 2 layers no outline/alu4.sol	archive/gen1-2015-2018/YACC1A1/PRODUCTION/ALU-PROD-V1.0/gerbers/alu4.sol
YACCS-OLD/YACC1A1/PRODUCTION/ALU-PROD-V1.0/gerbers/alu4.stc	hardware/cards/alu/eagle/deprecated/v3.0-2layer/fab/gerbers 2 layers no outline/alu4.stc	archive/gen1-2015-2018/YACC1A1/PRODUCTION/ALU-PROD-V1.0/gerbers/alu4.stc
YACCS-OLD/YACC1A1/PRODUCTION/ALU-PROD-V1.0/gerbers/alu4.sts	hardware/cards/alu/eagle/deprecated/v3.0-2layer/fab/gerbers 2 layers no outline/alu4.stc	archive/gen1-2015-2018/YACC1A1/PRODUCTION/ALU-PROD-V1.0/gerbers/alu4.sts
YACCS-OLD/YACC1A1/PRODUCTION/BUS-JUMPER-PROD-V1.0/new - bus 1.21/gerbers/Bus Definition V1.2.sts	archive/gen1-2015-2018/YACC1A1/PRODUCTION/BUS-JUMPER-PROD-V1.0/new - bus 1.21/gerbers/Bus Definition V1.2.stc	archive/gen1-2015-2018/YACC1A1/PRODUCTION/BUS-JUMPER-PROD-V1.0/new - bus 1.21/gerbers/Bus Definition V1.2.sts
YACCS-OLD/YACC1A1/PRODUCTION/BUS-JUMPER-PROD-V1.0/orig - bus 1.20/Bus Definition V1.2.dri	archive/gen1-2015-2018/YACC1A1/PRODUCTION/BUS-JUMPER-PROD-V1.0/new - bus 1.21/Bus Definition V1.2.dri	archive/gen1-2015-2018/YACC1A1/PRODUCTION/BUS-JUMPER-PROD-V1.0/orig - bus 1.20/Bus Definition V1.2.dri
YACCS-OLD/YACC1A1/PRODUCTION/BUS-JUMPER-PROD-V1.0/orig - bus 1.20/Bus Definition V1.2.gpi	archive/gen1-2015-2018/YACC1A1/PRODUCTION/BUS-JUMPER-PROD-V1.0/new - bus 1.21/Bus Definition V1.2.gpi	archive/gen1-2015-2018/YACC1A1/PRODUCTION/BUS-JUMPER-PROD-V1.0/orig - bus 1.20/Bus Definition V1.2.gpi
YACCS-OLD/YACC1A1/PRODUCTION/BUS-JUMPER-PROD-V1.0/orig - bus 1.20/Bus Definition V1.2.pdf	archive/gen1-2015-2018/YACC1A1/PRODUCTION/BUS-JUMPER-PROD-V1.0/new - bus 1.21/Bus Definition V1.2.pdf	archive/gen1-2015-2018/YACC1A1/PRODUCTION/BUS-JUMPER-PROD-V1.0/orig - bus 1.20/Bus Definition V1.2.pdf
YACCS-OLD/YACC1A1/PRODUCTION/BUS-JUMPER-PROD-V1.0/orig - bus 1.20/Bus Definition V1.2.pro	archive/gen1-2015-2018/YACC1A1/PRODUCTION/BUS-JUMPER-PROD-V1.0/new - bus 1.21/Bus Definition V1.2.pro	archive/gen1-2015-2018/YACC1A1/PRODUCTION/BUS-JUMPER-PROD-V1.0/orig - bus 1.20/Bus Definition V1.2.pro
YACCS-OLD/YACC1A1/PRODUCTION/BUS-JUMPER-PROD-V1.0/orig - bus 1.20/Bus Definition V1.2_00.pro	archive/gen1-2015-2018/YACC1A1/PRODUCTION/BUS-JUMPER-PROD-V1.0/new - bus 1.21/Bus Definition V1.2_00.pro	archive/gen1-2015-2018/YACC1A1/PRODUCTION/BUS-JUMPER-PROD-V1.0/orig - bus 1.20/Bus Definition V1.2_00.pro
YACCS-OLD/YACC1A1/PRODUCTION/BUS-JUMPER-PROD-V1.0/orig - bus 1.20/Bus Definition V1.2_01.pro	archive/gen1-2015-2018/YACC1A1/PRODUCTION/BUS-JUMPER-PROD-V1.0/new - bus 1.21/Bus Definition V1.2_01.pro	archive/gen1-2015-2018/YACC1A1/PRODUCTION/BUS-JUMPER-PROD-V1.0/orig - bus 1.20/Bus Definition V1.2_01.pro
YACCS-OLD/YACC1A1/PRODUCTION/BUS-JUMPER-PROD-V1.0/orig - bus 1.20/Bus Definition V1.2_02.pro	archive/gen1-2015-2018/YACC1A1/PRODUCTION/BUS-JUMPER-PROD-V1.0/new - bus 1.21/Bus Definition V1.2_02.pro	archive/gen1-2015-2018/YACC1A1/PRODUCTION/BUS-JUMPER-PROD-V1.0/orig - bus 1.20/Bus Definition V1.2_02.pro
YACCS-OLD/YACC1A1/PRODUCTION/BUS-JUMPER-PROD-V1.0/orig - bus 1.20/Bus Definition V1.2_03.pro	archive/gen1-2015-2018/YACC1A1/PRODUCTION/BUS-JUMPER-PROD-V1.0/new - bus 1.21/Bus Definition V1.2_03.pro	archive/gen1-2015-2018/YACC1A1/PRODUCTION/BUS-JUMPER-PROD-V1.0/orig - bus 1.20/Bus Definition V1.2_03.pro
YACCS-OLD/YACC1A1/PRODUCTION/BUS-JUMPER-PROD-V1.0/orig - bus 1.20/Bus Definition V1.2_04.pro	archive/gen1-2015-2018/YACC1A1/PRODUCTION/BUS-JUMPER-PROD-V1.0/new - bus 1.21/Bus Definition V1.2_04.pro	archive/gen1-2015-2018/YACC1A1/PRODUCTION/BUS-JUMPER-PROD-V1.0/orig - bus 1.20/Bus Definition V1.2_04.pro
YACCS-OLD/YACC1A1/PRODUCTION/BUS-JUMPER-PROD-V1.0/orig - bus 1.20/gerbers.zip	archive/gen1-2015-2018/YACC1A1/PRODUCTION/BUS-JUMPER-PROD-V1.0/new - bus 1.21/gerbers.zip	archive/gen1-2015-2018/YACC1A1/PRODUCTION/BUS-JUMPER-PROD-V1.0/orig - bus 1.20/gerbers.zip
YACCS-OLD/YACC1A1/PRODUCTION/BUS-JUMPER-PROD-V1.0/orig - bus 1.20/gerbers/Bus Definition V1.2.cmp	archive/gen1-2015-2018/YACC1A1/PRODUCTION/BUS-JUMPER-PROD-V1.0/new - bus 1.21/gerbers/Bus Definition V1.2.cmp	archive/gen1-2015-2018/YACC1A1/PRODUCTION/BUS-JUMPER-PROD-V1.0/orig - bus 1.20/gerbers/Bus Definition V1.2.cmp
YACCS-OLD/YACC1A1/PRODUCTION/BUS-JUMPER-PROD-V1.0/orig - bus 1.20/gerbers/Bus Definition V1.2.drd	archive/gen1-2015-2018/YACC1A1/PRODUCTION/BUS-JUMPER-PROD-V1.0/new - bus 1.21/gerbers/Bus Definition V1.2.drd	archive/gen1-2015-2018/YACC1A1/PRODUCTION/BUS-JUMPER-PROD-V1.0/orig - bus 1.20/gerbers/Bus Definition V1.2.drd
YACCS-OLD/YACC1A1/PRODUCTION/BUS-JUMPER-PROD-V1.0/orig - bus 1.20/gerbers/Bus Definition V1.2.plc	archive/gen1-2015-2018/YACC1A1/PRODUCTION/BUS-JUMPER-PROD-V1.0/new - bus 1.21/gerbers/Bus Definition V1.2.plc	archive/gen1-2015-2018/YACC1A1/PRODUCTION/BUS-JUMPER-PROD-V1.0/orig - bus 1.20/gerbers/Bus Definition V1.2.plc
YACCS-OLD/YACC1A1/PRODUCTION/BUS-JUMPER-PROD-V1.0/orig - bus 1.20/gerbers/Bus Definition V1.2.sol	archive/gen1-2015-2018/YACC1A1/PRODUCTION/BUS-JUMPER-PROD-V1.0/new - bus 1.21/gerbers/Bus Definition V1.2.sol	archive/gen1-2015-2018/YACC1A1/PRODUCTION/BUS-JUMPER-PROD-V1.0/orig - bus 1.20/gerbers/Bus Definition V1.2.sol
YACCS-OLD/YACC1A1/PRODUCTION/BUS-JUMPER-PROD-V1.0/orig - bus 1.20/gerbers/Bus Definition V1.2.stc	archive/gen1-2015-2018/YACC1A1/PRODUCTION/BUS-JUMPER-PROD-V1.0/new - bus 1.21/gerbers/Bus Definition V1.2.stc	archive/gen1-2015-2018/YACC1A1/PRODUCTION/BUS-JUMPER-PROD-V1.0/orig - bus 1.20/gerbers/Bus Definition V1.2.stc
YACCS-OLD/YACC1A1/PRODUCTION/BUS-JUMPER-PROD-V1.0/orig - bus 1.20/gerbers/Bus Definition V1.2.sts	archive/gen1-2015-2018/YACC1A1/PRODUCTION/BUS-JUMPER-PROD-V1.0/new - bus 1.21/gerbers/Bus Definition V1.2.stc	archive/gen1-2015-2018/YACC1A1/PRODUCTION/BUS-JUMPER-PROD-V1.0/orig - bus 1.20/gerbers/Bus Definition V1.2.sts
YACCS-OLD/YACC1A1/PRODUCTION/BUS-PROD-V1.1/gerbers.zip	hardware/bus/backplane/eagle/deprecated/v1.1/fab/gerbers.zip	archive/gen1-2015-2018/YACC1A1/PRODUCTION/BUS-PROD-V1.1/gerbers.zip
YACCS-OLD/YACC1A1/PRODUCTION/BUS-PROD-V1.1/yacc2buss.brd	hardware/bus/backplane/eagle/deprecated/v1.1/yacc2buss.brd	archive/gen1-2015-2018/YACC1A1/PRODUCTION/BUS-PROD-V1.1/yacc2buss.brd
YACCS-OLD/YACC1A1/PRODUCTION/BUS-PROD-V1.1/yacc2buss.dri	hardware/bus/backplane/eagle/deprecated/v1.1/fab/yacc2buss.dri	archive/gen1-2015-2018/YACC1A1/PRODUCTION/BUS-PROD-V1.1/yacc2buss.dri
YACCS-OLD/YACC1A1/PRODUCTION/BUS-PROD-V1.1/yacc2buss.gpi	hardware/bus/backplane/eagle/deprecated/v1.1/fab/yacc2buss.gpi	archive/gen1-2015-2018/YACC1A1/PRODUCTION/BUS-PROD-V1.1/yacc2buss.gpi
YACCS-OLD/YACC1A1/PRODUCTION/BUS-PROD-V1.1/yacc2buss.pro	hardware/bus/backplane/eagle/deprecated/v1.1/yacc2buss.pro	archive/gen1-2015-2018/YACC1A1/PRODUCTION/BUS-PROD-V1.1/yacc2buss.pro
YACCS-OLD/YACC1A1/PRODUCTION/BUS-PROD-V1.1/yacc2buss.sch	hardware/bus/backplane/eagle/deprecated/v1.1/yacc2buss.sch	archive/gen1-2015-2018/YACC1A1/PRODUCTION/BUS-PROD-V1.1/yacc2buss.sch
YACCS-OLD/YACC1A1/PRODUCTION/Old/RESGISTER-PROD-V1.0/regsimple test.circ	archive/gen1-2015-2018/YACC1A1/Old/4 reg no inc-dec-PROD-V1.1/regsimple test.circ	archive/gen1-2015-2018/YACC1A1/PRODUCTION/Old/RESGISTER-PROD-V1.0/regsimple test.circ
YACCS-OLD/YACC1A1/PRODUCTION/Old/RESGISTER-PROD-V1.0/regsimple2addfp-bom.txt	archive/gen1-2015-2018/YACC1A1/Old/4 reg no inc-dec-PROD-V1.1/regsimple2addfp-bom.txt	archive/gen1-2015-2018/YACC1A1/PRODUCTION/Old/RESGISTER-PROD-V1.0/regsimple2addfp-bom.txt
YACCS-OLD/YACC1A1/PRODUCTION/Old/RESGISTER-PROD-V1.0/regsimple2addfp-brd.pdf	archive/gen1-2015-2018/YACC1A1/Old/4 reg no inc-dec-PROD-V1.1/regsimple2addfp-brd.pdf	archive/gen1-2015-2018/YACC1A1/PRODUCTION/Old/RESGISTER-PROD-V1.0/regsimple2addfp-brd.pdf
YACCS-OLD/YACC1A1/PRODUCTION/Old/RESGISTER-PROD-V1.0/regsimple2addfp-sch.pdf	archive/gen1-2015-2018/YACC1A1/Old/4 reg no inc-dec-PROD-V1.1/regsimple2addfp-sch.pdf	archive/gen1-2015-2018/YACC1A1/PRODUCTION/Old/RESGISTER-PROD-V1.0/regsimple2addfp-sch.pdf
YACCS-OLD/YACC1A1/PRODUCTION/Old/RESGISTER-PROD-V1.0/regsimple2addfp.csv	archive/gen1-2015-2018/YACC1A1/Old/4 reg no inc-dec-PROD-V1.1/regsimple2addfp.csv	archive/gen1-2015-2018/YACC1A1/PRODUCTION/Old/RESGISTER-PROD-V1.0/regsimple2addfp.csv
YACCS-OLD/YACC1A1/PRODUCTION/Old/TESTER-PROD-V1.0/tester.pro	archive/gen1-2015-2018/YACC1A1/Old/tester/tester.pro	archive/gen1-2015-2018/YACC1A1/PRODUCTION/Old/TESTER-PROD-V1.0/tester.pro
YACCS-OLD/YACC1A1/PRODUCTION/PROTOCARD-PROD-V1.0/ProtoCard-Prod-V1.0.brd	hardware/cards/protocard/eagle/v1.0/ProtoCard-Prod-V1.0.brd	archive/gen1-2015-2018/YACC1A1/PRODUCTION/PROTOCARD-PROD-V1.0/ProtoCard-Prod-V1.0.brd
YACCS-OLD/YACC1A1/PRODUCTION/PROTOCARD-PROD-V1.0/ProtoCard-Prod-V1.0.dri	hardware/cards/protocard/eagle/v1.0/fab/ProtoCard-Prod-V1.0.dri	archive/gen1-2015-2018/YACC1A1/PRODUCTION/PROTOCARD-PROD-V1.0/ProtoCard-Prod-V1.0.dri
YACCS-OLD/YACC1A1/PRODUCTION/PROTOCARD-PROD-V1.0/ProtoCard-Prod-V1.0.gpi	hardware/cards/protocard/eagle/v1.0/fab/ProtoCard-Prod-V1.0.gpi	archive/gen1-2015-2018/YACC1A1/PRODUCTION/PROTOCARD-PROD-V1.0/ProtoCard-Prod-V1.0.gpi
YACCS-OLD/YACC1A1/PRODUCTION/PROTOCARD-PROD-V1.0/ProtoCard-Prod-V1.0.pro	hardware/cards/protocard/eagle/v1.0/ProtoCard-Prod-V1.0.pro	archive/gen1-2015-2018/YACC1A1/PRODUCTION/PROTOCARD-PROD-V1.0/ProtoCard-Prod-V1.0.pro
YACCS-OLD/YACC1A1/PRODUCTION/PROTOCARD-PROD-V1.0/ProtoCard-Prod-V1.0.sch	hardware/cards/protocard/eagle/v1.0/ProtoCard-Prod-V1.0.sch	archive/gen1-2015-2018/YACC1A1/PRODUCTION/PROTOCARD-PROD-V1.0/ProtoCard-Prod-V1.0.sch
YACCS-OLD/YACC1A1/PRODUCTION/PROTOCARD-PROD-V1.0/gerbers.zip	hardware/cards/protocard/eagle/v1.0/fab/gerbers.zip	archive/gen1-2015-2018/YACC1A1/PRODUCTION/PROTOCARD-PROD-V1.0/gerbers.zip
YACCS-OLD/YACC1A1/PRODUCTION/REGISTER-PROD-V1.2/MODS/gerbers/reg-board.sts	archive/gen1-2015-2018/YACC1A1/PRODUCTION/REGISTER-PROD-V1.2/MODS/gerbers/reg-board.stc	archive/gen1-2015-2018/YACC1A1/PRODUCTION/REGISTER-PROD-V1.2/MODS/gerbers/reg-board.sts
YACCS-OLD/YACC1A1/PRODUCTION/REGISTER-PROD-V1.2/MODS/regsimple test.circ	archive/gen1-2015-2018/YACC1A1/Old/4 reg no inc-dec-PROD-V1.1/regsimple test.circ	archive/gen1-2015-2018/YACC1A1/PRODUCTION/REGISTER-PROD-V1.2/MODS/regsimple test.circ
YACCS-OLD/YACC1A1/PRODUCTION/REGISTER-PROD-V1.2/gerbers.zip	archive/gen1-2015-2018/YACC1A1/PRODUCTION/REGISTER-PROD-V1.2/MODS/gerbers.zip	archive/gen1-2015-2018/YACC1A1/PRODUCTION/REGISTER-PROD-V1.2/gerbers.zip
YACCS-OLD/YACC1A1/PRODUCTION/REGISTER-PROD-V1.2/gerbers/reg-board.cmp	archive/gen1-2015-2018/YACC1A1/PRODUCTION/REGISTER-PROD-V1.2/MODS/gerbers/reg-board.cmp	archive/gen1-2015-2018/YACC1A1/PRODUCTION/REGISTER-PROD-V1.2/gerbers/reg-board.cmp
YACCS-OLD/YACC1A1/PRODUCTION/REGISTER-PROD-V1.2/gerbers/reg-board.drd	archive/gen1-2015-2018/YACC1A1/PRODUCTION/REGISTER-PROD-V1.2/MODS/gerbers/reg-board.drd	archive/gen1-2015-2018/YACC1A1/PRODUCTION/REGISTER-PROD-V1.2/gerbers/reg-board.drd
YACCS-OLD/YACC1A1/PRODUCTION/REGISTER-PROD-V1.2/gerbers/reg-board.plc	archive/gen1-2015-2018/YACC1A1/PRODUCTION/REGISTER-PROD-V1.2/MODS/gerbers/reg-board.plc	archive/gen1-2015-2018/YACC1A1/PRODUCTION/REGISTER-PROD-V1.2/gerbers/reg-board.plc
YACCS-OLD/YACC1A1/PRODUCTION/REGISTER-PROD-V1.2/gerbers/reg-board.sol	archive/gen1-2015-2018/YACC1A1/PRODUCTION/REGISTER-PROD-V1.2/MODS/gerbers/reg-board.sol	archive/gen1-2015-2018/YACC1A1/PRODUCTION/REGISTER-PROD-V1.2/gerbers/reg-board.sol
YACCS-OLD/YACC1A1/PRODUCTION/REGISTER-PROD-V1.2/gerbers/reg-board.stc	archive/gen1-2015-2018/YACC1A1/PRODUCTION/REGISTER-PROD-V1.2/MODS/gerbers/reg-board.stc	archive/gen1-2015-2018/YACC1A1/PRODUCTION/REGISTER-PROD-V1.2/gerbers/reg-board.stc
YACCS-OLD/YACC1A1/PRODUCTION/REGISTER-PROD-V1.2/gerbers/reg-board.sts	archive/gen1-2015-2018/YACC1A1/PRODUCTION/REGISTER-PROD-V1.2/MODS/gerbers/reg-board.stc	archive/gen1-2015-2018/YACC1A1/PRODUCTION/REGISTER-PROD-V1.2/gerbers/reg-board.sts
YACCS-OLD/YACC1A1/PRODUCTION/REGISTER-PROD-V1.2/reg-board.dri	archive/gen1-2015-2018/YACC1A1/PRODUCTION/REGISTER-PROD-V1.2/MODS/reg-board.dri	archive/gen1-2015-2018/YACC1A1/PRODUCTION/REGISTER-PROD-V1.2/reg-board.dri
YACCS-OLD/YACC1A1/PRODUCTION/REGISTER-PROD-V1.2/reg-board.gpi	archive/gen1-2015-2018/YACC1A1/PRODUCTION/REGISTER-PROD-V1.2/MODS/reg-board.gpi	archive/gen1-2015-2018/YACC1A1/PRODUCTION/REGISTER-PROD-V1.2/reg-board.gpi
YACCS-OLD/YACC1A1/PRODUCTION/REGISTER-PROD-V1.2/regsimple test.circ	archive/gen1-2015-2018/YACC1A1/Old/4 reg no inc-dec-PROD-V1.1/regsimple test.circ	archive/gen1-2015-2018/YACC1A1/PRODUCTION/REGISTER-PROD-V1.2/regsimple test.circ
YACCS-OLD/YACC1A1/PRODUCTION/SEQUENCER-MEMORY-Prod-V1.0/orig - bus 1.20/Sequencer-Memory-V1.0-3.dri	archive/gen1-2015-2018/YACC1A1/PRODUCTION/SEQUENCER-MEMORY-Prod-V1.0/new - bus 1.21/Sequencer-Memory-V1.0-3.dri	archive/gen1-2015-2018/YACC1A1/PRODUCTION/SEQUENCER-MEMORY-Prod-V1.0/orig - bus 1.20/Sequencer-Memory-V1.0-3.dri
YACCS-OLD/YACC1A1/PRODUCTION/SEQUENCER-MEMORY-Prod-V1.0/orig - bus 1.20/Sequencer-Memory-V1.0-3.gpi	archive/gen1-2015-2018/YACC1A1/PRODUCTION/SEQUENCER-MEMORY-Prod-V1.0/new - bus 1.21/Sequencer-Memory-V1.0-3.gpi	archive/gen1-2015-2018/YACC1A1/PRODUCTION/SEQUENCER-MEMORY-Prod-V1.0/orig - bus 1.20/Sequencer-Memory-V1.0-3.gpi
YACCS-OLD/YACC1A1/PRODUCTION/SEQUENCER-MEMORY-Prod-V1.0/orig - bus 1.20/Sequencer-Memory-V1.0-3.pro	archive/gen1-2015-2018/YACC1A1/PRODUCTION/SEQUENCER-MEMORY-Prod-V1.0/new - bus 1.21/Sequencer-Memory-V1.0-3.pro	archive/gen1-2015-2018/YACC1A1/PRODUCTION/SEQUENCER-MEMORY-Prod-V1.0/orig - bus 1.20/Sequencer-Memory-V1.0-3.pro
YACCS-OLD/YACC1A1/PRODUCTION/SEQUENCER-MEMORY-Prod-V1.0/orig - bus 1.20/gerbers.zip	archive/gen1-2015-2018/YACC1A1/PRODUCTION/SEQUENCER-MEMORY-Prod-V1.0/new - bus 1.21/gerbers.zip	archive/gen1-2015-2018/YACC1A1/PRODUCTION/SEQUENCER-MEMORY-Prod-V1.0/orig - bus 1.20/gerbers.zip
YACCS-OLD/YACC1A1/PRODUCTION/SEQUENCER-MEMORY-Prod-V1.0/orig - bus 1.20/gerbers/Sequencer-Memory-V1.0-3.cmp	archive/gen1-2015-2018/YACC1A1/PRODUCTION/SEQUENCER-MEMORY-Prod-V1.0/new - bus 1.21/gerbers/Sequencer-Memory-V1.0-3.cmp	archive/gen1-2015-2018/YACC1A1/PRODUCTION/SEQUENCER-MEMORY-Prod-V1.0/orig - bus 1.20/gerbers/Sequencer-Memory-V1.0-3.cmp
YACCS-OLD/YACC1A1/PRODUCTION/SEQUENCER-MEMORY-Prod-V1.0/orig - bus 1.20/gerbers/Sequencer-Memory-V1.0-3.drd	archive/gen1-2015-2018/YACC1A1/PRODUCTION/SEQUENCER-MEMORY-Prod-V1.0/new - bus 1.21/gerbers/Sequencer-Memory-V1.0-3.drd	archive/gen1-2015-2018/YACC1A1/PRODUCTION/SEQUENCER-MEMORY-Prod-V1.0/orig - bus 1.20/gerbers/Sequencer-Memory-V1.0-3.drd
YACCS-OLD/YACC1A1/PRODUCTION/SEQUENCER-MEMORY-Prod-V1.0/orig - bus 1.20/gerbers/Sequencer-Memory-V1.0-3.plc	archive/gen1-2015-2018/YACC1A1/PRODUCTION/SEQUENCER-MEMORY-Prod-V1.0/new - bus 1.21/gerbers/Sequencer-Memory-V1.0-3.plc	archive/gen1-2015-2018/YACC1A1/PRODUCTION/SEQUENCER-MEMORY-Prod-V1.0/orig - bus 1.20/gerbers/Sequencer-Memory-V1.0-3.plc
YACCS-OLD/YACC1A1/PRODUCTION/SEQUENCER-MEMORY-Prod-V1.0/orig - bus 1.20/gerbers/Sequencer-Memory-V1.0-3.sol	archive/gen1-2015-2018/YACC1A1/PRODUCTION/SEQUENCER-MEMORY-Prod-V1.0/new - bus 1.21/gerbers/Sequencer-Memory-V1.0-3.sol	archive/gen1-2015-2018/YACC1A1/PRODUCTION/SEQUENCER-MEMORY-Prod-V1.0/orig - bus 1.20/gerbers/Sequencer-Memory-V1.0-3.sol
YACCS-OLD/YACC1A1/PRODUCTION/SEQUENCER-MEMORY-Prod-V1.0/orig - bus 1.20/gerbers/Sequencer-Memory-V1.0-3.stc	archive/gen1-2015-2018/YACC1A1/PRODUCTION/SEQUENCER-MEMORY-Prod-V1.0/new - bus 1.21/gerbers/Sequencer-Memory-V1.0-3.stc	archive/gen1-2015-2018/YACC1A1/PRODUCTION/SEQUENCER-MEMORY-Prod-V1.0/orig - bus 1.20/gerbers/Sequencer-Memory-V1.0-3.stc
YACCS-OLD/YACC1A1/PRODUCTION/SEQUENCER-MEMORY-Prod-V1.0/orig - bus 1.20/gerbers/Sequencer-Memory-V1.0-3.sts	archive/gen1-2015-2018/YACC1A1/PRODUCTION/SEQUENCER-MEMORY-Prod-V1.0/new - bus 1.21/gerbers/Sequencer-Memory-V1.0-3.sts	archive/gen1-2015-2018/YACC1A1/PRODUCTION/SEQUENCER-MEMORY-Prod-V1.0/orig - bus 1.20/gerbers/Sequencer-Memory-V1.0-3.sts
YACCS-OLD/YACC1A1/PRODUCTION/SEQUENCER-MEMORY-Prod-V1.0/untitled folder/Sequencer-Memory-V1.0-3.dri	archive/gen1-2015-2018/YACC1A1/PRODUCTION/SEQUENCER-MEMORY-Prod-V1.0/new - bus 1.21/Sequencer-Memory-V1.0-3.dri	archive/gen1-2015-2018/YACC1A1/PRODUCTION/SEQUENCER-MEMORY-Prod-V1.0/untitled folder/Sequencer-Memory-V1.0-3.dri
YACCS-OLD/YACC1A1/PRODUCTION/SEQUENCER-MEMORY-Prod-V1.0/untitled folder/Sequencer-Memory-V1.0-3.gpi	archive/gen1-2015-2018/YACC1A1/PRODUCTION/SEQUENCER-MEMORY-Prod-V1.0/new - bus 1.21/Sequencer-Memory-V1.0-3.gpi	archive/gen1-2015-2018/YACC1A1/PRODUCTION/SEQUENCER-MEMORY-Prod-V1.0/untitled folder/Sequencer-Memory-V1.0-3.gpi
YACCS-OLD/YACC1A1/PRODUCTION/SEQUENCER-MEMORY-Prod-V1.0/untitled folder/gerbers.zip	archive/gen1-2015-2018/YACC1A1/PRODUCTION/SEQUENCER-MEMORY-Prod-V1.0/new - bus 1.21/gerbers.zip	archive/gen1-2015-2018/YACC1A1/PRODUCTION/SEQUENCER-MEMORY-Prod-V1.0/untitled folder/gerbers.zip
YACCS-OLD/YACC1A1/PRODUCTION/SEQUENCER-MEMORY-Prod-V1.0/untitled folder/gerbers/Sequencer-Memory-V1.0-3.cmp	archive/gen1-2015-2018/YACC1A1/PRODUCTION/SEQUENCER-MEMORY-Prod-V1.0/new - bus 1.21/gerbers/Sequencer-Memory-V1.0-3.cmp	archive/gen1-2015-2018/YACC1A1/PRODUCTION/SEQUENCER-MEMORY-Prod-V1.0/untitled folder/gerbers/Sequencer-Memory-V1.0-3.cmp
YACCS-OLD/YACC1A1/PRODUCTION/SEQUENCER-MEMORY-Prod-V1.0/untitled folder/gerbers/Sequencer-Memory-V1.0-3.drd	archive/gen1-2015-2018/YACC1A1/PRODUCTION/SEQUENCER-MEMORY-Prod-V1.0/new - bus 1.21/gerbers/Sequencer-Memory-V1.0-3.drd	archive/gen1-2015-2018/YACC1A1/PRODUCTION/SEQUENCER-MEMORY-Prod-V1.0/untitled folder/gerbers/Sequencer-Memory-V1.0-3.drd
YACCS-OLD/YACC1A1/PRODUCTION/SEQUENCER-MEMORY-Prod-V1.0/untitled folder/gerbers/Sequencer-Memory-V1.0-3.plc	archive/gen1-2015-2018/YACC1A1/PRODUCTION/SEQUENCER-MEMORY-Prod-V1.0/new - bus 1.21/gerbers/Sequencer-Memory-V1.0-3.plc	archive/gen1-2015-2018/YACC1A1/PRODUCTION/SEQUENCER-MEMORY-Prod-V1.0/untitled folder/gerbers/Sequencer-Memory-V1.0-3.plc
YACCS-OLD/YACC1A1/PRODUCTION/SEQUENCER-MEMORY-Prod-V1.0/untitled folder/gerbers/Sequencer-Memory-V1.0-3.sol	archive/gen1-2015-2018/YACC1A1/PRODUCTION/SEQUENCER-MEMORY-Prod-V1.0/new - bus 1.21/gerbers/Sequencer-Memory-V1.0-3.sol	archive/gen1-2015-2018/YACC1A1/PRODUCTION/SEQUENCER-MEMORY-Prod-V1.0/untitled folder/gerbers/Sequencer-Memory-V1.0-3.sol
YACCS-OLD/YACC1A1/PRODUCTION/SEQUENCER-MEMORY-Prod-V1.0/untitled folder/gerbers/Sequencer-Memory-V1.0-3.stc	archive/gen1-2015-2018/YACC1A1/PRODUCTION/SEQUENCER-MEMORY-Prod-V1.0/new - bus 1.21/gerbers/Sequencer-Memory-V1.0-3.stc	archive/gen1-2015-2018/YACC1A1/PRODUCTION/SEQUENCER-MEMORY-Prod-V1.0/untitled folder/gerbers/Sequencer-Memory-V1.0-3.stc
YACCS-OLD/YACC1A1/PRODUCTION/SEQUENCER-MEMORY-Prod-V1.0/untitled folder/gerbers/Sequencer-Memory-V1.0-3.sts	archive/gen1-2015-2018/YACC1A1/PRODUCTION/SEQUENCER-MEMORY-Prod-V1.0/new - bus 1.21/gerbers/Sequencer-Memory-V1.0-3.sts	archive/gen1-2015-2018/YACC1A1/PRODUCTION/SEQUENCER-MEMORY-Prod-V1.0/untitled folder/gerbers/Sequencer-Memory-V1.0-3.sts
YACCS-OLD/YACC1A1/PRODUCTION/SP-PC-PROD-V1.0/gerbers/SP:PC.GTS	archive/gen1-2015-2018/YACC1A1/PRODUCTION/SP-PC-PROD-V1.0/gerbers/SP-PC.GBS	archive/gen1-2015-2018/YACC1A1/PRODUCTION/SP-PC-PROD-V1.0/gerbers/SP-PC.GTS
YACCS-OLD/YACC1A1/PRODUCTION/SP-PC-PROD-V1.0/unused gerbers/SP:PC.GBO	archive/gen1-2015-2018/YACC1A1/PRODUCTION/ALU-PROD-V1.0/alu4.crc	archive/gen1-2015-2018/YACC1A1/PRODUCTION/SP-PC-PROD-V1.0/unused gerbers/SP-PC.GBO
YACCS-OLD/YACC1A1/PRODUCTION/SP-PC-PROD-V1.0/unused gerbers/SP:PC.GML	archive/gen1-2015-2018/YACC1A1/PRODUCTION/ALU-PROD-V1.0/alu4.crc	archive/gen1-2015-2018/YACC1A1/PRODUCTION/SP-PC-PROD-V1.0/unused gerbers/SP-PC.GML
YACCS-OLD/YACC1A1/PRODUCTION/TESTER-PROD-V1.1/new - 1.21 bus/INCORRECTLY ADJUSTED/gerbers.zip	hardware/cards/bus-tester/eagle/v1.1/fab/gerbers.zip	archive/gen1-2015-2018/YACC1A1/PRODUCTION/TESTER-PROD-V1.1/new - 1.21 bus/INCORRECTLY ADJUSTED/gerbers.zip
YACCS-OLD/YACC1A1/PRODUCTION/TESTER-PROD-V1.1/new - 1.21 bus/INCORRECTLY ADJUSTED/tester.dri	hardware/cards/bus-tester/eagle/v1.1/fab/tester.dri	archive/gen1-2015-2018/YACC1A1/PRODUCTION/TESTER-PROD-V1.1/new - 1.21 bus/INCORRECTLY ADJUSTED/tester.dri
YACCS-OLD/YACC1A1/PRODUCTION/TESTER-PROD-V1.1/new - 1.21 bus/INCORRECTLY ADJUSTED/tester.gpi	hardware/cards/bus-tester/eagle/v1.1/fab/tester.gpi	archive/gen1-2015-2018/YACC1A1/PRODUCTION/TESTER-PROD-V1.1/new - 1.21 bus/INCORRECTLY ADJUSTED/tester.gpi
YACCS-OLD/YACC1A1/PRODUCTION/TESTER-PROD-V1.1/new - 1.21 bus/gerbers.zip	hardware/cards/bus-tester/eagle/v1.1/fab/gerbers.zip	archive/gen1-2015-2018/YACC1A1/PRODUCTION/TESTER-PROD-V1.1/new - 1.21 bus/gerbers.zip
YACCS-OLD/YACC1A1/PRODUCTION/TESTER-PROD-V1.1/new - 1.21 bus/tester.dri	hardware/cards/bus-tester/eagle/v1.1/fab/tester.dri	archive/gen1-2015-2018/YACC1A1/PRODUCTION/TESTER-PROD-V1.1/new - 1.21 bus/tester.dri
YACCS-OLD/YACC1A1/PRODUCTION/TESTER-PROD-V1.1/new - 1.21 bus/tester.gpi	hardware/cards/bus-tester/eagle/v1.1/fab/tester.gpi	archive/gen1-2015-2018/YACC1A1/PRODUCTION/TESTER-PROD-V1.1/new - 1.21 bus/tester.gpi
YACCS-OLD/YACC1A1/PRODUCTION/TESTER-PROD-V1.1/new - 1.21 bus/tester.pro	archive/gen1-2015-2018/YACC1A1/PRODUCTION/TESTER-PROD-V1.1/new - 1.21 bus/INCORRECTLY ADJUSTED/tester.pro	archive/gen1-2015-2018/YACC1A1/PRODUCTION/TESTER-PROD-V1.1/new - 1.21 bus/tester.pro
YACCS-OLD/YACC1A1/PRODUCTION/TESTER-PROD-V1.1/new - 1.21 bus/tester~renumsch.scr	archive/gen1-2015-2018/YACC1A1/PRODUCTION/TESTER-PROD-V1.1/new - 1.21 bus/INCORRECTLY ADJUSTED/tester~renumsch.scr	archive/gen1-2015-2018/YACC1A1/PRODUCTION/TESTER-PROD-V1.1/new - 1.21 bus/tester~renumsch.scr
YACCS-OLD/YACC1A1/PRODUCTION/TESTER-PROD-V1.1/new - 1.22 bus/INCORRECTLY ADJUSTED/gerbers.zip	hardware/cards/bus-tester/eagle/v1.1/fab/gerbers.zip	archive/gen1-2015-2018/YACC1A1/PRODUCTION/TESTER-PROD-V1.1/new - 1.22 bus/INCORRECTLY ADJUSTED/gerbers.zip
YACCS-OLD/YACC1A1/PRODUCTION/TESTER-PROD-V1.1/new - 1.22 bus/INCORRECTLY ADJUSTED/tester.brd	archive/gen1-2015-2018/YACC1A1/PRODUCTION/TESTER-PROD-V1.1/new - 1.21 bus/INCORRECTLY ADJUSTED/tester.brd	archive/gen1-2015-2018/YACC1A1/PRODUCTION/TESTER-PROD-V1.1/new - 1.22 bus/INCORRECTLY ADJUSTED/tester.brd
YACCS-OLD/YACC1A1/PRODUCTION/TESTER-PROD-V1.1/new - 1.22 bus/INCORRECTLY ADJUSTED/tester.dri	hardware/cards/bus-tester/eagle/v1.1/fab/tester.dri	archive/gen1-2015-2018/YACC1A1/PRODUCTION/TESTER-PROD-V1.1/new - 1.22 bus/INCORRECTLY ADJUSTED/tester.dri
YACCS-OLD/YACC1A1/PRODUCTION/TESTER-PROD-V1.1/new - 1.22 bus/INCORRECTLY ADJUSTED/tester.gpi	hardware/cards/bus-tester/eagle/v1.1/fab/tester.gpi	archive/gen1-2015-2018/YACC1A1/PRODUCTION/TESTER-PROD-V1.1/new - 1.22 bus/INCORRECTLY ADJUSTED/tester.gpi
YACCS-OLD/YACC1A1/PRODUCTION/TESTER-PROD-V1.1/new - 1.22 bus/INCORRECTLY ADJUSTED/tester.pro	archive/gen1-2015-2018/YACC1A1/PRODUCTION/TESTER-PROD-V1.1/new - 1.21 bus/INCORRECTLY ADJUSTED/tester.pro	archive/gen1-2015-2018/YACC1A1/PRODUCTION/TESTER-PROD-V1.1/new - 1.22 bus/INCORRECTLY ADJUSTED/tester.pro
YACCS-OLD/YACC1A1/PRODUCTION/TESTER-PROD-V1.1/new - 1.22 bus/INCORRECTLY ADJUSTED/tester.sch	archive/gen1-2015-2018/YACC1A1/PRODUCTION/TESTER-PROD-V1.1/new - 1.21 bus/INCORRECTLY ADJUSTED/tester.sch	archive/gen1-2015-2018/YACC1A1/PRODUCTION/TESTER-PROD-V1.1/new - 1.22 bus/INCORRECTLY ADJUSTED/tester.sch
YACCS-OLD/YACC1A1/PRODUCTION/TESTER-PROD-V1.1/new - 1.22 bus/INCORRECTLY ADJUSTED/tester~renumsch.scr	archive/gen1-2015-2018/YACC1A1/PRODUCTION/TESTER-PROD-V1.1/new - 1.21 bus/INCORRECTLY ADJUSTED/tester~renumsch.scr	archive/gen1-2015-2018/YACC1A1/PRODUCTION/TESTER-PROD-V1.1/new - 1.22 bus/INCORRECTLY ADJUSTED/tester~renumsch.scr
YACCS-OLD/YACC1A1/PRODUCTION/TESTER-PROD-V1.1/new - 1.22 bus/changes.rtf	archive/gen1-2015-2018/YACC1A1/PRODUCTION/TESTER-PROD-V1.1/new - 1.21 bus/changes.rtf	archive/gen1-2015-2018/YACC1A1/PRODUCTION/TESTER-PROD-V1.1/new - 1.22 bus/changes.rtf
YACCS-OLD/YACC1A1/PRODUCTION/TESTER-PROD-V1.1/new - 1.22 bus/gerbers.zip	hardware/cards/bus-tester/eagle/v1.1/fab/gerbers.zip	archive/gen1-2015-2018/YACC1A1/PRODUCTION/TESTER-PROD-V1.1/new - 1.22 bus/gerbers.zip
YACCS-OLD/YACC1A1/PRODUCTION/TESTER-PROD-V1.1/new - 1.22 bus/tester.brd	archive/gen1-2015-2018/YACC1A1/PRODUCTION/TESTER-PROD-V1.1/new - 1.21 bus/tester.brd	archive/gen1-2015-2018/YACC1A1/PRODUCTION/TESTER-PROD-V1.1/new - 1.22 bus/tester.brd
YACCS-OLD/YACC1A1/PRODUCTION/TESTER-PROD-V1.1/new - 1.22 bus/tester.dri	hardware/cards/bus-tester/eagle/v1.1/fab/tester.dri	archive/gen1-2015-2018/YACC1A1/PRODUCTION/TESTER-PROD-V1.1/new - 1.22 bus/tester.dri
YACCS-OLD/YACC1A1/PRODUCTION/TESTER-PROD-V1.1/new - 1.22 bus/tester.gpi	hardware/cards/bus-tester/eagle/v1.1/fab/tester.gpi	archive/gen1-2015-2018/YACC1A1/PRODUCTION/TESTER-PROD-V1.1/new - 1.22 bus/tester.gpi
YACCS-OLD/YACC1A1/PRODUCTION/TESTER-PROD-V1.1/new - 1.22 bus/tester.pro	archive/gen1-2015-2018/YACC1A1/PRODUCTION/TESTER-PROD-V1.1/new - 1.21 bus/INCORRECTLY ADJUSTED/tester.pro	archive/gen1-2015-2018/YACC1A1/PRODUCTION/TESTER-PROD-V1.1/new - 1.22 bus/tester.pro
YACCS-OLD/YACC1A1/PRODUCTION/TESTER-PROD-V1.1/new - 1.22 bus/tester.sch	archive/gen1-2015-2018/YACC1A1/PRODUCTION/TESTER-PROD-V1.1/new - 1.21 bus/tester.sch	archive/gen1-2015-2018/YACC1A1/PRODUCTION/TESTER-PROD-V1.1/new - 1.22 bus/tester.sch
YACCS-OLD/YACC1A1/PRODUCTION/TESTER-PROD-V1.1/new - 1.22 bus/tester~renumsch.scr	archive/gen1-2015-2018/YACC1A1/PRODUCTION/TESTER-PROD-V1.1/new - 1.21 bus/INCORRECTLY ADJUSTED/tester~renumsch.scr	archive/gen1-2015-2018/YACC1A1/PRODUCTION/TESTER-PROD-V1.1/new - 1.22 bus/tester~renumsch.scr
YACCS-OLD/YACC1A1/PRODUCTION/TESTER-PROD-V1.1/orig - 1.20 bus/gerbers.zip	hardware/cards/bus-tester/eagle/v1.1/fab/gerbers.zip	archive/gen1-2015-2018/YACC1A1/PRODUCTION/TESTER-PROD-V1.1/orig - 1.20 bus/gerbers.zip
YACCS-OLD/YACC1A1/PRODUCTION/TESTER-PROD-V1.1/orig - 1.20 bus/tester.dri	hardware/cards/bus-tester/eagle/v1.1/fab/tester.dri	archive/gen1-2015-2018/YACC1A1/PRODUCTION/TESTER-PROD-V1.1/orig - 1.20 bus/tester.dri
YACCS-OLD/YACC1A1/PRODUCTION/TESTER-PROD-V1.1/orig - 1.20 bus/tester.gpi	hardware/cards/bus-tester/eagle/v1.1/fab/tester.gpi	archive/gen1-2015-2018/YACC1A1/PRODUCTION/TESTER-PROD-V1.1/orig - 1.20 bus/tester.gpi
YACCS-OLD/YACC1A1/PRODUCTION/TESTER-PROD-V1.1/orig - 1.20 bus/tester.pro	archive/gen1-2015-2018/YACC1A1/PRODUCTION/TESTER-PROD-V1.1/new - 1.21 bus/INCORRECTLY ADJUSTED/tester.pro	archive/gen1-2015-2018/YACC1A1/PRODUCTION/TESTER-PROD-V1.1/orig - 1.20 bus/tester.pro
YACCS-OLD/YACC1A1/PRODUCTION/TESTER-PROD-V1.1/orig - 1.20 bus/tester~renumsch.scr	archive/gen1-2015-2018/YACC1A1/PRODUCTION/TESTER-PROD-V1.1/new - 1.21 bus/INCORRECTLY ADJUSTED/tester~renumsch.scr	archive/gen1-2015-2018/YACC1A1/PRODUCTION/TESTER-PROD-V1.1/orig - 1.20 bus/tester~renumsch.scr
YACCS-OLD/YACC1A1/Processing/command_sender/Untitled.rtf	embedded/command-sender/deprecated/old/command_sender/Untitled.rtf	archive/gen1-2015-2018/YACC1A1/Processing/command_sender/Untitled.rtf
YACCS-OLD/YACC1A1/Processing/command_sender/commands.txt	tests/bus-tester-scripts/deprecated/gen1-2016/commands-1.txt	archive/gen1-2015-2018/YACC1A1/Processing/command_sender/commands.txt
YACCS-OLD/YACC1A1/Processing/command_sender/commandsA.txt	tests/bus-tester-scripts/deprecated/gen1-2016/commands-2.txt	archive/gen1-2015-2018/YACC1A1/Processing/command_sender/commandsA.txt
YACCS-OLD/YACC1A1/Processing/microcode_sender/Untitled.rtf	embedded/command-sender/deprecated/old/command_sender/Untitled.rtf	archive/gen1-2015-2018/YACC1A1/Processing/microcode_sender/Untitled.rtf
YACCS-OLD/YACC1A1/Processing/microcode_sender/commands.txt	tests/bus-tester-scripts/deprecated/gen1-2016/commands-1.txt	archive/gen1-2015-2018/YACC1A1/Processing/microcode_sender/commands.txt
YACCS-OLD/YACC1A1/Processing/microcode_sender/commandsA.txt	tests/bus-tester-scripts/deprecated/gen1-2016/commands-2.txt	archive/gen1-2015-2018/YACC1A1/Processing/microcode_sender/commandsA.txt
YACCS-OLD/YACC1A1/Simulation/yacc1 micro code rom creator/.idea/encodings.xml	archive/gen1-2015-2018/YACC1A1/Simulation/Yacc1-Assembler/.idea/encodings.xml	archive/gen1-2015-2018/YACC1A1/Simulation/yacc1 micro code rom creator/.idea/encodings.xml
YACCS-OLD/YACC1A1/Simulation/yacc1 micro code rom creator/.idea/misc.xml	archive/gen1-2015-2018/YACC1A1/Simulation/Yacc1-Assembler/.idea/misc.xml	archive/gen1-2015-2018/YACC1A1/Simulation/yacc1 micro code rom creator/.idea/misc.xml
YACCS-OLD/YACC1A1/Simulation/yacc1 micro code rom creator/.idea/other.xml	archive/gen1-2015-2018/YACC1A1/Simulation/Yacc1-Assembler/.idea/other.xml	archive/gen1-2015-2018/YACC1A1/Simulation/yacc1 micro code rom creator/.idea/other.xml
YACCS-OLD/YACC1A1/Simulation/yacc1 micro code rom creator/.idea/scopes/scope_settings.xml	archive/gen1-2015-2018/YACC1A1/Simulation/Yacc1-Assembler/.idea/scopes/scope_settings.xml	archive/gen1-2015-2018/YACC1A1/Simulation/yacc1 micro code rom creator/.idea/scopes/scope_settings.xml
YACCS-OLD/YACC1A1/Simulation/yacc1 micro code rom creator/.idea/testrunner.xml	archive/gen1-2015-2018/YACC1A1/Simulation/Yacc1-Assembler/.idea/testrunner.xml	archive/gen1-2015-2018/YACC1A1/Simulation/yacc1 micro code rom creator/.idea/testrunner.xml
YACCS-OLD/YACC1A1/Simulation/yacc1 micro code rom creator/.idea/vcs.xml	archive/gen1-2015-2018/YACC1A1/Simulation/Yacc1-Assembler/.idea/vcs.xml	archive/gen1-2015-2018/YACC1A1/Simulation/yacc1 micro code rom creator/.idea/vcs.xml
YACCS-OLD/YACC1A1/Simulation/yacc1 micro code rom creator/.idea/yacc1 micro code rom creator.iml	archive/gen1-2015-2018/YACC1A1/Simulation/Yacc1-Assembler/.idea/Yacc1-Assembler.iml	archive/gen1-2015-2018/YACC1A1/Simulation/yacc1 micro code rom creator/.idea/yacc1 micro code rom creator.iml
YACCS-OLD/YACC1A1/Simulation/z-old/Yacc1-Assembler/.idea/Yacc1-Assembler.iml	archive/gen1-2015-2018/YACC1A1/Simulation/Yacc1-Assembler/.idea/Yacc1-Assembler.iml	archive/gen1-2015-2018/YACC1A1/Simulation/z-old/Yacc1-Assembler/.idea/Yacc1-Assembler.iml
YACCS-OLD/YACC1A1/Simulation/z-old/Yacc1-Assembler/.idea/encodings.xml	archive/gen1-2015-2018/YACC1A1/Simulation/Yacc1-Assembler/.idea/encodings.xml	archive/gen1-2015-2018/YACC1A1/Simulation/z-old/Yacc1-Assembler/.idea/encodings.xml
YACCS-OLD/YACC1A1/Simulation/z-old/Yacc1-Assembler/.idea/misc.xml	archive/gen1-2015-2018/YACC1A1/Simulation/Yacc1-Assembler/.idea/misc.xml	archive/gen1-2015-2018/YACC1A1/Simulation/z-old/Yacc1-Assembler/.idea/misc.xml
YACCS-OLD/YACC1A1/Simulation/z-old/Yacc1-Assembler/.idea/modules.xml	archive/gen1-2015-2018/YACC1A1/Simulation/Yacc1-Assembler/.idea/modules.xml	archive/gen1-2015-2018/YACC1A1/Simulation/z-old/Yacc1-Assembler/.idea/modules.xml
YACCS-OLD/YACC1A1/Simulation/z-old/Yacc1-Assembler/.idea/other.xml	archive/gen1-2015-2018/YACC1A1/Simulation/Yacc1-Assembler/.idea/other.xml	archive/gen1-2015-2018/YACC1A1/Simulation/z-old/Yacc1-Assembler/.idea/other.xml
YACCS-OLD/YACC1A1/Simulation/z-old/Yacc1-Assembler/.idea/scopes/scope_settings.xml	archive/gen1-2015-2018/YACC1A1/Simulation/Yacc1-Assembler/.idea/scopes/scope_settings.xml	archive/gen1-2015-2018/YACC1A1/Simulation/z-old/Yacc1-Assembler/.idea/scopes/scope_settings.xml
YACCS-OLD/YACC1A1/Simulation/z-old/Yacc1-Assembler/.idea/testrunner.xml	archive/gen1-2015-2018/YACC1A1/Simulation/Yacc1-Assembler/.idea/testrunner.xml	archive/gen1-2015-2018/YACC1A1/Simulation/z-old/Yacc1-Assembler/.idea/testrunner.xml
YACCS-OLD/YACC1A1/Simulation/z-old/Yacc1-Assembler/.idea/vcs.xml	archive/gen1-2015-2018/YACC1A1/Simulation/Yacc1-Assembler/.idea/vcs.xml	archive/gen1-2015-2018/YACC1A1/Simulation/z-old/Yacc1-Assembler/.idea/vcs.xml
YACCS-OLD/YACC1A1/Simulation/z-old/Yacc1-Assembler/loadrom	archive/gen1-2015-2018/YACC1A1/Simulation/Yacc1-Assembler/loadrom	archive/gen1-2015-2018/YACC1A1/Simulation/z-old/Yacc1-Assembler/loadrom
YACCS-OLD/YACC1A1/Simulation/z-old/Yacc1-Assembler/main.py	archive/gen1-2015-2018/YACC1A1/Simulation/Yacc1-Assembler/main.py	archive/gen1-2015-2018/YACC1A1/Simulation/z-old/Yacc1-Assembler/main.py
YACCS-OLD/YACC1A1/Simulation/z-old/Yacc1-Assembler/workfile.asm	archive/gen1-2015-2018/YACC1A1/Simulation/Yacc1-Assembler/workfile.asm	archive/gen1-2015-2018/YACC1A1/Simulation/z-old/Yacc1-Assembler/workfile.asm
YACCS-OLD/YACC1A1/Simulation/z-old/Yacc1-Assembler/workfile2.asm	archive/gen1-2015-2018/YACC1A1/Simulation/Yacc1-Assembler/workfile2.asm	archive/gen1-2015-2018/YACC1A1/Simulation/z-old/Yacc1-Assembler/workfile2.asm
YACCS-OLD/YACC1A1/Simulation/z-old/Yacc1-Assembler/workfile2.lst	archive/gen1-2015-2018/YACC1A1/Simulation/Yacc1-Assembler/workfile2.lst	archive/gen1-2015-2018/YACC1A1/Simulation/z-old/Yacc1-Assembler/workfile2.lst
YACCS-OLD/YACC1A1/Simulation/z-old/yacc1 micro code rom creator/.idea/encodings.xml	archive/gen1-2015-2018/YACC1A1/Simulation/Yacc1-Assembler/.idea/encodings.xml	archive/gen1-2015-2018/YACC1A1/Simulation/z-old/yacc1 micro code rom creator/.idea/encodings.xml
YACCS-OLD/YACC1A1/Simulation/z-old/yacc1 micro code rom creator/.idea/misc.xml	archive/gen1-2015-2018/YACC1A1/Simulation/Yacc1-Assembler/.idea/misc.xml	archive/gen1-2015-2018/YACC1A1/Simulation/z-old/yacc1 micro code rom creator/.idea/misc.xml
YACCS-OLD/YACC1A1/Simulation/z-old/yacc1 micro code rom creator/.idea/modules.xml	archive/gen1-2015-2018/YACC1A1/Simulation/yacc1 micro code rom creator/.idea/modules.xml	archive/gen1-2015-2018/YACC1A1/Simulation/z-old/yacc1 micro code rom creator/.idea/modules.xml
YACCS-OLD/YACC1A1/Simulation/z-old/yacc1 micro code rom creator/.idea/other.xml	archive/gen1-2015-2018/YACC1A1/Simulation/Yacc1-Assembler/.idea/other.xml	archive/gen1-2015-2018/YACC1A1/Simulation/z-old/yacc1 micro code rom creator/.idea/other.xml
YACCS-OLD/YACC1A1/Simulation/z-old/yacc1 micro code rom creator/.idea/scopes/scope_settings.xml	archive/gen1-2015-2018/YACC1A1/Simulation/Yacc1-Assembler/.idea/scopes/scope_settings.xml	archive/gen1-2015-2018/YACC1A1/Simulation/z-old/yacc1 micro code rom creator/.idea/scopes/scope_settings.xml
YACCS-OLD/YACC1A1/Simulation/z-old/yacc1 micro code rom creator/.idea/testrunner.xml	archive/gen1-2015-2018/YACC1A1/Simulation/Yacc1-Assembler/.idea/testrunner.xml	archive/gen1-2015-2018/YACC1A1/Simulation/z-old/yacc1 micro code rom creator/.idea/testrunner.xml
YACCS-OLD/YACC1A1/Simulation/z-old/yacc1 micro code rom creator/.idea/vcs.xml	archive/gen1-2015-2018/YACC1A1/Simulation/Yacc1-Assembler/.idea/vcs.xml	archive/gen1-2015-2018/YACC1A1/Simulation/z-old/yacc1 micro code rom creator/.idea/vcs.xml
YACCS-OLD/YACC1A1/Simulation/z-old/yacc1 micro code rom creator/.idea/yacc1 micro code rom creator.iml	archive/gen1-2015-2018/YACC1A1/Simulation/Yacc1-Assembler/.idea/Yacc1-Assembler.iml	archive/gen1-2015-2018/YACC1A1/Simulation/z-old/yacc1 micro code rom creator/.idea/yacc1 micro code rom creator.iml
YACCS-OLD/YACC1A1/Simulation/z-old/yacc1 micro code rom creator/codefile	archive/gen1-2015-2018/YACC1A1/Simulation/yacc1 micro code rom creator/codefile	archive/gen1-2015-2018/YACC1A1/Simulation/z-old/yacc1 micro code rom creator/codefile
YACCS-OLD/YACC1A1/Simulation/z-old/yacc1 micro code rom creator/main.py	archive/gen1-2015-2018/YACC1A1/Simulation/yacc1 micro code rom creator/main.py	archive/gen1-2015-2018/YACC1A1/Simulation/z-old/yacc1 micro code rom creator/main.py
YACCS-OLD/YACC1A1/Simulation/z-old/yacc1 micro code rom creator/testfile	archive/gen1-2015-2018/YACC1A1/Simulation/yacc1 micro code rom creator/testfile	archive/gen1-2015-2018/YACC1A1/Simulation/z-old/yacc1 micro code rom creator/testfile
YACCS-OLD/YACC1A1/Tests/ALU/add	tests/bus-tester-scripts/deprecated/gen1-2016/ALU/add	archive/gen1-2015-2018/YACC1A1/Tests/ALU/add
YACCS-OLD/YACC1A1/Tests/ALU/base	tests/bus-tester-scripts/deprecated/gen1-2016/ALU/base	archive/gen1-2015-2018/YACC1A1/Tests/ALU/base
YACCS-OLD/YACC1A1/Tests/ALU/branch	tests/bus-tester-scripts/deprecated/gen1-2016/ALU/branch	archive/gen1-2015-2018/YACC1A1/Tests/ALU/branch
YACCS-OLD/YACC1A1/Tests/ALU/comands.txt	tests/bus-tester-scripts/deprecated/gen1-2016/ALU/zero	archive/gen1-2015-2018/YACC1A1/Tests/ALU/comands.txt
YACCS-OLD/YACC1A1/Tests/ALU/data	tests/bus-tester-scripts/deprecated/gen1-2016/ALU/data	archive/gen1-2015-2018/YACC1A1/Tests/ALU/data
YACCS-OLD/YACC1A1/Tests/ALU/incdec	tests/bus-tester-scripts/deprecated/gen1-2016/ALU/incdec	archive/gen1-2015-2018/YACC1A1/Tests/ALU/incdec
YACCS-OLD/YACC1A1/Tests/ALU/invert	tests/bus-tester-scripts/deprecated/gen1-2016/ALU/invert	archive/gen1-2015-2018/YACC1A1/Tests/ALU/invert
YACCS-OLD/YACC1A1/Tests/ALU/or	tests/bus-tester-scripts/deprecated/gen1-2016/ALU/or	archive/gen1-2015-2018/YACC1A1/Tests/ALU/or
YACCS-OLD/YACC1A1/Tests/ALU/shift	tests/bus-tester-scripts/deprecated/gen1-2016/ALU/shift	archive/gen1-2015-2018/YACC1A1/Tests/ALU/shift
YACCS-OLD/YACC1A1/Tests/ALU/shift2	tests/bus-tester-scripts/deprecated/gen1-2016/ALU/shift2	archive/gen1-2015-2018/YACC1A1/Tests/ALU/shift2
YACCS-OLD/YACC1A1/Tests/ALU/shift3	tests/bus-tester-scripts/deprecated/gen1-2016/ALU/shift3	archive/gen1-2015-2018/YACC1A1/Tests/ALU/shift3
YACCS-OLD/YACC1A1/Tests/ALU/sub	tests/bus-tester-scripts/deprecated/gen1-2016/ALU/sub	archive/gen1-2015-2018/YACC1A1/Tests/ALU/sub
YACCS-OLD/YACC1A1/Tests/ALU/xor	tests/bus-tester-scripts/deprecated/gen1-2016/ALU/xor	archive/gen1-2015-2018/YACC1A1/Tests/ALU/xor
YACCS-OLD/YACC1A1/Tests/ALU/zero	tests/bus-tester-scripts/deprecated/gen1-2016/ALU/zero	archive/gen1-2015-2018/YACC1A1/Tests/ALU/zero
YACCS-OLD/YACC1A1/Tests/Registers/BASICREG.txt	tests/bus-tester-scripts/deprecated/gen1-2016/ALU/data	archive/gen1-2015-2018/YACC1A1/Tests/Registers/BASICREG.txt
YACCS-OLD/YACC1A1/Tests/Registers/commands.txt	tests/bus-tester-scripts/deprecated/gen1-2016/ALU/data	archive/gen1-2015-2018/YACC1A1/Tests/Registers/commands.txt
YACCS-OLD/YACC1A1/Tests/SP-PC/commands2.txt	tests/bus-tester-scripts/deprecated/gen1-2016/commands-1.txt	archive/gen1-2015-2018/YACC1A1/Tests/SP-PC/commands2.txt
YACCS-OLD/YACC1A1/Very Old /4 reg no inc:dec-V1.1/regsimple test.circ	archive/gen1-2015-2018/YACC1A1/Old/4 reg no inc-dec-PROD-V1.1/regsimple test.circ	archive/gen1-2015-2018/YACC1A1/Very Old/4 reg no inc-dec-V1.1/regsimple test.circ
YACCS-OLD/YACC1A1/Very Old /Opcodes Yacc1 - Sheet1.pdf	archive/gen1-2015-2018/YACC1A1/Simulation/z-old/Opcodes Yacc1 - Sheet1.pdf	archive/gen1-2015-2018/YACC1A1/Very Old/Opcodes Yacc1 - Sheet1.pdf
YACCS-OLD/YACC1A1/Working/ALU-V1.1/alu4.brd	archive/gen1-2015-2018/YACC1A1/PRODUCTION/ALU-PROD-V1.0/alu4.brd	archive/gen1-2015-2018/YACC1A1/Working/ALU-V1.1/alu4.brd
YACCS-OLD/YACC1A1/Working/ALU-V1.1/alu4.crc	archive/gen1-2015-2018/YACC1A1/PRODUCTION/ALU-PROD-V1.0/alu4.crc	archive/gen1-2015-2018/YACC1A1/Working/ALU-V1.1/alu4.crc
YACCS-OLD/YACC1A1/Working/ALU-V1.1/alu4.crs	archive/gen1-2015-2018/YACC1A1/PRODUCTION/ALU-PROD-V1.0/alu4.crc	archive/gen1-2015-2018/YACC1A1/Working/ALU-V1.1/alu4.crs
YACCS-OLD/YACC1A1/Working/ALU-V1.1/alu4.gpi	archive/gen1-2015-2018/YACC1A1/PRODUCTION/ALU-PROD-V1.0/alu4.gpi	archive/gen1-2015-2018/YACC1A1/Working/ALU-V1.1/alu4.gpi
YACCS-OLD/YACC1A1/Working/ALU-V1.1/alu4.pls	archive/gen1-2015-2018/YACC1A1/PRODUCTION/ALU-PROD-V1.0/alu4.pls	archive/gen1-2015-2018/YACC1A1/Working/ALU-V1.1/alu4.pls
YACCS-OLD/YACC1A1/Working/ALU-V1.1/alu4.pro	archive/gen1-2015-2018/YACC1A1/PRODUCTION/ALU-PROD-V1.0/alu4.pro	archive/gen1-2015-2018/YACC1A1/Working/ALU-V1.1/alu4.pro
YACCS-OLD/YACC1A1/Working/ALU-V1.1/alu4.sch	archive/gen1-2015-2018/YACC1A1/PRODUCTION/ALU-PROD-V1.0/alu4.sch	archive/gen1-2015-2018/YACC1A1/Working/ALU-V1.1/alu4.sch
YACCS-OLD/YACC1A1/Working/ALU-V1.1/alu4_00.job	archive/gen1-2015-2018/YACC1A1/PRODUCTION/ALU-PROD-V1.0/alu4_00.job	archive/gen1-2015-2018/YACC1A1/Working/ALU-V1.1/alu4_00.job
YACCS-OLD/YACC1A1/Working/ALU-V1.1/alu4_01.job	archive/gen1-2015-2018/YACC1A1/PRODUCTION/ALU-PROD-V1.0/alu4_01.job	archive/gen1-2015-2018/YACC1A1/Working/ALU-V1.1/alu4_01.job
YACCS-OLD/YACC1A1/Working/ALU-V1.1/alu4_02.job	archive/gen1-2015-2018/YACC1A1/PRODUCTION/ALU-PROD-V1.0/alu4_02.job	archive/gen1-2015-2018/YACC1A1/Working/ALU-V1.1/alu4_02.job
YACCS-OLD/YACC1A1/Working/ALU-V1.1/alu4_03.job	archive/gen1-2015-2018/YACC1A1/PRODUCTION/ALU-PROD-V1.0/alu4_03.job	archive/gen1-2015-2018/YACC1A1/Working/ALU-V1.1/alu4_03.job
YACCS-OLD/YACC1A1/Working/ALU-V1.1/alu4_04.job	archive/gen1-2015-2018/YACC1A1/PRODUCTION/ALU-PROD-V1.0/alu4_04.job	archive/gen1-2015-2018/YACC1A1/Working/ALU-V1.1/alu4_04.job
YACCS-OLD/YACC1A1/Working/ALU-V1.1/alu4_05.job	archive/gen1-2015-2018/YACC1A1/PRODUCTION/ALU-PROD-V1.0/alu4_05.job	archive/gen1-2015-2018/YACC1A1/Working/ALU-V1.1/alu4_05.job
YACCS-OLD/YACC1A1/Working/ALU-V1.1/alu4_06.job	archive/gen1-2015-2018/YACC1A1/PRODUCTION/ALU-PROD-V1.0/alu4_06.job	archive/gen1-2015-2018/YACC1A1/Working/ALU-V1.1/alu4_06.job
YACCS-OLD/YACC1A1/Working/ALU-V1.1/alu4_07.job	archive/gen1-2015-2018/YACC1A1/PRODUCTION/ALU-PROD-V1.0/alu4_07.job	archive/gen1-2015-2018/YACC1A1/Working/ALU-V1.1/alu4_07.job
YACCS-OLD/YACC1A1/Working/ALU-V1.1/alu4_08.job	archive/gen1-2015-2018/YACC1A1/PRODUCTION/ALU-PROD-V1.0/alu4_08.job	archive/gen1-2015-2018/YACC1A1/Working/ALU-V1.1/alu4_08.job
YACCS-OLD/YACC1A1/Working/ALU-V1.1/gerbers 2/alu4.cmp	hardware/cards/alu/eagle/deprecated/v3.0-2layer/fab/gerbers 2 layers no outline/alu4.cmp	archive/gen1-2015-2018/YACC1A1/Working/ALU-V1.1/gerbers 2/alu4.cmp
YACCS-OLD/YACC1A1/Working/ALU-V1.1/gerbers 2/alu4.drd	hardware/cards/alu/eagle/deprecated/v3.0-2layer/fab/gerbers 2 layers no outline/alu4.drd	archive/gen1-2015-2018/YACC1A1/Working/ALU-V1.1/gerbers 2/alu4.drd
YACCS-OLD/YACC1A1/Working/ALU-V1.1/gerbers 2/alu4.dri	hardware/cards/alu/eagle/deprecated/v3.0-2layer/fab/gerbers 2 layers no outline/alu4.dri	archive/gen1-2015-2018/YACC1A1/Working/ALU-V1.1/gerbers 2/alu4.dri
YACCS-OLD/YACC1A1/Working/ALU-V1.1/gerbers 2/alu4.l15	archive/gen1-2015-2018/YACC1A1/PRODUCTION/ALU-PROD-V1.0/gerbers/alu4.l15	archive/gen1-2015-2018/YACC1A1/Working/ALU-V1.1/gerbers 2/alu4.l15
YACCS-OLD/YACC1A1/Working/ALU-V1.1/gerbers 2/alu4.ly2	archive/gen1-2015-2018/YACC1A1/PRODUCTION/ALU-PROD-V1.0/gerbers/alu4.ly2	archive/gen1-2015-2018/YACC1A1/Working/ALU-V1.1/gerbers 2/alu4.ly2
YACCS-OLD/YACC1A1/Working/ALU-V1.1/gerbers 2/alu4.plc	hardware/cards/alu/eagle/deprecated/v3.0-2layer/fab/gerbers 2 layers no outline/alu4.plc	archive/gen1-2015-2018/YACC1A1/Working/ALU-V1.1/gerbers 2/alu4.plc
YACCS-OLD/YACC1A1/Working/ALU-V1.1/gerbers 2/alu4.sol	hardware/cards/alu/eagle/deprecated/v3.0-2layer/fab/gerbers 2 layers no outline/alu4.sol	archive/gen1-2015-2018/YACC1A1/Working/ALU-V1.1/gerbers 2/alu4.sol
YACCS-OLD/YACC1A1/Working/ALU-V1.1/gerbers 2/alu4.stc	hardware/cards/alu/eagle/deprecated/v3.0-2layer/fab/gerbers 2 layers no outline/alu4.stc	archive/gen1-2015-2018/YACC1A1/Working/ALU-V1.1/gerbers 2/alu4.stc
YACCS-OLD/YACC1A1/Working/ALU-V1.1/gerbers 2/alu4.sts	hardware/cards/alu/eagle/deprecated/v3.0-2layer/fab/gerbers 2 layers no outline/alu4.stc	archive/gen1-2015-2018/YACC1A1/Working/ALU-V1.1/gerbers 2/alu4.sts
YACCS-OLD/YACC1A1/Working/ALU-V1.1/gerbers.zip	archive/gen1-2015-2018/YACC1A1/PRODUCTION/ALU-PROD-V1.0/gerbers.zip	archive/gen1-2015-2018/YACC1A1/Working/ALU-V1.1/gerbers.zip
YACCS-OLD/YACC1A1/Working/ALU-V1.1/gerbers/alu4.cmp	hardware/cards/alu/eagle/deprecated/v3.0-2layer/fab/gerbers 2 layers no outline/alu4.cmp	archive/gen1-2015-2018/YACC1A1/Working/ALU-V1.1/gerbers/alu4.cmp
YACCS-OLD/YACC1A1/Working/ALU-V1.1/gerbers/alu4.drd	hardware/cards/alu/eagle/deprecated/v3.0-2layer/fab/gerbers 2 layers no outline/alu4.drd	archive/gen1-2015-2018/YACC1A1/Working/ALU-V1.1/gerbers/alu4.drd
YACCS-OLD/YACC1A1/Working/ALU-V1.1/gerbers/alu4.dri	hardware/cards/alu/eagle/deprecated/v3.0-2layer/fab/gerbers 2 layers no outline/alu4.dri	archive/gen1-2015-2018/YACC1A1/Working/ALU-V1.1/gerbers/alu4.dri
YACCS-OLD/YACC1A1/Working/ALU-V1.1/gerbers/alu4.l15	archive/gen1-2015-2018/YACC1A1/PRODUCTION/ALU-PROD-V1.0/gerbers/alu4.l15	archive/gen1-2015-2018/YACC1A1/Working/ALU-V1.1/gerbers/alu4.l15
YACCS-OLD/YACC1A1/Working/ALU-V1.1/gerbers/alu4.ly2	archive/gen1-2015-2018/YACC1A1/PRODUCTION/ALU-PROD-V1.0/gerbers/alu4.ly2	archive/gen1-2015-2018/YACC1A1/Working/ALU-V1.1/gerbers/alu4.ly2
YACCS-OLD/YACC1A1/Working/ALU-V1.1/gerbers/alu4.plc	hardware/cards/alu/eagle/deprecated/v3.0-2layer/fab/gerbers 2 layers no outline/alu4.plc	archive/gen1-2015-2018/YACC1A1/Working/ALU-V1.1/gerbers/alu4.plc
YACCS-OLD/YACC1A1/Working/ALU-V1.1/gerbers/alu4.sol	hardware/cards/alu/eagle/deprecated/v3.0-2layer/fab/gerbers 2 layers no outline/alu4.sol	archive/gen1-2015-2018/YACC1A1/Working/ALU-V1.1/gerbers/alu4.sol
YACCS-OLD/YACC1A1/Working/ALU-V1.1/gerbers/alu4.stc	hardware/cards/alu/eagle/deprecated/v3.0-2layer/fab/gerbers 2 layers no outline/alu4.stc	archive/gen1-2015-2018/YACC1A1/Working/ALU-V1.1/gerbers/alu4.stc
YACCS-OLD/YACC1A1/Working/ALU-V1.1/gerbers/alu4.sts	hardware/cards/alu/eagle/deprecated/v3.0-2layer/fab/gerbers 2 layers no outline/alu4.stc	archive/gen1-2015-2018/YACC1A1/Working/ALU-V1.1/gerbers/alu4.sts
YACCS-OLD/YACC1A1/Working/BUS-V1.2/gerbers.zip	hardware/bus/backplane/eagle/deprecated/v1.1/fab/gerbers.zip	archive/gen1-2015-2018/YACC1A1/Working/BUS-V1.2/gerbers.zip
YACCS-OLD/YACC1A1/Working/BUS-V1.2/yacc2buss.brd	hardware/bus/backplane/eagle/deprecated/v1.1/yacc2buss.brd	archive/gen1-2015-2018/YACC1A1/Working/BUS-V1.2/yacc2buss.brd
YACCS-OLD/YACC1A1/Working/BUS-V1.2/yacc2buss.dri	hardware/bus/backplane/eagle/deprecated/v1.1/fab/yacc2buss.dri	archive/gen1-2015-2018/YACC1A1/Working/BUS-V1.2/yacc2buss.dri
YACCS-OLD/YACC1A1/Working/BUS-V1.2/yacc2buss.gpi	hardware/bus/backplane/eagle/deprecated/v1.1/fab/yacc2buss.gpi	archive/gen1-2015-2018/YACC1A1/Working/BUS-V1.2/yacc2buss.gpi
YACCS-OLD/YACC1A1/Working/BUS-V1.2/yacc2buss.pro	hardware/bus/backplane/eagle/deprecated/v1.1/yacc2buss.pro	archive/gen1-2015-2018/YACC1A1/Working/BUS-V1.2/yacc2buss.pro
YACCS-OLD/YACC1A1/Working/BUS-V1.2/yacc2buss.sch	hardware/bus/backplane/eagle/deprecated/v1.1/yacc2buss.sch	archive/gen1-2015-2018/YACC1A1/Working/BUS-V1.2/yacc2buss.sch
YACCS-OLD/YACC1A1/Working/Bus Template and Definition/V1.21/Bus Definition V1.2.pro	archive/gen1-2015-2018/YACC1A1/Working/Bus Template and Definition/V1.2/Bus Definition V1.2.pro	archive/gen1-2015-2018/YACC1A1/Working/Bus Template and Definition/V1.21/Bus Definition V1.2.pro
YACCS-OLD/YACC1A1/Working/Bus-Jumper-V1.1/Bus Definition V1.2.brd	archive/gen1-2015-2018/YACC1A1/PRODUCTION/BUS-JUMPER-PROD-V1.0/orig - bus 1.20/Bus Definition V1.2.brd	archive/gen1-2015-2018/YACC1A1/Working/Bus-Jumper-V1.1/Bus Definition V1.2.brd
YACCS-OLD/YACC1A1/Working/Bus-Jumper-V1.1/Bus Definition V1.2.dri	archive/gen1-2015-2018/YACC1A1/PRODUCTION/BUS-JUMPER-PROD-V1.0/new - bus 1.21/Bus Definition V1.2.dri	archive/gen1-2015-2018/YACC1A1/Working/Bus-Jumper-V1.1/Bus Definition V1.2.dri
YACCS-OLD/YACC1A1/Working/Bus-Jumper-V1.1/Bus Definition V1.2.gpi	archive/gen1-2015-2018/YACC1A1/PRODUCTION/BUS-JUMPER-PROD-V1.0/new - bus 1.21/Bus Definition V1.2.gpi	archive/gen1-2015-2018/YACC1A1/Working/Bus-Jumper-V1.1/Bus Definition V1.2.gpi
YACCS-OLD/YACC1A1/Working/Bus-Jumper-V1.1/Bus Definition V1.2.pro	archive/gen1-2015-2018/YACC1A1/PRODUCTION/BUS-JUMPER-PROD-V1.0/new - bus 1.21/Bus Definition V1.2.pro	archive/gen1-2015-2018/YACC1A1/Working/Bus-Jumper-V1.1/Bus Definition V1.2.pro
YACCS-OLD/YACC1A1/Working/Bus-Jumper-V1.1/Bus Definition V1.2.sch	archive/gen1-2015-2018/YACC1A1/PRODUCTION/BUS-JUMPER-PROD-V1.0/orig - bus 1.20/Bus Definition V1.2.sch	archive/gen1-2015-2018/YACC1A1/Working/Bus-Jumper-V1.1/Bus Definition V1.2.sch
YACCS-OLD/YACC1A1/Working/Bus-Jumper-V1.1/Bus Definition V1.2_00.pro	archive/gen1-2015-2018/YACC1A1/PRODUCTION/BUS-JUMPER-PROD-V1.0/new - bus 1.21/Bus Definition V1.2_00.pro	archive/gen1-2015-2018/YACC1A1/Working/Bus-Jumper-V1.1/Bus Definition V1.2_00.pro
YACCS-OLD/YACC1A1/Working/Bus-Jumper-V1.1/Bus Definition V1.2_01.pro	archive/gen1-2015-2018/YACC1A1/PRODUCTION/BUS-JUMPER-PROD-V1.0/new - bus 1.21/Bus Definition V1.2_01.pro	archive/gen1-2015-2018/YACC1A1/Working/Bus-Jumper-V1.1/Bus Definition V1.2_01.pro
YACCS-OLD/YACC1A1/Working/Bus-Jumper-V1.1/Bus Definition V1.2_02.pro	archive/gen1-2015-2018/YACC1A1/PRODUCTION/BUS-JUMPER-PROD-V1.0/new - bus 1.21/Bus Definition V1.2_02.pro	archive/gen1-2015-2018/YACC1A1/Working/Bus-Jumper-V1.1/Bus Definition V1.2_02.pro
YACCS-OLD/YACC1A1/Working/Bus-Jumper-V1.1/Bus Definition V1.2_03.pro	archive/gen1-2015-2018/YACC1A1/PRODUCTION/BUS-JUMPER-PROD-V1.0/new - bus 1.21/Bus Definition V1.2_03.pro	archive/gen1-2015-2018/YACC1A1/Working/Bus-Jumper-V1.1/Bus Definition V1.2_03.pro
YACCS-OLD/YACC1A1/Working/Bus-Jumper-V1.1/Bus Definition V1.2_04.pro	archive/gen1-2015-2018/YACC1A1/PRODUCTION/BUS-JUMPER-PROD-V1.0/new - bus 1.21/Bus Definition V1.2_04.pro	archive/gen1-2015-2018/YACC1A1/Working/Bus-Jumper-V1.1/Bus Definition V1.2_04.pro
YACCS-OLD/YACC1A1/Working/Bus-Jumper-V1.1/gerbers.zip	archive/gen1-2015-2018/YACC1A1/PRODUCTION/BUS-JUMPER-PROD-V1.0/new - bus 1.21/gerbers.zip	archive/gen1-2015-2018/YACC1A1/Working/Bus-Jumper-V1.1/gerbers.zip
YACCS-OLD/YACC1A1/Working/Bus-Jumper-V1.1/gerbers/Bus Definition V1.2.cmp	archive/gen1-2015-2018/YACC1A1/PRODUCTION/BUS-JUMPER-PROD-V1.0/new - bus 1.21/gerbers/Bus Definition V1.2.cmp	archive/gen1-2015-2018/YACC1A1/Working/Bus-Jumper-V1.1/gerbers/Bus Definition V1.2.cmp
YACCS-OLD/YACC1A1/Working/Bus-Jumper-V1.1/gerbers/Bus Definition V1.2.drd	archive/gen1-2015-2018/YACC1A1/PRODUCTION/BUS-JUMPER-PROD-V1.0/new - bus 1.21/gerbers/Bus Definition V1.2.drd	archive/gen1-2015-2018/YACC1A1/Working/Bus-Jumper-V1.1/gerbers/Bus Definition V1.2.drd
YACCS-OLD/YACC1A1/Working/Bus-Jumper-V1.1/gerbers/Bus Definition V1.2.plc	archive/gen1-2015-2018/YACC1A1/PRODUCTION/BUS-JUMPER-PROD-V1.0/new - bus 1.21/gerbers/Bus Definition V1.2.plc	archive/gen1-2015-2018/YACC1A1/Working/Bus-Jumper-V1.1/gerbers/Bus Definition V1.2.plc
YACCS-OLD/YACC1A1/Working/Bus-Jumper-V1.1/gerbers/Bus Definition V1.2.sol	archive/gen1-2015-2018/YACC1A1/PRODUCTION/BUS-JUMPER-PROD-V1.0/new - bus 1.21/gerbers/Bus Definition V1.2.sol	archive/gen1-2015-2018/YACC1A1/Working/Bus-Jumper-V1.1/gerbers/Bus Definition V1.2.sol
YACCS-OLD/YACC1A1/Working/Bus-Jumper-V1.1/gerbers/Bus Definition V1.2.stc	archive/gen1-2015-2018/YACC1A1/PRODUCTION/BUS-JUMPER-PROD-V1.0/new - bus 1.21/gerbers/Bus Definition V1.2.stc	archive/gen1-2015-2018/YACC1A1/Working/Bus-Jumper-V1.1/gerbers/Bus Definition V1.2.stc
YACCS-OLD/YACC1A1/Working/Bus-Jumper-V1.1/gerbers/Bus Definition V1.2.sts	archive/gen1-2015-2018/YACC1A1/PRODUCTION/BUS-JUMPER-PROD-V1.0/new - bus 1.21/gerbers/Bus Definition V1.2.stc	archive/gen1-2015-2018/YACC1A1/Working/Bus-Jumper-V1.1/gerbers/Bus Definition V1.2.sts
YACCS-OLD/YACC1A1/Working/ProtoCard-V1.1/ProtoCard-Prod-V1.0.brd	hardware/cards/protocard/eagle/v1.0/ProtoCard-Prod-V1.0.brd	archive/gen1-2015-2018/YACC1A1/Working/ProtoCard-V1.1/ProtoCard-Prod-V1.0.brd
YACCS-OLD/YACC1A1/Working/ProtoCard-V1.1/ProtoCard-Prod-V1.0.dri	hardware/cards/protocard/eagle/v1.0/fab/ProtoCard-Prod-V1.0.dri	archive/gen1-2015-2018/YACC1A1/Working/ProtoCard-V1.1/ProtoCard-Prod-V1.0.dri
YACCS-OLD/YACC1A1/Working/ProtoCard-V1.1/ProtoCard-Prod-V1.0.gpi	hardware/cards/protocard/eagle/v1.0/fab/ProtoCard-Prod-V1.0.gpi	archive/gen1-2015-2018/YACC1A1/Working/ProtoCard-V1.1/ProtoCard-Prod-V1.0.gpi
YACCS-OLD/YACC1A1/Working/ProtoCard-V1.1/ProtoCard-Prod-V1.0.pro	hardware/cards/protocard/eagle/v1.0/ProtoCard-Prod-V1.0.pro	archive/gen1-2015-2018/YACC1A1/Working/ProtoCard-V1.1/ProtoCard-Prod-V1.0.pro
YACCS-OLD/YACC1A1/Working/ProtoCard-V1.1/ProtoCard-Prod-V1.0.sch	hardware/cards/protocard/eagle/v1.0/ProtoCard-Prod-V1.0.sch	archive/gen1-2015-2018/YACC1A1/Working/ProtoCard-V1.1/ProtoCard-Prod-V1.0.sch
YACCS-OLD/YACC1A1/Working/ProtoCard-V1.1/gerbers.zip	hardware/cards/protocard/eagle/v1.0/fab/gerbers.zip	archive/gen1-2015-2018/YACC1A1/Working/ProtoCard-V1.1/gerbers.zip
YACCS-OLD/YACC1A1/Working/SP-PC-V1.1/SP:PC.GBO	archive/gen1-2015-2018/YACC1A1/PRODUCTION/ALU-PROD-V1.0/alu4.crc	archive/gen1-2015-2018/YACC1A1/Working/SP-PC-V1.1/SP-PC.GBO
YACCS-OLD/YACC1A1/Working/SP-PC-V1.1/SP:PC.GML	archive/gen1-2015-2018/YACC1A1/PRODUCTION/ALU-PROD-V1.0/alu4.crc	archive/gen1-2015-2018/YACC1A1/Working/SP-PC-V1.1/SP-PC.GML
YACCS-OLD/YACC1A1/Working/SP-PC-V1.1/SP:PC.GTP	archive/gen1-2015-2018/YACC1A1/PRODUCTION/SP-PC-PROD-V1.0/unused gerbers/SP-PC.GTP	archive/gen1-2015-2018/YACC1A1/Working/SP-PC-V1.1/SP-PC.GTP
YACCS-OLD/YACC1A1/Working/SP-PC-V1.1/SP:PC.dri	archive/gen1-2015-2018/YACC1A1/PRODUCTION/SP-PC-PROD-V1.0/unused gerbers/SP-PC.dri	archive/gen1-2015-2018/YACC1A1/Working/SP-PC-V1.1/SP-PC.dri
YACCS-OLD/YACC1A1/Working/SP-PC-V1.1/SP:PC.gpi	archive/gen1-2015-2018/YACC1A1/PRODUCTION/SP-PC-PROD-V1.0/unused gerbers/SP-PC.gpi	archive/gen1-2015-2018/YACC1A1/Working/SP-PC-V1.1/SP-PC.gpi
YACCS-OLD/YACC1A1/Working/SP-PC-V1.1/gerbers.zip	archive/gen1-2015-2018/YACC1A1/PRODUCTION/SP-PC-PROD-V1.0/gerbers.zip	archive/gen1-2015-2018/YACC1A1/Working/SP-PC-V1.1/gerbers.zip
YACCS-OLD/YACC1A1/Working/SP-PC-V1.1/gerbers/SP:PC.GBL	archive/gen1-2015-2018/YACC1A1/PRODUCTION/SP-PC-PROD-V1.0/gerbers/SP-PC.GBL	archive/gen1-2015-2018/YACC1A1/Working/SP-PC-V1.1/gerbers/SP-PC.GBL
YACCS-OLD/YACC1A1/Working/SP-PC-V1.1/gerbers/SP:PC.GBS	archive/gen1-2015-2018/YACC1A1/PRODUCTION/SP-PC-PROD-V1.0/gerbers/SP-PC.GBS	archive/gen1-2015-2018/YACC1A1/Working/SP-PC-V1.1/gerbers/SP-PC.GBS
YACCS-OLD/YACC1A1/Working/SP-PC-V1.1/gerbers/SP:PC.GTL	archive/gen1-2015-2018/YACC1A1/PRODUCTION/SP-PC-PROD-V1.0/gerbers/SP-PC.GTL	archive/gen1-2015-2018/YACC1A1/Working/SP-PC-V1.1/gerbers/SP-PC.GTL
YACCS-OLD/YACC1A1/Working/SP-PC-V1.1/gerbers/SP:PC.GTO	archive/gen1-2015-2018/YACC1A1/PRODUCTION/SP-PC-PROD-V1.0/gerbers/SP-PC.GTO	archive/gen1-2015-2018/YACC1A1/Working/SP-PC-V1.1/gerbers/SP-PC.GTO
YACCS-OLD/YACC1A1/Working/SP-PC-V1.1/gerbers/SP:PC.GTS	archive/gen1-2015-2018/YACC1A1/PRODUCTION/SP-PC-PROD-V1.0/gerbers/SP-PC.GBS	archive/gen1-2015-2018/YACC1A1/Working/SP-PC-V1.1/gerbers/SP-PC.GTS
YACCS-OLD/YACC1A1/Working/SP-PC-V1.1/gerbers/SP:PC.TXT	archive/gen1-2015-2018/YACC1A1/PRODUCTION/SP-PC-PROD-V1.0/gerbers/SP-PC.TXT	archive/gen1-2015-2018/YACC1A1/Working/SP-PC-V1.1/gerbers/SP-PC.TXT
YACCS-OLD/YACC1A1/Working/Sequencer-Logic-v1.0/Sequencer-Logic-Prod-V1.0-1_03.job	archive/gen1-2015-2018/YACC1A1/PRODUCTION/SEQUENCER-LOGIC-V1.0/Sequencer-Logic-Prod-V1.0-1_03.job	archive/gen1-2015-2018/YACC1A1/Working/Sequencer-Logic-v1.0/Sequencer-Logic-Prod-V1.0-1_03.job
YACCS-OLD/YACC1A1/Working/Sequencer-Logic-v1.0/Sequencer-Logic-Prod-V1.0-3.brd	archive/gen1-2015-2018/YACC1A1/PRODUCTION/SEQUENCER-LOGIC-V1.0/Sequencer-Logic-Prod-V1.0-3.brd	archive/gen1-2015-2018/YACC1A1/Working/Sequencer-Logic-v1.0/Sequencer-Logic-Prod-V1.0-3.brd
YACCS-OLD/YACC1A1/Working/Sequencer-Logic-v1.0/Sequencer-Logic-Prod-V1.0-3.pro	archive/gen1-2015-2018/YACC1A1/PRODUCTION/SEQUENCER-LOGIC-V1.0/Sequencer-Logic-Prod-V1.0-3.pro	archive/gen1-2015-2018/YACC1A1/Working/Sequencer-Logic-v1.0/Sequencer-Logic-Prod-V1.0-3.pro
YACCS-OLD/YACC1A1/Working/Sequencer-Logic-v1.0/Sequencer-Logic-Prod-V1.0-3.sch	archive/gen1-2015-2018/YACC1A1/PRODUCTION/SEQUENCER-LOGIC-V1.0/Sequencer-Logic-Prod-V1.0-3.sch	archive/gen1-2015-2018/YACC1A1/Working/Sequencer-Logic-v1.0/Sequencer-Logic-Prod-V1.0-3.sch
YACCS-OLD/YACC1A1/Working/Sequencer-Logic-v1.0/gerbers.zip	archive/gen1-2015-2018/YACC1A1/PRODUCTION/SEQUENCER-LOGIC-V1.0/gerbers.zip	archive/gen1-2015-2018/YACC1A1/Working/Sequencer-Logic-v1.0/gerbers.zip
YACCS-OLD/YACC1A1/Working/Sequencer-Logic-v1.0/gerbers/Sequencer-Logic-Prod-V1.0-3.cmp	archive/gen1-2015-2018/YACC1A1/PRODUCTION/SEQUENCER-LOGIC-V1.0/gerbers/Sequencer-Logic-Prod-V1.0-3.cmp	archive/gen1-2015-2018/YACC1A1/Working/Sequencer-Logic-v1.0/gerbers/Sequencer-Logic-Prod-V1.0-3.cmp
YACCS-OLD/YACC1A1/Working/Sequencer-Logic-v1.0/gerbers/Sequencer-Logic-Prod-V1.0-3.drd	archive/gen1-2015-2018/YACC1A1/PRODUCTION/SEQUENCER-LOGIC-V1.0/gerbers/Sequencer-Logic-Prod-V1.0-3.drd	archive/gen1-2015-2018/YACC1A1/Working/Sequencer-Logic-v1.0/gerbers/Sequencer-Logic-Prod-V1.0-3.drd
YACCS-OLD/YACC1A1/Working/Sequencer-Logic-v1.0/gerbers/Sequencer-Logic-Prod-V1.0-3.dri	archive/gen1-2015-2018/YACC1A1/PRODUCTION/SEQUENCER-LOGIC-V1.0/gerbers/Sequencer-Logic-Prod-V1.0-3.dri	archive/gen1-2015-2018/YACC1A1/Working/Sequencer-Logic-v1.0/gerbers/Sequencer-Logic-Prod-V1.0-3.dri
YACCS-OLD/YACC1A1/Working/Sequencer-Logic-v1.0/gerbers/Sequencer-Logic-Prod-V1.0-3.l15	archive/gen1-2015-2018/YACC1A1/PRODUCTION/SEQUENCER-LOGIC-V1.0/gerbers/Sequencer-Logic-Prod-V1.0-3.l15	archive/gen1-2015-2018/YACC1A1/Working/Sequencer-Logic-v1.0/gerbers/Sequencer-Logic-Prod-V1.0-3.l15
YACCS-OLD/YACC1A1/Working/Sequencer-Logic-v1.0/gerbers/Sequencer-Logic-Prod-V1.0-3.ly2	archive/gen1-2015-2018/YACC1A1/PRODUCTION/SEQUENCER-LOGIC-V1.0/gerbers/Sequencer-Logic-Prod-V1.0-3.ly2	archive/gen1-2015-2018/YACC1A1/Working/Sequencer-Logic-v1.0/gerbers/Sequencer-Logic-Prod-V1.0-3.ly2
YACCS-OLD/YACC1A1/Working/Sequencer-Logic-v1.0/gerbers/Sequencer-Logic-Prod-V1.0-3.plc	archive/gen1-2015-2018/YACC1A1/PRODUCTION/SEQUENCER-LOGIC-V1.0/gerbers/Sequencer-Logic-Prod-V1.0-3.plc	archive/gen1-2015-2018/YACC1A1/Working/Sequencer-Logic-v1.0/gerbers/Sequencer-Logic-Prod-V1.0-3.plc
YACCS-OLD/YACC1A1/Working/Sequencer-Logic-v1.0/gerbers/Sequencer-Logic-Prod-V1.0-3.sol	archive/gen1-2015-2018/YACC1A1/PRODUCTION/SEQUENCER-LOGIC-V1.0/gerbers/Sequencer-Logic-Prod-V1.0-3.sol	archive/gen1-2015-2018/YACC1A1/Working/Sequencer-Logic-v1.0/gerbers/Sequencer-Logic-Prod-V1.0-3.sol
YACCS-OLD/YACC1A1/Working/Sequencer-Logic-v1.0/gerbers/Sequencer-Logic-Prod-V1.0-3.stc	archive/gen1-2015-2018/YACC1A1/PRODUCTION/SEQUENCER-LOGIC-V1.0/gerbers/Sequencer-Logic-Prod-V1.0-3.stc	archive/gen1-2015-2018/YACC1A1/Working/Sequencer-Logic-v1.0/gerbers/Sequencer-Logic-Prod-V1.0-3.stc
YACCS-OLD/YACC1A1/Working/Sequencer-Logic-v1.0/gerbers/Sequencer-Logic-Prod-V1.0-3.sts	archive/gen1-2015-2018/YACC1A1/PRODUCTION/SEQUENCER-LOGIC-V1.0/gerbers/Sequencer-Logic-Prod-V1.0-3.sts	archive/gen1-2015-2018/YACC1A1/Working/Sequencer-Logic-v1.0/gerbers/Sequencer-Logic-Prod-V1.0-3.sts
YACCS-OLD/YACC1A1/Working/Sequencer-Memory-V1.1/Sequencer-Memory-V1.0-1.brd	archive/gen1-2015-2018/YACC1A1/PRODUCTION/SEQUENCER-MEMORY-Prod-V1.0/orig - bus 1.20/Sequencer-Memory-V1.0-1.brd	archive/gen1-2015-2018/YACC1A1/Working/Sequencer-Memory-V1.1/Sequencer-Memory-V1.0-1.brd
YACCS-OLD/YACC1A1/Working/Sequencer-Memory-V1.1/Sequencer-Memory-V1.0-1.pro	archive/gen1-2015-2018/YACC1A1/PRODUCTION/SEQUENCER-MEMORY-Prod-V1.0/orig - bus 1.20/Sequencer-Memory-V1.0-1.pro	archive/gen1-2015-2018/YACC1A1/Working/Sequencer-Memory-V1.1/Sequencer-Memory-V1.0-1.pro
YACCS-OLD/YACC1A1/Working/Sequencer-Memory-V1.1/Sequencer-Memory-V1.0-1.sch	archive/gen1-2015-2018/YACC1A1/PRODUCTION/SEQUENCER-MEMORY-Prod-V1.0/orig - bus 1.20/Sequencer-Memory-V1.0-1.sch	archive/gen1-2015-2018/YACC1A1/Working/Sequencer-Memory-V1.1/Sequencer-Memory-V1.0-1.sch
YACCS-OLD/YACC1A1/Working/Sequencer-Memory-V1.1/Sequencer-Memory-V1.0-2.brd	archive/gen1-2015-2018/YACC1A1/PRODUCTION/SEQUENCER-MEMORY-Prod-V1.0/orig - bus 1.20/Sequencer-Memory-V1.0-2.brd	archive/gen1-2015-2018/YACC1A1/Working/Sequencer-Memory-V1.1/Sequencer-Memory-V1.0-2.brd
YACCS-OLD/YACC1A1/Working/Sequencer-Memory-V1.1/Sequencer-Memory-V1.0-2.pro	archive/gen1-2015-2018/YACC1A1/PRODUCTION/SEQUENCER-MEMORY-Prod-V1.0/orig - bus 1.20/Sequencer-Memory-V1.0-2.pro	archive/gen1-2015-2018/YACC1A1/Working/Sequencer-Memory-V1.1/Sequencer-Memory-V1.0-2.pro
YACCS-OLD/YACC1A1/Working/Sequencer-Memory-V1.1/Sequencer-Memory-V1.0-2.sch	archive/gen1-2015-2018/YACC1A1/PRODUCTION/SEQUENCER-MEMORY-Prod-V1.0/orig - bus 1.20/Sequencer-Memory-V1.0-2.sch	archive/gen1-2015-2018/YACC1A1/Working/Sequencer-Memory-V1.1/Sequencer-Memory-V1.0-2.sch
YACCS-OLD/YACC1A1/Working/Sequencer-Memory-V1.1/Sequencer-Memory-V1.0-3 2.brd	archive/gen1-2015-2018/YACC1A1/PRODUCTION/SEQUENCER-MEMORY-Prod-V1.0/orig - bus 1.20/Sequencer-Memory-V1.0-3 2.brd	archive/gen1-2015-2018/YACC1A1/Working/Sequencer-Memory-V1.1/Sequencer-Memory-V1.0-3 2.brd
YACCS-OLD/YACC1A1/Working/Sequencer-Memory-V1.1/Sequencer-Memory-V1.0-3.dri	archive/gen1-2015-2018/YACC1A1/PRODUCTION/SEQUENCER-MEMORY-Prod-V1.0/new - bus 1.21/Sequencer-Memory-V1.0-3.dri	archive/gen1-2015-2018/YACC1A1/Working/Sequencer-Memory-V1.1/Sequencer-Memory-V1.0-3.dri
YACCS-OLD/YACC1A1/Working/Sequencer-Memory-V1.1/Sequencer-Memory-V1.0-3.pro	archive/gen1-2015-2018/YACC1A1/PRODUCTION/SEQUENCER-MEMORY-Prod-V1.0/new - bus 1.21/Sequencer-Memory-V1.0-3.pro	archive/gen1-2015-2018/YACC1A1/Working/Sequencer-Memory-V1.1/Sequencer-Memory-V1.0-3.pro
YACCS-OLD/YACC1A1/Working/Sequencer-Memory-V1.1/Sequencer-Memory-V1.0.sch	archive/gen1-2015-2018/YACC1A1/PRODUCTION/SEQUENCER-MEMORY-Prod-V1.0/orig - bus 1.20/Sequencer-Memory-V1.0.sch	archive/gen1-2015-2018/YACC1A1/Working/Sequencer-Memory-V1.1/Sequencer-Memory-V1.0.sch
YACCS-OLD/YACC1A1/Working/Sequencer-Memory-V1.1/gerbers.zip	archive/gen1-2015-2018/YACC1A1/PRODUCTION/SEQUENCER-MEMORY-Prod-V1.0/new - bus 1.21/gerbers.zip	archive/gen1-2015-2018/YACC1A1/Working/Sequencer-Memory-V1.1/gerbers.zip
YACCS-OLD/YACC1A1/Working/Sequencer-Memory-V1.1/gerbers/Sequencer-Memory-V1.0-3.cmp	archive/gen1-2015-2018/YACC1A1/PRODUCTION/SEQUENCER-MEMORY-Prod-V1.0/new - bus 1.21/gerbers/Sequencer-Memory-V1.0-3.cmp	archive/gen1-2015-2018/YACC1A1/Working/Sequencer-Memory-V1.1/gerbers/Sequencer-Memory-V1.0-3.cmp
YACCS-OLD/YACC1A1/Working/Sequencer-Memory-V1.1/gerbers/Sequencer-Memory-V1.0-3.drd	archive/gen1-2015-2018/YACC1A1/PRODUCTION/SEQUENCER-MEMORY-Prod-V1.0/new - bus 1.21/gerbers/Sequencer-Memory-V1.0-3.drd	archive/gen1-2015-2018/YACC1A1/Working/Sequencer-Memory-V1.1/gerbers/Sequencer-Memory-V1.0-3.drd
YACCS-OLD/YACC1A1/Working/Sequencer-Memory-V1.1/gerbers/Sequencer-Memory-V1.0-3.plc	archive/gen1-2015-2018/YACC1A1/PRODUCTION/SEQUENCER-MEMORY-Prod-V1.0/new - bus 1.21/gerbers/Sequencer-Memory-V1.0-3.plc	archive/gen1-2015-2018/YACC1A1/Working/Sequencer-Memory-V1.1/gerbers/Sequencer-Memory-V1.0-3.plc
YACCS-OLD/YACC1A1/Working/Sequencer-Memory-V1.1/gerbers/Sequencer-Memory-V1.0-3.sol	archive/gen1-2015-2018/YACC1A1/PRODUCTION/SEQUENCER-MEMORY-Prod-V1.0/new - bus 1.21/gerbers/Sequencer-Memory-V1.0-3.sol	archive/gen1-2015-2018/YACC1A1/Working/Sequencer-Memory-V1.1/gerbers/Sequencer-Memory-V1.0-3.sol
YACCS-OLD/YACC1A1/Working/Sequencer-Memory-V1.1/gerbers/Sequencer-Memory-V1.0-3.stc	archive/gen1-2015-2018/YACC1A1/PRODUCTION/SEQUENCER-MEMORY-Prod-V1.0/new - bus 1.21/gerbers/Sequencer-Memory-V1.0-3.stc	archive/gen1-2015-2018/YACC1A1/Working/Sequencer-Memory-V1.1/gerbers/Sequencer-Memory-V1.0-3.stc
YACCS-OLD/YACC1A1/Working/Sequencer-Memory-V1.1/gerbers/Sequencer-Memory-V1.0-3.sts	archive/gen1-2015-2018/YACC1A1/PRODUCTION/SEQUENCER-MEMORY-Prod-V1.0/new - bus 1.21/gerbers/Sequencer-Memory-V1.0-3.sts	archive/gen1-2015-2018/YACC1A1/Working/Sequencer-Memory-V1.1/gerbers/Sequencer-Memory-V1.0-3.sts
YACCS-OLD/YACC1A1/eagle/Libraries/Adafruit-Eagle-Library-master-2/README.md	hardware/libraries/eagle/Libraries/Adafruit-Eagle-Library-master/README.md	archive/gen1-2015-2018/YACC1A1/eagle/Libraries/Adafruit-Eagle-Library-master-2/README.md
YACCS-OLD/YACC1A1/eagle/Libraries/Adafruit-Eagle-Library-master-2/README.txt	hardware/libraries/eagle/Libraries/Adafruit-Eagle-Library-master/README.md	archive/gen1-2015-2018/YACC1A1/eagle/Libraries/Adafruit-Eagle-Library-master-2/README.txt
YACCS-OLD/YACC1A1/eagle/Libraries/Adafruit-Eagle-Library-master-2/adafruit.lbr	hardware/libraries/eagle/Libraries/Adafruit-Eagle-Library-master/adafruit.lbr	archive/gen1-2015-2018/YACC1A1/eagle/Libraries/Adafruit-Eagle-Library-master-2/adafruit.lbr
YACCS-OLD/YACC1A1/eagle/OSHPark-4layer.dru	archive/gen1-2015-2018/YACC1A1/Old/alu conv accum to shift/OSHPark-4layer.dru	archive/gen1-2015-2018/YACC1A1/eagle/OSHPark-4layer.dru
YACCS-OLD/YACC1B/PCB/Working/ALU-V3.0/alu4.brd	hardware/cards/alu/eagle/deprecated/v3.0-2layer/alu4.brd	archive/gen1-2015-2018/YACC1B/PCB/Working/ALU-V3.0/alu4.brd
YACCS-OLD/YACC1B/PCB/Working/ALU-V3.0/alu4.crc	archive/gen1-2015-2018/YACC1A1/PRODUCTION/ALU-PROD-V1.0/alu4.crc	archive/gen1-2015-2018/YACC1B/PCB/Working/ALU-V3.0/alu4.crc
YACCS-OLD/YACC1B/PCB/Working/ALU-V3.0/alu4.crs	archive/gen1-2015-2018/YACC1A1/PRODUCTION/ALU-PROD-V1.0/alu4.crc	archive/gen1-2015-2018/YACC1B/PCB/Working/ALU-V3.0/alu4.crs
YACCS-OLD/YACC1B/PCB/Working/ALU-V3.0/alu4.gpi	archive/gen1-2015-2018/YACC1A1/PRODUCTION/ALU-PROD-V1.0/alu4.gpi	archive/gen1-2015-2018/YACC1B/PCB/Working/ALU-V3.0/alu4.gpi
YACCS-OLD/YACC1B/PCB/Working/ALU-V3.0/alu4.pls	archive/gen1-2015-2018/YACC1A1/PRODUCTION/ALU-PROD-V1.0/alu4.pls	archive/gen1-2015-2018/YACC1B/PCB/Working/ALU-V3.0/alu4.pls
YACCS-OLD/YACC1B/PCB/Working/ALU-V3.0/alu4.pro	hardware/cards/alu/eagle/deprecated/v3.0-2layer/alu4.pro	archive/gen1-2015-2018/YACC1B/PCB/Working/ALU-V3.0/alu4.pro
YACCS-OLD/YACC1B/PCB/Working/ALU-V3.0/alu4.sch	hardware/cards/alu/eagle/deprecated/v3.0-2layer/alu4.sch	archive/gen1-2015-2018/YACC1B/PCB/Working/ALU-V3.0/alu4.sch
YACCS-OLD/YACC1B/PCB/Working/ALU-V3.0/alu4_00.job	hardware/cards/alu/eagle/deprecated/v3.0-2layer/fab/alu4_00.job	archive/gen1-2015-2018/YACC1B/PCB/Working/ALU-V3.0/alu4_00.job
YACCS-OLD/YACC1B/PCB/Working/ALU-V3.0/alu4_01.job	hardware/cards/alu/eagle/deprecated/v3.0-2layer/fab/alu4_01.job	archive/gen1-2015-2018/YACC1B/PCB/Working/ALU-V3.0/alu4_01.job
YACCS-OLD/YACC1B/PCB/Working/ALU-V3.0/alu4_02.job	hardware/cards/alu/eagle/deprecated/v3.0-2layer/fab/alu4_02.job	archive/gen1-2015-2018/YACC1B/PCB/Working/ALU-V3.0/alu4_02.job
YACCS-OLD/YACC1B/PCB/Working/ALU-V3.0/alu4_03.job	hardware/cards/alu/eagle/deprecated/v3.0-2layer/fab/alu4_03.job	archive/gen1-2015-2018/YACC1B/PCB/Working/ALU-V3.0/alu4_03.job
YACCS-OLD/YACC1B/PCB/Working/ALU-V3.0/alu4_2020-06-14.zip	hardware/cards/alu/eagle/deprecated/v3.0-2layer/fab/alu4_2020-06-14.zip	archive/gen1-2015-2018/YACC1B/PCB/Working/ALU-V3.0/alu4_2020-06-14.zip
YACCS-OLD/YACC1B/PCB/Working/ALU-V3.0/gerbers/Archive.zip	hardware/cards/alu/eagle/deprecated/v3.0-2layer/fab/gerbers 2 layers no outline/Archive.zip	archive/gen1-2015-2018/YACC1B/PCB/Working/ALU-V3.0/gerbers/Archive.zip
YACCS-OLD/YACC1B/PCB/Working/ALU-V3.0/gerbers/alu4.cmp	hardware/cards/alu/eagle/deprecated/v3.0-2layer/fab/gerbers 2 layers no outline/alu4.cmp	archive/gen1-2015-2018/YACC1B/PCB/Working/ALU-V3.0/gerbers/alu4.cmp
YACCS-OLD/YACC1B/PCB/Working/ALU-V3.0/gerbers/alu4.drd	hardware/cards/alu/eagle/deprecated/v3.0-2layer/fab/gerbers 2 layers no outline/alu4.drd	archive/gen1-2015-2018/YACC1B/PCB/Working/ALU-V3.0/gerbers/alu4.drd
YACCS-OLD/YACC1B/PCB/Working/ALU-V3.0/gerbers/alu4.dri	hardware/cards/alu/eagle/deprecated/v3.0-2layer/fab/gerbers 2 layers no outline/alu4.dri	archive/gen1-2015-2018/YACC1B/PCB/Working/ALU-V3.0/gerbers/alu4.dri
YACCS-OLD/YACC1B/PCB/Working/ALU-V3.0/gerbers/alu4.plc	hardware/cards/alu/eagle/deprecated/v3.0-2layer/fab/gerbers 2 layers no outline/alu4.plc	archive/gen1-2015-2018/YACC1B/PCB/Working/ALU-V3.0/gerbers/alu4.plc
YACCS-OLD/YACC1B/PCB/Working/ALU-V3.0/gerbers/alu4.sol	hardware/cards/alu/eagle/deprecated/v3.0-2layer/fab/gerbers 2 layers no outline/alu4.sol	archive/gen1-2015-2018/YACC1B/PCB/Working/ALU-V3.0/gerbers/alu4.sol
YACCS-OLD/YACC1B/PCB/Working/ALU-V3.0/gerbers/alu4.stc	hardware/cards/alu/eagle/deprecated/v3.0-2layer/fab/gerbers 2 layers no outline/alu4.stc	archive/gen1-2015-2018/YACC1B/PCB/Working/ALU-V3.0/gerbers/alu4.stc
YACCS-OLD/YACC1B/PCB/Working/ALU-V3.0/gerbers/alu4.sts	hardware/cards/alu/eagle/deprecated/v3.0-2layer/fab/gerbers 2 layers no outline/alu4.stc	archive/gen1-2015-2018/YACC1B/PCB/Working/ALU-V3.0/gerbers/alu4.sts
YACCS-OLD/YACC1B/PCB/Working/Bus Jumper V3.0/CAMOutputs/GerberFiles/copper_bottom.gbr	hardware/bus/bus-jumper-vertical/eagle/v3.0/fab/CAMOutputs/GerberFiles/copper_bottom.gbr	archive/gen1-2015-2018/YACC1B/PCB/Working/Bus Jumper V3.0/CAMOutputs/GerberFiles/copper_bottom.gbr
YACCS-OLD/YACC1B/PCB/Working/Bus Jumper V3.0/CAMOutputs/GerberFiles/copper_top.gbr	hardware/bus/bus-jumper-vertical/eagle/v3.0/fab/CAMOutputs/GerberFiles/copper_top.gbr	archive/gen1-2015-2018/YACC1B/PCB/Working/Bus Jumper V3.0/CAMOutputs/GerberFiles/copper_top.gbr
YACCS-OLD/YACC1B/PCB/Working/Bus Jumper V3.0/CAMOutputs/GerberFiles/profile.gbr	hardware/bus/bus-jumper-vertical/eagle/v3.0/fab/CAMOutputs/GerberFiles/profile.gbr	archive/gen1-2015-2018/YACC1B/PCB/Working/Bus Jumper V3.0/CAMOutputs/GerberFiles/profile.gbr
YACCS-OLD/YACC1B/PCB/Working/Bus Jumper V3.0/CAMOutputs/GerberFiles/silkscreen_top.gbr	hardware/bus/bus-jumper-vertical/eagle/v3.0/fab/CAMOutputs/GerberFiles/silkscreen_top.gbr	archive/gen1-2015-2018/YACC1B/PCB/Working/Bus Jumper V3.0/CAMOutputs/GerberFiles/silkscreen_top.gbr
YACCS-OLD/YACC1B/PCB/Working/Bus Jumper V3.0/CAMOutputs/GerberFiles/soldermask_bottom.gbr	hardware/bus/bus-jumper-vertical/eagle/v3.0/fab/CAMOutputs/GerberFiles/soldermask_bottom.gbr	archive/gen1-2015-2018/YACC1B/PCB/Working/Bus Jumper V3.0/CAMOutputs/GerberFiles/soldermask_bottom.gbr
YACCS-OLD/YACC1B/PCB/Working/Bus Jumper V3.0/CAMOutputs/GerberFiles/soldermask_top.gbr	hardware/bus/bus-jumper-vertical/eagle/v3.0/fab/CAMOutputs/GerberFiles/soldermask_top.gbr	archive/gen1-2015-2018/YACC1B/PCB/Working/Bus Jumper V3.0/CAMOutputs/GerberFiles/soldermask_top.gbr
YACCS-OLD/YACC1B/PCB/Working/Bus Jumper V3.0/Jumper Board V3.0_03.pro	archive/gen1-2015-2018/YACC1B/PCB/Working/Bus Jumper V3.0/Jumper Board V3.0_02.pro	archive/gen1-2015-2018/YACC1B/PCB/Working/Bus Jumper V3.0/Jumper Board V3.0_03.pro
YACCS-OLD/YACC1B/PCB/Working/Register-4-V3.0/MODS/MODS .rtf	archive/gen1-2015-2018/YACC1A/PCB-PRODUCTION/REGISTER-PROD-V1.2/MODS/MODS .rtf	archive/gen1-2015-2018/YACC1B/PCB/Working/Register-4-V3.0/MODS/MODS .rtf
YACCS-OLD/YACC1B/PCB/Working/Register-4-V3.0/MODS/gerbers.zip	archive/gen1-2015-2018/YACC1A1/PRODUCTION/REGISTER-PROD-V1.2/MODS/gerbers.zip	archive/gen1-2015-2018/YACC1B/PCB/Working/Register-4-V3.0/MODS/gerbers.zip
YACCS-OLD/YACC1B/PCB/Working/Register-4-V3.0/MODS/gerbers/reg-board.cmp	archive/gen1-2015-2018/YACC1A1/PRODUCTION/REGISTER-PROD-V1.2/MODS/gerbers/reg-board.cmp	archive/gen1-2015-2018/YACC1B/PCB/Working/Register-4-V3.0/MODS/gerbers/reg-board.cmp
YACCS-OLD/YACC1B/PCB/Working/Register-4-V3.0/MODS/gerbers/reg-board.drd	archive/gen1-2015-2018/YACC1A1/PRODUCTION/REGISTER-PROD-V1.2/MODS/gerbers/reg-board.drd	archive/gen1-2015-2018/YACC1B/PCB/Working/Register-4-V3.0/MODS/gerbers/reg-board.drd
YACCS-OLD/YACC1B/PCB/Working/Register-4-V3.0/MODS/gerbers/reg-board.plc	archive/gen1-2015-2018/YACC1A1/PRODUCTION/REGISTER-PROD-V1.2/MODS/gerbers/reg-board.plc	archive/gen1-2015-2018/YACC1B/PCB/Working/Register-4-V3.0/MODS/gerbers/reg-board.plc
YACCS-OLD/YACC1B/PCB/Working/Register-4-V3.0/MODS/gerbers/reg-board.sol	archive/gen1-2015-2018/YACC1A1/PRODUCTION/REGISTER-PROD-V1.2/MODS/gerbers/reg-board.sol	archive/gen1-2015-2018/YACC1B/PCB/Working/Register-4-V3.0/MODS/gerbers/reg-board.sol
YACCS-OLD/YACC1B/PCB/Working/Register-4-V3.0/MODS/gerbers/reg-board.stc	archive/gen1-2015-2018/YACC1A1/PRODUCTION/REGISTER-PROD-V1.2/MODS/gerbers/reg-board.stc	archive/gen1-2015-2018/YACC1B/PCB/Working/Register-4-V3.0/MODS/gerbers/reg-board.stc
YACCS-OLD/YACC1B/PCB/Working/Register-4-V3.0/MODS/gerbers/reg-board.sts	archive/gen1-2015-2018/YACC1A1/PRODUCTION/REGISTER-PROD-V1.2/MODS/gerbers/reg-board.stc	archive/gen1-2015-2018/YACC1B/PCB/Working/Register-4-V3.0/MODS/gerbers/reg-board.sts
YACCS-OLD/YACC1B/PCB/Working/Register-4-V3.0/MODS/reg-board-1.brd	archive/gen1-2015-2018/YACC1A/PCB-PRODUCTION/REGISTER-PROD-V1.2/MODS/reg-board-1.brd	archive/gen1-2015-2018/YACC1B/PCB/Working/Register-4-V3.0/MODS/reg-board-1.brd
YACCS-OLD/YACC1B/PCB/Working/Register-4-V3.0/MODS/reg-board-1.pro	archive/gen1-2015-2018/YACC1A/PCB-PRODUCTION/REGISTER-PROD-V1.2/MODS/reg-board-1.pro	archive/gen1-2015-2018/YACC1B/PCB/Working/Register-4-V3.0/MODS/reg-board-1.pro
YACCS-OLD/YACC1B/PCB/Working/Register-4-V3.0/MODS/reg-board-1.sch	archive/gen1-2015-2018/YACC1A/PCB-PRODUCTION/REGISTER-PROD-V1.2/MODS/reg-board-1.sch	archive/gen1-2015-2018/YACC1B/PCB/Working/Register-4-V3.0/MODS/reg-board-1.sch
YACCS-OLD/YACC1B/PCB/Working/Register-4-V3.0/MODS/reg-board.brd	archive/gen1-2015-2018/YACC1A1/PRODUCTION/REGISTER-PROD-V1.2/MODS/reg-board.brd	archive/gen1-2015-2018/YACC1B/PCB/Working/Register-4-V3.0/MODS/reg-board.brd
YACCS-OLD/YACC1B/PCB/Working/Register-4-V3.0/MODS/reg-board.dri	archive/gen1-2015-2018/YACC1A1/PRODUCTION/REGISTER-PROD-V1.2/MODS/reg-board.dri	archive/gen1-2015-2018/YACC1B/PCB/Working/Register-4-V3.0/MODS/reg-board.dri
YACCS-OLD/YACC1B/PCB/Working/Register-4-V3.0/MODS/reg-board.gpi	archive/gen1-2015-2018/YACC1A1/PRODUCTION/REGISTER-PROD-V1.2/MODS/reg-board.gpi	archive/gen1-2015-2018/YACC1B/PCB/Working/Register-4-V3.0/MODS/reg-board.gpi
YACCS-OLD/YACC1B/PCB/Working/Register-4-V3.0/MODS/reg-board.pro	archive/gen1-2015-2018/YACC1A1/PRODUCTION/REGISTER-PROD-V1.2/MODS/reg-board.pro	archive/gen1-2015-2018/YACC1B/PCB/Working/Register-4-V3.0/MODS/reg-board.pro
YACCS-OLD/YACC1B/PCB/Working/Register-4-V3.0/MODS/reg-board.sch	archive/gen1-2015-2018/YACC1A1/PRODUCTION/REGISTER-PROD-V1.2/MODS/reg-board.sch	archive/gen1-2015-2018/YACC1B/PCB/Working/Register-4-V3.0/MODS/reg-board.sch
YACCS-OLD/YACC1B/PCB/Working/Register-4-V3.0/MODS/regsimple test.circ	archive/gen1-2015-2018/YACC1A1/Old/4 reg no inc-dec-PROD-V1.1/regsimple test.circ	archive/gen1-2015-2018/YACC1B/PCB/Working/Register-4-V3.0/MODS/regsimple test.circ
YACCS-OLD/YACC1B/PCB/Working/Register-4-V3.0/gerbers.zip	archive/gen1-2015-2018/YACC1A1/PRODUCTION/REGISTER-PROD-V1.2/MODS/gerbers.zip	archive/gen1-2015-2018/YACC1B/PCB/Working/Register-4-V3.0/gerbers.zip
YACCS-OLD/YACC1B/PCB/Working/Register-4-V3.0/gerbers/reg-board.cmp	archive/gen1-2015-2018/YACC1A1/PRODUCTION/REGISTER-PROD-V1.2/MODS/gerbers/reg-board.cmp	archive/gen1-2015-2018/YACC1B/PCB/Working/Register-4-V3.0/gerbers/reg-board.cmp
YACCS-OLD/YACC1B/PCB/Working/Register-4-V3.0/gerbers/reg-board.drd	archive/gen1-2015-2018/YACC1A1/PRODUCTION/REGISTER-PROD-V1.2/MODS/gerbers/reg-board.drd	archive/gen1-2015-2018/YACC1B/PCB/Working/Register-4-V3.0/gerbers/reg-board.drd
YACCS-OLD/YACC1B/PCB/Working/Register-4-V3.0/gerbers/reg-board.plc	archive/gen1-2015-2018/YACC1A1/PRODUCTION/REGISTER-PROD-V1.2/MODS/gerbers/reg-board.plc	archive/gen1-2015-2018/YACC1B/PCB/Working/Register-4-V3.0/gerbers/reg-board.plc
YACCS-OLD/YACC1B/PCB/Working/Register-4-V3.0/gerbers/reg-board.sol	archive/gen1-2015-2018/YACC1A1/PRODUCTION/REGISTER-PROD-V1.2/MODS/gerbers/reg-board.sol	archive/gen1-2015-2018/YACC1B/PCB/Working/Register-4-V3.0/gerbers/reg-board.sol
YACCS-OLD/YACC1B/PCB/Working/Register-4-V3.0/gerbers/reg-board.stc	archive/gen1-2015-2018/YACC1A1/PRODUCTION/REGISTER-PROD-V1.2/MODS/gerbers/reg-board.stc	archive/gen1-2015-2018/YACC1B/PCB/Working/Register-4-V3.0/gerbers/reg-board.stc
YACCS-OLD/YACC1B/PCB/Working/Register-4-V3.0/gerbers/reg-board.sts	archive/gen1-2015-2018/YACC1A1/PRODUCTION/REGISTER-PROD-V1.2/MODS/gerbers/reg-board.stc	archive/gen1-2015-2018/YACC1B/PCB/Working/Register-4-V3.0/gerbers/reg-board.sts
YACCS-OLD/YACC1B/PCB/Working/Register-4-V3.0/reg-board.bcream.bcream.ger	archive/gen1-2015-2018/YACC1A1/PRODUCTION/ALU-PROD-V1.0/alu4.crc	archive/gen1-2015-2018/YACC1B/PCB/Working/Register-4-V3.0/reg-board.bcream.bcream.ger
YACCS-OLD/YACC1B/PCB/Working/Register-4-V3.0/reg-board.bottomsilkscreen.bottomsilkscreen.ger	archive/gen1-2015-2018/YACC1A1/PRODUCTION/ALU-PROD-V1.0/alu4.crc	archive/gen1-2015-2018/YACC1B/PCB/Working/Register-4-V3.0/reg-board.bottomsilkscreen.bottomsilkscreen.ger
YACCS-OLD/YACC1B/PCB/Working/Register-4-V3.0/reg-board.dri	archive/gen1-2015-2018/YACC1A1/PRODUCTION/REGISTER-PROD-V1.2/MODS/reg-board.dri	archive/gen1-2015-2018/YACC1B/PCB/Working/Register-4-V3.0/reg-board.dri
YACCS-OLD/YACC1B/PCB/Working/Register-4-V3.0/reg-board.gpi	archive/gen1-2015-2018/YACC1A1/PRODUCTION/REGISTER-PROD-V1.2/MODS/reg-board.gpi	archive/gen1-2015-2018/YACC1B/PCB/Working/Register-4-V3.0/reg-board.gpi
YACCS-OLD/YACC1B/PCB/Working/Register-4-V3.0/reg-board.tcream.tcream.ger	archive/gen1-2015-2018/YACC1A1/PRODUCTION/ALU-PROD-V1.0/alu4.crc	archive/gen1-2015-2018/YACC1B/PCB/Working/Register-4-V3.0/reg-board.tcream.tcream.ger
YACCS-OLD/YACC1B/PCB/Working/Register-4-V3.0/reg-board.topsoldermask.topsoldermask.ger	archive/gen1-2015-2018/YACC1B/PCB/Working/Register-4-V3.0/reg-board.bottomsoldermask.bottomsoldermask.ger	archive/gen1-2015-2018/YACC1B/PCB/Working/Register-4-V3.0/reg-board.topsoldermask.topsoldermask.ger
YACCS-OLD/YACC1B/PCB/Working/Register-4-V3.0/regsimple test.circ	archive/gen1-2015-2018/YACC1A1/Old/4 reg no inc-dec-PROD-V1.1/regsimple test.circ	archive/gen1-2015-2018/YACC1B/PCB/Working/Register-4-V3.0/regsimple test.circ
YACCS-OLD/YACC1B/PCB/Working/Register-8-V3.0/MODS/MODS .rtf	archive/gen1-2015-2018/YACC1A/PCB-PRODUCTION/REGISTER-PROD-V1.2/MODS/MODS .rtf	archive/gen1-2015-2018/YACC1B/PCB/Working/Register-8-V3.0/MODS/MODS .rtf
YACCS-OLD/YACC1B/PCB/Working/Register-8-V3.0/MODS/gerbers.zip	archive/gen1-2015-2018/YACC1A1/PRODUCTION/REGISTER-PROD-V1.2/MODS/gerbers.zip	archive/gen1-2015-2018/YACC1B/PCB/Working/Register-8-V3.0/MODS/gerbers.zip
YACCS-OLD/YACC1B/PCB/Working/Register-8-V3.0/MODS/gerbers/reg-board.cmp	archive/gen1-2015-2018/YACC1A1/PRODUCTION/REGISTER-PROD-V1.2/MODS/gerbers/reg-board.cmp	archive/gen1-2015-2018/YACC1B/PCB/Working/Register-8-V3.0/MODS/gerbers/reg-board.cmp
YACCS-OLD/YACC1B/PCB/Working/Register-8-V3.0/MODS/gerbers/reg-board.drd	archive/gen1-2015-2018/YACC1A1/PRODUCTION/REGISTER-PROD-V1.2/MODS/gerbers/reg-board.drd	archive/gen1-2015-2018/YACC1B/PCB/Working/Register-8-V3.0/MODS/gerbers/reg-board.drd
YACCS-OLD/YACC1B/PCB/Working/Register-8-V3.0/MODS/gerbers/reg-board.plc	archive/gen1-2015-2018/YACC1A1/PRODUCTION/REGISTER-PROD-V1.2/MODS/gerbers/reg-board.plc	archive/gen1-2015-2018/YACC1B/PCB/Working/Register-8-V3.0/MODS/gerbers/reg-board.plc
YACCS-OLD/YACC1B/PCB/Working/Register-8-V3.0/MODS/gerbers/reg-board.sol	archive/gen1-2015-2018/YACC1A1/PRODUCTION/REGISTER-PROD-V1.2/MODS/gerbers/reg-board.sol	archive/gen1-2015-2018/YACC1B/PCB/Working/Register-8-V3.0/MODS/gerbers/reg-board.sol
YACCS-OLD/YACC1B/PCB/Working/Register-8-V3.0/MODS/gerbers/reg-board.stc	archive/gen1-2015-2018/YACC1A1/PRODUCTION/REGISTER-PROD-V1.2/MODS/gerbers/reg-board.stc	archive/gen1-2015-2018/YACC1B/PCB/Working/Register-8-V3.0/MODS/gerbers/reg-board.stc
YACCS-OLD/YACC1B/PCB/Working/Register-8-V3.0/MODS/gerbers/reg-board.sts	archive/gen1-2015-2018/YACC1A1/PRODUCTION/REGISTER-PROD-V1.2/MODS/gerbers/reg-board.stc	archive/gen1-2015-2018/YACC1B/PCB/Working/Register-8-V3.0/MODS/gerbers/reg-board.sts
YACCS-OLD/YACC1B/PCB/Working/Register-8-V3.0/MODS/reg-board-1.brd	archive/gen1-2015-2018/YACC1A/PCB-PRODUCTION/REGISTER-PROD-V1.2/MODS/reg-board-1.brd	archive/gen1-2015-2018/YACC1B/PCB/Working/Register-8-V3.0/MODS/reg-board-1.brd
YACCS-OLD/YACC1B/PCB/Working/Register-8-V3.0/MODS/reg-board-1.pro	archive/gen1-2015-2018/YACC1A/PCB-PRODUCTION/REGISTER-PROD-V1.2/MODS/reg-board-1.pro	archive/gen1-2015-2018/YACC1B/PCB/Working/Register-8-V3.0/MODS/reg-board-1.pro
YACCS-OLD/YACC1B/PCB/Working/Register-8-V3.0/MODS/reg-board-1.sch	archive/gen1-2015-2018/YACC1A/PCB-PRODUCTION/REGISTER-PROD-V1.2/MODS/reg-board-1.sch	archive/gen1-2015-2018/YACC1B/PCB/Working/Register-8-V3.0/MODS/reg-board-1.sch
YACCS-OLD/YACC1B/PCB/Working/Register-8-V3.0/MODS/reg-board.brd	archive/gen1-2015-2018/YACC1A1/PRODUCTION/REGISTER-PROD-V1.2/MODS/reg-board.brd	archive/gen1-2015-2018/YACC1B/PCB/Working/Register-8-V3.0/MODS/reg-board.brd
YACCS-OLD/YACC1B/PCB/Working/Register-8-V3.0/MODS/reg-board.dri	archive/gen1-2015-2018/YACC1A1/PRODUCTION/REGISTER-PROD-V1.2/MODS/reg-board.dri	archive/gen1-2015-2018/YACC1B/PCB/Working/Register-8-V3.0/MODS/reg-board.dri
YACCS-OLD/YACC1B/PCB/Working/Register-8-V3.0/MODS/reg-board.gpi	archive/gen1-2015-2018/YACC1A1/PRODUCTION/REGISTER-PROD-V1.2/MODS/reg-board.gpi	archive/gen1-2015-2018/YACC1B/PCB/Working/Register-8-V3.0/MODS/reg-board.gpi
YACCS-OLD/YACC1B/PCB/Working/Register-8-V3.0/MODS/reg-board.pro	archive/gen1-2015-2018/YACC1A1/PRODUCTION/REGISTER-PROD-V1.2/MODS/reg-board.pro	archive/gen1-2015-2018/YACC1B/PCB/Working/Register-8-V3.0/MODS/reg-board.pro
YACCS-OLD/YACC1B/PCB/Working/Register-8-V3.0/MODS/reg-board.sch	archive/gen1-2015-2018/YACC1A1/PRODUCTION/REGISTER-PROD-V1.2/MODS/reg-board.sch	archive/gen1-2015-2018/YACC1B/PCB/Working/Register-8-V3.0/MODS/reg-board.sch
YACCS-OLD/YACC1B/PCB/Working/Register-8-V3.0/MODS/regsimple test.circ	archive/gen1-2015-2018/YACC1A1/Old/4 reg no inc-dec-PROD-V1.1/regsimple test.circ	archive/gen1-2015-2018/YACC1B/PCB/Working/Register-8-V3.0/MODS/regsimple test.circ
YACCS-OLD/YACC1B/PCB/Working/Register-8-V3.0/gerbers.zip	archive/gen1-2015-2018/YACC1A1/PRODUCTION/REGISTER-PROD-V1.2/MODS/gerbers.zip	archive/gen1-2015-2018/YACC1B/PCB/Working/Register-8-V3.0/gerbers.zip
YACCS-OLD/YACC1B/PCB/Working/Register-8-V3.0/gerbers/reg-board.cmp	archive/gen1-2015-2018/YACC1A1/PRODUCTION/REGISTER-PROD-V1.2/MODS/gerbers/reg-board.cmp	archive/gen1-2015-2018/YACC1B/PCB/Working/Register-8-V3.0/gerbers/reg-board.cmp
YACCS-OLD/YACC1B/PCB/Working/Register-8-V3.0/gerbers/reg-board.drd	archive/gen1-2015-2018/YACC1A1/PRODUCTION/REGISTER-PROD-V1.2/MODS/gerbers/reg-board.drd	archive/gen1-2015-2018/YACC1B/PCB/Working/Register-8-V3.0/gerbers/reg-board.drd
YACCS-OLD/YACC1B/PCB/Working/Register-8-V3.0/gerbers/reg-board.plc	archive/gen1-2015-2018/YACC1A1/PRODUCTION/REGISTER-PROD-V1.2/MODS/gerbers/reg-board.plc	archive/gen1-2015-2018/YACC1B/PCB/Working/Register-8-V3.0/gerbers/reg-board.plc
YACCS-OLD/YACC1B/PCB/Working/Register-8-V3.0/gerbers/reg-board.sol	archive/gen1-2015-2018/YACC1A1/PRODUCTION/REGISTER-PROD-V1.2/MODS/gerbers/reg-board.sol	archive/gen1-2015-2018/YACC1B/PCB/Working/Register-8-V3.0/gerbers/reg-board.sol
YACCS-OLD/YACC1B/PCB/Working/Register-8-V3.0/gerbers/reg-board.stc	archive/gen1-2015-2018/YACC1A1/PRODUCTION/REGISTER-PROD-V1.2/MODS/gerbers/reg-board.stc	archive/gen1-2015-2018/YACC1B/PCB/Working/Register-8-V3.0/gerbers/reg-board.stc
YACCS-OLD/YACC1B/PCB/Working/Register-8-V3.0/gerbers/reg-board.sts	archive/gen1-2015-2018/YACC1A1/PRODUCTION/REGISTER-PROD-V1.2/MODS/gerbers/reg-board.stc	archive/gen1-2015-2018/YACC1B/PCB/Working/Register-8-V3.0/gerbers/reg-board.sts
YACCS-OLD/YACC1B/PCB/Working/Register-8-V3.0/readme.rtf	archive/gen1-2015-2018/YACC1B/PCB/Working/Register-4-V3.0/readme.rtf	archive/gen1-2015-2018/YACC1B/PCB/Working/Register-8-V3.0/readme.rtf
YACCS-OLD/YACC1B/PCB/Working/Register-8-V3.0/reg-board.dri	archive/gen1-2015-2018/YACC1A1/PRODUCTION/REGISTER-PROD-V1.2/MODS/reg-board.dri	archive/gen1-2015-2018/YACC1B/PCB/Working/Register-8-V3.0/reg-board.dri
YACCS-OLD/YACC1B/PCB/Working/Register-8-V3.0/reg-board.gpi	archive/gen1-2015-2018/YACC1A1/PRODUCTION/REGISTER-PROD-V1.2/MODS/reg-board.gpi	archive/gen1-2015-2018/YACC1B/PCB/Working/Register-8-V3.0/reg-board.gpi
YACCS-OLD/YACC1B/PCB/Working/Register-8-V3.0/regsimple test.circ	archive/gen1-2015-2018/YACC1A1/Old/4 reg no inc-dec-PROD-V1.1/regsimple test.circ	archive/gen1-2015-2018/YACC1B/PCB/Working/Register-8-V3.0/regsimple test.circ
YACCS-OLD/YACC1B/PCB/yacc1 production/BUS-JUMPER-PROD-V1.0/new - bus 1.21/Bus Definition V1.2.brd	archive/gen1-2015-2018/YACC1A1/PRODUCTION/BUS-JUMPER-PROD-V1.0/new - bus 1.21/Bus Definition V1.2.brd	archive/gen1-2015-2018/YACC1B/PCB/yacc1 production/BUS-JUMPER-PROD-V1.0/new - bus 1.21/Bus Definition V1.2.brd
YACCS-OLD/YACC1B/PCB/yacc1 production/BUS-JUMPER-PROD-V1.0/new - bus 1.21/Bus Definition V1.2.dri	archive/gen1-2015-2018/YACC1A1/PRODUCTION/BUS-JUMPER-PROD-V1.0/new - bus 1.21/Bus Definition V1.2.dri	archive/gen1-2015-2018/YACC1B/PCB/yacc1 production/BUS-JUMPER-PROD-V1.0/new - bus 1.21/Bus Definition V1.2.dri
YACCS-OLD/YACC1B/PCB/yacc1 production/BUS-JUMPER-PROD-V1.0/new - bus 1.21/Bus Definition V1.2.gpi	archive/gen1-2015-2018/YACC1A1/PRODUCTION/BUS-JUMPER-PROD-V1.0/new - bus 1.21/Bus Definition V1.2.gpi	archive/gen1-2015-2018/YACC1B/PCB/yacc1 production/BUS-JUMPER-PROD-V1.0/new - bus 1.21/Bus Definition V1.2.gpi
YACCS-OLD/YACC1B/PCB/yacc1 production/BUS-JUMPER-PROD-V1.0/new - bus 1.21/Bus Definition V1.2.pdf	archive/gen1-2015-2018/YACC1A1/PRODUCTION/BUS-JUMPER-PROD-V1.0/new - bus 1.21/Bus Definition V1.2.pdf	archive/gen1-2015-2018/YACC1B/PCB/yacc1 production/BUS-JUMPER-PROD-V1.0/new - bus 1.21/Bus Definition V1.2.pdf
YACCS-OLD/YACC1B/PCB/yacc1 production/BUS-JUMPER-PROD-V1.0/new - bus 1.21/Bus Definition V1.2.pro	archive/gen1-2015-2018/YACC1A1/PRODUCTION/BUS-JUMPER-PROD-V1.0/new - bus 1.21/Bus Definition V1.2.pro	archive/gen1-2015-2018/YACC1B/PCB/yacc1 production/BUS-JUMPER-PROD-V1.0/new - bus 1.21/Bus Definition V1.2.pro
YACCS-OLD/YACC1B/PCB/yacc1 production/BUS-JUMPER-PROD-V1.0/new - bus 1.21/Bus Definition V1.2.sch	archive/gen1-2015-2018/YACC1A1/PRODUCTION/BUS-JUMPER-PROD-V1.0/new - bus 1.21/Bus Definition V1.2.sch	archive/gen1-2015-2018/YACC1B/PCB/yacc1 production/BUS-JUMPER-PROD-V1.0/new - bus 1.21/Bus Definition V1.2.sch
YACCS-OLD/YACC1B/PCB/yacc1 production/BUS-JUMPER-PROD-V1.0/new - bus 1.21/Bus Definition V1.2_00.pro	archive/gen1-2015-2018/YACC1A1/PRODUCTION/BUS-JUMPER-PROD-V1.0/new - bus 1.21/Bus Definition V1.2_00.pro	archive/gen1-2015-2018/YACC1B/PCB/yacc1 production/BUS-JUMPER-PROD-V1.0/new - bus 1.21/Bus Definition V1.2_00.pro
YACCS-OLD/YACC1B/PCB/yacc1 production/BUS-JUMPER-PROD-V1.0/new - bus 1.21/Bus Definition V1.2_01.pro	archive/gen1-2015-2018/YACC1A1/PRODUCTION/BUS-JUMPER-PROD-V1.0/new - bus 1.21/Bus Definition V1.2_01.pro	archive/gen1-2015-2018/YACC1B/PCB/yacc1 production/BUS-JUMPER-PROD-V1.0/new - bus 1.21/Bus Definition V1.2_01.pro
YACCS-OLD/YACC1B/PCB/yacc1 production/BUS-JUMPER-PROD-V1.0/new - bus 1.21/Bus Definition V1.2_02.pro	archive/gen1-2015-2018/YACC1A1/PRODUCTION/BUS-JUMPER-PROD-V1.0/new - bus 1.21/Bus Definition V1.2_02.pro	archive/gen1-2015-2018/YACC1B/PCB/yacc1 production/BUS-JUMPER-PROD-V1.0/new - bus 1.21/Bus Definition V1.2_02.pro
YACCS-OLD/YACC1B/PCB/yacc1 production/BUS-JUMPER-PROD-V1.0/new - bus 1.21/Bus Definition V1.2_03.pro	archive/gen1-2015-2018/YACC1A1/PRODUCTION/BUS-JUMPER-PROD-V1.0/new - bus 1.21/Bus Definition V1.2_03.pro	archive/gen1-2015-2018/YACC1B/PCB/yacc1 production/BUS-JUMPER-PROD-V1.0/new - bus 1.21/Bus Definition V1.2_03.pro
YACCS-OLD/YACC1B/PCB/yacc1 production/BUS-JUMPER-PROD-V1.0/new - bus 1.21/Bus Definition V1.2_04.pro	archive/gen1-2015-2018/YACC1A1/PRODUCTION/BUS-JUMPER-PROD-V1.0/new - bus 1.21/Bus Definition V1.2_04.pro	archive/gen1-2015-2018/YACC1B/PCB/yacc1 production/BUS-JUMPER-PROD-V1.0/new - bus 1.21/Bus Definition V1.2_04.pro
YACCS-OLD/YACC1B/PCB/yacc1 production/BUS-JUMPER-PROD-V1.0/new - bus 1.21/gerbers.zip	archive/gen1-2015-2018/YACC1A1/PRODUCTION/BUS-JUMPER-PROD-V1.0/new - bus 1.21/gerbers.zip	archive/gen1-2015-2018/YACC1B/PCB/yacc1 production/BUS-JUMPER-PROD-V1.0/new - bus 1.21/gerbers.zip
YACCS-OLD/YACC1B/PCB/yacc1 production/BUS-JUMPER-PROD-V1.0/new - bus 1.21/gerbers/Bus Definition V1.2.cmp	archive/gen1-2015-2018/YACC1A1/PRODUCTION/BUS-JUMPER-PROD-V1.0/new - bus 1.21/gerbers/Bus Definition V1.2.cmp	archive/gen1-2015-2018/YACC1B/PCB/yacc1 production/BUS-JUMPER-PROD-V1.0/new - bus 1.21/gerbers/Bus Definition V1.2.cmp
YACCS-OLD/YACC1B/PCB/yacc1 production/BUS-JUMPER-PROD-V1.0/new - bus 1.21/gerbers/Bus Definition V1.2.drd	archive/gen1-2015-2018/YACC1A1/PRODUCTION/BUS-JUMPER-PROD-V1.0/new - bus 1.21/gerbers/Bus Definition V1.2.drd	archive/gen1-2015-2018/YACC1B/PCB/yacc1 production/BUS-JUMPER-PROD-V1.0/new - bus 1.21/gerbers/Bus Definition V1.2.drd
YACCS-OLD/YACC1B/PCB/yacc1 production/BUS-JUMPER-PROD-V1.0/new - bus 1.21/gerbers/Bus Definition V1.2.plc	archive/gen1-2015-2018/YACC1A1/PRODUCTION/BUS-JUMPER-PROD-V1.0/new - bus 1.21/gerbers/Bus Definition V1.2.plc	archive/gen1-2015-2018/YACC1B/PCB/yacc1 production/BUS-JUMPER-PROD-V1.0/new - bus 1.21/gerbers/Bus Definition V1.2.plc
YACCS-OLD/YACC1B/PCB/yacc1 production/BUS-JUMPER-PROD-V1.0/new - bus 1.21/gerbers/Bus Definition V1.2.sol	archive/gen1-2015-2018/YACC1A1/PRODUCTION/BUS-JUMPER-PROD-V1.0/new - bus 1.21/gerbers/Bus Definition V1.2.sol	archive/gen1-2015-2018/YACC1B/PCB/yacc1 production/BUS-JUMPER-PROD-V1.0/new - bus 1.21/gerbers/Bus Definition V1.2.sol
YACCS-OLD/YACC1B/PCB/yacc1 production/BUS-JUMPER-PROD-V1.0/new - bus 1.21/gerbers/Bus Definition V1.2.stc	archive/gen1-2015-2018/YACC1A1/PRODUCTION/BUS-JUMPER-PROD-V1.0/new - bus 1.21/gerbers/Bus Definition V1.2.stc	archive/gen1-2015-2018/YACC1B/PCB/yacc1 production/BUS-JUMPER-PROD-V1.0/new - bus 1.21/gerbers/Bus Definition V1.2.stc
YACCS-OLD/YACC1B/PCB/yacc1 production/BUS-JUMPER-PROD-V1.0/new - bus 1.21/gerbers/Bus Definition V1.2.sts	archive/gen1-2015-2018/YACC1A1/PRODUCTION/BUS-JUMPER-PROD-V1.0/new - bus 1.21/gerbers/Bus Definition V1.2.stc	archive/gen1-2015-2018/YACC1B/PCB/yacc1 production/BUS-JUMPER-PROD-V1.0/new - bus 1.21/gerbers/Bus Definition V1.2.sts
YACCS-OLD/YACC1B/PCB/yacc1 production/BUS-JUMPER-PROD-V1.0/orig - bus 1.20/Bus Definition V1.2.brd	archive/gen1-2015-2018/YACC1A1/PRODUCTION/BUS-JUMPER-PROD-V1.0/orig - bus 1.20/Bus Definition V1.2.brd	archive/gen1-2015-2018/YACC1B/PCB/yacc1 production/BUS-JUMPER-PROD-V1.0/orig - bus 1.20/Bus Definition V1.2.brd
YACCS-OLD/YACC1B/PCB/yacc1 production/BUS-JUMPER-PROD-V1.0/orig - bus 1.20/Bus Definition V1.2.dri	archive/gen1-2015-2018/YACC1A1/PRODUCTION/BUS-JUMPER-PROD-V1.0/new - bus 1.21/Bus Definition V1.2.dri	archive/gen1-2015-2018/YACC1B/PCB/yacc1 production/BUS-JUMPER-PROD-V1.0/orig - bus 1.20/Bus Definition V1.2.dri
YACCS-OLD/YACC1B/PCB/yacc1 production/BUS-JUMPER-PROD-V1.0/orig - bus 1.20/Bus Definition V1.2.gpi	archive/gen1-2015-2018/YACC1A1/PRODUCTION/BUS-JUMPER-PROD-V1.0/new - bus 1.21/Bus Definition V1.2.gpi	archive/gen1-2015-2018/YACC1B/PCB/yacc1 production/BUS-JUMPER-PROD-V1.0/orig - bus 1.20/Bus Definition V1.2.gpi
YACCS-OLD/YACC1B/PCB/yacc1 production/BUS-JUMPER-PROD-V1.0/orig - bus 1.20/Bus Definition V1.2.pdf	archive/gen1-2015-2018/YACC1A1/PRODUCTION/BUS-JUMPER-PROD-V1.0/new - bus 1.21/Bus Definition V1.2.pdf	archive/gen1-2015-2018/YACC1B/PCB/yacc1 production/BUS-JUMPER-PROD-V1.0/orig - bus 1.20/Bus Definition V1.2.pdf
YACCS-OLD/YACC1B/PCB/yacc1 production/BUS-JUMPER-PROD-V1.0/orig - bus 1.20/Bus Definition V1.2.pro	archive/gen1-2015-2018/YACC1A1/PRODUCTION/BUS-JUMPER-PROD-V1.0/new - bus 1.21/Bus Definition V1.2.pro	archive/gen1-2015-2018/YACC1B/PCB/yacc1 production/BUS-JUMPER-PROD-V1.0/orig - bus 1.20/Bus Definition V1.2.pro
YACCS-OLD/YACC1B/PCB/yacc1 production/BUS-JUMPER-PROD-V1.0/orig - bus 1.20/Bus Definition V1.2.sch	archive/gen1-2015-2018/YACC1A1/PRODUCTION/BUS-JUMPER-PROD-V1.0/orig - bus 1.20/Bus Definition V1.2.sch	archive/gen1-2015-2018/YACC1B/PCB/yacc1 production/BUS-JUMPER-PROD-V1.0/orig - bus 1.20/Bus Definition V1.2.sch
YACCS-OLD/YACC1B/PCB/yacc1 production/BUS-JUMPER-PROD-V1.0/orig - bus 1.20/Bus Definition V1.2_00.pro	archive/gen1-2015-2018/YACC1A1/PRODUCTION/BUS-JUMPER-PROD-V1.0/new - bus 1.21/Bus Definition V1.2_00.pro	archive/gen1-2015-2018/YACC1B/PCB/yacc1 production/BUS-JUMPER-PROD-V1.0/orig - bus 1.20/Bus Definition V1.2_00.pro
YACCS-OLD/YACC1B/PCB/yacc1 production/BUS-JUMPER-PROD-V1.0/orig - bus 1.20/Bus Definition V1.2_01.pro	archive/gen1-2015-2018/YACC1A1/PRODUCTION/BUS-JUMPER-PROD-V1.0/new - bus 1.21/Bus Definition V1.2_01.pro	archive/gen1-2015-2018/YACC1B/PCB/yacc1 production/BUS-JUMPER-PROD-V1.0/orig - bus 1.20/Bus Definition V1.2_01.pro
YACCS-OLD/YACC1B/PCB/yacc1 production/BUS-JUMPER-PROD-V1.0/orig - bus 1.20/Bus Definition V1.2_02.pro	archive/gen1-2015-2018/YACC1A1/PRODUCTION/BUS-JUMPER-PROD-V1.0/new - bus 1.21/Bus Definition V1.2_02.pro	archive/gen1-2015-2018/YACC1B/PCB/yacc1 production/BUS-JUMPER-PROD-V1.0/orig - bus 1.20/Bus Definition V1.2_02.pro
YACCS-OLD/YACC1B/PCB/yacc1 production/BUS-JUMPER-PROD-V1.0/orig - bus 1.20/Bus Definition V1.2_03.pro	archive/gen1-2015-2018/YACC1A1/PRODUCTION/BUS-JUMPER-PROD-V1.0/new - bus 1.21/Bus Definition V1.2_03.pro	archive/gen1-2015-2018/YACC1B/PCB/yacc1 production/BUS-JUMPER-PROD-V1.0/orig - bus 1.20/Bus Definition V1.2_03.pro
YACCS-OLD/YACC1B/PCB/yacc1 production/BUS-JUMPER-PROD-V1.0/orig - bus 1.20/Bus Definition V1.2_04.pro	archive/gen1-2015-2018/YACC1A1/PRODUCTION/BUS-JUMPER-PROD-V1.0/new - bus 1.21/Bus Definition V1.2_04.pro	archive/gen1-2015-2018/YACC1B/PCB/yacc1 production/BUS-JUMPER-PROD-V1.0/orig - bus 1.20/Bus Definition V1.2_04.pro
YACCS-OLD/YACC1B/PCB/yacc1 production/BUS-JUMPER-PROD-V1.0/orig - bus 1.20/gerbers.zip	archive/gen1-2015-2018/YACC1A1/PRODUCTION/BUS-JUMPER-PROD-V1.0/new - bus 1.21/gerbers.zip	archive/gen1-2015-2018/YACC1B/PCB/yacc1 production/BUS-JUMPER-PROD-V1.0/orig - bus 1.20/gerbers.zip
YACCS-OLD/YACC1B/PCB/yacc1 production/BUS-JUMPER-PROD-V1.0/orig - bus 1.20/gerbers/Bus Definition V1.2.cmp	archive/gen1-2015-2018/YACC1A1/PRODUCTION/BUS-JUMPER-PROD-V1.0/new - bus 1.21/gerbers/Bus Definition V1.2.cmp	archive/gen1-2015-2018/YACC1B/PCB/yacc1 production/BUS-JUMPER-PROD-V1.0/orig - bus 1.20/gerbers/Bus Definition V1.2.cmp
YACCS-OLD/YACC1B/PCB/yacc1 production/BUS-JUMPER-PROD-V1.0/orig - bus 1.20/gerbers/Bus Definition V1.2.drd	archive/gen1-2015-2018/YACC1A1/PRODUCTION/BUS-JUMPER-PROD-V1.0/new - bus 1.21/gerbers/Bus Definition V1.2.drd	archive/gen1-2015-2018/YACC1B/PCB/yacc1 production/BUS-JUMPER-PROD-V1.0/orig - bus 1.20/gerbers/Bus Definition V1.2.drd
YACCS-OLD/YACC1B/PCB/yacc1 production/BUS-JUMPER-PROD-V1.0/orig - bus 1.20/gerbers/Bus Definition V1.2.plc	archive/gen1-2015-2018/YACC1A1/PRODUCTION/BUS-JUMPER-PROD-V1.0/new - bus 1.21/gerbers/Bus Definition V1.2.plc	archive/gen1-2015-2018/YACC1B/PCB/yacc1 production/BUS-JUMPER-PROD-V1.0/orig - bus 1.20/gerbers/Bus Definition V1.2.plc
YACCS-OLD/YACC1B/PCB/yacc1 production/BUS-JUMPER-PROD-V1.0/orig - bus 1.20/gerbers/Bus Definition V1.2.sol	archive/gen1-2015-2018/YACC1A1/PRODUCTION/BUS-JUMPER-PROD-V1.0/new - bus 1.21/gerbers/Bus Definition V1.2.sol	archive/gen1-2015-2018/YACC1B/PCB/yacc1 production/BUS-JUMPER-PROD-V1.0/orig - bus 1.20/gerbers/Bus Definition V1.2.sol
YACCS-OLD/YACC1B/PCB/yacc1 production/BUS-JUMPER-PROD-V1.0/orig - bus 1.20/gerbers/Bus Definition V1.2.stc	archive/gen1-2015-2018/YACC1A1/PRODUCTION/BUS-JUMPER-PROD-V1.0/new - bus 1.21/gerbers/Bus Definition V1.2.stc	archive/gen1-2015-2018/YACC1B/PCB/yacc1 production/BUS-JUMPER-PROD-V1.0/orig - bus 1.20/gerbers/Bus Definition V1.2.stc
YACCS-OLD/YACC1B/PCB/yacc1 production/BUS-JUMPER-PROD-V1.0/orig - bus 1.20/gerbers/Bus Definition V1.2.sts	archive/gen1-2015-2018/YACC1A1/PRODUCTION/BUS-JUMPER-PROD-V1.0/new - bus 1.21/gerbers/Bus Definition V1.2.stc	archive/gen1-2015-2018/YACC1B/PCB/yacc1 production/BUS-JUMPER-PROD-V1.0/orig - bus 1.20/gerbers/Bus Definition V1.2.sts
YACCS-OLD/YACC1B/PCB/yacc1 production/SEQUENCER-PROD-V1.0/LOGIC-V1.0/Sequencer-Logic-Prod-V1.0-1_03.job	archive/gen1-2015-2018/YACC1A1/PRODUCTION/SEQUENCER-LOGIC-V1.0/Sequencer-Logic-Prod-V1.0-1_03.job	archive/gen1-2015-2018/YACC1B/PCB/yacc1 production/SEQUENCER-PROD-V1.0/LOGIC-V1.0/Sequencer-Logic-Prod-V1.0-1_03.job
YACCS-OLD/YACC1B/PCB/yacc1 production/SEQUENCER-PROD-V1.0/LOGIC-V1.0/Sequencer-Logic-Prod-V1.0-3.brd	archive/gen1-2015-2018/YACC1A1/PRODUCTION/SEQUENCER-LOGIC-V1.0/Sequencer-Logic-Prod-V1.0-3.brd	archive/gen1-2015-2018/YACC1B/PCB/yacc1 production/SEQUENCER-PROD-V1.0/LOGIC-V1.0/Sequencer-Logic-Prod-V1.0-3.brd
YACCS-OLD/YACC1B/PCB/yacc1 production/SEQUENCER-PROD-V1.0/LOGIC-V1.0/Sequencer-Logic-Prod-V1.0-3.pdf	archive/gen1-2015-2018/YACC1A/PCB-PRODUCTION/SEQUENCER-PROD-V1.0/LOGIC-V1.0/Sequencer-Logic-Prod-V1.0-3.pdf	archive/gen1-2015-2018/YACC1B/PCB/yacc1 production/SEQUENCER-PROD-V1.0/LOGIC-V1.0/Sequencer-Logic-Prod-V1.0-3.pdf
YACCS-OLD/YACC1B/PCB/yacc1 production/SEQUENCER-PROD-V1.0/LOGIC-V1.0/Sequencer-Logic-Prod-V1.0-3.pro	archive/gen1-2015-2018/YACC1A1/PRODUCTION/SEQUENCER-LOGIC-V1.0/Sequencer-Logic-Prod-V1.0-3.pro	archive/gen1-2015-2018/YACC1B/PCB/yacc1 production/SEQUENCER-PROD-V1.0/LOGIC-V1.0/Sequencer-Logic-Prod-V1.0-3.pro
YACCS-OLD/YACC1B/PCB/yacc1 production/SEQUENCER-PROD-V1.0/LOGIC-V1.0/Sequencer-Logic-Prod-V1.0-3.sch	archive/gen1-2015-2018/YACC1A1/PRODUCTION/SEQUENCER-LOGIC-V1.0/Sequencer-Logic-Prod-V1.0-3.sch	archive/gen1-2015-2018/YACC1B/PCB/yacc1 production/SEQUENCER-PROD-V1.0/LOGIC-V1.0/Sequencer-Logic-Prod-V1.0-3.sch
YACCS-OLD/YACC1B/PCB/yacc1 production/SEQUENCER-PROD-V1.0/LOGIC-V1.0/gerbers.zip	archive/gen1-2015-2018/YACC1A1/PRODUCTION/SEQUENCER-LOGIC-V1.0/gerbers.zip	archive/gen1-2015-2018/YACC1B/PCB/yacc1 production/SEQUENCER-PROD-V1.0/LOGIC-V1.0/gerbers.zip
YACCS-OLD/YACC1B/PCB/yacc1 production/SEQUENCER-PROD-V1.0/LOGIC-V1.0/gerbers/Sequencer-Logic-Prod-V1.0-3.cmp	archive/gen1-2015-2018/YACC1A1/PRODUCTION/SEQUENCER-LOGIC-V1.0/gerbers/Sequencer-Logic-Prod-V1.0-3.cmp	archive/gen1-2015-2018/YACC1B/PCB/yacc1 production/SEQUENCER-PROD-V1.0/LOGIC-V1.0/gerbers/Sequencer-Logic-Prod-V1.0-3.cmp
YACCS-OLD/YACC1B/PCB/yacc1 production/SEQUENCER-PROD-V1.0/LOGIC-V1.0/gerbers/Sequencer-Logic-Prod-V1.0-3.drd	archive/gen1-2015-2018/YACC1A1/PRODUCTION/SEQUENCER-LOGIC-V1.0/gerbers/Sequencer-Logic-Prod-V1.0-3.drd	archive/gen1-2015-2018/YACC1B/PCB/yacc1 production/SEQUENCER-PROD-V1.0/LOGIC-V1.0/gerbers/Sequencer-Logic-Prod-V1.0-3.drd
YACCS-OLD/YACC1B/PCB/yacc1 production/SEQUENCER-PROD-V1.0/LOGIC-V1.0/gerbers/Sequencer-Logic-Prod-V1.0-3.dri	archive/gen1-2015-2018/YACC1A1/PRODUCTION/SEQUENCER-LOGIC-V1.0/gerbers/Sequencer-Logic-Prod-V1.0-3.dri	archive/gen1-2015-2018/YACC1B/PCB/yacc1 production/SEQUENCER-PROD-V1.0/LOGIC-V1.0/gerbers/Sequencer-Logic-Prod-V1.0-3.dri
YACCS-OLD/YACC1B/PCB/yacc1 production/SEQUENCER-PROD-V1.0/LOGIC-V1.0/gerbers/Sequencer-Logic-Prod-V1.0-3.l15	archive/gen1-2015-2018/YACC1A1/PRODUCTION/SEQUENCER-LOGIC-V1.0/gerbers/Sequencer-Logic-Prod-V1.0-3.l15	archive/gen1-2015-2018/YACC1B/PCB/yacc1 production/SEQUENCER-PROD-V1.0/LOGIC-V1.0/gerbers/Sequencer-Logic-Prod-V1.0-3.l15
YACCS-OLD/YACC1B/PCB/yacc1 production/SEQUENCER-PROD-V1.0/LOGIC-V1.0/gerbers/Sequencer-Logic-Prod-V1.0-3.ly2	archive/gen1-2015-2018/YACC1A1/PRODUCTION/SEQUENCER-LOGIC-V1.0/gerbers/Sequencer-Logic-Prod-V1.0-3.ly2	archive/gen1-2015-2018/YACC1B/PCB/yacc1 production/SEQUENCER-PROD-V1.0/LOGIC-V1.0/gerbers/Sequencer-Logic-Prod-V1.0-3.ly2
YACCS-OLD/YACC1B/PCB/yacc1 production/SEQUENCER-PROD-V1.0/LOGIC-V1.0/gerbers/Sequencer-Logic-Prod-V1.0-3.plc	archive/gen1-2015-2018/YACC1A1/PRODUCTION/SEQUENCER-LOGIC-V1.0/gerbers/Sequencer-Logic-Prod-V1.0-3.plc	archive/gen1-2015-2018/YACC1B/PCB/yacc1 production/SEQUENCER-PROD-V1.0/LOGIC-V1.0/gerbers/Sequencer-Logic-Prod-V1.0-3.plc
YACCS-OLD/YACC1B/PCB/yacc1 production/SEQUENCER-PROD-V1.0/LOGIC-V1.0/gerbers/Sequencer-Logic-Prod-V1.0-3.sol	archive/gen1-2015-2018/YACC1A1/PRODUCTION/SEQUENCER-LOGIC-V1.0/gerbers/Sequencer-Logic-Prod-V1.0-3.sol	archive/gen1-2015-2018/YACC1B/PCB/yacc1 production/SEQUENCER-PROD-V1.0/LOGIC-V1.0/gerbers/Sequencer-Logic-Prod-V1.0-3.sol
YACCS-OLD/YACC1B/PCB/yacc1 production/SEQUENCER-PROD-V1.0/LOGIC-V1.0/gerbers/Sequencer-Logic-Prod-V1.0-3.stc	archive/gen1-2015-2018/YACC1A1/PRODUCTION/SEQUENCER-LOGIC-V1.0/gerbers/Sequencer-Logic-Prod-V1.0-3.stc	archive/gen1-2015-2018/YACC1B/PCB/yacc1 production/SEQUENCER-PROD-V1.0/LOGIC-V1.0/gerbers/Sequencer-Logic-Prod-V1.0-3.stc
YACCS-OLD/YACC1B/PCB/yacc1 production/SEQUENCER-PROD-V1.0/LOGIC-V1.0/gerbers/Sequencer-Logic-Prod-V1.0-3.sts	archive/gen1-2015-2018/YACC1A1/PRODUCTION/SEQUENCER-LOGIC-V1.0/gerbers/Sequencer-Logic-Prod-V1.0-3.sts	archive/gen1-2015-2018/YACC1B/PCB/yacc1 production/SEQUENCER-PROD-V1.0/LOGIC-V1.0/gerbers/Sequencer-Logic-Prod-V1.0-3.sts
YACCS-OLD/YACC1B/PCB/yacc1 production/SEQUENCER-PROD-V1.0/MEMORY-V1.0/new - bus 1.21/Sequencer-Memory-V1.0-3.brd	archive/gen1-2015-2018/YACC1A1/PRODUCTION/SEQUENCER-MEMORY-Prod-V1.0/new - bus 1.21/Sequencer-Memory-V1.0-3.brd	archive/gen1-2015-2018/YACC1B/PCB/yacc1 production/SEQUENCER-PROD-V1.0/MEMORY-V1.0/new - bus 1.21/Sequencer-Memory-V1.0-3.brd
YACCS-OLD/YACC1B/PCB/yacc1 production/SEQUENCER-PROD-V1.0/MEMORY-V1.0/new - bus 1.21/Sequencer-Memory-V1.0-3.dri	archive/gen1-2015-2018/YACC1A1/PRODUCTION/SEQUENCER-MEMORY-Prod-V1.0/new - bus 1.21/Sequencer-Memory-V1.0-3.dri	archive/gen1-2015-2018/YACC1B/PCB/yacc1 production/SEQUENCER-PROD-V1.0/MEMORY-V1.0/new - bus 1.21/Sequencer-Memory-V1.0-3.dri
YACCS-OLD/YACC1B/PCB/yacc1 production/SEQUENCER-PROD-V1.0/MEMORY-V1.0/new - bus 1.21/Sequencer-Memory-V1.0-3.gpi	archive/gen1-2015-2018/YACC1A1/PRODUCTION/SEQUENCER-MEMORY-Prod-V1.0/new - bus 1.21/Sequencer-Memory-V1.0-3.gpi	archive/gen1-2015-2018/YACC1B/PCB/yacc1 production/SEQUENCER-PROD-V1.0/MEMORY-V1.0/new - bus 1.21/Sequencer-Memory-V1.0-3.gpi
YACCS-OLD/YACC1B/PCB/yacc1 production/SEQUENCER-PROD-V1.0/MEMORY-V1.0/new - bus 1.21/Sequencer-Memory-V1.0-3.pro	archive/gen1-2015-2018/YACC1A1/PRODUCTION/SEQUENCER-MEMORY-Prod-V1.0/new - bus 1.21/Sequencer-Memory-V1.0-3.pro	archive/gen1-2015-2018/YACC1B/PCB/yacc1 production/SEQUENCER-PROD-V1.0/MEMORY-V1.0/new - bus 1.21/Sequencer-Memory-V1.0-3.pro
YACCS-OLD/YACC1B/PCB/yacc1 production/SEQUENCER-PROD-V1.0/MEMORY-V1.0/new - bus 1.21/Sequencer-Memory-V1.0-3.sch	archive/gen1-2015-2018/YACC1A1/PRODUCTION/SEQUENCER-MEMORY-Prod-V1.0/new - bus 1.21/Sequencer-Memory-V1.0-3.sch	archive/gen1-2015-2018/YACC1B/PCB/yacc1 production/SEQUENCER-PROD-V1.0/MEMORY-V1.0/new - bus 1.21/Sequencer-Memory-V1.0-3.sch
YACCS-OLD/YACC1B/PCB/yacc1 production/SEQUENCER-PROD-V1.0/MEMORY-V1.0/new - bus 1.21/gerbers.zip	archive/gen1-2015-2018/YACC1A1/PRODUCTION/SEQUENCER-MEMORY-Prod-V1.0/new - bus 1.21/gerbers.zip	archive/gen1-2015-2018/YACC1B/PCB/yacc1 production/SEQUENCER-PROD-V1.0/MEMORY-V1.0/new - bus 1.21/gerbers.zip
YACCS-OLD/YACC1B/PCB/yacc1 production/SEQUENCER-PROD-V1.0/MEMORY-V1.0/new - bus 1.21/gerbers/Sequencer-Memory-V1.0-3.cmp	archive/gen1-2015-2018/YACC1A1/PRODUCTION/SEQUENCER-MEMORY-Prod-V1.0/new - bus 1.21/gerbers/Sequencer-Memory-V1.0-3.cmp	archive/gen1-2015-2018/YACC1B/PCB/yacc1 production/SEQUENCER-PROD-V1.0/MEMORY-V1.0/new - bus 1.21/gerbers/Sequencer-Memory-V1.0-3.cmp
YACCS-OLD/YACC1B/PCB/yacc1 production/SEQUENCER-PROD-V1.0/MEMORY-V1.0/new - bus 1.21/gerbers/Sequencer-Memory-V1.0-3.drd	archive/gen1-2015-2018/YACC1A1/PRODUCTION/SEQUENCER-MEMORY-Prod-V1.0/new - bus 1.21/gerbers/Sequencer-Memory-V1.0-3.drd	archive/gen1-2015-2018/YACC1B/PCB/yacc1 production/SEQUENCER-PROD-V1.0/MEMORY-V1.0/new - bus 1.21/gerbers/Sequencer-Memory-V1.0-3.drd
YACCS-OLD/YACC1B/PCB/yacc1 production/SEQUENCER-PROD-V1.0/MEMORY-V1.0/new - bus 1.21/gerbers/Sequencer-Memory-V1.0-3.plc	archive/gen1-2015-2018/YACC1A1/PRODUCTION/SEQUENCER-MEMORY-Prod-V1.0/new - bus 1.21/gerbers/Sequencer-Memory-V1.0-3.plc	archive/gen1-2015-2018/YACC1B/PCB/yacc1 production/SEQUENCER-PROD-V1.0/MEMORY-V1.0/new - bus 1.21/gerbers/Sequencer-Memory-V1.0-3.plc
YACCS-OLD/YACC1B/PCB/yacc1 production/SEQUENCER-PROD-V1.0/MEMORY-V1.0/new - bus 1.21/gerbers/Sequencer-Memory-V1.0-3.sol	archive/gen1-2015-2018/YACC1A1/PRODUCTION/SEQUENCER-MEMORY-Prod-V1.0/new - bus 1.21/gerbers/Sequencer-Memory-V1.0-3.sol	archive/gen1-2015-2018/YACC1B/PCB/yacc1 production/SEQUENCER-PROD-V1.0/MEMORY-V1.0/new - bus 1.21/gerbers/Sequencer-Memory-V1.0-3.sol
YACCS-OLD/YACC1B/PCB/yacc1 production/SEQUENCER-PROD-V1.0/MEMORY-V1.0/new - bus 1.21/gerbers/Sequencer-Memory-V1.0-3.stc	archive/gen1-2015-2018/YACC1A1/PRODUCTION/SEQUENCER-MEMORY-Prod-V1.0/new - bus 1.21/gerbers/Sequencer-Memory-V1.0-3.stc	archive/gen1-2015-2018/YACC1B/PCB/yacc1 production/SEQUENCER-PROD-V1.0/MEMORY-V1.0/new - bus 1.21/gerbers/Sequencer-Memory-V1.0-3.stc
YACCS-OLD/YACC1B/PCB/yacc1 production/SEQUENCER-PROD-V1.0/MEMORY-V1.0/new - bus 1.21/gerbers/Sequencer-Memory-V1.0-3.sts	archive/gen1-2015-2018/YACC1A1/PRODUCTION/SEQUENCER-MEMORY-Prod-V1.0/new - bus 1.21/gerbers/Sequencer-Memory-V1.0-3.sts	archive/gen1-2015-2018/YACC1B/PCB/yacc1 production/SEQUENCER-PROD-V1.0/MEMORY-V1.0/new - bus 1.21/gerbers/Sequencer-Memory-V1.0-3.sts
YACCS-OLD/YACC1B/PCB/yacc1 production/SEQUENCER-PROD-V1.0/MEMORY-V1.0/new - bus 1.2?/Sequencer-Memory-V1.0-3.brd	archive/gen1-2015-2018/YACC1A1/PRODUCTION/SEQUENCER-MEMORY-Prod-V1.0/untitled folder/Sequencer-Memory-V1.0-3.brd	archive/gen1-2015-2018/YACC1B/PCB/yacc1 production/SEQUENCER-PROD-V1.0/MEMORY-V1.0/new - bus 1.2?/Sequencer-Memory-V1.0-3.brd
YACCS-OLD/YACC1B/PCB/yacc1 production/SEQUENCER-PROD-V1.0/MEMORY-V1.0/new - bus 1.2?/Sequencer-Memory-V1.0-3.dri	archive/gen1-2015-2018/YACC1A1/PRODUCTION/SEQUENCER-MEMORY-Prod-V1.0/new - bus 1.21/Sequencer-Memory-V1.0-3.dri	archive/gen1-2015-2018/YACC1B/PCB/yacc1 production/SEQUENCER-PROD-V1.0/MEMORY-V1.0/new - bus 1.2?/Sequencer-Memory-V1.0-3.dri
YACCS-OLD/YACC1B/PCB/yacc1 production/SEQUENCER-PROD-V1.0/MEMORY-V1.0/new - bus 1.2?/Sequencer-Memory-V1.0-3.gpi	archive/gen1-2015-2018/YACC1A1/PRODUCTION/SEQUENCER-MEMORY-Prod-V1.0/new - bus 1.21/Sequencer-Memory-V1.0-3.gpi	archive/gen1-2015-2018/YACC1B/PCB/yacc1 production/SEQUENCER-PROD-V1.0/MEMORY-V1.0/new - bus 1.2?/Sequencer-Memory-V1.0-3.gpi
YACCS-OLD/YACC1B/PCB/yacc1 production/SEQUENCER-PROD-V1.0/MEMORY-V1.0/new - bus 1.2?/Sequencer-Memory-V1.0-3.pdf	archive/gen1-2015-2018/YACC1A/PCB-PRODUCTION/SEQUENCER-PROD-V1.0/MEMORY-V1.0/new - bus 1.2?/Sequencer-Memory-V1.0-3.pdf	archive/gen1-2015-2018/YACC1B/PCB/yacc1 production/SEQUENCER-PROD-V1.0/MEMORY-V1.0/new - bus 1.2?/Sequencer-Memory-V1.0-3.pdf
YACCS-OLD/YACC1B/PCB/yacc1 production/SEQUENCER-PROD-V1.0/MEMORY-V1.0/new - bus 1.2?/Sequencer-Memory-V1.0-3.pro	archive/gen1-2015-2018/YACC1A1/PRODUCTION/SEQUENCER-MEMORY-Prod-V1.0/untitled folder/Sequencer-Memory-V1.0-3.pro	archive/gen1-2015-2018/YACC1B/PCB/yacc1 production/SEQUENCER-PROD-V1.0/MEMORY-V1.0/new - bus 1.2?/Sequencer-Memory-V1.0-3.pro
YACCS-OLD/YACC1B/PCB/yacc1 production/SEQUENCER-PROD-V1.0/MEMORY-V1.0/new - bus 1.2?/Sequencer-Memory-V1.0-3.sch	archive/gen1-2015-2018/YACC1A1/PRODUCTION/SEQUENCER-MEMORY-Prod-V1.0/untitled folder/Sequencer-Memory-V1.0-3.sch	archive/gen1-2015-2018/YACC1B/PCB/yacc1 production/SEQUENCER-PROD-V1.0/MEMORY-V1.0/new - bus 1.2?/Sequencer-Memory-V1.0-3.sch
YACCS-OLD/YACC1B/PCB/yacc1 production/SEQUENCER-PROD-V1.0/MEMORY-V1.0/new - bus 1.2?/gerbers.zip	archive/gen1-2015-2018/YACC1A1/PRODUCTION/SEQUENCER-MEMORY-Prod-V1.0/new - bus 1.21/gerbers.zip	archive/gen1-2015-2018/YACC1B/PCB/yacc1 production/SEQUENCER-PROD-V1.0/MEMORY-V1.0/new - bus 1.2?/gerbers.zip
YACCS-OLD/YACC1B/PCB/yacc1 production/SEQUENCER-PROD-V1.0/MEMORY-V1.0/new - bus 1.2?/gerbers/Sequencer-Memory-V1.0-3.cmp	archive/gen1-2015-2018/YACC1A1/PRODUCTION/SEQUENCER-MEMORY-Prod-V1.0/new - bus 1.21/gerbers/Sequencer-Memory-V1.0-3.cmp	archive/gen1-2015-2018/YACC1B/PCB/yacc1 production/SEQUENCER-PROD-V1.0/MEMORY-V1.0/new - bus 1.2?/gerbers/Sequencer-Memory-V1.0-3.cmp
YACCS-OLD/YACC1B/PCB/yacc1 production/SEQUENCER-PROD-V1.0/MEMORY-V1.0/new - bus 1.2?/gerbers/Sequencer-Memory-V1.0-3.drd	archive/gen1-2015-2018/YACC1A1/PRODUCTION/SEQUENCER-MEMORY-Prod-V1.0/new - bus 1.21/gerbers/Sequencer-Memory-V1.0-3.drd	archive/gen1-2015-2018/YACC1B/PCB/yacc1 production/SEQUENCER-PROD-V1.0/MEMORY-V1.0/new - bus 1.2?/gerbers/Sequencer-Memory-V1.0-3.drd
YACCS-OLD/YACC1B/PCB/yacc1 production/SEQUENCER-PROD-V1.0/MEMORY-V1.0/new - bus 1.2?/gerbers/Sequencer-Memory-V1.0-3.plc	archive/gen1-2015-2018/YACC1A1/PRODUCTION/SEQUENCER-MEMORY-Prod-V1.0/new - bus 1.21/gerbers/Sequencer-Memory-V1.0-3.plc	archive/gen1-2015-2018/YACC1B/PCB/yacc1 production/SEQUENCER-PROD-V1.0/MEMORY-V1.0/new - bus 1.2?/gerbers/Sequencer-Memory-V1.0-3.plc
YACCS-OLD/YACC1B/PCB/yacc1 production/SEQUENCER-PROD-V1.0/MEMORY-V1.0/new - bus 1.2?/gerbers/Sequencer-Memory-V1.0-3.sol	archive/gen1-2015-2018/YACC1A1/PRODUCTION/SEQUENCER-MEMORY-Prod-V1.0/new - bus 1.21/gerbers/Sequencer-Memory-V1.0-3.sol	archive/gen1-2015-2018/YACC1B/PCB/yacc1 production/SEQUENCER-PROD-V1.0/MEMORY-V1.0/new - bus 1.2?/gerbers/Sequencer-Memory-V1.0-3.sol
YACCS-OLD/YACC1B/PCB/yacc1 production/SEQUENCER-PROD-V1.0/MEMORY-V1.0/new - bus 1.2?/gerbers/Sequencer-Memory-V1.0-3.stc	archive/gen1-2015-2018/YACC1A1/PRODUCTION/SEQUENCER-MEMORY-Prod-V1.0/new - bus 1.21/gerbers/Sequencer-Memory-V1.0-3.stc	archive/gen1-2015-2018/YACC1B/PCB/yacc1 production/SEQUENCER-PROD-V1.0/MEMORY-V1.0/new - bus 1.2?/gerbers/Sequencer-Memory-V1.0-3.stc
YACCS-OLD/YACC1B/PCB/yacc1 production/SEQUENCER-PROD-V1.0/MEMORY-V1.0/new - bus 1.2?/gerbers/Sequencer-Memory-V1.0-3.sts	archive/gen1-2015-2018/YACC1A1/PRODUCTION/SEQUENCER-MEMORY-Prod-V1.0/new - bus 1.21/gerbers/Sequencer-Memory-V1.0-3.sts	archive/gen1-2015-2018/YACC1B/PCB/yacc1 production/SEQUENCER-PROD-V1.0/MEMORY-V1.0/new - bus 1.2?/gerbers/Sequencer-Memory-V1.0-3.sts
YACCS-OLD/YACC1B/PCB/yacc1 production/SEQUENCER-PROD-V1.0/MEMORY-V1.0/orig - bus 1.20/Sequencer-Memory-V1.0-1.brd	archive/gen1-2015-2018/YACC1A1/PRODUCTION/SEQUENCER-MEMORY-Prod-V1.0/orig - bus 1.20/Sequencer-Memory-V1.0-1.brd	archive/gen1-2015-2018/YACC1B/PCB/yacc1 production/SEQUENCER-PROD-V1.0/MEMORY-V1.0/orig - bus 1.20/Sequencer-Memory-V1.0-1.brd
YACCS-OLD/YACC1B/PCB/yacc1 production/SEQUENCER-PROD-V1.0/MEMORY-V1.0/orig - bus 1.20/Sequencer-Memory-V1.0-1.pro	archive/gen1-2015-2018/YACC1A1/PRODUCTION/SEQUENCER-MEMORY-Prod-V1.0/orig - bus 1.20/Sequencer-Memory-V1.0-1.pro	archive/gen1-2015-2018/YACC1B/PCB/yacc1 production/SEQUENCER-PROD-V1.0/MEMORY-V1.0/orig - bus 1.20/Sequencer-Memory-V1.0-1.pro
YACCS-OLD/YACC1B/PCB/yacc1 production/SEQUENCER-PROD-V1.0/MEMORY-V1.0/orig - bus 1.20/Sequencer-Memory-V1.0-1.sch	archive/gen1-2015-2018/YACC1A1/PRODUCTION/SEQUENCER-MEMORY-Prod-V1.0/orig - bus 1.20/Sequencer-Memory-V1.0-1.sch	archive/gen1-2015-2018/YACC1B/PCB/yacc1 production/SEQUENCER-PROD-V1.0/MEMORY-V1.0/orig - bus 1.20/Sequencer-Memory-V1.0-1.sch
YACCS-OLD/YACC1B/PCB/yacc1 production/SEQUENCER-PROD-V1.0/MEMORY-V1.0/orig - bus 1.20/Sequencer-Memory-V1.0-2.brd	archive/gen1-2015-2018/YACC1A1/PRODUCTION/SEQUENCER-MEMORY-Prod-V1.0/orig - bus 1.20/Sequencer-Memory-V1.0-2.brd	archive/gen1-2015-2018/YACC1B/PCB/yacc1 production/SEQUENCER-PROD-V1.0/MEMORY-V1.0/orig - bus 1.20/Sequencer-Memory-V1.0-2.brd
YACCS-OLD/YACC1B/PCB/yacc1 production/SEQUENCER-PROD-V1.0/MEMORY-V1.0/orig - bus 1.20/Sequencer-Memory-V1.0-2.pro	archive/gen1-2015-2018/YACC1A1/PRODUCTION/SEQUENCER-MEMORY-Prod-V1.0/orig - bus 1.20/Sequencer-Memory-V1.0-2.pro	archive/gen1-2015-2018/YACC1B/PCB/yacc1 production/SEQUENCER-PROD-V1.0/MEMORY-V1.0/orig - bus 1.20/Sequencer-Memory-V1.0-2.pro
YACCS-OLD/YACC1B/PCB/yacc1 production/SEQUENCER-PROD-V1.0/MEMORY-V1.0/orig - bus 1.20/Sequencer-Memory-V1.0-2.sch	archive/gen1-2015-2018/YACC1A1/PRODUCTION/SEQUENCER-MEMORY-Prod-V1.0/orig - bus 1.20/Sequencer-Memory-V1.0-2.sch	archive/gen1-2015-2018/YACC1B/PCB/yacc1 production/SEQUENCER-PROD-V1.0/MEMORY-V1.0/orig - bus 1.20/Sequencer-Memory-V1.0-2.sch
YACCS-OLD/YACC1B/PCB/yacc1 production/SEQUENCER-PROD-V1.0/MEMORY-V1.0/orig - bus 1.20/Sequencer-Memory-V1.0-3 2.brd	archive/gen1-2015-2018/YACC1A1/PRODUCTION/SEQUENCER-MEMORY-Prod-V1.0/orig - bus 1.20/Sequencer-Memory-V1.0-3 2.brd	archive/gen1-2015-2018/YACC1B/PCB/yacc1 production/SEQUENCER-PROD-V1.0/MEMORY-V1.0/orig - bus 1.20/Sequencer-Memory-V1.0-3 2.brd
YACCS-OLD/YACC1B/PCB/yacc1 production/SEQUENCER-PROD-V1.0/MEMORY-V1.0/orig - bus 1.20/Sequencer-Memory-V1.0-3.brd	archive/gen1-2015-2018/YACC1A1/PRODUCTION/SEQUENCER-MEMORY-Prod-V1.0/orig - bus 1.20/Sequencer-Memory-V1.0-3.brd	archive/gen1-2015-2018/YACC1B/PCB/yacc1 production/SEQUENCER-PROD-V1.0/MEMORY-V1.0/orig - bus 1.20/Sequencer-Memory-V1.0-3.brd
YACCS-OLD/YACC1B/PCB/yacc1 production/SEQUENCER-PROD-V1.0/MEMORY-V1.0/orig - bus 1.20/Sequencer-Memory-V1.0-3.dri	archive/gen1-2015-2018/YACC1A1/PRODUCTION/SEQUENCER-MEMORY-Prod-V1.0/new - bus 1.21/Sequencer-Memory-V1.0-3.dri	archive/gen1-2015-2018/YACC1B/PCB/yacc1 production/SEQUENCER-PROD-V1.0/MEMORY-V1.0/orig - bus 1.20/Sequencer-Memory-V1.0-3.dri
YACCS-OLD/YACC1B/PCB/yacc1 production/SEQUENCER-PROD-V1.0/MEMORY-V1.0/orig - bus 1.20/Sequencer-Memory-V1.0-3.gpi	archive/gen1-2015-2018/YACC1A1/PRODUCTION/SEQUENCER-MEMORY-Prod-V1.0/new - bus 1.21/Sequencer-Memory-V1.0-3.gpi	archive/gen1-2015-2018/YACC1B/PCB/yacc1 production/SEQUENCER-PROD-V1.0/MEMORY-V1.0/orig - bus 1.20/Sequencer-Memory-V1.0-3.gpi
YACCS-OLD/YACC1B/PCB/yacc1 production/SEQUENCER-PROD-V1.0/MEMORY-V1.0/orig - bus 1.20/Sequencer-Memory-V1.0-3.pro	archive/gen1-2015-2018/YACC1A1/PRODUCTION/SEQUENCER-MEMORY-Prod-V1.0/new - bus 1.21/Sequencer-Memory-V1.0-3.pro	archive/gen1-2015-2018/YACC1B/PCB/yacc1 production/SEQUENCER-PROD-V1.0/MEMORY-V1.0/orig - bus 1.20/Sequencer-Memory-V1.0-3.pro
YACCS-OLD/YACC1B/PCB/yacc1 production/SEQUENCER-PROD-V1.0/MEMORY-V1.0/orig - bus 1.20/Sequencer-Memory-V1.0-3.sch	archive/gen1-2015-2018/YACC1A1/PRODUCTION/SEQUENCER-MEMORY-Prod-V1.0/orig - bus 1.20/Sequencer-Memory-V1.0-3.sch	archive/gen1-2015-2018/YACC1B/PCB/yacc1 production/SEQUENCER-PROD-V1.0/MEMORY-V1.0/orig - bus 1.20/Sequencer-Memory-V1.0-3.sch
YACCS-OLD/YACC1B/PCB/yacc1 production/SEQUENCER-PROD-V1.0/MEMORY-V1.0/orig - bus 1.20/Sequencer-Memory-V1.0.sch	archive/gen1-2015-2018/YACC1A1/PRODUCTION/SEQUENCER-MEMORY-Prod-V1.0/orig - bus 1.20/Sequencer-Memory-V1.0.sch	archive/gen1-2015-2018/YACC1B/PCB/yacc1 production/SEQUENCER-PROD-V1.0/MEMORY-V1.0/orig - bus 1.20/Sequencer-Memory-V1.0.sch
YACCS-OLD/YACC1B/PCB/yacc1 production/SEQUENCER-PROD-V1.0/MEMORY-V1.0/orig - bus 1.20/gerbers.zip	archive/gen1-2015-2018/YACC1A1/PRODUCTION/SEQUENCER-MEMORY-Prod-V1.0/new - bus 1.21/gerbers.zip	archive/gen1-2015-2018/YACC1B/PCB/yacc1 production/SEQUENCER-PROD-V1.0/MEMORY-V1.0/orig - bus 1.20/gerbers.zip
YACCS-OLD/YACC1B/PCB/yacc1 production/SEQUENCER-PROD-V1.0/MEMORY-V1.0/orig - bus 1.20/gerbers/Sequencer-Memory-V1.0-3.cmp	archive/gen1-2015-2018/YACC1A1/PRODUCTION/SEQUENCER-MEMORY-Prod-V1.0/new - bus 1.21/gerbers/Sequencer-Memory-V1.0-3.cmp	archive/gen1-2015-2018/YACC1B/PCB/yacc1 production/SEQUENCER-PROD-V1.0/MEMORY-V1.0/orig - bus 1.20/gerbers/Sequencer-Memory-V1.0-3.cmp
YACCS-OLD/YACC1B/PCB/yacc1 production/SEQUENCER-PROD-V1.0/MEMORY-V1.0/orig - bus 1.20/gerbers/Sequencer-Memory-V1.0-3.drd	archive/gen1-2015-2018/YACC1A1/PRODUCTION/SEQUENCER-MEMORY-Prod-V1.0/new - bus 1.21/gerbers/Sequencer-Memory-V1.0-3.drd	archive/gen1-2015-2018/YACC1B/PCB/yacc1 production/SEQUENCER-PROD-V1.0/MEMORY-V1.0/orig - bus 1.20/gerbers/Sequencer-Memory-V1.0-3.drd
YACCS-OLD/YACC1B/PCB/yacc1 production/SEQUENCER-PROD-V1.0/MEMORY-V1.0/orig - bus 1.20/gerbers/Sequencer-Memory-V1.0-3.plc	archive/gen1-2015-2018/YACC1A1/PRODUCTION/SEQUENCER-MEMORY-Prod-V1.0/new - bus 1.21/gerbers/Sequencer-Memory-V1.0-3.plc	archive/gen1-2015-2018/YACC1B/PCB/yacc1 production/SEQUENCER-PROD-V1.0/MEMORY-V1.0/orig - bus 1.20/gerbers/Sequencer-Memory-V1.0-3.plc
YACCS-OLD/YACC1B/PCB/yacc1 production/SEQUENCER-PROD-V1.0/MEMORY-V1.0/orig - bus 1.20/gerbers/Sequencer-Memory-V1.0-3.sol	archive/gen1-2015-2018/YACC1A1/PRODUCTION/SEQUENCER-MEMORY-Prod-V1.0/new - bus 1.21/gerbers/Sequencer-Memory-V1.0-3.sol	archive/gen1-2015-2018/YACC1B/PCB/yacc1 production/SEQUENCER-PROD-V1.0/MEMORY-V1.0/orig - bus 1.20/gerbers/Sequencer-Memory-V1.0-3.sol
YACCS-OLD/YACC1B/PCB/yacc1 production/SEQUENCER-PROD-V1.0/MEMORY-V1.0/orig - bus 1.20/gerbers/Sequencer-Memory-V1.0-3.stc	archive/gen1-2015-2018/YACC1A1/PRODUCTION/SEQUENCER-MEMORY-Prod-V1.0/new - bus 1.21/gerbers/Sequencer-Memory-V1.0-3.stc	archive/gen1-2015-2018/YACC1B/PCB/yacc1 production/SEQUENCER-PROD-V1.0/MEMORY-V1.0/orig - bus 1.20/gerbers/Sequencer-Memory-V1.0-3.stc
YACCS-OLD/YACC1B/PCB/yacc1 production/SEQUENCER-PROD-V1.0/MEMORY-V1.0/orig - bus 1.20/gerbers/Sequencer-Memory-V1.0-3.sts	archive/gen1-2015-2018/YACC1A1/PRODUCTION/SEQUENCER-MEMORY-Prod-V1.0/new - bus 1.21/gerbers/Sequencer-Memory-V1.0-3.sts	archive/gen1-2015-2018/YACC1B/PCB/yacc1 production/SEQUENCER-PROD-V1.0/MEMORY-V1.0/orig - bus 1.20/gerbers/Sequencer-Memory-V1.0-3.sts
YACCS-OLD/YACC1B/PCB/yacc1 working/Bus-Jumper-V1.1/Bus Definition V1.2.brd	archive/gen1-2015-2018/YACC1A1/PRODUCTION/BUS-JUMPER-PROD-V1.0/orig - bus 1.20/Bus Definition V1.2.brd	archive/gen1-2015-2018/YACC1B/PCB/yacc1 working/Bus-Jumper-V1.1/Bus Definition V1.2.brd
YACCS-OLD/YACC1B/PCB/yacc1 working/Bus-Jumper-V1.1/Bus Definition V1.2.dri	archive/gen1-2015-2018/YACC1A1/PRODUCTION/BUS-JUMPER-PROD-V1.0/new - bus 1.21/Bus Definition V1.2.dri	archive/gen1-2015-2018/YACC1B/PCB/yacc1 working/Bus-Jumper-V1.1/Bus Definition V1.2.dri
YACCS-OLD/YACC1B/PCB/yacc1 working/Bus-Jumper-V1.1/Bus Definition V1.2.gpi	archive/gen1-2015-2018/YACC1A1/PRODUCTION/BUS-JUMPER-PROD-V1.0/new - bus 1.21/Bus Definition V1.2.gpi	archive/gen1-2015-2018/YACC1B/PCB/yacc1 working/Bus-Jumper-V1.1/Bus Definition V1.2.gpi
YACCS-OLD/YACC1B/PCB/yacc1 working/Bus-Jumper-V1.1/Bus Definition V1.2.pro	archive/gen1-2015-2018/YACC1A1/PRODUCTION/BUS-JUMPER-PROD-V1.0/new - bus 1.21/Bus Definition V1.2.pro	archive/gen1-2015-2018/YACC1B/PCB/yacc1 working/Bus-Jumper-V1.1/Bus Definition V1.2.pro
YACCS-OLD/YACC1B/PCB/yacc1 working/Bus-Jumper-V1.1/Bus Definition V1.2.sch	archive/gen1-2015-2018/YACC1A1/PRODUCTION/BUS-JUMPER-PROD-V1.0/orig - bus 1.20/Bus Definition V1.2.sch	archive/gen1-2015-2018/YACC1B/PCB/yacc1 working/Bus-Jumper-V1.1/Bus Definition V1.2.sch
YACCS-OLD/YACC1B/PCB/yacc1 working/Bus-Jumper-V1.1/Bus Definition V1.2_00.pro	archive/gen1-2015-2018/YACC1A1/PRODUCTION/BUS-JUMPER-PROD-V1.0/new - bus 1.21/Bus Definition V1.2_00.pro	archive/gen1-2015-2018/YACC1B/PCB/yacc1 working/Bus-Jumper-V1.1/Bus Definition V1.2_00.pro
YACCS-OLD/YACC1B/PCB/yacc1 working/Bus-Jumper-V1.1/Bus Definition V1.2_01.pro	archive/gen1-2015-2018/YACC1A1/PRODUCTION/BUS-JUMPER-PROD-V1.0/new - bus 1.21/Bus Definition V1.2_01.pro	archive/gen1-2015-2018/YACC1B/PCB/yacc1 working/Bus-Jumper-V1.1/Bus Definition V1.2_01.pro
YACCS-OLD/YACC1B/PCB/yacc1 working/Bus-Jumper-V1.1/Bus Definition V1.2_02.pro	archive/gen1-2015-2018/YACC1A1/PRODUCTION/BUS-JUMPER-PROD-V1.0/new - bus 1.21/Bus Definition V1.2_02.pro	archive/gen1-2015-2018/YACC1B/PCB/yacc1 working/Bus-Jumper-V1.1/Bus Definition V1.2_02.pro
YACCS-OLD/YACC1B/PCB/yacc1 working/Bus-Jumper-V1.1/Bus Definition V1.2_03.pro	archive/gen1-2015-2018/YACC1A1/PRODUCTION/BUS-JUMPER-PROD-V1.0/new - bus 1.21/Bus Definition V1.2_03.pro	archive/gen1-2015-2018/YACC1B/PCB/yacc1 working/Bus-Jumper-V1.1/Bus Definition V1.2_03.pro
YACCS-OLD/YACC1B/PCB/yacc1 working/Bus-Jumper-V1.1/Bus Definition V1.2_04.pro	archive/gen1-2015-2018/YACC1A1/PRODUCTION/BUS-JUMPER-PROD-V1.0/new - bus 1.21/Bus Definition V1.2_04.pro	archive/gen1-2015-2018/YACC1B/PCB/yacc1 working/Bus-Jumper-V1.1/Bus Definition V1.2_04.pro
YACCS-OLD/YACC1B/PCB/yacc1 working/Bus-Jumper-V1.1/gerbers.zip	archive/gen1-2015-2018/YACC1A1/PRODUCTION/BUS-JUMPER-PROD-V1.0/new - bus 1.21/gerbers.zip	archive/gen1-2015-2018/YACC1B/PCB/yacc1 working/Bus-Jumper-V1.1/gerbers.zip
YACCS-OLD/YACC1B/PCB/yacc1 working/Sequencer-Logic-v1.0/Sequencer-Logic-Prod-V1.0-1_03.job	archive/gen1-2015-2018/YACC1A1/PRODUCTION/SEQUENCER-LOGIC-V1.0/Sequencer-Logic-Prod-V1.0-1_03.job	archive/gen1-2015-2018/YACC1B/PCB/yacc1 working/Sequencer-Logic-v1.0/Sequencer-Logic-Prod-V1.0-1_03.job
YACCS-OLD/YACC1B/PCB/yacc1 working/Sequencer-Logic-v1.0/Sequencer-Logic-Prod-V1.0-3-bom.csv	archive/gen1-2015-2018/YACC1A1/Working/Sequencer-Logic-v1.0/Sequencer-Logic-Prod-V1.0-3-bom.csv	archive/gen1-2015-2018/YACC1B/PCB/yacc1 working/Sequencer-Logic-v1.0/Sequencer-Logic-Prod-V1.0-3-bom.csv
YACCS-OLD/YACC1B/PCB/yacc1 working/Sequencer-Logic-v1.0/Sequencer-Logic-Prod-V1.0-3.brd	archive/gen1-2015-2018/YACC1A1/PRODUCTION/SEQUENCER-LOGIC-V1.0/Sequencer-Logic-Prod-V1.0-3.brd	archive/gen1-2015-2018/YACC1B/PCB/yacc1 working/Sequencer-Logic-v1.0/Sequencer-Logic-Prod-V1.0-3.brd
YACCS-OLD/YACC1B/PCB/yacc1 working/Sequencer-Logic-v1.0/Sequencer-Logic-Prod-V1.0-3.pro	archive/gen1-2015-2018/YACC1A1/PRODUCTION/SEQUENCER-LOGIC-V1.0/Sequencer-Logic-Prod-V1.0-3.pro	archive/gen1-2015-2018/YACC1B/PCB/yacc1 working/Sequencer-Logic-v1.0/Sequencer-Logic-Prod-V1.0-3.pro
YACCS-OLD/YACC1B/PCB/yacc1 working/Sequencer-Logic-v1.0/Sequencer-Logic-Prod-V1.0-3.sch	archive/gen1-2015-2018/YACC1A1/PRODUCTION/SEQUENCER-LOGIC-V1.0/Sequencer-Logic-Prod-V1.0-3.sch	archive/gen1-2015-2018/YACC1B/PCB/yacc1 working/Sequencer-Logic-v1.0/Sequencer-Logic-Prod-V1.0-3.sch
YACCS-OLD/YACC1B/PCB/yacc1 working/Sequencer-Logic-v1.0/gerbers.zip	archive/gen1-2015-2018/YACC1A1/PRODUCTION/SEQUENCER-LOGIC-V1.0/gerbers.zip	archive/gen1-2015-2018/YACC1B/PCB/yacc1 working/Sequencer-Logic-v1.0/gerbers.zip
newgit/YACC1-2020/Software/Sequencer Card/old & obselete/Sequencer Aug 17 pre cleanup/EEPROM.ino	embedded/sequencer-card/deprecated/sequencer1/EEPROM.ino	archive/superseded-revisions/sequencer-card-old/Sequencer Aug 17 pre cleanup/EEPROM.ino
newgit/YACC1-2020/Software/Sequencer Card/old & obselete/Sequencer Aug 17 pre cleanup/IO.ino	embedded/sequencer-card/deprecated/sequencer1/IO.ino	archive/superseded-revisions/sequencer-card-old/Sequencer Aug 17 pre cleanup/IO.ino
newgit/YACC1-2020/Software/Sequencer Card/old & obselete/Sequencer Aug 17 pre cleanup/Sequencer.ino	archive/superseded-revisions/sequencer-card-old/Sequencer Aug 17 pre cleanup/Sequencer.ino	archive/superseded-revisions/sequencer-card-old/Sequencer Aug 17 pre cleanup/Sequencer.ino
newgit/YACC1-2020/Software/Sequencer Card/old & obselete/Sequencer Aug 17 pre cleanup/download.ino	archive/superseded-revisions/sequencer-card-old/Sequencer Aug 17 pre cleanup/download.ino	archive/superseded-revisions/sequencer-card-old/Sequencer Aug 17 pre cleanup/download.ino
newgit/YACC1-2020/Software/Sequencer Card/old & obselete/Sequencer Aug 17 pre cleanup/uCodeRAM.ino	archive/superseded-revisions/sequencer-card-old/Sequencer Aug 17 pre cleanup/uCodeRAM.ino	archive/superseded-revisions/sequencer-card-old/Sequencer Aug 17 pre cleanup/uCodeRAM.ino
newgit/YACC1-2020/Software/Sequencer Card/old & obselete/Sequencer Aug 17 pre cleanup/uCodeROM.ino	archive/superseded-revisions/sequencer-card-old/Sequencer Aug 17 pre cleanup/uCodeROM.ino	archive/superseded-revisions/sequencer-card-old/Sequencer Aug 17 pre cleanup/uCodeROM.ino
newgit/YACC1-2020/Software/Sequencer Card/old & obselete/Sequencer copy/EEPROM.ino	embedded/sequencer-card/deprecated/sequencer1/EEPROM.ino	archive/superseded-revisions/sequencer-card-old/Sequencer copy/EEPROM.ino
newgit/YACC1-2020/Software/Sequencer Card/old & obselete/Sequencer copy/IO.ino	archive/superseded-revisions/sequencer-card-old/Sequencer copy/IO.ino	archive/superseded-revisions/sequencer-card-old/Sequencer copy/IO.ino
newgit/YACC1-2020/Software/Sequencer Card/old & obselete/Sequencer copy/Sequencer.ino	archive/superseded-revisions/sequencer-card-old/Sequencer copy/Sequencer.ino	archive/superseded-revisions/sequencer-card-old/Sequencer copy/Sequencer.ino
newgit/YACC1-2020/Software/Sequencer Card/old & obselete/Sequencer copy/download.ino	archive/superseded-revisions/sequencer-card-old/Sequencer copy/download.ino	archive/superseded-revisions/sequencer-card-old/Sequencer copy/download.ino
newgit/YACC1-2020/Software/Sequencer Card/old & obselete/Sequencer copy/uCodeRAM.ino	archive/superseded-revisions/sequencer-card-old/Sequencer copy/uCodeRAM.ino	archive/superseded-revisions/sequencer-card-old/Sequencer copy/uCodeRAM.ino
newgit/YACC1-2020/Software/Sequencer Card/old & obselete/Sequencer copy/uCodeROM.ino	archive/superseded-revisions/sequencer-card-old/Sequencer copy/uCodeROM.ino	archive/superseded-revisions/sequencer-card-old/Sequencer copy/uCodeROM.ino
newgit/YACC1-2020/Software/Sequencer Card/old & obselete/uCode-Generator copy/CodeGen.h	archive/superseded-revisions/sequencer-card-old/uCode-Generator copy/CodeGen.h	archive/superseded-revisions/sequencer-card-old/uCode-Generator copy/CodeGen.h
newgit/YACC1-2020/Software/Sequencer Card/old & obselete/uCode-Generator copy/code.h	archive/superseded-revisions/sequencer-card-old/uCode-Generator copy/code.h	archive/superseded-revisions/sequencer-card-old/uCode-Generator copy/code.h
newgit/YACC1-2020/Software/Sequencer Card/old & obselete/uCode-Generator copy/code.h.orig.h	archive/superseded-revisions/sequencer-card-old/uCode-Generator copy/code.h.orig.h	archive/superseded-revisions/sequencer-card-old/uCode-Generator copy/code.h.orig.h
newgit/YACC1-2020/Software/Sequencer Card/old & obselete/uCode-Generator copy/controlLine.c	archive/superseded-revisions/sequencer-card-old/uCode-Generator copy/controlLine.c	archive/superseded-revisions/sequencer-card-old/uCode-Generator copy/controlLine.c
newgit/YACC1-2020/Software/Sequencer Card/old & obselete/uCode-Generator copy/main.c	archive/superseded-revisions/sequencer-card-old/uCode-Generator copy/main.c	archive/superseded-revisions/sequencer-card-old/uCode-Generator copy/main.c
newgit/YACC1-2020/Software/Sequencer Card/old & obselete/uCode-Generator copy/nbproject/Makefile-Debug.mk	archive/superseded-revisions/sequencer-card-old/uCode-Generator copy/nbproject/Makefile-Debug.mk	archive/superseded-revisions/sequencer-card-old/uCode-Generator copy/nbproject/Makefile-Debug.mk
newgit/YACC1-2020/Software/Sequencer Card/old & obselete/uCode-Generator copy/nbproject/Makefile-Release.mk	archive/superseded-revisions/sequencer-card-old/uCode-Generator copy/nbproject/Makefile-Release.mk	archive/superseded-revisions/sequencer-card-old/uCode-Generator copy/nbproject/Makefile-Release.mk
newgit/YACC1-2020/Software/Sequencer Card/old & obselete/uCode-Generator copy/nbproject/Makefile-impl.mk	archive/superseded-revisions/sequencer-card-old/uCode-Generator copy/nbproject/Makefile-impl.mk	archive/superseded-revisions/sequencer-card-old/uCode-Generator copy/nbproject/Makefile-impl.mk
newgit/YACC1-2020/Software/Sequencer Card/old & obselete/uCode-Generator copy/nbproject/Makefile-variables.mk	archive/superseded-revisions/sequencer-card-old/uCode-Generator copy/nbproject/Makefile-variables.mk	archive/superseded-revisions/sequencer-card-old/uCode-Generator copy/nbproject/Makefile-variables.mk
newgit/YACC1-2020/Software/Sequencer Card/old & obselete/uCode-Generator copy/nbproject/Package-Debug.bash	archive/superseded-revisions/sequencer-card-old/uCode-Generator copy/nbproject/Package-Debug.bash	archive/superseded-revisions/sequencer-card-old/uCode-Generator copy/nbproject/Package-Debug.bash
newgit/YACC1-2020/Software/Sequencer Card/old & obselete/uCode-Generator copy/nbproject/Package-Release.bash	archive/superseded-revisions/sequencer-card-old/uCode-Generator copy/nbproject/Package-Release.bash	archive/superseded-revisions/sequencer-card-old/uCode-Generator copy/nbproject/Package-Release.bash
newgit/YACC1-2020/Software/Sequencer Card/old & obselete/uCode-Generator copy/nbproject/configurations.xml	archive/superseded-revisions/sequencer-card-old/uCode-Generator copy/nbproject/configurations.xml	archive/superseded-revisions/sequencer-card-old/uCode-Generator copy/nbproject/configurations.xml
newgit/YACC1-2020/Software/Sequencer Card/old & obselete/uCode-Generator copy/nbproject/project.xml	archive/superseded-revisions/sequencer-card-old/uCode-Generator copy/nbproject/project.xml	archive/superseded-revisions/sequencer-card-old/uCode-Generator copy/nbproject/project.xml
newgit/YACC1-2020/Software/Sequencer Card/old & obselete/uCode-Generator copy/signal.h	archive/superseded-revisions/sequencer-card-old/uCode-Generator copy/signal.h	archive/superseded-revisions/sequencer-card-old/uCode-Generator copy/signal.h
newgit/YACC1-2020/Software/Sequencer Card/old & obselete/uCode-Generator copy/test.123	archive/superseded-revisions/sequencer-card-old/uCode-Generator copy/test.123	archive/superseded-revisions/sequencer-card-old/uCode-Generator copy/test.123
newgit/YACC1-2020/Software/Sequencer Card/old & obselete/uCode-Generator copy/test.hex	archive/superseded-revisions/sequencer-card-old/uCode-Generator copy/test.hex	archive/superseded-revisions/sequencer-card-old/uCode-Generator copy/test.hex
newgit/YACC1-2020/Software/Sequencer Card/old & obselete/uCode-Generator copy/test.hex.short.hex	archive/superseded-revisions/sequencer-card-old/uCode-Generator copy/test.hex.short.hex	archive/superseded-revisions/sequencer-card-old/uCode-Generator copy/test.hex.short.hex
newgit/YACC1-2020/Software/Sequencer Card/old & obselete/uCode-Generator copy/test.hexz	archive/superseded-revisions/sequencer-card-old/uCode-Generator copy/test.hexz	archive/superseded-revisions/sequencer-card-old/uCode-Generator copy/test.hexz
newgit/YACC1-2020/Software/ubasic-master/tokenizer.c	archive/conflict-losers/YACC1-2020/Software-vs/ubasic-master/tokenizer.c	archive/conflict-losers/newgit/Software/ubasic-master/tokenizer.c
newgit/YACC1-2020/Software/ubasic-master/ubasic.c	archive/conflict-losers/YACC1-2020/Software-vs/ubasic-master/ubasic.c	archive/conflict-losers/newgit/Software/ubasic-master/ubasic.c
newgit/YACC1-2020/Software/ubasic-master/ubasic.h	archive/conflict-losers/YACC1-2020/Software-vs/ubasic-master/ubasic.h	archive/conflict-losers/newgit/Software/ubasic-master/ubasic.h
newgit/YACC1-2020/Software/ubasic-master/use-ubasic.c	archive/conflict-losers/YACC1-2020/Software-vs/ubasic-master/use-ubasic.c	archive/conflict-losers/newgit/Software/ubasic-master/use-ubasic.c
test/Memory V1.2.txt	hardware/cards/memory/eagle/deprecated/v1.2/Memory V1.2.sch	archive/superseded-revisions/test-folder/Memory V1.2.txt
test/Memory V1.3.txt	hardware/cards/memory/eagle/deprecated/v1.3-do-not-use/Memory V1.3.sch	archive/superseded-revisions/test-folder/Memory V1.3.txt
