mode	destination	source	md5
drop		YACC gitversion/YACC1-2020/Data Sheets/1802 Microprocessor Instructions-1.pdf	fb4bad2a670cae453802591ea33c3a79
skip		YACC gitversion/YACC1-2020/PCB/Production/BUS-PROD-V1.1/gerbers/yacc2buss.cmp	59283c90f89f8e680b35149c2bd5256c
skip		YACC gitversion/YACC1-2020/PCB/Production/BUS-PROD-V1.1/gerbers/yacc2buss.drd	927bafe18b63d022a620e0daa28f1018
skip		YACC gitversion/YACC1-2020/PCB/Production/BUS-PROD-V1.1/gerbers/yacc2buss.plc	21ae38b96d8c7e45fc470b7d57e62fc4
skip		YACC gitversion/YACC1-2020/PCB/Production/BUS-PROD-V1.1/gerbers/yacc2buss.sol	f2592e10d8dbb6720a6f91a9de67b114
skip		YACC gitversion/YACC1-2020/PCB/Production/BUS-PROD-V1.1/gerbers/yacc2buss.stc	7cc99d908507d8c9409e8f189cb05136
skip		YACC gitversion/YACC1-2020/PCB/Production/BUS-PROD-V1.1/gerbers/yacc2buss.sts	7cc99d908507d8c9409e8f189cb05136
skip		YACC gitversion/YACC1-2020/PCB/Production/Bus Tester V3.1/Notes.rtf	47ecff448cb2c3f2b2d12876aeae289d
skip		YACC gitversion/YACC1-2020/PCB/Production/Bus Tester orig/gerbers/tester.cmp	b016b37c32162f7e301dc3cfa58c759b
skip		YACC gitversion/YACC1-2020/PCB/Production/Bus Tester orig/gerbers/tester.drd	b33db64cc6f75f0403faf9be64cdc5ef
skip		YACC gitversion/YACC1-2020/PCB/Production/Bus Tester orig/gerbers/tester.plc	8f61d2c0db0eb3c04009e771d0278793
skip		YACC gitversion/YACC1-2020/PCB/Production/Bus Tester orig/gerbers/tester.sol	fa2bef0ce9154c76dab5beb2aa113c02
skip		YACC gitversion/YACC1-2020/PCB/Production/Bus Tester orig/gerbers/tester.stc	fac9958008bd2dd06cecb1619c3f075b
skip		YACC gitversion/YACC1-2020/PCB/Production/Bus Tester orig/gerbers/tester.sts	41e9400f1d21f9e1c5ae4dcf3fc0f433
skip		YACC gitversion/YACC1-2020/PCB/Production/IO-V-1.1/Notes.rtf	8f3dca845d176964842b86af84ef7cba
skip		YACC gitversion/YACC1-2020/PCB/Production/Index Registers 1.1/Notes.rtf	b291d044a4eef04822eafa851f0b8bb8
drop		YACC gitversion/YACC1-2020/PCB/Production/Mem Register V1.0/test.ctl	27661665913d055ae270dbccd9152277
drop		YACC gitversion/YACC1-2020/PCB/Production/Mem Switch V1.0/Notes.rtf	1938d70111885d3b280abd3ec866ecbb
drop		YACC gitversion/YACC1-2020/PCB/Production/Mem Switch V1.1/test.ctl	27661665913d055ae270dbccd9152277
skip		YACC gitversion/YACC1-2020/PCB/Production/PROTOCARD-PROD-V1.0/gerbers/ProtoCard-Prod-V1.0.cmp	1184fe698e32345f080e5c9f9df00a88
skip		YACC gitversion/YACC1-2020/PCB/Production/PROTOCARD-PROD-V1.0/gerbers/ProtoCard-Prod-V1.0.drd	aff2cef3237bb2cfc9db9b201b3f2f95
skip		YACC gitversion/YACC1-2020/PCB/Production/PROTOCARD-PROD-V1.0/gerbers/ProtoCard-Prod-V1.0.plc	bff08aa786aa6e352df5f1467e117515
skip		YACC gitversion/YACC1-2020/PCB/Production/PROTOCARD-PROD-V1.0/gerbers/ProtoCard-Prod-V1.0.sol	35eb43abf460745ce0cabc5410e25a38
skip		YACC gitversion/YACC1-2020/PCB/Production/PROTOCARD-PROD-V1.0/gerbers/ProtoCard-Prod-V1.0.stc	f3951473fd4dfa2c8985b1e86a05cd9d
skip		YACC gitversion/YACC1-2020/PCB/Production/PROTOCARD-PROD-V1.0/gerbers/ProtoCard-Prod-V1.0.sts	f3951473fd4dfa2c8985b1e86a05cd9d
skip		YACC gitversion/YACC1-2020/PCB/Working - Under Develolpment/BUS-PROD-V2.0/CAMOutputs/Assembly/PnP_yacc2buss_back.txt	d41d8cd98f00b204e9800998ecf8427e
skip		YACC gitversion/YACC1-2020/PCB/Working - Under Develolpment/BUS-PROD-V2.0/CAMOutputs/Assembly/PnP_yacc2buss_front.txt	d41d8cd98f00b204e9800998ecf8427e
skip		YACC gitversion/YACC1-2020/PCB/Working - Under Develolpment/BUS-PROD-V2.0/CAMOutputs/GerberFiles/silkscreen_bottom.gbr	f332d9ce0820305226cdd55282cdf24b
skip		YACC gitversion/YACC1-2020/PCB/Working - Under Develolpment/BUS-PROD-V2.0/CAMOutputs/GerberFiles/solderpaste_bottom.gbr	e7cfbb13c9f0209464e41efff207c85a
skip		YACC gitversion/YACC1-2020/PCB/Working - Under Develolpment/BUS-PROD-V2.0/CAMOutputs/GerberFiles/solderpaste_top.gbr	5b8f24b9c0206ea428f50a073b3296ff
skip		YACC gitversion/YACC1-2020/PCB/Working - Under Develolpment/Blank-V3.1/Team hub - Ken Rother/YACC/CAMOutputs/Assembly/Blank V3.1 v6.txt	a6ea18594debd0f4a1e62e16d2798935
skip		YACC gitversion/YACC1-2020/PCB/Working - Under Develolpment/Blank-V3.1/Team hub - Ken Rother/YACC/CAMOutputs/Assembly/PnP_Blank V3.1 v6_front.txt	91ea552779970c7c78d599f977e29b40
skip		YACC gitversion/YACC1-2020/PCB/Working - Under Develolpment/Blank-V3.1/Team hub - Ken Rother/YACC/CAMOutputs/DrillFiles/drill_1_16.xln	a72f79b526b9fa373bcf4dbae19d596d
skip		YACC gitversion/YACC1-2020/PCB/Working - Under Develolpment/Blank-V3.1/Team hub - Ken Rother/YACC/CAMOutputs/GerberFiles/copper_bottom.gbr	fc1af805cdd5c8e74a6015c9571d09db
skip		YACC gitversion/YACC1-2020/PCB/Working - Under Develolpment/Blank-V3.1/Team hub - Ken Rother/YACC/CAMOutputs/GerberFiles/copper_top.gbr	be9b941e9d9fa44ab7f6419ce24cee8b
skip		YACC gitversion/YACC1-2020/PCB/Working - Under Develolpment/Blank-V3.1/Team hub - Ken Rother/YACC/CAMOutputs/GerberFiles/gerber_job.gbrjob	2179f50b2410ea2f62e81a7cf557572b
skip		YACC gitversion/YACC1-2020/PCB/Working - Under Develolpment/Blank-V3.1/Team hub - Ken Rother/YACC/CAMOutputs/GerberFiles/profile.gbr	53d20166b7317742eb63b7d2d97bc9e5
skip		YACC gitversion/YACC1-2020/PCB/Working - Under Develolpment/Blank-V3.1/Team hub - Ken Rother/YACC/CAMOutputs/GerberFiles/silkscreen_bottom.gbr	0bc28d4c0d14cc082b82fdcb38dbc7e6
skip		YACC gitversion/YACC1-2020/PCB/Working - Under Develolpment/Blank-V3.1/Team hub - Ken Rother/YACC/CAMOutputs/GerberFiles/silkscreen_top.gbr	b838dcd2036c5a575f617e5ea9c898f6
skip		YACC gitversion/YACC1-2020/PCB/Working - Under Develolpment/Blank-V3.1/Team hub - Ken Rother/YACC/CAMOutputs/GerberFiles/soldermask_bottom.gbr	2eeb06933f98755a1556312dd8f8d2a0
skip		YACC gitversion/YACC1-2020/PCB/Working - Under Develolpment/Blank-V3.1/Team hub - Ken Rother/YACC/CAMOutputs/GerberFiles/soldermask_top.gbr	63093589a946981ddda62b1310d586ce
skip		YACC gitversion/YACC1-2020/PCB/Working - Under Develolpment/Blank-V3.1/Team hub - Ken Rother/YACC/CAMOutputs/GerberFiles/solderpaste_bottom.gbr	3dfb3bf6dc71f47461ab1d96937df77e
skip		YACC gitversion/YACC1-2020/PCB/Working - Under Develolpment/Blank-V3.1/Team hub - Ken Rother/YACC/CAMOutputs/GerberFiles/solderpaste_top.gbr	8b8ccaa1b5db42e8b97e936e747b758e
skip		YACC gitversion/YACC1-2020/PCB/Working - Under Develolpment/Mem Register V1.0/CAMOutputs/Assembly/PnP_Mem Register V1.0_back.txt	d41d8cd98f00b204e9800998ecf8427e
skip		YACC gitversion/YACC1-2020/PCB/Working - Under Develolpment/Mem Register V1.0/CAMOutputs/Assembly/PnP_Mem Register V1.0_front.txt	d41d8cd98f00b204e9800998ecf8427e
skip		YACC gitversion/YACC1-2020/PCB/Working - Under Develolpment/Mem Register V1.0/CAMOutputs/GerberFiles/profile.gbr	5ee37e9e1cbb17fb415808e588fd93d5
skip		YACC gitversion/YACC1-2020/PCB/Working - Under Develolpment/Mem Register V1.0/CAMOutputs/GerberFiles/silkscreen_bottom.gbr	f332d9ce0820305226cdd55282cdf24b
skip		YACC gitversion/YACC1-2020/PCB/Working - Under Develolpment/Mem Register V1.0/CAMOutputs/GerberFiles/solderpaste_bottom.gbr	e7cfbb13c9f0209464e41efff207c85a
skip		YACC gitversion/YACC1-2020/PCB/Working - Under Develolpment/Mem Register V1.0/CAMOutputs/GerberFiles/solderpaste_top.gbr	5b8f24b9c0206ea428f50a073b3296ff
skip		YACC gitversion/YACC1-2020/PCB/Working - Under Develolpment/Mem Switch V1.0/CAMOutputs/Assembly/PnP_Mem Switch V1.0_back.txt	d41d8cd98f00b204e9800998ecf8427e
skip		YACC gitversion/YACC1-2020/PCB/Working - Under Develolpment/Mem Switch V1.0/CAMOutputs/Assembly/PnP_Mem Switch V1.0_front.txt	d41d8cd98f00b204e9800998ecf8427e
skip		YACC gitversion/YACC1-2020/PCB/Working - Under Develolpment/Mem Switch V1.0/CAMOutputs/GerberFiles/profile.gbr	5ee37e9e1cbb17fb415808e588fd93d5
skip		YACC gitversion/YACC1-2020/PCB/Working - Under Develolpment/Mem Switch V1.0/CAMOutputs/GerberFiles/silkscreen_bottom.gbr	f332d9ce0820305226cdd55282cdf24b
skip		YACC gitversion/YACC1-2020/PCB/Working - Under Develolpment/Mem Switch V1.0/CAMOutputs/GerberFiles/solderpaste_bottom.gbr	e7cfbb13c9f0209464e41efff207c85a
skip		YACC gitversion/YACC1-2020/PCB/Working - Under Develolpment/Mem Switch V1.0/CAMOutputs/GerberFiles/solderpaste_top.gbr	5b8f24b9c0206ea428f50a073b3296ff
skip		YACC gitversion/YACC1-2020/PCB/Working - Under Develolpment/Mem Switch V1.0/Notes.rtf	1938d70111885d3b280abd3ec866ecbb
skip		YACC gitversion/YACC1-2020/PCB/Working - Under Develolpment/Mem Switch V1.1/CAMOutputs/Assembly/PnP_Mem Switch V1.1_back.txt	d41d8cd98f00b204e9800998ecf8427e
skip		YACC gitversion/YACC1-2020/PCB/Working - Under Develolpment/Mem Switch V1.1/CAMOutputs/Assembly/PnP_Mem Switch V1.1_front.txt	d41d8cd98f00b204e9800998ecf8427e
skip		YACC gitversion/YACC1-2020/PCB/Working - Under Develolpment/Mem Switch V1.1/CAMOutputs/GerberFiles/profile.gbr	5ee37e9e1cbb17fb415808e588fd93d5
skip		YACC gitversion/YACC1-2020/PCB/Working - Under Develolpment/Mem Switch V1.1/CAMOutputs/GerberFiles/silkscreen_bottom.gbr	f332d9ce0820305226cdd55282cdf24b
skip		YACC gitversion/YACC1-2020/PCB/Working - Under Develolpment/Mem Switch V1.1/CAMOutputs/GerberFiles/solderpaste_bottom.gbr	e7cfbb13c9f0209464e41efff207c85a
skip		YACC gitversion/YACC1-2020/PCB/Working - Under Develolpment/Mem Switch V1.1/CAMOutputs/GerberFiles/solderpaste_top.gbr	5b8f24b9c0206ea428f50a073b3296ff
skip		YACC gitversion/YACC1-2020/PCB/Working - Under Develolpment/Memory v1.3/Memory V1.0.brd	45031dc1c40a866e8b708faec2037363
skip		YACC gitversion/YACC1-2020/PCB/Working - Under Develolpment/Memory v1.3/Memory V1.0.pro	23281dceca1f4edc6d3e0329a09a699f
skip		YACC gitversion/YACC1-2020/PCB/Working - Under Develolpment/Memory v1.3/Memory V1.0.sch	e2cad2bf969ddc3a3d701fa20b147268
skip		YACC gitversion/YACC1-2020/PCB/Working - Under Develolpment/Memory v1.3/Memory V1.2.brd	55256af0172da31063551255ed922b94
skip		YACC gitversion/YACC1-2020/PCB/Working - Under Develolpment/Memory v1.3/Memory V1.2.pdf	af9074d289a3dc4ea4e53c8697724245
skip		YACC gitversion/YACC1-2020/PCB/Working - Under Develolpment/Memory v1.3/Memory V1.2.pro	aa2341003f8b67e02dcc7f94b75d202c
skip		YACC gitversion/YACC1-2020/PCB/Working - Under Develolpment/Memory v1.3/Memory V1.2.sch	2bd170fc92a24185187a4a56ea4fa8b4
skip		YACC gitversion/YACC1-2020/PCB/Working - Under Develolpment/Memory v1.3/Team hub - Ken Rother/YACC/CAMOutputs/Assembly/Memory V1.3 v4.txt	0008c885d9aaa4aee0e18a345ea06abd
skip		YACC gitversion/YACC1-2020/PCB/Working - Under Develolpment/Memory v1.3/Team hub - Ken Rother/YACC/CAMOutputs/Assembly/PnP_Memory V1.3 v4_front.txt	3b1b66c1565f76dd89646c90801ef218
skip		YACC gitversion/YACC1-2020/PCB/Working - Under Develolpment/Memory v1.3/Team hub - Ken Rother/YACC/CAMOutputs/DrillFiles/drill_1_16.xln	b5ab9cfd24b6f830a620fd5152487ab4
skip		YACC gitversion/YACC1-2020/PCB/Working - Under Develolpment/Memory v1.3/Team hub - Ken Rother/YACC/CAMOutputs/GerberFiles/copper_bottom_l4.gbr	ff2df5c5579c9c8e40c318f33c2bcc99
skip		YACC gitversion/YACC1-2020/PCB/Working - Under Develolpment/Memory v1.3/Team hub - Ken Rother/YACC/CAMOutputs/GerberFiles/copper_inner_l2.gbr	c47213b46ad19e76f31ef661e259f34d
skip		YACC gitversion/YACC1-2020/PCB/Working - Under Develolpment/Memory v1.3/Team hub - Ken Rother/YACC/CAMOutputs/GerberFiles/copper_inner_l3.gbr	46a0e456aba35d469e7fd435c3b7cc07
skip		YACC gitversion/YACC1-2020/PCB/Working - Under Develolpment/Memory v1.3/Team hub - Ken Rother/YACC/CAMOutputs/GerberFiles/copper_top_l1.gbr	5ba92c21159129f46a43368f9d1164fe
skip		YACC gitversion/YACC1-2020/PCB/Working - Under Develolpment/Memory v1.3/Team hub - Ken Rother/YACC/CAMOutputs/GerberFiles/gerber_job.gbrjob	dbc3b35df1e6aa88a4ff4aa96fcb9358
skip		YACC gitversion/YACC1-2020/PCB/Working - Under Develolpment/Memory v1.3/Team hub - Ken Rother/YACC/CAMOutputs/GerberFiles/profile.gbr	53d20166b7317742eb63b7d2d97bc9e5
skip		YACC gitversion/YACC1-2020/PCB/Working - Under Develolpment/Memory v1.3/Team hub - Ken Rother/YACC/CAMOutputs/GerberFiles/silkscreen_bottom.gbr	0bc28d4c0d14cc082b82fdcb38dbc7e6
skip		YACC gitversion/YACC1-2020/PCB/Working - Under Develolpment/Memory v1.3/Team hub - Ken Rother/YACC/CAMOutputs/GerberFiles/silkscreen_top.gbr	bee29bf5748dde1199de01d1f0b20578
skip		YACC gitversion/YACC1-2020/PCB/Working - Under Develolpment/Memory v1.3/Team hub - Ken Rother/YACC/CAMOutputs/GerberFiles/soldermask_bottom.gbr	ff1cbf3edae1f0e4ee981bffb75cc704
skip		YACC gitversion/YACC1-2020/PCB/Working - Under Develolpment/Memory v1.3/Team hub - Ken Rother/YACC/CAMOutputs/GerberFiles/soldermask_top.gbr	d860a0243ac28af729fe65cdaf162ed7
skip		YACC gitversion/YACC1-2020/PCB/Working - Under Develolpment/Memory v1.3/Team hub - Ken Rother/YACC/CAMOutputs/GerberFiles/solderpaste_bottom.gbr	3dfb3bf6dc71f47461ab1d96937df77e
skip		YACC gitversion/YACC1-2020/PCB/Working - Under Develolpment/Memory v1.3/Team hub - Ken Rother/YACC/CAMOutputs/GerberFiles/solderpaste_top.gbr	8b8ccaa1b5db42e8b97e936e747b758e
skip		YACC gitversion/YACC1-2020/PCB/Working - Under Develolpment/Notes - BUS.rtf	1938d70111885d3b280abd3ec866ecbb
skip		YACC gitversion/YACC1-2020/PCB/Working - Under Develolpment/Old and obsolete/ALU-V3.3-notused/ALU V3.1.pro	358a088bfed868edb6e0a5255830b402
skip		YACC gitversion/YACC1-2020/PCB/Working - Under Develolpment/Old and obsolete/ALU-V3.3-notused/CAMOutputs/Assembly/PnP_ALU V3.2_back.txt	d41d8cd98f00b204e9800998ecf8427e
skip		YACC gitversion/YACC1-2020/PCB/Working - Under Develolpment/Old and obsolete/ALU-V3.3-notused/CAMOutputs/Assembly/PnP_ALU V3.2_front.txt	d41d8cd98f00b204e9800998ecf8427e
skip		YACC gitversion/YACC1-2020/PCB/Working - Under Develolpment/Old and obsolete/ALU-V3.3-notused/CAMOutputs/GerberFiles/profile.gbr	5ee37e9e1cbb17fb415808e588fd93d5
skip		YACC gitversion/YACC1-2020/PCB/Working - Under Develolpment/Old and obsolete/ALU-V3.3-notused/CAMOutputs/GerberFiles/silkscreen_bottom.gbr	f332d9ce0820305226cdd55282cdf24b
skip		YACC gitversion/YACC1-2020/PCB/Working - Under Develolpment/Old and obsolete/ALU-V3.3-notused/CAMOutputs/GerberFiles/silkscreen_top.gbr	d6daa1498d7a8e6d46be12ec4bcdecbd
skip		YACC gitversion/YACC1-2020/PCB/Working - Under Develolpment/Old and obsolete/ALU-V3.3-notused/CAMOutputs/GerberFiles/solderpaste_bottom.gbr	e7cfbb13c9f0209464e41efff207c85a
skip		YACC gitversion/YACC1-2020/PCB/Working - Under Develolpment/Old and obsolete/ALU-V3.3-notused/CAMOutputs/GerberFiles/solderpaste_top.gbr	5b8f24b9c0206ea428f50a073b3296ff
skip		YACC gitversion/YACC1-2020/PCB/Working - Under Develolpment/Old and obsolete/ALU-V3.3-notused/gerbers/CAMOutputs/Assembly/PnP_ALU V3.1_back.txt	d41d8cd98f00b204e9800998ecf8427e
skip		YACC gitversion/YACC1-2020/PCB/Working - Under Develolpment/Old and obsolete/ALU-V3.3-notused/gerbers/CAMOutputs/Assembly/PnP_ALU V3.1_front.txt	d41d8cd98f00b204e9800998ecf8427e
skip		YACC gitversion/YACC1-2020/PCB/Working - Under Develolpment/Old and obsolete/ALU-V3.3-notused/gerbers/CAMOutputs/GerberFiles/profile.gbr	5ee37e9e1cbb17fb415808e588fd93d5
skip		YACC gitversion/YACC1-2020/PCB/Working - Under Develolpment/Old and obsolete/ALU-V3.3-notused/gerbers/CAMOutputs/GerberFiles/silkscreen_bottom.gbr	f332d9ce0820305226cdd55282cdf24b
skip		YACC gitversion/YACC1-2020/PCB/Working - Under Develolpment/Old and obsolete/ALU-V3.3-notused/gerbers/CAMOutputs/GerberFiles/solderpaste_bottom.gbr	e7cfbb13c9f0209464e41efff207c85a
skip		YACC gitversion/YACC1-2020/PCB/Working - Under Develolpment/Old and obsolete/ALU-V3.3-notused/gerbers/CAMOutputs/GerberFiles/solderpaste_top.gbr	5b8f24b9c0206ea428f50a073b3296ff
drop		YACC gitversion/YACC1-2020/Software/Assembler/abc	73cb811e5a45f80ad095ac95b5808778
drop		YACC gitversion/YACC1-2020/Software/Assembler/basic.asm	6a22fb38af29686c9e1fbe96ac756f33
drop		YACC gitversion/YACC1-2020/Software/Assembler/basic.asmold.asm	a93bbdea021bdef8644a6a2fa8c97bc2
drop		YACC gitversion/YACC1-2020/Software/Assembler/c_standard_headers_indexer.c	57290709f689f75e2a8384582c7caa3d
drop		YACC gitversion/YACC1-2020/Software/Assembler/list	918465c10b5f9feb1329bcbff2bc5840
drop		YACC gitversion/YACC1-2020/Software/Assembler/makerom	291b73d209620a363d59d3905d33097a
drop		YACC gitversion/YACC1-2020/Software/Assembler/monitor.asm	0b0051d67b98a65df32815ff887b094a
drop		YACC gitversion/YACC1-2020/Software/Assembler/old/a18-xcode/a18/c_standard_headers_indexer.c	57290709f689f75e2a8384582c7caa3d
skip		YACC gitversion/YACC1-2020/Software/Assembler/old/a18/a18/Makefile	a9ed26ab7eaad2726af7a610a26eb390
drop		YACC gitversion/YACC1-2020/Software/Assembler/old/rcasm-old/a18	5d38191f26b6cf9e33a5dcc284ee2c8d
skip		YACC gitversion/YACC1-2020/Software/Assembler/old/rcasm-old/temp.hex	d41d8cd98f00b204e9800998ecf8427e
skip		YACC gitversion/YACC1-2020/Software/Assembler/old/rcasm-old/test18.lst	d41d8cd98f00b204e9800998ecf8427e
drop		YACC gitversion/YACC1-2020/Software/Assembler/old/rcasm-orig/asm.doc	a125780718eda556525b1d9c4a305d74
drop		YACC gitversion/YACC1-2020/Software/Assembler/old/rcasm-orig/asm.txt	33e29fb73e49a8b265eab66dd498e0c1
drop		YACC gitversion/YACC1-2020/Software/Assembler/old/rcasm/a18	5d38191f26b6cf9e33a5dcc284ee2c8d
drop		YACC gitversion/YACC1-2020/Software/Assembler/old/yacc2test.asm	9a363817d7ecf3146ab0f54a19d6690c
drop		YACC gitversion/YACC1-2020/Software/Assembler/yacc1.def	10677c9d9d5869f73071528b9dd9f518
drop		YACC gitversion/YACC1-2020/Software/Bus Test Card/Command sender/old/command_sender_2/Untitled.rtf	c493170a931b6889dc6ac906a3691dab
drop		YACC gitversion/YACC1-2020/Software/Bus Test Card/Command sender/old/command_sender_3/Untitled.rtf	c493170a931b6889dc6ac906a3691dab
drop		YACC gitversion/YACC1-2020/Software/Bus Test Card/Command sender/tests/ALU/comands.txt	2ee97b14e30c64b4d9f05c0b2321a731
drop		YACC gitversion/YACC1-2020/Software/Bus Test Card/Command sender/tests/ALU/xx	fcfbd2a37cea9c3afad439853e18918e
drop		YACC gitversion/YACC1-2020/Software/Bus Test Card/Command sender/tests/IO/and	da7845f9c31dbaacae324066b4418f83
drop		YACC gitversion/YACC1-2020/Software/Bus Test Card/Command sender/tests/Test Vectors/Registers/commands.txt	ab111cc4950cca92d2f1f78d024f70d8
drop		YACC gitversion/YACC1-2020/Software/Bus Test Card/Command sender/tests/Test Vectors/SP-PC/commands2.txt	ac505cb5eff84ee8c1af072cf3f028a4
skip		YACC gitversion/YACC1-2020/Software/Sequencer Card/old & obselete/uCode-Generator copy/Makefile	a9ed26ab7eaad2726af7a610a26eb390
skip		YACC1-2020/Software pre vs/opcodes-16.h	21645fe5f45a65ce21b656352e5a6dab
drop		YACC1-2020/Software-vs/Bus Test Card/Command sender/tests/ALU/comands.txt	2ee97b14e30c64b4d9f05c0b2321a731
drop		YACC1-2020/Software-vs/Bus Test Card/Command sender/tests/ALU/xx	fcfbd2a37cea9c3afad439853e18918e
drop		YACC1-2020/Software-vs/Bus Test Card/Command sender/tests/IO/and	da7845f9c31dbaacae324066b4418f83
drop		YACC1-2020/Software-vs/Bus Test Card/Command sender/tests/Test Vectors/Registers/commands.txt	ab111cc4950cca92d2f1f78d024f70d8
drop		YACC1-2020/Software-vs/Bus Test Card/Command sender/tests/Test Vectors/SP-PC/commands2.txt	ac505cb5eff84ee8c1af072cf3f028a4
skip		YACC1-2020/Software-vs/Old-obselete/Assembler-old/Makefile	a9ed26ab7eaad2726af7a610a26eb390
skip		YACC1-2020/Software-vs/Old-obselete/Assembler-old/asm.doc	a125780718eda556525b1d9c4a305d74
skip		YACC1-2020/Software-vs/Old-obselete/Assembler-old/asm.txt	33e29fb73e49a8b265eab66dd498e0c1
skip		YACC1-2020/Software-vs/Old-obselete/Assembler-old/c_standard_headers_indexer.c	57290709f689f75e2a8384582c7caa3d
skip		YACC1-2020/Software-vs/Old-obselete/Assembler-old/rcasm.rc	6a366bf263388ef7d99e32559e745b87
skip		YACC1-2020/Software-vs/Old-obselete/Emulator/Makefile	a9ed26ab7eaad2726af7a610a26eb390
skip		YACC1-2020/Software-vs/Old-obselete/Memory Card/test EPROM/Makefile	a9ed26ab7eaad2726af7a610a26eb390
skip		YACC1-2020/Software/Sequencer Card/old & obselete/uCode-Generator copy/Makefile	a9ed26ab7eaad2726af7a610a26eb390
skip		YACC1-2020/Software/opcodes-16.h	21645fe5f45a65ce21b656352e5a6dab
skip		YACC1-2024/Dear TSA.docx	67d498e9b3e0521eb0c479ce92c4559f
skip		YACC1-2024/Software pre vs/opcodes-16.h	21645fe5f45a65ce21b656352e5a6dab
drop		YACC1-2024/Software-vs/Bus Test Card/Command sender/old/command_sender_2/Untitled.rtf	c493170a931b6889dc6ac906a3691dab
drop		YACC1-2024/Software-vs/Bus Test Card/Command sender/old/command_sender_3/Untitled.rtf	c493170a931b6889dc6ac906a3691dab
drop		YACC1-2024/Software-vs/Bus Test Card/Command sender/tests/ALU/comands.txt	2ee97b14e30c64b4d9f05c0b2321a731
drop		YACC1-2024/Software-vs/Bus Test Card/Command sender/tests/ALU/xx	fcfbd2a37cea9c3afad439853e18918e
drop		YACC1-2024/Software-vs/Bus Test Card/Command sender/tests/IO/and	da7845f9c31dbaacae324066b4418f83
drop		YACC1-2024/Software-vs/Bus Test Card/Command sender/tests/Test Vectors/Registers/commands.txt	ab111cc4950cca92d2f1f78d024f70d8
drop		YACC1-2024/Software-vs/Bus Test Card/Command sender/tests/Test Vectors/SP-PC/commands2.txt	ac505cb5eff84ee8c1af072cf3f028a4
skip		YACC1-2024/Software-vs/Old-obselete/Assembler-old/Makefile	a9ed26ab7eaad2726af7a610a26eb390
skip		YACC1-2024/Software-vs/Old-obselete/Assembler-old/asm.doc	a125780718eda556525b1d9c4a305d74
skip		YACC1-2024/Software-vs/Old-obselete/Assembler-old/asm.txt	33e29fb73e49a8b265eab66dd498e0c1
skip		YACC1-2024/Software-vs/Old-obselete/Assembler-old/c_standard_headers_indexer.c	57290709f689f75e2a8384582c7caa3d
skip		YACC1-2024/Software-vs/Old-obselete/Assembler-old/rcasm.rc	6a366bf263388ef7d99e32559e745b87
skip		YACC1-2024/Software-vs/Old-obselete/Emulator/Makefile	a9ed26ab7eaad2726af7a610a26eb390
skip		YACC1-2024/Software-vs/Old-obselete/Memory Card/test EPROM/Makefile	a9ed26ab7eaad2726af7a610a26eb390
drop		YACC1-2024/Software-vs/ubasic-master-orig/use-ubasic	90dfbce2a196c826a2aa3b7034b5facc
drop		YACC1-2024/Software-vs/ubasic-master/tokenizer copy.c	28e2ef10d2dccc496b7344500f9d7067
drop		YACC1-2024/Software-vs/ubasic-master/use-ubasic	e0b74bb9270423b144954318c8fe04c7
skip		YACC1-2024/Software/Sequencer Card/disasm/Makefile	a9ed26ab7eaad2726af7a610a26eb390
skip		YACC1-2024/Software/Sequencer Card/old & obselete/uCode-Generator copy/Makefile	a9ed26ab7eaad2726af7a610a26eb390
skip		YACC1-2024/Software/Sequencer Card/uCode-Generator/Makefile	a9ed26ab7eaad2726af7a610a26eb390
drop		YACC1-2024/Software/Sequencer Card/uCode-Generator2/cache.old	f42deebffb97cd467e1b6fa3a7f6fa5a
skip		YACC1-2024/Software/opcodes-16.h	21645fe5f45a65ce21b656352e5a6dab
drop		YACCS-OLD/YACC1-2020 July 2021 backup/Data Sheets/1802 Microprocessor Instructions-1.pdf	fb4bad2a670cae453802591ea33c3a79
skip		YACCS-OLD/YACC1-2020 July 2021 backup/PCB/Production/ALU-V3.2/ALU V3.2.brd	ebb513ce4dba1c303f3bd621b648c29c
skip		YACCS-OLD/YACC1-2020 July 2021 backup/PCB/Production/ALU-V3.2/ALU V3.2.pro	a15b0c84f8f6b793d2be4b105a64692a
skip		YACCS-OLD/YACC1-2020 July 2021 backup/PCB/Production/ALU-V3.2/CAMOutputs/Assembly/ALU V3.2.html	95cc7d61c57de87fe484bbe58d82965a
skip		YACCS-OLD/YACC1-2020 July 2021 backup/PCB/Production/ALU-V3.2/CAMOutputs/DrillFiles/drill_1_16.xln	b280a31f691d5ca9fd3bd5bf71c203ea
skip		YACCS-OLD/YACC1-2020 July 2021 backup/PCB/Production/ALU-V3.2/CAMOutputs/GerberFiles/Archive.zip	77259274e0032bfc22d480549bcdb039
skip		YACCS-OLD/YACC1-2020 July 2021 backup/PCB/Production/ALU-V3.2/CAMOutputs/GerberFiles/copper_bottom_l4.gbr	04711a460d1f430ef9896ae249f30d85
skip		YACCS-OLD/YACC1-2020 July 2021 backup/PCB/Production/ALU-V3.2/CAMOutputs/GerberFiles/copper_inner_l2.gbr	8d7d9884f6aa17ce58451cd8d1215d8f
skip		YACCS-OLD/YACC1-2020 July 2021 backup/PCB/Production/ALU-V3.2/CAMOutputs/GerberFiles/copper_inner_l3.gbr	14bce1634c947c311a15e68e5aa98b3f
skip		YACCS-OLD/YACC1-2020 July 2021 backup/PCB/Production/ALU-V3.2/CAMOutputs/GerberFiles/copper_top_l1.gbr	ecebc07fccad4b70bf651fcda630db98
skip		YACCS-OLD/YACC1-2020 July 2021 backup/PCB/Production/ALU-V3.2/CAMOutputs/GerberFiles/drill_1_16.xln	b280a31f691d5ca9fd3bd5bf71c203ea
skip		YACCS-OLD/YACC1-2020 July 2021 backup/PCB/Production/ALU-V3.2/CAMOutputs/GerberFiles/gerber_job.gbrjob	5bd1e7531c4ed03fe2001c6d9ce82769
skip		YACCS-OLD/YACC1-2020 July 2021 backup/PCB/Production/ALU-V3.2/CAMOutputs/GerberFiles/profile.gbr	5ee37e9e1cbb17fb415808e588fd93d5
skip		YACCS-OLD/YACC1-2020 July 2021 backup/PCB/Production/ALU-V3.2/CAMOutputs/GerberFiles/silkscreen_bottom.gbr	f332d9ce0820305226cdd55282cdf24b
skip		YACCS-OLD/YACC1-2020 July 2021 backup/PCB/Production/ALU-V3.2/CAMOutputs/GerberFiles/silkscreen_top.gbr	d6daa1498d7a8e6d46be12ec4bcdecbd
skip		YACCS-OLD/YACC1-2020 July 2021 backup/PCB/Production/ALU-V3.2/CAMOutputs/GerberFiles/soldermask_bottom.gbr	c9b4ae0a066acde140a6b28b4979c483
skip		YACCS-OLD/YACC1-2020 July 2021 backup/PCB/Production/ALU-V3.2/CAMOutputs/GerberFiles/soldermask_top.gbr	04275f391c6b11dedb70c0fa58ef945c
skip		YACCS-OLD/YACC1-2020 July 2021 backup/PCB/Production/ALU-V3.2/CAMOutputs/GerberFiles/solderpaste_bottom.gbr	e7cfbb13c9f0209464e41efff207c85a
skip		YACCS-OLD/YACC1-2020 July 2021 backup/PCB/Production/ALU-V3.2/CAMOutputs/GerberFiles/solderpaste_top.gbr	5b8f24b9c0206ea428f50a073b3296ff
skip		YACCS-OLD/YACC1-2020 July 2021 backup/PCB/Production/ALU-V3.2/Notes.rtf	0596ab1e59706d6a3848d4751c76f114
skip		YACCS-OLD/YACC1-2020 July 2021 backup/PCB/Production/BUS-PROD-V1.1/gerbers/yacc2buss.cmp	59283c90f89f8e680b35149c2bd5256c
skip		YACCS-OLD/YACC1-2020 July 2021 backup/PCB/Production/BUS-PROD-V1.1/gerbers/yacc2buss.drd	927bafe18b63d022a620e0daa28f1018
skip		YACCS-OLD/YACC1-2020 July 2021 backup/PCB/Production/BUS-PROD-V1.1/gerbers/yacc2buss.plc	21ae38b96d8c7e45fc470b7d57e62fc4
skip		YACCS-OLD/YACC1-2020 July 2021 backup/PCB/Production/BUS-PROD-V1.1/gerbers/yacc2buss.sol	f2592e10d8dbb6720a6f91a9de67b114
skip		YACCS-OLD/YACC1-2020 July 2021 backup/PCB/Production/BUS-PROD-V1.1/gerbers/yacc2buss.stc	7cc99d908507d8c9409e8f189cb05136
skip		YACCS-OLD/YACC1-2020 July 2021 backup/PCB/Production/BUS-PROD-V1.1/gerbers/yacc2buss.sts	7cc99d908507d8c9409e8f189cb05136
skip		YACCS-OLD/YACC1-2020 July 2021 backup/PCB/Production/Bus Jumper Horizontal V3.2/CAMOutputs/GerberFiles/silkscreen_bottom.gbr	f332d9ce0820305226cdd55282cdf24b
skip		YACCS-OLD/YACC1-2020 July 2021 backup/PCB/Production/Bus Jumper Horizontal V3.2/CAMOutputs/GerberFiles/solderpaste_bottom.gbr	e7cfbb13c9f0209464e41efff207c85a
skip		YACCS-OLD/YACC1-2020 July 2021 backup/PCB/Production/Bus Jumper Horizontal V3.2/CAMOutputs/GerberFiles/solderpaste_top.gbr	5b8f24b9c0206ea428f50a073b3296ff
skip		YACCS-OLD/YACC1-2020 July 2021 backup/PCB/Production/Bus Jumper Horizontal V3.2/Jumper Board Horizontal V3.1.sch	eb125675168e05f528332971fc59b96f
skip		YACCS-OLD/YACC1-2020 July 2021 backup/PCB/Production/Bus Jumper Vertical V3.0/CAMOutputs/GerberFiles/silkscreen_bottom.gbr	f332d9ce0820305226cdd55282cdf24b
skip		YACCS-OLD/YACC1-2020 July 2021 backup/PCB/Production/Bus Jumper Vertical V3.0/CAMOutputs/GerberFiles/solderpaste_bottom.gbr	e7cfbb13c9f0209464e41efff207c85a
skip		YACCS-OLD/YACC1-2020 July 2021 backup/PCB/Production/Bus Jumper Vertical V3.0/CAMOutputs/GerberFiles/solderpaste_top.gbr	5b8f24b9c0206ea428f50a073b3296ff
skip		YACCS-OLD/YACC1-2020 July 2021 backup/PCB/Production/Bus Jumper Vertical V3.0/Jumper Board V3.0.sch	eb125675168e05f528332971fc59b96f
skip		YACCS-OLD/YACC1-2020 July 2021 backup/PCB/Production/Bus Tester V3.1/CAMOutputs/Assembly/tester.csv	9ffaa6dc42a9f23921c6af2b5e140177
skip		YACCS-OLD/YACC1-2020 July 2021 backup/PCB/Production/Bus Tester V3.1/CAMOutputs/DrillFiles/drill_1_16.xln	2466b1b6b3701dd13f47c1a63d1b58f2
skip		YACCS-OLD/YACC1-2020 July 2021 backup/PCB/Production/Bus Tester V3.1/CAMOutputs/GerberFiles/copper_bottom_l4.gbr	6a93513806ffcb0410c39386abc7760f
skip		YACCS-OLD/YACC1-2020 July 2021 backup/PCB/Production/Bus Tester V3.1/CAMOutputs/GerberFiles/copper_inner_l2.gbr	fa8b94496a49f369080d389bb6944228
skip		YACCS-OLD/YACC1-2020 July 2021 backup/PCB/Production/Bus Tester V3.1/CAMOutputs/GerberFiles/copper_inner_l3.gbr	16eb023de4e4b499ab5985a82c77ddd9
skip		YACCS-OLD/YACC1-2020 July 2021 backup/PCB/Production/Bus Tester V3.1/CAMOutputs/GerberFiles/copper_top_l1.gbr	a1eb1191fec926cb13717b8898d3f2e9
skip		YACCS-OLD/YACC1-2020 July 2021 backup/PCB/Production/Bus Tester V3.1/CAMOutputs/GerberFiles/drill_1_16.xln	2466b1b6b3701dd13f47c1a63d1b58f2
skip		YACCS-OLD/YACC1-2020 July 2021 backup/PCB/Production/Bus Tester V3.1/CAMOutputs/GerberFiles/gerber_job.gbrjob	be24668eecff6cc0b385286ad6ce328a
skip		YACCS-OLD/YACC1-2020 July 2021 backup/PCB/Production/Bus Tester V3.1/CAMOutputs/GerberFiles/profile.gbr	1587769cdc21e01037f694cb3808ec29
skip		YACCS-OLD/YACC1-2020 July 2021 backup/PCB/Production/Bus Tester V3.1/CAMOutputs/GerberFiles/silkscreen_bottom.gbr	f332d9ce0820305226cdd55282cdf24b
skip		YACCS-OLD/YACC1-2020 July 2021 backup/PCB/Production/Bus Tester V3.1/CAMOutputs/GerberFiles/silkscreen_top.gbr	60f845239f3167d7a9b023d6c6304611
skip		YACCS-OLD/YACC1-2020 July 2021 backup/PCB/Production/Bus Tester V3.1/CAMOutputs/GerberFiles/soldermask_bottom.gbr	9e4cf0cd7007f196d4de16f742d1d6b0
skip		YACCS-OLD/YACC1-2020 July 2021 backup/PCB/Production/Bus Tester V3.1/CAMOutputs/GerberFiles/soldermask_top.gbr	1a7993a0f7ba01bf5c1cca4fa158c45f
skip		YACCS-OLD/YACC1-2020 July 2021 backup/PCB/Production/Bus Tester V3.1/CAMOutputs/GerberFiles/solderpaste_bottom.gbr	e7cfbb13c9f0209464e41efff207c85a
skip		YACCS-OLD/YACC1-2020 July 2021 backup/PCB/Production/Bus Tester V3.1/CAMOutputs/GerberFiles/solderpaste_top.gbr	5b8f24b9c0206ea428f50a073b3296ff
skip		YACCS-OLD/YACC1-2020 July 2021 backup/PCB/Production/Bus Tester V3.1/Notes.rtf	47ecff448cb2c3f2b2d12876aeae289d
skip		YACCS-OLD/YACC1-2020 July 2021 backup/PCB/Production/Bus Tester V3.1/switchtemplate.skp	7715564bd0cd863ae87a7cfa919dcd3b
skip		YACCS-OLD/YACC1-2020 July 2021 backup/PCB/Production/Bus Tester V3.1/tester.brd	550fc2d2f3627b50c0c866cffc45d592
skip		YACCS-OLD/YACC1-2020 July 2021 backup/PCB/Production/Bus Tester V3.1/tester.pro	0dede68700592de32f7a92543b682413
skip		YACCS-OLD/YACC1-2020 July 2021 backup/PCB/Production/Bus Tester V3.1/tester.sch	5dab082e4a346d69864db468cbc05c02
skip		YACCS-OLD/YACC1-2020 July 2021 backup/PCB/Production/Bus Tester orig/Notes.rtf	47ecff448cb2c3f2b2d12876aeae289d
skip		YACCS-OLD/YACC1-2020 July 2021 backup/PCB/Production/Bus Tester orig/gerbers/tester.cmp	b016b37c32162f7e301dc3cfa58c759b
skip		YACCS-OLD/YACC1-2020 July 2021 backup/PCB/Production/Bus Tester orig/gerbers/tester.drd	b33db64cc6f75f0403faf9be64cdc5ef
skip		YACCS-OLD/YACC1-2020 July 2021 backup/PCB/Production/Bus Tester orig/gerbers/tester.plc	8f61d2c0db0eb3c04009e771d0278793
skip		YACCS-OLD/YACC1-2020 July 2021 backup/PCB/Production/Bus Tester orig/gerbers/tester.sol	fa2bef0ce9154c76dab5beb2aa113c02
skip		YACCS-OLD/YACC1-2020 July 2021 backup/PCB/Production/Bus Tester orig/gerbers/tester.stc	fac9958008bd2dd06cecb1619c3f075b
skip		YACCS-OLD/YACC1-2020 July 2021 backup/PCB/Production/Bus Tester orig/gerbers/tester.sts	41e9400f1d21f9e1c5ae4dcf3fc0f433
skip		YACCS-OLD/YACC1-2020 July 2021 backup/PCB/Production/Bus Tester orig/switchtemplate.skp	7715564bd0cd863ae87a7cfa919dcd3b
skip		YACCS-OLD/YACC1-2020 July 2021 backup/PCB/Production/Bus Tester orig/switchtemplate.svg	d9bd760e3b52368ab476d3afb95120e9
skip		YACCS-OLD/YACC1-2020 July 2021 backup/PCB/Production/IO-V-1.1/CAMOutputs/Assembly/IO V1.0.csv	809cec696e5a903c1f41a7f7ee796f3e
skip		YACCS-OLD/YACC1-2020 July 2021 backup/PCB/Production/IO-V-1.1/CAMOutputs/Assembly/IO V1.0.txt	871fe6a366d77194b8a5e8b314738cb4
skip		YACCS-OLD/YACC1-2020 July 2021 backup/PCB/Production/IO-V-1.1/CAMOutputs/Assembly/IO V1.1.csv	4cf24ff5b08a964e570eafef7f20855c
skip		YACCS-OLD/YACC1-2020 July 2021 backup/PCB/Production/IO-V-1.1/CAMOutputs/CAMOutputs/Assembly/IO V1.1.csv	4cf24ff5b08a964e570eafef7f20855c
skip		YACCS-OLD/YACC1-2020 July 2021 backup/PCB/Production/IO-V-1.1/CAMOutputs/CAMOutputs/DrillFiles/drill_1_16.xln	f12b987e56c83776b9138c2230721faf
skip		YACCS-OLD/YACC1-2020 July 2021 backup/PCB/Production/IO-V-1.1/CAMOutputs/CAMOutputs/GerberFiles/copper_bottom.gbr	be12340952bfc8b7c68524a0aa16275e
skip		YACCS-OLD/YACC1-2020 July 2021 backup/PCB/Production/IO-V-1.1/CAMOutputs/CAMOutputs/GerberFiles/copper_top.gbr	c2e28c7c0e179718ea9c866306af4219
skip		YACCS-OLD/YACC1-2020 July 2021 backup/PCB/Production/IO-V-1.1/CAMOutputs/CAMOutputs/GerberFiles/gerber_job.gbrjob	2aca510e82fbfb806bf9e53b52e7689f
skip		YACCS-OLD/YACC1-2020 July 2021 backup/PCB/Production/IO-V-1.1/CAMOutputs/CAMOutputs/GerberFiles/profile.gbr	71c74af1da02537eb0c76fc407c9839b
skip		YACCS-OLD/YACC1-2020 July 2021 backup/PCB/Production/IO-V-1.1/CAMOutputs/CAMOutputs/GerberFiles/silkscreen_bottom.gbr	f332d9ce0820305226cdd55282cdf24b
skip		YACCS-OLD/YACC1-2020 July 2021 backup/PCB/Production/IO-V-1.1/CAMOutputs/CAMOutputs/GerberFiles/silkscreen_top.gbr	a7933013c791ae8df0f326f4a2ffb40f
skip		YACCS-OLD/YACC1-2020 July 2021 backup/PCB/Production/IO-V-1.1/CAMOutputs/CAMOutputs/GerberFiles/soldermask_bottom.gbr	8b4697836cf9c2107fa4c9e33f7ebaac
skip		YACCS-OLD/YACC1-2020 July 2021 backup/PCB/Production/IO-V-1.1/CAMOutputs/CAMOutputs/GerberFiles/soldermask_top.gbr	29052ee02b3dfca0222ecd0bd58dfb2a
skip		YACCS-OLD/YACC1-2020 July 2021 backup/PCB/Production/IO-V-1.1/CAMOutputs/CAMOutputs/GerberFiles/solderpaste_bottom.gbr	e7cfbb13c9f0209464e41efff207c85a
skip		YACCS-OLD/YACC1-2020 July 2021 backup/PCB/Production/IO-V-1.1/CAMOutputs/CAMOutputs/GerberFiles/solderpaste_top.gbr	5b8f24b9c0206ea428f50a073b3296ff
skip		YACCS-OLD/YACC1-2020 July 2021 backup/PCB/Production/IO-V-1.1/CAMOutputs/DrillFiles/drill_1_16.xln	744a896a58b4768f429ee44ed7016336
skip		YACCS-OLD/YACC1-2020 July 2021 backup/PCB/Production/IO-V-1.1/CAMOutputs/GerberFiles/Archive.zip	ffced23185f0a31b8ff6852d0cf87712
skip		YACCS-OLD/YACC1-2020 July 2021 backup/PCB/Production/IO-V-1.1/CAMOutputs/GerberFiles/copper_bottom.gbr	be12340952bfc8b7c68524a0aa16275e
skip		YACCS-OLD/YACC1-2020 July 2021 backup/PCB/Production/IO-V-1.1/CAMOutputs/GerberFiles/copper_top.gbr	c2e28c7c0e179718ea9c866306af4219
skip		YACCS-OLD/YACC1-2020 July 2021 backup/PCB/Production/IO-V-1.1/CAMOutputs/GerberFiles/drill_1_16.xln	744a896a58b4768f429ee44ed7016336
skip		YACCS-OLD/YACC1-2020 July 2021 backup/PCB/Production/IO-V-1.1/CAMOutputs/GerberFiles/gerber_job.gbrjob	292323d66605b8c96c225d98372c0d33
skip		YACCS-OLD/YACC1-2020 July 2021 backup/PCB/Production/IO-V-1.1/CAMOutputs/GerberFiles/profile.gbr	71c74af1da02537eb0c76fc407c9839b
skip		YACCS-OLD/YACC1-2020 July 2021 backup/PCB/Production/IO-V-1.1/CAMOutputs/GerberFiles/silkscreen_bottom.gbr	f332d9ce0820305226cdd55282cdf24b
skip		YACCS-OLD/YACC1-2020 July 2021 backup/PCB/Production/IO-V-1.1/CAMOutputs/GerberFiles/silkscreen_top.gbr	a7933013c791ae8df0f326f4a2ffb40f
skip		YACCS-OLD/YACC1-2020 July 2021 backup/PCB/Production/IO-V-1.1/CAMOutputs/GerberFiles/soldermask_bottom.gbr	8b4697836cf9c2107fa4c9e33f7ebaac
skip		YACCS-OLD/YACC1-2020 July 2021 backup/PCB/Production/IO-V-1.1/CAMOutputs/GerberFiles/soldermask_top.gbr	29052ee02b3dfca0222ecd0bd58dfb2a
skip		YACCS-OLD/YACC1-2020 July 2021 backup/PCB/Production/IO-V-1.1/CAMOutputs/GerberFiles/solderpaste_bottom.gbr	e7cfbb13c9f0209464e41efff207c85a
skip		YACCS-OLD/YACC1-2020 July 2021 backup/PCB/Production/IO-V-1.1/CAMOutputs/GerberFiles/solderpaste_top.gbr	5b8f24b9c0206ea428f50a073b3296ff
skip		YACCS-OLD/YACC1-2020 July 2021 backup/PCB/Production/IO-V-1.1/IO V1.0.pro	8699589ba8e7443ce0c65ad83f334844
skip		YACCS-OLD/YACC1-2020 July 2021 backup/PCB/Production/IO-V-1.1/IO V1.1.pro	64cfbeb823645087b4f9a89eebfb31ae
skip		YACCS-OLD/YACC1-2020 July 2021 backup/PCB/Production/IO-V-1.1/IO V1.1_00.pro	7642b8501938a8728896376e87110474
skip		YACCS-OLD/YACC1-2020 July 2021 backup/PCB/Production/IO-V-1.1/IO V1.1_01.pro	7ce65d5619b21920db679d50c21203e2
skip		YACCS-OLD/YACC1-2020 July 2021 backup/PCB/Production/IO-V-1.1/IO V1.1_02.pro	dfe8171f5b5f21063ff155c90cb22a17
skip		YACCS-OLD/YACC1-2020 July 2021 backup/PCB/Production/IO-V-1.1/IO V1.1_03.pro	955f4e7715d7f99a5f6b2ae8c52d2b7c
skip		YACCS-OLD/YACC1-2020 July 2021 backup/PCB/Production/IO-V-1.1/Notes.rtf	8f3dca845d176964842b86af84ef7cba
skip		YACCS-OLD/YACC1-2020 July 2021 backup/PCB/Production/Index Registers 1.1/CAMOutputs/Assembly/Index Registers - 1.1.csv	b34a55c4a90bdac077807f5c6ce1400c
skip		YACCS-OLD/YACC1-2020 July 2021 backup/PCB/Production/Index Registers 1.1/CAMOutputs/DrillFiles/drill_1_16.xln	995b4a280d7d50b900f2713225c3f957
skip		YACCS-OLD/YACC1-2020 July 2021 backup/PCB/Production/Index Registers 1.1/CAMOutputs/GerberFiles/Archive.zip	5bf07e58ca189d526a2083a2ba03fd0f
skip		YACCS-OLD/YACC1-2020 July 2021 backup/PCB/Production/Index Registers 1.1/CAMOutputs/GerberFiles/copper_bottom_l4.gbr	1233cd6b0130288844cead1760819b01
skip		YACCS-OLD/YACC1-2020 July 2021 backup/PCB/Production/Index Registers 1.1/CAMOutputs/GerberFiles/copper_inner_l2.gbr	c681162ed61955b3ad7693b6a8c237e3
skip		YACCS-OLD/YACC1-2020 July 2021 backup/PCB/Production/Index Registers 1.1/CAMOutputs/GerberFiles/copper_inner_l3.gbr	9d538613f47f1f549e2908f26bc7774c
skip		YACCS-OLD/YACC1-2020 July 2021 backup/PCB/Production/Index Registers 1.1/CAMOutputs/GerberFiles/copper_top_l1.gbr	682fea9bc3535843e3096c805c6f472d
skip		YACCS-OLD/YACC1-2020 July 2021 backup/PCB/Production/Index Registers 1.1/CAMOutputs/GerberFiles/drill_1_16.xln	995b4a280d7d50b900f2713225c3f957
skip		YACCS-OLD/YACC1-2020 July 2021 backup/PCB/Production/Index Registers 1.1/CAMOutputs/GerberFiles/gerber_job.gbrjob	761d9d1f8bcebaa27fda4701fe745073
skip		YACCS-OLD/YACC1-2020 July 2021 backup/PCB/Production/Index Registers 1.1/CAMOutputs/GerberFiles/profile.gbr	c2a4b83dee7f8502239ea2e6608214c7
skip		YACCS-OLD/YACC1-2020 July 2021 backup/PCB/Production/Index Registers 1.1/CAMOutputs/GerberFiles/silkscreen_bottom.gbr	f332d9ce0820305226cdd55282cdf24b
skip		YACCS-OLD/YACC1-2020 July 2021 backup/PCB/Production/Index Registers 1.1/CAMOutputs/GerberFiles/silkscreen_top.gbr	21d12fdbe450752baaf24ddd016fef04
skip		YACCS-OLD/YACC1-2020 July 2021 backup/PCB/Production/Index Registers 1.1/CAMOutputs/GerberFiles/soldermask_bottom.gbr	04307b1190f63c49a8fd264823673f68
skip		YACCS-OLD/YACC1-2020 July 2021 backup/PCB/Production/Index Registers 1.1/CAMOutputs/GerberFiles/soldermask_top.gbr	8ef022eb0cc12a8f140394d3b16bf921
skip		YACCS-OLD/YACC1-2020 July 2021 backup/PCB/Production/Index Registers 1.1/CAMOutputs/GerberFiles/solderpaste_bottom.gbr	e7cfbb13c9f0209464e41efff207c85a
skip		YACCS-OLD/YACC1-2020 July 2021 backup/PCB/Production/Index Registers 1.1/CAMOutputs/GerberFiles/solderpaste_top.gbr	5b8f24b9c0206ea428f50a073b3296ff
skip		YACCS-OLD/YACC1-2020 July 2021 backup/PCB/Production/Index Registers 1.1/Index Registers - 1.1.brd	0d61c7ee915f82584a0f41e236391831
skip		YACCS-OLD/YACC1-2020 July 2021 backup/PCB/Production/Index Registers 1.1/Index Registers - 1.1.pro	36b3d79d69224c0f524f73dc089d8b35
skip		YACCS-OLD/YACC1-2020 July 2021 backup/PCB/Production/Index Registers 1.1/Index Registers - 1.1.sch	dc54edcbc7228344e0dca15c4f21ea48
skip		YACCS-OLD/YACC1-2020 July 2021 backup/PCB/Production/Index Registers 1.1/Notes.rtf	b291d044a4eef04822eafa851f0b8bb8
skip		YACCS-OLD/YACC1-2020 July 2021 backup/PCB/Production/Index Registers 1.1/testcircuit.circ	a23026f5020ca9d457affaa5883abcdf
skip		YACCS-OLD/YACC1-2020 July 2021 backup/PCB/Production/Memory v1.2/CAMOutputs/GerberFiles/profile.gbr	5ee37e9e1cbb17fb415808e588fd93d5
skip		YACCS-OLD/YACC1-2020 July 2021 backup/PCB/Production/Memory v1.2/CAMOutputs/GerberFiles/silkscreen_bottom.gbr	f332d9ce0820305226cdd55282cdf24b
skip		YACCS-OLD/YACC1-2020 July 2021 backup/PCB/Production/Memory v1.2/CAMOutputs/GerberFiles/solderpaste_bottom.gbr	e7cfbb13c9f0209464e41efff207c85a
skip		YACCS-OLD/YACC1-2020 July 2021 backup/PCB/Production/Memory v1.2/CAMOutputs/GerberFiles/solderpaste_top.gbr	5b8f24b9c0206ea428f50a073b3296ff
skip		YACCS-OLD/YACC1-2020 July 2021 backup/PCB/Production/Memory v1.2/Memory V1.2.pro	aa2341003f8b67e02dcc7f94b75d202c
skip		YACCS-OLD/YACC1-2020 July 2021 backup/PCB/Production/PROTOCARD-PROD-V1.0/gerbers/ProtoCard-Prod-V1.0.cmp	1184fe698e32345f080e5c9f9df00a88
skip		YACCS-OLD/YACC1-2020 July 2021 backup/PCB/Production/PROTOCARD-PROD-V1.0/gerbers/ProtoCard-Prod-V1.0.drd	aff2cef3237bb2cfc9db9b201b3f2f95
skip		YACCS-OLD/YACC1-2020 July 2021 backup/PCB/Production/PROTOCARD-PROD-V1.0/gerbers/ProtoCard-Prod-V1.0.plc	bff08aa786aa6e352df5f1467e117515
skip		YACCS-OLD/YACC1-2020 July 2021 backup/PCB/Production/PROTOCARD-PROD-V1.0/gerbers/ProtoCard-Prod-V1.0.sol	35eb43abf460745ce0cabc5410e25a38
skip		YACCS-OLD/YACC1-2020 July 2021 backup/PCB/Production/PROTOCARD-PROD-V1.0/gerbers/ProtoCard-Prod-V1.0.stc	f3951473fd4dfa2c8985b1e86a05cd9d
skip		YACCS-OLD/YACC1-2020 July 2021 backup/PCB/Production/PROTOCARD-PROD-V1.0/gerbers/ProtoCard-Prod-V1.0.sts	f3951473fd4dfa2c8985b1e86a05cd9d
skip		YACCS-OLD/YACC1-2020 July 2021 backup/PCB/Production/Sequencer-Logic-v2.1/CAMOutputs/GerberFiles/silkscreen_bottom.gbr	f332d9ce0820305226cdd55282cdf24b
skip		YACCS-OLD/YACC1-2020 July 2021 backup/PCB/Production/Sequencer-Logic-v2.1/CAMOutputs/GerberFiles/solderpaste_bottom.gbr	e7cfbb13c9f0209464e41efff207c85a
skip		YACCS-OLD/YACC1-2020 July 2021 backup/PCB/Production/Sequencer-Logic-v2.1/CAMOutputs/GerberFiles/solderpaste_top.gbr	5b8f24b9c0206ea428f50a073b3296ff
skip		YACCS-OLD/YACC1-2020 July 2021 backup/PCB/Production/Sequencer-Memory-V2.1/CAMOutputs/GerberFiles/silkscreen_bottom.gbr	f332d9ce0820305226cdd55282cdf24b
skip		YACCS-OLD/YACC1-2020 July 2021 backup/PCB/Production/Sequencer-Memory-V2.1/CAMOutputs/GerberFiles/solderpaste_bottom.gbr	e7cfbb13c9f0209464e41efff207c85a
skip		YACCS-OLD/YACC1-2020 July 2021 backup/PCB/Production/Sequencer-Memory-V2.1/CAMOutputs/GerberFiles/solderpaste_top.gbr	5b8f24b9c0206ea428f50a073b3296ff
drop		YACCS-OLD/YACC1-2020 July 2021 backup/PCB/Production/Sequencer-Memory-V2.1/old-YACC1/Sequencer-Memory-V1.0-1.brd	2ff71dd43c2e2cf8b6ac35b44a32b2b2
drop		YACCS-OLD/YACC1-2020 July 2021 backup/PCB/Production/Sequencer-Memory-V2.1/old-YACC1/Sequencer-Memory-V1.0-1.sch	a68db3b0191addab8d1cdcbf8bdccb2e
drop		YACCS-OLD/YACC1-2020 July 2021 backup/PCB/Production/Sequencer-Memory-V2.1/old-YACC1/Sequencer-Memory-V1.0-2.brd	153ffa2ce116cf3bcfe9e3648bb00116
drop		YACCS-OLD/YACC1-2020 July 2021 backup/PCB/Production/Sequencer-Memory-V2.1/old-YACC1/Sequencer-Memory-V1.0-2.sch	74c2e07aabc72bcf4e215afb674b0aaf
drop		YACCS-OLD/YACC1-2020 July 2021 backup/PCB/Production/Sequencer-Memory-V2.1/old-YACC1/Sequencer-Memory-V1.0-3 2.brd	aace8e82fd202b467b67509a665f4990
drop		YACCS-OLD/YACC1-2020 July 2021 backup/PCB/Production/Sequencer-Memory-V2.1/old-YACC1/Sequencer-Memory-V1.0-3 3.brd	7f094bcad28ec1d86dd86323a15f52a4
drop		YACCS-OLD/YACC1-2020 July 2021 backup/PCB/Production/Sequencer-Memory-V2.1/old-YACC1/Sequencer-Memory-V1.0-3.dri	66c43e0da1351215bb2621177dec4ea9
drop		YACCS-OLD/YACC1-2020 July 2021 backup/PCB/Production/Sequencer-Memory-V2.1/old-YACC1/Sequencer-Memory-V1.0-3.pdf	81378635d1b7f8ff2ff6cab80b7b6d2a
drop		YACCS-OLD/YACC1-2020 July 2021 backup/PCB/Production/Sequencer-Memory-V2.1/old-YACC1/Sequencer-Memory-V1.0.sch	e04a727f86d0373041b4f2f22473b400
drop		YACCS-OLD/YACC1-2020 July 2021 backup/PCB/Production/Sequencer-Memory-V2.1/old-YACC1/gerbers.zip	f6f5601c06c96d60eb0d3431bd3b0268
skip		YACCS-OLD/YACC1-2020 July 2021 backup/PCB/Working - Under Develolpment/ALU-V3.3/ALU V3.1.pro	358a088bfed868edb6e0a5255830b402
skip		YACCS-OLD/YACC1-2020 July 2021 backup/PCB/Working - Under Develolpment/ALU-V3.3/ALU V3.2.pro	a15b0c84f8f6b793d2be4b105a64692a
skip		YACCS-OLD/YACC1-2020 July 2021 backup/PCB/Working - Under Develolpment/ALU-V3.3/ALU V3.3.brd	ebb513ce4dba1c303f3bd621b648c29c
skip		YACCS-OLD/YACC1-2020 July 2021 backup/PCB/Working - Under Develolpment/ALU-V3.3/ALU V3.3.sch	9e3e932e606ed88728761eec86f804fd
skip		YACCS-OLD/YACC1-2020 July 2021 backup/PCB/Working - Under Develolpment/ALU-V3.3/CAMOutputs/Assembly/ALU V3.2.html	95cc7d61c57de87fe484bbe58d82965a
skip		YACCS-OLD/YACC1-2020 July 2021 backup/PCB/Working - Under Develolpment/ALU-V3.3/CAMOutputs/Assembly/PnP_ALU V3.2_back.txt	d41d8cd98f00b204e9800998ecf8427e
skip		YACCS-OLD/YACC1-2020 July 2021 backup/PCB/Working - Under Develolpment/ALU-V3.3/CAMOutputs/Assembly/PnP_ALU V3.2_front.txt	d41d8cd98f00b204e9800998ecf8427e
skip		YACCS-OLD/YACC1-2020 July 2021 backup/PCB/Working - Under Develolpment/ALU-V3.3/CAMOutputs/DrillFiles/drill_1_16.xln	b280a31f691d5ca9fd3bd5bf71c203ea
skip		YACCS-OLD/YACC1-2020 July 2021 backup/PCB/Working - Under Develolpment/ALU-V3.3/CAMOutputs/GerberFiles/Archive.zip	77259274e0032bfc22d480549bcdb039
skip		YACCS-OLD/YACC1-2020 July 2021 backup/PCB/Working - Under Develolpment/ALU-V3.3/CAMOutputs/GerberFiles/copper_bottom_l4.gbr	04711a460d1f430ef9896ae249f30d85
skip		YACCS-OLD/YACC1-2020 July 2021 backup/PCB/Working - Under Develolpment/ALU-V3.3/CAMOutputs/GerberFiles/copper_inner_l2.gbr	8d7d9884f6aa17ce58451cd8d1215d8f
skip		YACCS-OLD/YACC1-2020 July 2021 backup/PCB/Working - Under Develolpment/ALU-V3.3/CAMOutputs/GerberFiles/copper_inner_l3.gbr	14bce1634c947c311a15e68e5aa98b3f
skip		YACCS-OLD/YACC1-2020 July 2021 backup/PCB/Working - Under Develolpment/ALU-V3.3/CAMOutputs/GerberFiles/copper_top_l1.gbr	ecebc07fccad4b70bf651fcda630db98
skip		YACCS-OLD/YACC1-2020 July 2021 backup/PCB/Working - Under Develolpment/ALU-V3.3/CAMOutputs/GerberFiles/drill_1_16.xln	b280a31f691d5ca9fd3bd5bf71c203ea
skip		YACCS-OLD/YACC1-2020 July 2021 backup/PCB/Working - Under Develolpment/ALU-V3.3/CAMOutputs/GerberFiles/gerber_job.gbrjob	5bd1e7531c4ed03fe2001c6d9ce82769
skip		YACCS-OLD/YACC1-2020 July 2021 backup/PCB/Working - Under Develolpment/ALU-V3.3/CAMOutputs/GerberFiles/profile.gbr	5ee37e9e1cbb17fb415808e588fd93d5
skip		YACCS-OLD/YACC1-2020 July 2021 backup/PCB/Working - Under Develolpment/ALU-V3.3/CAMOutputs/GerberFiles/silkscreen_bottom.gbr	f332d9ce0820305226cdd55282cdf24b
skip		YACCS-OLD/YACC1-2020 July 2021 backup/PCB/Working - Under Develolpment/ALU-V3.3/CAMOutputs/GerberFiles/silkscreen_top.gbr	d6daa1498d7a8e6d46be12ec4bcdecbd
skip		YACCS-OLD/YACC1-2020 July 2021 backup/PCB/Working - Under Develolpment/ALU-V3.3/CAMOutputs/GerberFiles/soldermask_bottom.gbr	c9b4ae0a066acde140a6b28b4979c483
skip		YACCS-OLD/YACC1-2020 July 2021 backup/PCB/Working - Under Develolpment/ALU-V3.3/CAMOutputs/GerberFiles/soldermask_top.gbr	04275f391c6b11dedb70c0fa58ef945c
skip		YACCS-OLD/YACC1-2020 July 2021 backup/PCB/Working - Under Develolpment/ALU-V3.3/CAMOutputs/GerberFiles/solderpaste_bottom.gbr	e7cfbb13c9f0209464e41efff207c85a
skip		YACCS-OLD/YACC1-2020 July 2021 backup/PCB/Working - Under Develolpment/ALU-V3.3/CAMOutputs/GerberFiles/solderpaste_top.gbr	5b8f24b9c0206ea428f50a073b3296ff
skip		YACCS-OLD/YACC1-2020 July 2021 backup/PCB/Working - Under Develolpment/ALU-V3.3/Notes.rtf	0596ab1e59706d6a3848d4751c76f114
drop		YACCS-OLD/YACC1-2020 July 2021 backup/PCB/Working - Under Develolpment/BUS-PROD-V1.1/yacc2buss.brd	9ab4dea4b3bd4521aaeb07d15fef2105
drop		YACCS-OLD/YACC1-2020 July 2021 backup/PCB/Working - Under Develolpment/BUS-PROD-V1.1/yacc2buss.sch	f080886c79db33bd51630bde622c4cb8
skip		YACCS-OLD/YACC1-2020 July 2021 backup/PCB/Working - Under Develolpment/Blank-V3.1/Notes.rtf	1938d70111885d3b280abd3ec866ecbb
skip		YACCS-OLD/YACC1-2020 July 2021 backup/PCB/Working - Under Develolpment/Bus Jumper Horizontal V3.2/CAMOutputs/GerberFiles/silkscreen_bottom.gbr	f332d9ce0820305226cdd55282cdf24b
skip		YACCS-OLD/YACC1-2020 July 2021 backup/PCB/Working - Under Develolpment/Bus Jumper Horizontal V3.2/CAMOutputs/GerberFiles/solderpaste_bottom.gbr	e7cfbb13c9f0209464e41efff207c85a
skip		YACCS-OLD/YACC1-2020 July 2021 backup/PCB/Working - Under Develolpment/Bus Jumper Horizontal V3.2/CAMOutputs/GerberFiles/solderpaste_top.gbr	5b8f24b9c0206ea428f50a073b3296ff
skip		YACCS-OLD/YACC1-2020 July 2021 backup/PCB/Working - Under Develolpment/Bus Jumper Horizontal V3.2/Jumper Board Horizontal V3.1.sch	eb125675168e05f528332971fc59b96f
skip		YACCS-OLD/YACC1-2020 July 2021 backup/PCB/Working - Under Develolpment/Bus Jumper Vertical V3.1/Jumper Board Vertical V3.1.brd	d70026d1fee66b6dead6ac718677ad9d
skip		YACCS-OLD/YACC1-2020 July 2021 backup/PCB/Working - Under Develolpment/Bus Jumper Vertical V3.1/Jumper Board Vertical V3.1.sch	eb125675168e05f528332971fc59b96f
skip		YACCS-OLD/YACC1-2020 July 2021 backup/PCB/Working - Under Develolpment/Bus Jumper Vertical V3.1/Notes.rtf	d3947f634e0d18a859002efd599d61c7
skip		YACCS-OLD/YACC1-2020 July 2021 backup/PCB/Working - Under Develolpment/Bus Tester V3.1/CAMOutputs/Assembly/PnP_tester_back.txt	d41d8cd98f00b204e9800998ecf8427e
skip		YACCS-OLD/YACC1-2020 July 2021 backup/PCB/Working - Under Develolpment/Bus Tester V3.1/CAMOutputs/Assembly/PnP_tester_front.txt	d41d8cd98f00b204e9800998ecf8427e
skip		YACCS-OLD/YACC1-2020 July 2021 backup/PCB/Working - Under Develolpment/Bus Tester V3.1/CAMOutputs/Assembly/tester.csv	9ffaa6dc42a9f23921c6af2b5e140177
skip		YACCS-OLD/YACC1-2020 July 2021 backup/PCB/Working - Under Develolpment/Bus Tester V3.1/CAMOutputs/DrillFiles/drill_1_16.xln	2466b1b6b3701dd13f47c1a63d1b58f2
skip		YACCS-OLD/YACC1-2020 July 2021 backup/PCB/Working - Under Develolpment/Bus Tester V3.1/CAMOutputs/GerberFiles/copper_bottom_l4.gbr	6a93513806ffcb0410c39386abc7760f
skip		YACCS-OLD/YACC1-2020 July 2021 backup/PCB/Working - Under Develolpment/Bus Tester V3.1/CAMOutputs/GerberFiles/copper_inner_l2.gbr	fa8b94496a49f369080d389bb6944228
skip		YACCS-OLD/YACC1-2020 July 2021 backup/PCB/Working - Under Develolpment/Bus Tester V3.1/CAMOutputs/GerberFiles/copper_inner_l3.gbr	16eb023de4e4b499ab5985a82c77ddd9
skip		YACCS-OLD/YACC1-2020 July 2021 backup/PCB/Working - Under Develolpment/Bus Tester V3.1/CAMOutputs/GerberFiles/copper_top_l1.gbr	a1eb1191fec926cb13717b8898d3f2e9
skip		YACCS-OLD/YACC1-2020 July 2021 backup/PCB/Working - Under Develolpment/Bus Tester V3.1/CAMOutputs/GerberFiles/gerber_job.gbrjob	be24668eecff6cc0b385286ad6ce328a
skip		YACCS-OLD/YACC1-2020 July 2021 backup/PCB/Working - Under Develolpment/Bus Tester V3.1/CAMOutputs/GerberFiles/profile.gbr	1587769cdc21e01037f694cb3808ec29
skip		YACCS-OLD/YACC1-2020 July 2021 backup/PCB/Working - Under Develolpment/Bus Tester V3.1/CAMOutputs/GerberFiles/silkscreen_bottom.gbr	f332d9ce0820305226cdd55282cdf24b
skip		YACCS-OLD/YACC1-2020 July 2021 backup/PCB/Working - Under Develolpment/Bus Tester V3.1/CAMOutputs/GerberFiles/silkscreen_top.gbr	60f845239f3167d7a9b023d6c6304611
skip		YACCS-OLD/YACC1-2020 July 2021 backup/PCB/Working - Under Develolpment/Bus Tester V3.1/CAMOutputs/GerberFiles/soldermask_bottom.gbr	9e4cf0cd7007f196d4de16f742d1d6b0
skip		YACCS-OLD/YACC1-2020 July 2021 backup/PCB/Working - Under Develolpment/Bus Tester V3.1/CAMOutputs/GerberFiles/soldermask_top.gbr	1a7993a0f7ba01bf5c1cca4fa158c45f
skip		YACCS-OLD/YACC1-2020 July 2021 backup/PCB/Working - Under Develolpment/Bus Tester V3.1/CAMOutputs/GerberFiles/solderpaste_bottom.gbr	e7cfbb13c9f0209464e41efff207c85a
skip		YACCS-OLD/YACC1-2020 July 2021 backup/PCB/Working - Under Develolpment/Bus Tester V3.1/CAMOutputs/GerberFiles/solderpaste_top.gbr	5b8f24b9c0206ea428f50a073b3296ff
skip		YACCS-OLD/YACC1-2020 July 2021 backup/PCB/Working - Under Develolpment/Bus Tester V3.1/Notes.rtf	47ecff448cb2c3f2b2d12876aeae289d
skip		YACCS-OLD/YACC1-2020 July 2021 backup/PCB/Working - Under Develolpment/Bus Tester V3.1/switchtemplate.skp	7715564bd0cd863ae87a7cfa919dcd3b
skip		YACCS-OLD/YACC1-2020 July 2021 backup/PCB/Working - Under Develolpment/Bus Tester V3.1/switchtemplate.svg	d9bd760e3b52368ab476d3afb95120e9
skip		YACCS-OLD/YACC1-2020 July 2021 backup/PCB/Working - Under Develolpment/Bus Tester V3.1/tester.brd	550fc2d2f3627b50c0c866cffc45d592
skip		YACCS-OLD/YACC1-2020 July 2021 backup/PCB/Working - Under Develolpment/Bus Tester V3.1/tester.pro	0dede68700592de32f7a92543b682413
skip		YACCS-OLD/YACC1-2020 July 2021 backup/PCB/Working - Under Develolpment/Bus Tester V3.1/tester.sch	5dab082e4a346d69864db468cbc05c02
skip		YACCS-OLD/YACC1-2020 July 2021 backup/PCB/Working - Under Develolpment/Bus Tester V3.11/CAMOutputs/Assembly/PnP_tester_back.txt	d41d8cd98f00b204e9800998ecf8427e
skip		YACCS-OLD/YACC1-2020 July 2021 backup/PCB/Working - Under Develolpment/Bus Tester V3.11/CAMOutputs/Assembly/PnP_tester_front.txt	d41d8cd98f00b204e9800998ecf8427e
skip		YACCS-OLD/YACC1-2020 July 2021 backup/PCB/Working - Under Develolpment/Bus Tester V3.11/CAMOutputs/Assembly/tester.csv	9ffaa6dc42a9f23921c6af2b5e140177
skip		YACCS-OLD/YACC1-2020 July 2021 backup/PCB/Working - Under Develolpment/Bus Tester V3.11/CAMOutputs/DrillFiles/drill_1_16.xln	2466b1b6b3701dd13f47c1a63d1b58f2
skip		YACCS-OLD/YACC1-2020 July 2021 backup/PCB/Working - Under Develolpment/Bus Tester V3.11/CAMOutputs/GerberFiles/copper_bottom_l4.gbr	6a93513806ffcb0410c39386abc7760f
skip		YACCS-OLD/YACC1-2020 July 2021 backup/PCB/Working - Under Develolpment/Bus Tester V3.11/CAMOutputs/GerberFiles/copper_inner_l2.gbr	fa8b94496a49f369080d389bb6944228
skip		YACCS-OLD/YACC1-2020 July 2021 backup/PCB/Working - Under Develolpment/Bus Tester V3.11/CAMOutputs/GerberFiles/copper_inner_l3.gbr	16eb023de4e4b499ab5985a82c77ddd9
skip		YACCS-OLD/YACC1-2020 July 2021 backup/PCB/Working - Under Develolpment/Bus Tester V3.11/CAMOutputs/GerberFiles/copper_top_l1.gbr	a1eb1191fec926cb13717b8898d3f2e9
skip		YACCS-OLD/YACC1-2020 July 2021 backup/PCB/Working - Under Develolpment/Bus Tester V3.11/CAMOutputs/GerberFiles/gerber_job.gbrjob	be24668eecff6cc0b385286ad6ce328a
skip		YACCS-OLD/YACC1-2020 July 2021 backup/PCB/Working - Under Develolpment/Bus Tester V3.11/CAMOutputs/GerberFiles/profile.gbr	1587769cdc21e01037f694cb3808ec29
skip		YACCS-OLD/YACC1-2020 July 2021 backup/PCB/Working - Under Develolpment/Bus Tester V3.11/CAMOutputs/GerberFiles/silkscreen_bottom.gbr	f332d9ce0820305226cdd55282cdf24b
skip		YACCS-OLD/YACC1-2020 July 2021 backup/PCB/Working - Under Develolpment/Bus Tester V3.11/CAMOutputs/GerberFiles/silkscreen_top.gbr	60f845239f3167d7a9b023d6c6304611
skip		YACCS-OLD/YACC1-2020 July 2021 backup/PCB/Working - Under Develolpment/Bus Tester V3.11/CAMOutputs/GerberFiles/soldermask_bottom.gbr	9e4cf0cd7007f196d4de16f742d1d6b0
skip		YACCS-OLD/YACC1-2020 July 2021 backup/PCB/Working - Under Develolpment/Bus Tester V3.11/CAMOutputs/GerberFiles/soldermask_top.gbr	1a7993a0f7ba01bf5c1cca4fa158c45f
skip		YACCS-OLD/YACC1-2020 July 2021 backup/PCB/Working - Under Develolpment/Bus Tester V3.11/CAMOutputs/GerberFiles/solderpaste_bottom.gbr	e7cfbb13c9f0209464e41efff207c85a
skip		YACCS-OLD/YACC1-2020 July 2021 backup/PCB/Working - Under Develolpment/Bus Tester V3.11/CAMOutputs/GerberFiles/solderpaste_top.gbr	5b8f24b9c0206ea428f50a073b3296ff
skip		YACCS-OLD/YACC1-2020 July 2021 backup/PCB/Working - Under Develolpment/Bus Tester V3.11/Notes.rtf	51bfd7a5b1a7ac49c7b0b1602669aa3d
skip		YACCS-OLD/YACC1-2020 July 2021 backup/PCB/Working - Under Develolpment/Bus Tester V3.11/switchtemplate.skp	7715564bd0cd863ae87a7cfa919dcd3b
skip		YACCS-OLD/YACC1-2020 July 2021 backup/PCB/Working - Under Develolpment/Bus Tester V3.11/tester.brd	49daac2d80f8c1a35be57e4a9df4cfcb
skip		YACCS-OLD/YACC1-2020 July 2021 backup/PCB/Working - Under Develolpment/Bus Tester V3.11/tester.pro	249a169195f2c7a02589bb052368f489
skip		YACCS-OLD/YACC1-2020 July 2021 backup/PCB/Working - Under Develolpment/Bus Tester V3.11/tester.sch	5dab082e4a346d69864db468cbc05c02
skip		YACCS-OLD/YACC1-2020 July 2021 backup/PCB/Working - Under Develolpment/IO-V-1.1/CAMOutputs/Assembly/IO V1.0.csv	809cec696e5a903c1f41a7f7ee796f3e
skip		YACCS-OLD/YACC1-2020 July 2021 backup/PCB/Working - Under Develolpment/IO-V-1.1/CAMOutputs/Assembly/IO V1.0.txt	871fe6a366d77194b8a5e8b314738cb4
skip		YACCS-OLD/YACC1-2020 July 2021 backup/PCB/Working - Under Develolpment/IO-V-1.1/CAMOutputs/Assembly/IO V1.1.csv	4cf24ff5b08a964e570eafef7f20855c
skip		YACCS-OLD/YACC1-2020 July 2021 backup/PCB/Working - Under Develolpment/IO-V-1.1/CAMOutputs/Assembly/PnP_IO V1.0_back.txt	d41d8cd98f00b204e9800998ecf8427e
skip		YACCS-OLD/YACC1-2020 July 2021 backup/PCB/Working - Under Develolpment/IO-V-1.1/CAMOutputs/Assembly/PnP_IO V1.0_front.txt	d41d8cd98f00b204e9800998ecf8427e
skip		YACCS-OLD/YACC1-2020 July 2021 backup/PCB/Working - Under Develolpment/IO-V-1.1/CAMOutputs/Assembly/PnP_IO V1.1_back.txt	d41d8cd98f00b204e9800998ecf8427e
skip		YACCS-OLD/YACC1-2020 July 2021 backup/PCB/Working - Under Develolpment/IO-V-1.1/CAMOutputs/Assembly/PnP_IO V1.1_front.txt	d41d8cd98f00b204e9800998ecf8427e
skip		YACCS-OLD/YACC1-2020 July 2021 backup/PCB/Working - Under Develolpment/IO-V-1.1/CAMOutputs/CAMOutputs/Assembly/IO V1.1.csv	4cf24ff5b08a964e570eafef7f20855c
skip		YACCS-OLD/YACC1-2020 July 2021 backup/PCB/Working - Under Develolpment/IO-V-1.1/CAMOutputs/CAMOutputs/Assembly/PnP_IO V1.1_back.txt	d41d8cd98f00b204e9800998ecf8427e
skip		YACCS-OLD/YACC1-2020 July 2021 backup/PCB/Working - Under Develolpment/IO-V-1.1/CAMOutputs/CAMOutputs/Assembly/PnP_IO V1.1_front.txt	d41d8cd98f00b204e9800998ecf8427e
skip		YACCS-OLD/YACC1-2020 July 2021 backup/PCB/Working - Under Develolpment/IO-V-1.1/CAMOutputs/CAMOutputs/DrillFiles/drill_1_16.xln	f12b987e56c83776b9138c2230721faf
skip		YACCS-OLD/YACC1-2020 July 2021 backup/PCB/Working - Under Develolpment/IO-V-1.1/CAMOutputs/CAMOutputs/GerberFiles/copper_bottom.gbr	be12340952bfc8b7c68524a0aa16275e
skip		YACCS-OLD/YACC1-2020 July 2021 backup/PCB/Working - Under Develolpment/IO-V-1.1/CAMOutputs/CAMOutputs/GerberFiles/copper_top.gbr	c2e28c7c0e179718ea9c866306af4219
skip		YACCS-OLD/YACC1-2020 July 2021 backup/PCB/Working - Under Develolpment/IO-V-1.1/CAMOutputs/CAMOutputs/GerberFiles/gerber_job.gbrjob	2aca510e82fbfb806bf9e53b52e7689f
skip		YACCS-OLD/YACC1-2020 July 2021 backup/PCB/Working - Under Develolpment/IO-V-1.1/CAMOutputs/CAMOutputs/GerberFiles/profile.gbr	71c74af1da02537eb0c76fc407c9839b
skip		YACCS-OLD/YACC1-2020 July 2021 backup/PCB/Working - Under Develolpment/IO-V-1.1/CAMOutputs/CAMOutputs/GerberFiles/silkscreen_bottom.gbr	f332d9ce0820305226cdd55282cdf24b
skip		YACCS-OLD/YACC1-2020 July 2021 backup/PCB/Working - Under Develolpment/IO-V-1.1/CAMOutputs/CAMOutputs/GerberFiles/silkscreen_top.gbr	a7933013c791ae8df0f326f4a2ffb40f
skip		YACCS-OLD/YACC1-2020 July 2021 backup/PCB/Working - Under Develolpment/IO-V-1.1/CAMOutputs/CAMOutputs/GerberFiles/soldermask_bottom.gbr	8b4697836cf9c2107fa4c9e33f7ebaac
skip		YACCS-OLD/YACC1-2020 July 2021 backup/PCB/Working - Under Develolpment/IO-V-1.1/CAMOutputs/CAMOutputs/GerberFiles/soldermask_top.gbr	29052ee02b3dfca0222ecd0bd58dfb2a
skip		YACCS-OLD/YACC1-2020 July 2021 backup/PCB/Working - Under Develolpment/IO-V-1.1/CAMOutputs/CAMOutputs/GerberFiles/solderpaste_bottom.gbr	e7cfbb13c9f0209464e41efff207c85a
skip		YACCS-OLD/YACC1-2020 July 2021 backup/PCB/Working - Under Develolpment/IO-V-1.1/CAMOutputs/CAMOutputs/GerberFiles/solderpaste_top.gbr	5b8f24b9c0206ea428f50a073b3296ff
skip		YACCS-OLD/YACC1-2020 July 2021 backup/PCB/Working - Under Develolpment/IO-V-1.1/CAMOutputs/DrillFiles/drill_1_16.xln	744a896a58b4768f429ee44ed7016336
skip		YACCS-OLD/YACC1-2020 July 2021 backup/PCB/Working - Under Develolpment/IO-V-1.1/CAMOutputs/GerberFiles/Archive.zip	ffced23185f0a31b8ff6852d0cf87712
skip		YACCS-OLD/YACC1-2020 July 2021 backup/PCB/Working - Under Develolpment/IO-V-1.1/CAMOutputs/GerberFiles/copper_bottom.gbr	be12340952bfc8b7c68524a0aa16275e
skip		YACCS-OLD/YACC1-2020 July 2021 backup/PCB/Working - Under Develolpment/IO-V-1.1/CAMOutputs/GerberFiles/copper_top.gbr	c2e28c7c0e179718ea9c866306af4219
skip		YACCS-OLD/YACC1-2020 July 2021 backup/PCB/Working - Under Develolpment/IO-V-1.1/CAMOutputs/GerberFiles/drill_1_16.xln	744a896a58b4768f429ee44ed7016336
skip		YACCS-OLD/YACC1-2020 July 2021 backup/PCB/Working - Under Develolpment/IO-V-1.1/CAMOutputs/GerberFiles/gerber_job.gbrjob	292323d66605b8c96c225d98372c0d33
skip		YACCS-OLD/YACC1-2020 July 2021 backup/PCB/Working - Under Develolpment/IO-V-1.1/CAMOutputs/GerberFiles/profile.gbr	71c74af1da02537eb0c76fc407c9839b
skip		YACCS-OLD/YACC1-2020 July 2021 backup/PCB/Working - Under Develolpment/IO-V-1.1/CAMOutputs/GerberFiles/silkscreen_bottom.gbr	f332d9ce0820305226cdd55282cdf24b
skip		YACCS-OLD/YACC1-2020 July 2021 backup/PCB/Working - Under Develolpment/IO-V-1.1/CAMOutputs/GerberFiles/silkscreen_top.gbr	a7933013c791ae8df0f326f4a2ffb40f
skip		YACCS-OLD/YACC1-2020 July 2021 backup/PCB/Working - Under Develolpment/IO-V-1.1/CAMOutputs/GerberFiles/soldermask_bottom.gbr	8b4697836cf9c2107fa4c9e33f7ebaac
skip		YACCS-OLD/YACC1-2020 July 2021 backup/PCB/Working - Under Develolpment/IO-V-1.1/CAMOutputs/GerberFiles/soldermask_top.gbr	29052ee02b3dfca0222ecd0bd58dfb2a
skip		YACCS-OLD/YACC1-2020 July 2021 backup/PCB/Working - Under Develolpment/IO-V-1.1/CAMOutputs/GerberFiles/solderpaste_bottom.gbr	e7cfbb13c9f0209464e41efff207c85a
skip		YACCS-OLD/YACC1-2020 July 2021 backup/PCB/Working - Under Develolpment/IO-V-1.1/CAMOutputs/GerberFiles/solderpaste_top.gbr	5b8f24b9c0206ea428f50a073b3296ff
skip		YACCS-OLD/YACC1-2020 July 2021 backup/PCB/Working - Under Develolpment/IO-V-1.1/IO V1.0.pro	8699589ba8e7443ce0c65ad83f334844
skip		YACCS-OLD/YACC1-2020 July 2021 backup/PCB/Working - Under Develolpment/IO-V-1.1/IO V1.1.brd	8f38b64b19de8687faf500a66068364f
skip		YACCS-OLD/YACC1-2020 July 2021 backup/PCB/Working - Under Develolpment/IO-V-1.1/IO V1.1.pro	64cfbeb823645087b4f9a89eebfb31ae
skip		YACCS-OLD/YACC1-2020 July 2021 backup/PCB/Working - Under Develolpment/IO-V-1.1/IO V1.1.sch	47b613e1aad04dfd7d0f3fe3bb54cee2
skip		YACCS-OLD/YACC1-2020 July 2021 backup/PCB/Working - Under Develolpment/IO-V-1.1/IO V1.1_00.pro	7642b8501938a8728896376e87110474
skip		YACCS-OLD/YACC1-2020 July 2021 backup/PCB/Working - Under Develolpment/IO-V-1.1/IO V1.1_01.pro	7ce65d5619b21920db679d50c21203e2
skip		YACCS-OLD/YACC1-2020 July 2021 backup/PCB/Working - Under Develolpment/IO-V-1.1/IO V1.1_02.pro	dfe8171f5b5f21063ff155c90cb22a17
skip		YACCS-OLD/YACC1-2020 July 2021 backup/PCB/Working - Under Develolpment/IO-V-1.1/IO V1.1_03.pro	955f4e7715d7f99a5f6b2ae8c52d2b7c
skip		YACCS-OLD/YACC1-2020 July 2021 backup/PCB/Working - Under Develolpment/IO-V-1.1/Notes.rtf	c9ae682254d174551032bd2f2967ab5a
skip		YACCS-OLD/YACC1-2020 July 2021 backup/PCB/Working - Under Develolpment/Index Registers 1.2/CAMOutputs/Assembly/Index Registers - 1.1.csv	b34a55c4a90bdac077807f5c6ce1400c
skip		YACCS-OLD/YACC1-2020 July 2021 backup/PCB/Working - Under Develolpment/Index Registers 1.2/CAMOutputs/Assembly/PnP_Index Registers - 1.1_back.txt	d41d8cd98f00b204e9800998ecf8427e
skip		YACCS-OLD/YACC1-2020 July 2021 backup/PCB/Working - Under Develolpment/Index Registers 1.2/CAMOutputs/Assembly/PnP_Index Registers - 1.1_front.txt	d41d8cd98f00b204e9800998ecf8427e
skip		YACCS-OLD/YACC1-2020 July 2021 backup/PCB/Working - Under Develolpment/Index Registers 1.2/CAMOutputs/DrillFiles/drill_1_16.xln	995b4a280d7d50b900f2713225c3f957
skip		YACCS-OLD/YACC1-2020 July 2021 backup/PCB/Working - Under Develolpment/Index Registers 1.2/CAMOutputs/GerberFiles/Archive.zip	5bf07e58ca189d526a2083a2ba03fd0f
skip		YACCS-OLD/YACC1-2020 July 2021 backup/PCB/Working - Under Develolpment/Index Registers 1.2/CAMOutputs/GerberFiles/copper_bottom_l4.gbr	1233cd6b0130288844cead1760819b01
skip		YACCS-OLD/YACC1-2020 July 2021 backup/PCB/Working - Under Develolpment/Index Registers 1.2/CAMOutputs/GerberFiles/copper_inner_l2.gbr	c681162ed61955b3ad7693b6a8c237e3
skip		YACCS-OLD/YACC1-2020 July 2021 backup/PCB/Working - Under Develolpment/Index Registers 1.2/CAMOutputs/GerberFiles/copper_inner_l3.gbr	9d538613f47f1f549e2908f26bc7774c
skip		YACCS-OLD/YACC1-2020 July 2021 backup/PCB/Working - Under Develolpment/Index Registers 1.2/CAMOutputs/GerberFiles/copper_top_l1.gbr	682fea9bc3535843e3096c805c6f472d
skip		YACCS-OLD/YACC1-2020 July 2021 backup/PCB/Working - Under Develolpment/Index Registers 1.2/CAMOutputs/GerberFiles/drill_1_16.xln	995b4a280d7d50b900f2713225c3f957
skip		YACCS-OLD/YACC1-2020 July 2021 backup/PCB/Working - Under Develolpment/Index Registers 1.2/CAMOutputs/GerberFiles/gerber_job.gbrjob	761d9d1f8bcebaa27fda4701fe745073
skip		YACCS-OLD/YACC1-2020 July 2021 backup/PCB/Working - Under Develolpment/Index Registers 1.2/CAMOutputs/GerberFiles/profile.gbr	c2a4b83dee7f8502239ea2e6608214c7
skip		YACCS-OLD/YACC1-2020 July 2021 backup/PCB/Working - Under Develolpment/Index Registers 1.2/CAMOutputs/GerberFiles/silkscreen_bottom.gbr	f332d9ce0820305226cdd55282cdf24b
skip		YACCS-OLD/YACC1-2020 July 2021 backup/PCB/Working - Under Develolpment/Index Registers 1.2/CAMOutputs/GerberFiles/silkscreen_top.gbr	21d12fdbe450752baaf24ddd016fef04
skip		YACCS-OLD/YACC1-2020 July 2021 backup/PCB/Working - Under Develolpment/Index Registers 1.2/CAMOutputs/GerberFiles/soldermask_bottom.gbr	04307b1190f63c49a8fd264823673f68
skip		YACCS-OLD/YACC1-2020 July 2021 backup/PCB/Working - Under Develolpment/Index Registers 1.2/CAMOutputs/GerberFiles/soldermask_top.gbr	8ef022eb0cc12a8f140394d3b16bf921
skip		YACCS-OLD/YACC1-2020 July 2021 backup/PCB/Working - Under Develolpment/Index Registers 1.2/CAMOutputs/GerberFiles/solderpaste_bottom.gbr	e7cfbb13c9f0209464e41efff207c85a
skip		YACCS-OLD/YACC1-2020 July 2021 backup/PCB/Working - Under Develolpment/Index Registers 1.2/CAMOutputs/GerberFiles/solderpaste_top.gbr	5b8f24b9c0206ea428f50a073b3296ff
skip		YACCS-OLD/YACC1-2020 July 2021 backup/PCB/Working - Under Develolpment/Index Registers 1.2/Index Registers - 1.1.brd	0d61c7ee915f82584a0f41e236391831
skip		YACCS-OLD/YACC1-2020 July 2021 backup/PCB/Working - Under Develolpment/Index Registers 1.2/Index Registers - 1.1.pro	36b3d79d69224c0f524f73dc089d8b35
skip		YACCS-OLD/YACC1-2020 July 2021 backup/PCB/Working - Under Develolpment/Index Registers 1.2/Index Registers - 1.1.sch	dc54edcbc7228344e0dca15c4f21ea48
skip		YACCS-OLD/YACC1-2020 July 2021 backup/PCB/Working - Under Develolpment/Index Registers 1.2/Index Registers - 1.2.brd	0d61c7ee915f82584a0f41e236391831
skip		YACCS-OLD/YACC1-2020 July 2021 backup/PCB/Working - Under Develolpment/Index Registers 1.2/Index Registers - 1.2.sch	dc54edcbc7228344e0dca15c4f21ea48
skip		YACCS-OLD/YACC1-2020 July 2021 backup/PCB/Working - Under Develolpment/Index Registers 1.2/Notes.rtf	e50ab54914be51f5a6348404f97be0b9
skip		YACCS-OLD/YACC1-2020 July 2021 backup/PCB/Working - Under Develolpment/Index Registers 1.2/testcircuit.circ	a23026f5020ca9d457affaa5883abcdf
skip		YACCS-OLD/YACC1-2020 July 2021 backup/PCB/Working - Under Develolpment/Mem Switch V1.0/CAMOutputs/GerberFiles/profile.gbr	5ee37e9e1cbb17fb415808e588fd93d5
skip		YACCS-OLD/YACC1-2020 July 2021 backup/PCB/Working - Under Develolpment/Mem Switch V1.0/CAMOutputs/GerberFiles/silkscreen_bottom.gbr	f332d9ce0820305226cdd55282cdf24b
skip		YACCS-OLD/YACC1-2020 July 2021 backup/PCB/Working - Under Develolpment/Mem Switch V1.0/CAMOutputs/GerberFiles/solderpaste_bottom.gbr	e7cfbb13c9f0209464e41efff207c85a
skip		YACCS-OLD/YACC1-2020 July 2021 backup/PCB/Working - Under Develolpment/Mem Switch V1.0/CAMOutputs/GerberFiles/solderpaste_top.gbr	5b8f24b9c0206ea428f50a073b3296ff
skip		YACCS-OLD/YACC1-2020 July 2021 backup/PCB/Working - Under Develolpment/Mem Switch V1.0/Notes.rtf	1938d70111885d3b280abd3ec866ecbb
skip		YACCS-OLD/YACC1-2020 July 2021 backup/PCB/Working - Under Develolpment/Memory v1.3/CAMOutputs/GerberFiles/profile.gbr	5ee37e9e1cbb17fb415808e588fd93d5
skip		YACCS-OLD/YACC1-2020 July 2021 backup/PCB/Working - Under Develolpment/Memory v1.3/CAMOutputs/GerberFiles/silkscreen_bottom.gbr	f332d9ce0820305226cdd55282cdf24b
skip		YACCS-OLD/YACC1-2020 July 2021 backup/PCB/Working - Under Develolpment/Memory v1.3/CAMOutputs/GerberFiles/solderpaste_bottom.gbr	e7cfbb13c9f0209464e41efff207c85a
skip		YACCS-OLD/YACC1-2020 July 2021 backup/PCB/Working - Under Develolpment/Memory v1.3/CAMOutputs/GerberFiles/solderpaste_top.gbr	5b8f24b9c0206ea428f50a073b3296ff
skip		YACCS-OLD/YACC1-2020 July 2021 backup/PCB/Working - Under Develolpment/Memory v1.3/Memory V1.0.brd	45031dc1c40a866e8b708faec2037363
skip		YACCS-OLD/YACC1-2020 July 2021 backup/PCB/Working - Under Develolpment/Memory v1.3/Memory V1.0.pro	23281dceca1f4edc6d3e0329a09a699f
skip		YACCS-OLD/YACC1-2020 July 2021 backup/PCB/Working - Under Develolpment/Memory v1.3/Memory V1.0.sch	e2cad2bf969ddc3a3d701fa20b147268
skip		YACCS-OLD/YACC1-2020 July 2021 backup/PCB/Working - Under Develolpment/Memory v1.3/Memory V1.2.brd	55256af0172da31063551255ed922b94
skip		YACCS-OLD/YACC1-2020 July 2021 backup/PCB/Working - Under Develolpment/Memory v1.3/Memory V1.2.pdf	af9074d289a3dc4ea4e53c8697724245
skip		YACCS-OLD/YACC1-2020 July 2021 backup/PCB/Working - Under Develolpment/Memory v1.3/Memory V1.2.pro	aa2341003f8b67e02dcc7f94b75d202c
skip		YACCS-OLD/YACC1-2020 July 2021 backup/PCB/Working - Under Develolpment/Memory v1.3/Memory V1.2.sch	2bd170fc92a24185187a4a56ea4fa8b4
skip		YACCS-OLD/YACC1-2020 July 2021 backup/PCB/Working - Under Develolpment/Notes - BUS.rtf	1938d70111885d3b280abd3ec866ecbb
skip		YACCS-OLD/YACC1-2020 July 2021 backup/PCB/Working - Under Develolpment/Old and obsolete/ALU-V3.1/ALU V3.1.pro	358a088bfed868edb6e0a5255830b402
skip		YACCS-OLD/YACC1-2020 July 2021 backup/PCB/Working - Under Develolpment/Old and obsolete/ALU-V3.1/gerbers/CAMOutputs/GerberFiles/profile.gbr	5ee37e9e1cbb17fb415808e588fd93d5
skip		YACCS-OLD/YACC1-2020 July 2021 backup/PCB/Working - Under Develolpment/Old and obsolete/ALU-V3.1/gerbers/CAMOutputs/GerberFiles/silkscreen_bottom.gbr	f332d9ce0820305226cdd55282cdf24b
skip		YACCS-OLD/YACC1-2020 July 2021 backup/PCB/Working - Under Develolpment/Old and obsolete/ALU-V3.1/gerbers/CAMOutputs/GerberFiles/solderpaste_bottom.gbr	e7cfbb13c9f0209464e41efff207c85a
skip		YACCS-OLD/YACC1-2020 July 2021 backup/PCB/Working - Under Develolpment/Old and obsolete/ALU-V3.1/gerbers/CAMOutputs/GerberFiles/solderpaste_top.gbr	5b8f24b9c0206ea428f50a073b3296ff
skip		YACCS-OLD/YACC1-2020 July 2021 backup/PCB/Working - Under Develolpment/Old and obsolete/ALU-V3.3-notused/ALU V3.1.pro	358a088bfed868edb6e0a5255830b402
skip		YACCS-OLD/YACC1-2020 July 2021 backup/PCB/Working - Under Develolpment/Old and obsolete/ALU-V3.3-notused/CAMOutputs/GerberFiles/profile.gbr	5ee37e9e1cbb17fb415808e588fd93d5
skip		YACCS-OLD/YACC1-2020 July 2021 backup/PCB/Working - Under Develolpment/Old and obsolete/ALU-V3.3-notused/CAMOutputs/GerberFiles/silkscreen_bottom.gbr	f332d9ce0820305226cdd55282cdf24b
skip		YACCS-OLD/YACC1-2020 July 2021 backup/PCB/Working - Under Develolpment/Old and obsolete/ALU-V3.3-notused/CAMOutputs/GerberFiles/silkscreen_top.gbr	d6daa1498d7a8e6d46be12ec4bcdecbd
skip		YACCS-OLD/YACC1-2020 July 2021 backup/PCB/Working - Under Develolpment/Old and obsolete/ALU-V3.3-notused/CAMOutputs/GerberFiles/solderpaste_bottom.gbr	e7cfbb13c9f0209464e41efff207c85a
skip		YACCS-OLD/YACC1-2020 July 2021 backup/PCB/Working - Under Develolpment/Old and obsolete/ALU-V3.3-notused/CAMOutputs/GerberFiles/solderpaste_top.gbr	5b8f24b9c0206ea428f50a073b3296ff
skip		YACCS-OLD/YACC1-2020 July 2021 backup/PCB/Working - Under Develolpment/Old and obsolete/ALU-V3.3-notused/gerbers/CAMOutputs/GerberFiles/profile.gbr	5ee37e9e1cbb17fb415808e588fd93d5
skip		YACCS-OLD/YACC1-2020 July 2021 backup/PCB/Working - Under Develolpment/Old and obsolete/ALU-V3.3-notused/gerbers/CAMOutputs/GerberFiles/silkscreen_bottom.gbr	f332d9ce0820305226cdd55282cdf24b
skip		YACCS-OLD/YACC1-2020 July 2021 backup/PCB/Working - Under Develolpment/Old and obsolete/ALU-V3.3-notused/gerbers/CAMOutputs/GerberFiles/solderpaste_bottom.gbr	e7cfbb13c9f0209464e41efff207c85a
skip		YACCS-OLD/YACC1-2020 July 2021 backup/PCB/Working - Under Develolpment/Old and obsolete/ALU-V3.3-notused/gerbers/CAMOutputs/GerberFiles/solderpaste_top.gbr	5b8f24b9c0206ea428f50a073b3296ff
drop		YACCS-OLD/YACC1-2020 July 2021 backup/PCB/Working - Under Develolpment/Old and obsolete/Address and TMP-V1.0/Address and TMP V1.0.brd	aa8dbb69a529b22605b5b986f10c4a30
drop		YACCS-OLD/YACC1-2020 July 2021 backup/PCB/Working - Under Develolpment/Old and obsolete/Address and TMP-V1.0/Address and TMP V1.0.pro	ef804a7b10bcfedd5f7c9048b504d1dc
drop		YACCS-OLD/YACC1-2020 July 2021 backup/PCB/Working - Under Develolpment/Old and obsolete/Address and TMP-V1.0/Address and TMP V1.0.sch	1bf75f9e7cc1b8aeab0e9fbd915b03aa
drop		YACCS-OLD/YACC1-2020 July 2021 backup/PCB/Working - Under Develolpment/Old and obsolete/Address and TMP-V1.0/CAMOutputs/Assembly/Address and TMP V1.0.txt	f92fdaa6a852ff7cc4214606d23cc4f8
drop		YACCS-OLD/YACC1-2020 July 2021 backup/PCB/Working - Under Develolpment/Old and obsolete/Address and TMP-V1.0/CAMOutputs/Assembly/PnP_Address and TMP V1.0_back.txt	d41d8cd98f00b204e9800998ecf8427e
drop		YACCS-OLD/YACC1-2020 July 2021 backup/PCB/Working - Under Develolpment/Old and obsolete/Address and TMP-V1.0/CAMOutputs/Assembly/PnP_Address and TMP V1.0_front.txt	d41d8cd98f00b204e9800998ecf8427e
drop		YACCS-OLD/YACC1-2020 July 2021 backup/PCB/Working - Under Develolpment/Old and obsolete/Address and TMP-V1.0/CAMOutputs/DrillFiles/drill_1_16.xln	20bfe8ca078dbb40ce994f0058009c5a
drop		YACCS-OLD/YACC1-2020 July 2021 backup/PCB/Working - Under Develolpment/Old and obsolete/Address and TMP-V1.0/CAMOutputs/GerberFiles/Archive.zip	99db0906485a12ceb78d93ce28bdacb9
drop		YACCS-OLD/YACC1-2020 July 2021 backup/PCB/Working - Under Develolpment/Old and obsolete/Address and TMP-V1.0/CAMOutputs/GerberFiles/copper_bottom.gbr	9c975ce8d0783b56f99d243fd3f77455
drop		YACCS-OLD/YACC1-2020 July 2021 backup/PCB/Working - Under Develolpment/Old and obsolete/Address and TMP-V1.0/CAMOutputs/GerberFiles/copper_top.gbr	1c27219f6f6f832931d0515b76b2ecb9
drop		YACCS-OLD/YACC1-2020 July 2021 backup/PCB/Working - Under Develolpment/Old and obsolete/Address and TMP-V1.0/CAMOutputs/GerberFiles/drill_1_16.xln	20bfe8ca078dbb40ce994f0058009c5a
drop		YACCS-OLD/YACC1-2020 July 2021 backup/PCB/Working - Under Develolpment/Old and obsolete/Address and TMP-V1.0/CAMOutputs/GerberFiles/gerber_job.gbrjob	a1aa00a0971427efe653c80d7ce0e1a1
drop		YACCS-OLD/YACC1-2020 July 2021 backup/PCB/Working - Under Develolpment/Old and obsolete/Address and TMP-V1.0/CAMOutputs/GerberFiles/profile.gbr	5ee37e9e1cbb17fb415808e588fd93d5
drop		YACCS-OLD/YACC1-2020 July 2021 backup/PCB/Working - Under Develolpment/Old and obsolete/Address and TMP-V1.0/CAMOutputs/GerberFiles/silkscreen_bottom.gbr	f332d9ce0820305226cdd55282cdf24b
drop		YACCS-OLD/YACC1-2020 July 2021 backup/PCB/Working - Under Develolpment/Old and obsolete/Address and TMP-V1.0/CAMOutputs/GerberFiles/silkscreen_top.gbr	2de786efcbab076f6b13c02c5fc02477
drop		YACCS-OLD/YACC1-2020 July 2021 backup/PCB/Working - Under Develolpment/Old and obsolete/Address and TMP-V1.0/CAMOutputs/GerberFiles/soldermask_bottom.gbr	8ddd6d87bbe8e0900b208f10e1bfba73
drop		YACCS-OLD/YACC1-2020 July 2021 backup/PCB/Working - Under Develolpment/Old and obsolete/Address and TMP-V1.0/CAMOutputs/GerberFiles/soldermask_top.gbr	9def55b5fbd884ce1415862d58604024
drop		YACCS-OLD/YACC1-2020 July 2021 backup/PCB/Working - Under Develolpment/Old and obsolete/Address and TMP-V1.0/CAMOutputs/GerberFiles/solderpaste_bottom.gbr	e7cfbb13c9f0209464e41efff207c85a
drop		YACCS-OLD/YACC1-2020 July 2021 backup/PCB/Working - Under Develolpment/Old and obsolete/Address and TMP-V1.0/CAMOutputs/GerberFiles/solderpaste_top.gbr	5b8f24b9c0206ea428f50a073b3296ff
skip		YACCS-OLD/YACC1-2020 July 2021 backup/PCB/Working - Under Develolpment/Sequencer-Logic-v2.1/CAMOutputs/GerberFiles/silkscreen_bottom.gbr	f332d9ce0820305226cdd55282cdf24b
skip		YACCS-OLD/YACC1-2020 July 2021 backup/PCB/Working - Under Develolpment/Sequencer-Logic-v2.1/CAMOutputs/GerberFiles/solderpaste_bottom.gbr	e7cfbb13c9f0209464e41efff207c85a
skip		YACCS-OLD/YACC1-2020 July 2021 backup/PCB/Working - Under Develolpment/Sequencer-Logic-v2.1/CAMOutputs/GerberFiles/solderpaste_top.gbr	5b8f24b9c0206ea428f50a073b3296ff
drop		YACCS-OLD/YACC1-2020 July 2021 backup/PCB/Working - Under Develolpment/Sequencer-Logic-v2.1/old-YACC1/Sequencer-Logic-Prod-V1.0-1_03.job	b13899e2fbfc4a19982cdd37bb1a15c3
drop		YACCS-OLD/YACC1-2020 July 2021 backup/PCB/Working - Under Develolpment/Sequencer-Logic-v2.1/old-YACC1/Sequencer-Logic-Prod-V1.0-3 2.pdf	cff296988ce154145887496cf92ef591
drop		YACCS-OLD/YACC1-2020 July 2021 backup/PCB/Working - Under Develolpment/Sequencer-Logic-v2.1/old-YACC1/Sequencer-Logic-Prod-V1.0-3-BOM.txt	236721aa0c387c4d69baa3f56fcd1809
drop		YACCS-OLD/YACC1-2020 July 2021 backup/PCB/Working - Under Develolpment/Sequencer-Logic-v2.1/old-YACC1/Sequencer-Logic-Prod-V1.0-3-bom.csv	7bc564de2731a855b88eb86cf2964247
drop		YACCS-OLD/YACC1-2020 July 2021 backup/PCB/Working - Under Develolpment/Sequencer-Logic-v2.1/old-YACC1/Sequencer-Logic-Prod-V1.0-3.pdf	fb908859e5162ff3c5abcc36401dbb75
drop		YACCS-OLD/YACC1-2020 July 2021 backup/PCB/Working - Under Develolpment/Sequencer-Logic-v2.1/old-YACC1/Sequencer-Logic-Prod-V1.0-3.pro	2caedc76984615828c73e398bc99988a
drop		YACCS-OLD/YACC1-2020 July 2021 backup/PCB/Working - Under Develolpment/Sequencer-Logic-v2.1/old-YACC1/gerbers.zip	41c4da08813a025d6136357ae06ec282
skip		YACCS-OLD/YACC1-2020 July 2021 backup/PCB/Working - Under Develolpment/Sequencer-Memory-V2.1/CAMOutputs/GerberFiles/silkscreen_bottom.gbr	f332d9ce0820305226cdd55282cdf24b
skip		YACCS-OLD/YACC1-2020 July 2021 backup/PCB/Working - Under Develolpment/Sequencer-Memory-V2.1/CAMOutputs/GerberFiles/solderpaste_bottom.gbr	e7cfbb13c9f0209464e41efff207c85a
skip		YACCS-OLD/YACC1-2020 July 2021 backup/PCB/Working - Under Develolpment/Sequencer-Memory-V2.1/CAMOutputs/GerberFiles/solderpaste_top.gbr	5b8f24b9c0206ea428f50a073b3296ff
skip		YACCS-OLD/YACC1-2020 July 2021 backup/Software/Assembler/Makefile	d46bcd56eb9b965196a10cb401268406
drop		YACCS-OLD/YACC1-2020 July 2021 backup/Software/Assembler/abc	73cb811e5a45f80ad095ac95b5808778
skip		YACCS-OLD/YACC1-2020 July 2021 backup/Software/Assembler/asm.doc	a125780718eda556525b1d9c4a305d74
skip		YACCS-OLD/YACC1-2020 July 2021 backup/Software/Assembler/asm.txt	33e29fb73e49a8b265eab66dd498e0c1
drop		YACCS-OLD/YACC1-2020 July 2021 backup/Software/Assembler/basic.asm	c4a3a1480afb873d5633eba26b4184d3
drop		YACCS-OLD/YACC1-2020 July 2021 backup/Software/Assembler/basic.asmold.asm	a93bbdea021bdef8644a6a2fa8c97bc2
drop		YACCS-OLD/YACC1-2020 July 2021 backup/Software/Assembler/c_standard_headers_indexer.c	57290709f689f75e2a8384582c7caa3d
skip		YACCS-OLD/YACC1-2020 July 2021 backup/Software/Assembler/header.h	b0f4bca9d7b4d3f10a40a4a468cd23e6
drop		YACCS-OLD/YACC1-2020 July 2021 backup/Software/Assembler/list	918465c10b5f9feb1329bcbff2bc5840
drop		YACCS-OLD/YACC1-2020 July 2021 backup/Software/Assembler/makerom	291b73d209620a363d59d3905d33097a
drop		YACCS-OLD/YACC1-2020 July 2021 backup/Software/Assembler/monitor.asm	eb8c18f0edce383264823eeec6f6263a
skip		YACCS-OLD/YACC1-2020 July 2021 backup/Software/Assembler/nbproject/Makefile-Debug.mk	563c9b1ff7ed234db6ca6cd86510cff2
skip		YACCS-OLD/YACC1-2020 July 2021 backup/Software/Assembler/nbproject/Makefile-Release.mk	f271069880e02deb17130a069b63c060
skip		YACCS-OLD/YACC1-2020 July 2021 backup/Software/Assembler/nbproject/Makefile-impl.mk	a31f55a6d9651477556e34a297ca7604
skip		YACCS-OLD/YACC1-2020 July 2021 backup/Software/Assembler/nbproject/Makefile-variables.mk	5b091e48a04651772f6b9a455def4196
skip		YACCS-OLD/YACC1-2020 July 2021 backup/Software/Assembler/nbproject/Package-Debug.bash	0465a8a298a9e23ab9113b6d79b5b85e
skip		YACCS-OLD/YACC1-2020 July 2021 backup/Software/Assembler/nbproject/Package-Release.bash	ee4c445afd4fc0fda478c35340eed413
skip		YACCS-OLD/YACC1-2020 July 2021 backup/Software/Assembler/nbproject/configurations.xml	592af2bee4c6ede8270d95f1691e229e
skip		YACCS-OLD/YACC1-2020 July 2021 backup/Software/Assembler/nbproject/project.xml	8ce4eaf6a746afe689bc905b3f8c5ad3
drop		YACCS-OLD/YACC1-2020 July 2021 backup/Software/Assembler/old/a18-xcode/a18/c_standard_headers_indexer.c	57290709f689f75e2a8384582c7caa3d
skip		YACCS-OLD/YACC1-2020 July 2021 backup/Software/Assembler/old/a18/a18/Makefile	a9ed26ab7eaad2726af7a610a26eb390
drop		YACCS-OLD/YACC1-2020 July 2021 backup/Software/Assembler/old/rcasm-old/a18	5d38191f26b6cf9e33a5dcc284ee2c8d
skip		YACCS-OLD/YACC1-2020 July 2021 backup/Software/Assembler/old/rcasm-old/temp.hex	d41d8cd98f00b204e9800998ecf8427e
skip		YACCS-OLD/YACC1-2020 July 2021 backup/Software/Assembler/old/rcasm-old/test18.lst	d41d8cd98f00b204e9800998ecf8427e
drop		YACCS-OLD/YACC1-2020 July 2021 backup/Software/Assembler/old/rcasm-orig/asm.doc	a125780718eda556525b1d9c4a305d74
drop		YACCS-OLD/YACC1-2020 July 2021 backup/Software/Assembler/old/rcasm-orig/asm.txt	33e29fb73e49a8b265eab66dd498e0c1
drop		YACCS-OLD/YACC1-2020 July 2021 backup/Software/Assembler/old/rcasm/a18	5d38191f26b6cf9e33a5dcc284ee2c8d
drop		YACCS-OLD/YACC1-2020 July 2021 backup/Software/Assembler/old/yacc2test.asm	9a363817d7ecf3146ab0f54a19d6690c
skip		YACCS-OLD/YACC1-2020 July 2021 backup/Software/Assembler/rcasm.rc	6a366bf263388ef7d99e32559e745b87
skip		YACCS-OLD/YACC1-2020 July 2021 backup/Software/Assembler/support.c	0324e9287587fb02ebd6cc8c4b100f61
drop		YACCS-OLD/YACC1-2020 July 2021 backup/Software/Assembler/yacc1.def	10677c9d9d5869f73071528b9dd9f518
drop		YACCS-OLD/YACC1-2020 July 2021 backup/Software/Bus Test Card/Command sender/old/command_sender_2/Untitled.rtf	c493170a931b6889dc6ac906a3691dab
drop		YACCS-OLD/YACC1-2020 July 2021 backup/Software/Bus Test Card/Command sender/old/command_sender_3/Untitled.rtf	c493170a931b6889dc6ac906a3691dab
drop		YACCS-OLD/YACC1-2020 July 2021 backup/Software/Bus Test Card/Command sender/tests/ALU/comands.txt	2ee97b14e30c64b4d9f05c0b2321a731
drop		YACCS-OLD/YACC1-2020 July 2021 backup/Software/Bus Test Card/Command sender/tests/ALU/xx	fcfbd2a37cea9c3afad439853e18918e
skip		YACCS-OLD/YACC1-2020 July 2021 backup/Software/Bus Test Card/Command sender/tests/Gen Test Vectors/gen test vectors/Makefile	a9ed26ab7eaad2726af7a610a26eb390
drop		YACCS-OLD/YACC1-2020 July 2021 backup/Software/Bus Test Card/Command sender/tests/IO/and	da7845f9c31dbaacae324066b4418f83
drop		YACCS-OLD/YACC1-2020 July 2021 backup/Software/Bus Test Card/Command sender/tests/Test Vectors/Registers/commands.txt	ab111cc4950cca92d2f1f78d024f70d8
drop		YACCS-OLD/YACC1-2020 July 2021 backup/Software/Bus Test Card/Command sender/tests/Test Vectors/SP-PC/commands2.txt	ac505cb5eff84ee8c1af072cf3f028a4
skip		YACCS-OLD/YACC1-2020 July 2021 backup/Software/Old-obselete/Assembler-old/Makefile	a9ed26ab7eaad2726af7a610a26eb390
skip		YACCS-OLD/YACC1-2020 July 2021 backup/Software/Old-obselete/Assembler-old/asm.doc	a125780718eda556525b1d9c4a305d74
skip		YACCS-OLD/YACC1-2020 July 2021 backup/Software/Old-obselete/Assembler-old/asm.txt	33e29fb73e49a8b265eab66dd498e0c1
skip		YACCS-OLD/YACC1-2020 July 2021 backup/Software/Old-obselete/Assembler-old/c_standard_headers_indexer.c	57290709f689f75e2a8384582c7caa3d
skip		YACCS-OLD/YACC1-2020 July 2021 backup/Software/Old-obselete/Assembler-old/rcasm.rc	6a366bf263388ef7d99e32559e745b87
skip		YACCS-OLD/YACC1-2020 July 2021 backup/Software/Old-obselete/Emulator/Makefile	a9ed26ab7eaad2726af7a610a26eb390
skip		YACCS-OLD/YACC1-2020 July 2021 backup/Software/Old-obselete/Memory Card/test EPROM/Makefile	a9ed26ab7eaad2726af7a610a26eb390
skip		YACCS-OLD/YACC1-2020 July 2021 backup/Software/Sequencer Card/disasm/Makefile	a9ed26ab7eaad2726af7a610a26eb390
skip		YACCS-OLD/YACC1-2020 July 2021 backup/Software/Sequencer Card/disasm2/Makefile	a9ed26ab7eaad2726af7a610a26eb390
skip		YACCS-OLD/YACC1-2020 July 2021 backup/Software/Sequencer Card/old & obselete/uCode-Generator copy/Makefile	a9ed26ab7eaad2726af7a610a26eb390
skip		YACCS-OLD/YACC1-2020 July 2021 backup/Software/Sequencer Card/uCode-Generator/Makefile	a9ed26ab7eaad2726af7a610a26eb390
skip		YACCS-OLD/YACC1-2020 July 2021 backup/Software/Sequencer Card/uCode-Generator2/Makefile	a9ed26ab7eaad2726af7a610a26eb390
drop		YACCS-OLD/YACC1-2020 July 2021 backup/Software/Sequencer Card/uCode-Generator2/cache.old	7511d1104ae96387d33596bddbb44e6b
skip		YACCS-OLD/YACC1-2020 July 2021 backup/Software/emulator/Makefile	a9ed26ab7eaad2726af7a610a26eb390
skip		YACCS-OLD/YACC1-2020 July 2021 backup/Software/emulator/emulator.old	a178b4825c82ca5b6058cae2d399b81a
skip		YACCS-OLD/YACC1-2020 July 2021 backup/Software/emulator/nbproject/configurations.xml	59598bd2d44e9e2c57433e7d5d333046
skip		YACCS-OLD/YACC1-2020 July 2021 backup/Utilities/Waveforms/REG-LD.webarchive	e8050e00472a9c8adb043489c597530b
skip		YACCS-OLD/YACC1-2020 July 2021 backup/Utilities/Waveforms/REG-RD.webarchive	81aafc98eae7b3308640b4091e54e8bb
drop		YACCS-OLD/YACC1-2020-ORIG/Data Sheets/1802 Microprocessor Instructions-1.pdf	fb4bad2a670cae453802591ea33c3a79
skip		YACCS-OLD/YACC1-2020-ORIG/PCB/Production/BUS-PROD-V1.1/gerbers/yacc2buss.cmp	59283c90f89f8e680b35149c2bd5256c
skip		YACCS-OLD/YACC1-2020-ORIG/PCB/Production/BUS-PROD-V1.1/gerbers/yacc2buss.drd	927bafe18b63d022a620e0daa28f1018
skip		YACCS-OLD/YACC1-2020-ORIG/PCB/Production/BUS-PROD-V1.1/gerbers/yacc2buss.plc	21ae38b96d8c7e45fc470b7d57e62fc4
skip		YACCS-OLD/YACC1-2020-ORIG/PCB/Production/BUS-PROD-V1.1/gerbers/yacc2buss.sol	f2592e10d8dbb6720a6f91a9de67b114
skip		YACCS-OLD/YACC1-2020-ORIG/PCB/Production/BUS-PROD-V1.1/gerbers/yacc2buss.stc	7cc99d908507d8c9409e8f189cb05136
skip		YACCS-OLD/YACC1-2020-ORIG/PCB/Production/BUS-PROD-V1.1/gerbers/yacc2buss.sts	7cc99d908507d8c9409e8f189cb05136
skip		YACCS-OLD/YACC1-2020-ORIG/PCB/Production/Bus Jumper Horizontal V3.2/CAMOutputs/GerberFiles/silkscreen_bottom.gbr	f332d9ce0820305226cdd55282cdf24b
skip		YACCS-OLD/YACC1-2020-ORIG/PCB/Production/Bus Jumper Horizontal V3.2/CAMOutputs/GerberFiles/solderpaste_bottom.gbr	e7cfbb13c9f0209464e41efff207c85a
skip		YACCS-OLD/YACC1-2020-ORIG/PCB/Production/Bus Jumper Horizontal V3.2/CAMOutputs/GerberFiles/solderpaste_top.gbr	5b8f24b9c0206ea428f50a073b3296ff
skip		YACCS-OLD/YACC1-2020-ORIG/PCB/Production/Bus Jumper Horizontal V3.2/Jumper Board Horizontal V3.1.sch	eb125675168e05f528332971fc59b96f
skip		YACCS-OLD/YACC1-2020-ORIG/PCB/Production/Bus Tester V3.1/CAMOutputs/Assembly/tester.csv	9ffaa6dc42a9f23921c6af2b5e140177
skip		YACCS-OLD/YACC1-2020-ORIG/PCB/Production/Bus Tester V3.1/CAMOutputs/DrillFiles/drill_1_16.xln	2466b1b6b3701dd13f47c1a63d1b58f2
skip		YACCS-OLD/YACC1-2020-ORIG/PCB/Production/Bus Tester V3.1/CAMOutputs/GerberFiles/copper_bottom_l4.gbr	6a93513806ffcb0410c39386abc7760f
skip		YACCS-OLD/YACC1-2020-ORIG/PCB/Production/Bus Tester V3.1/CAMOutputs/GerberFiles/copper_inner_l2.gbr	fa8b94496a49f369080d389bb6944228
skip		YACCS-OLD/YACC1-2020-ORIG/PCB/Production/Bus Tester V3.1/CAMOutputs/GerberFiles/copper_inner_l3.gbr	16eb023de4e4b499ab5985a82c77ddd9
skip		YACCS-OLD/YACC1-2020-ORIG/PCB/Production/Bus Tester V3.1/CAMOutputs/GerberFiles/copper_top_l1.gbr	a1eb1191fec926cb13717b8898d3f2e9
skip		YACCS-OLD/YACC1-2020-ORIG/PCB/Production/Bus Tester V3.1/CAMOutputs/GerberFiles/drill_1_16.xln	2466b1b6b3701dd13f47c1a63d1b58f2
skip		YACCS-OLD/YACC1-2020-ORIG/PCB/Production/Bus Tester V3.1/CAMOutputs/GerberFiles/gerber_job.gbrjob	be24668eecff6cc0b385286ad6ce328a
skip		YACCS-OLD/YACC1-2020-ORIG/PCB/Production/Bus Tester V3.1/CAMOutputs/GerberFiles/profile.gbr	1587769cdc21e01037f694cb3808ec29
skip		YACCS-OLD/YACC1-2020-ORIG/PCB/Production/Bus Tester V3.1/CAMOutputs/GerberFiles/silkscreen_bottom.gbr	f332d9ce0820305226cdd55282cdf24b
skip		YACCS-OLD/YACC1-2020-ORIG/PCB/Production/Bus Tester V3.1/CAMOutputs/GerberFiles/silkscreen_top.gbr	60f845239f3167d7a9b023d6c6304611
skip		YACCS-OLD/YACC1-2020-ORIG/PCB/Production/Bus Tester V3.1/CAMOutputs/GerberFiles/soldermask_bottom.gbr	9e4cf0cd7007f196d4de16f742d1d6b0
skip		YACCS-OLD/YACC1-2020-ORIG/PCB/Production/Bus Tester V3.1/CAMOutputs/GerberFiles/soldermask_top.gbr	1a7993a0f7ba01bf5c1cca4fa158c45f
skip		YACCS-OLD/YACC1-2020-ORIG/PCB/Production/Bus Tester V3.1/CAMOutputs/GerberFiles/solderpaste_bottom.gbr	e7cfbb13c9f0209464e41efff207c85a
skip		YACCS-OLD/YACC1-2020-ORIG/PCB/Production/Bus Tester V3.1/CAMOutputs/GerberFiles/solderpaste_top.gbr	5b8f24b9c0206ea428f50a073b3296ff
skip		YACCS-OLD/YACC1-2020-ORIG/PCB/Production/Bus Tester V3.1/Notes.rtf	47ecff448cb2c3f2b2d12876aeae289d
skip		YACCS-OLD/YACC1-2020-ORIG/PCB/Production/Bus Tester V3.1/switchtemplate.skp	7715564bd0cd863ae87a7cfa919dcd3b
skip		YACCS-OLD/YACC1-2020-ORIG/PCB/Production/Bus Tester V3.1/switchtemplate.svg	d9bd760e3b52368ab476d3afb95120e9
skip		YACCS-OLD/YACC1-2020-ORIG/PCB/Production/Bus Tester V3.1/tester.brd	550fc2d2f3627b50c0c866cffc45d592
skip		YACCS-OLD/YACC1-2020-ORIG/PCB/Production/Bus Tester V3.1/tester.pro	0dede68700592de32f7a92543b682413
skip		YACCS-OLD/YACC1-2020-ORIG/PCB/Production/Bus Tester V3.1/tester.sch	5dab082e4a346d69864db468cbc05c02
skip		YACCS-OLD/YACC1-2020-ORIG/PCB/Production/IO-V-1.1/CAMOutputs/Assembly/IO V1.0.csv	809cec696e5a903c1f41a7f7ee796f3e
skip		YACCS-OLD/YACC1-2020-ORIG/PCB/Production/IO-V-1.1/CAMOutputs/Assembly/IO V1.0.txt	871fe6a366d77194b8a5e8b314738cb4
skip		YACCS-OLD/YACC1-2020-ORIG/PCB/Production/IO-V-1.1/CAMOutputs/Assembly/IO V1.1.csv	4cf24ff5b08a964e570eafef7f20855c
skip		YACCS-OLD/YACC1-2020-ORIG/PCB/Production/IO-V-1.1/CAMOutputs/CAMOutputs/Assembly/IO V1.1.csv	4cf24ff5b08a964e570eafef7f20855c
skip		YACCS-OLD/YACC1-2020-ORIG/PCB/Production/IO-V-1.1/CAMOutputs/CAMOutputs/DrillFiles/drill_1_16.xln	f12b987e56c83776b9138c2230721faf
skip		YACCS-OLD/YACC1-2020-ORIG/PCB/Production/IO-V-1.1/CAMOutputs/CAMOutputs/GerberFiles/copper_bottom.gbr	be12340952bfc8b7c68524a0aa16275e
skip		YACCS-OLD/YACC1-2020-ORIG/PCB/Production/IO-V-1.1/CAMOutputs/CAMOutputs/GerberFiles/copper_top.gbr	c2e28c7c0e179718ea9c866306af4219
skip		YACCS-OLD/YACC1-2020-ORIG/PCB/Production/IO-V-1.1/CAMOutputs/CAMOutputs/GerberFiles/gerber_job.gbrjob	2aca510e82fbfb806bf9e53b52e7689f
skip		YACCS-OLD/YACC1-2020-ORIG/PCB/Production/IO-V-1.1/CAMOutputs/CAMOutputs/GerberFiles/profile.gbr	71c74af1da02537eb0c76fc407c9839b
skip		YACCS-OLD/YACC1-2020-ORIG/PCB/Production/IO-V-1.1/CAMOutputs/CAMOutputs/GerberFiles/silkscreen_bottom.gbr	f332d9ce0820305226cdd55282cdf24b
skip		YACCS-OLD/YACC1-2020-ORIG/PCB/Production/IO-V-1.1/CAMOutputs/CAMOutputs/GerberFiles/silkscreen_top.gbr	a7933013c791ae8df0f326f4a2ffb40f
skip		YACCS-OLD/YACC1-2020-ORIG/PCB/Production/IO-V-1.1/CAMOutputs/CAMOutputs/GerberFiles/soldermask_bottom.gbr	8b4697836cf9c2107fa4c9e33f7ebaac
skip		YACCS-OLD/YACC1-2020-ORIG/PCB/Production/IO-V-1.1/CAMOutputs/CAMOutputs/GerberFiles/soldermask_top.gbr	29052ee02b3dfca0222ecd0bd58dfb2a
skip		YACCS-OLD/YACC1-2020-ORIG/PCB/Production/IO-V-1.1/CAMOutputs/CAMOutputs/GerberFiles/solderpaste_bottom.gbr	e7cfbb13c9f0209464e41efff207c85a
skip		YACCS-OLD/YACC1-2020-ORIG/PCB/Production/IO-V-1.1/CAMOutputs/CAMOutputs/GerberFiles/solderpaste_top.gbr	5b8f24b9c0206ea428f50a073b3296ff
skip		YACCS-OLD/YACC1-2020-ORIG/PCB/Production/IO-V-1.1/CAMOutputs/DrillFiles/drill_1_16.xln	744a896a58b4768f429ee44ed7016336
skip		YACCS-OLD/YACC1-2020-ORIG/PCB/Production/IO-V-1.1/CAMOutputs/GerberFiles/Archive.zip	ffced23185f0a31b8ff6852d0cf87712
skip		YACCS-OLD/YACC1-2020-ORIG/PCB/Production/IO-V-1.1/CAMOutputs/GerberFiles/copper_bottom.gbr	be12340952bfc8b7c68524a0aa16275e
skip		YACCS-OLD/YACC1-2020-ORIG/PCB/Production/IO-V-1.1/CAMOutputs/GerberFiles/copper_top.gbr	c2e28c7c0e179718ea9c866306af4219
skip		YACCS-OLD/YACC1-2020-ORIG/PCB/Production/IO-V-1.1/CAMOutputs/GerberFiles/drill_1_16.xln	744a896a58b4768f429ee44ed7016336
skip		YACCS-OLD/YACC1-2020-ORIG/PCB/Production/IO-V-1.1/CAMOutputs/GerberFiles/gerber_job.gbrjob	292323d66605b8c96c225d98372c0d33
skip		YACCS-OLD/YACC1-2020-ORIG/PCB/Production/IO-V-1.1/CAMOutputs/GerberFiles/profile.gbr	71c74af1da02537eb0c76fc407c9839b
skip		YACCS-OLD/YACC1-2020-ORIG/PCB/Production/IO-V-1.1/CAMOutputs/GerberFiles/silkscreen_bottom.gbr	f332d9ce0820305226cdd55282cdf24b
skip		YACCS-OLD/YACC1-2020-ORIG/PCB/Production/IO-V-1.1/CAMOutputs/GerberFiles/silkscreen_top.gbr	a7933013c791ae8df0f326f4a2ffb40f
skip		YACCS-OLD/YACC1-2020-ORIG/PCB/Production/IO-V-1.1/CAMOutputs/GerberFiles/soldermask_bottom.gbr	8b4697836cf9c2107fa4c9e33f7ebaac
skip		YACCS-OLD/YACC1-2020-ORIG/PCB/Production/IO-V-1.1/CAMOutputs/GerberFiles/soldermask_top.gbr	29052ee02b3dfca0222ecd0bd58dfb2a
skip		YACCS-OLD/YACC1-2020-ORIG/PCB/Production/IO-V-1.1/CAMOutputs/GerberFiles/solderpaste_bottom.gbr	e7cfbb13c9f0209464e41efff207c85a
skip		YACCS-OLD/YACC1-2020-ORIG/PCB/Production/IO-V-1.1/CAMOutputs/GerberFiles/solderpaste_top.gbr	5b8f24b9c0206ea428f50a073b3296ff
skip		YACCS-OLD/YACC1-2020-ORIG/PCB/Production/IO-V-1.1/IO V1.0.pro	8699589ba8e7443ce0c65ad83f334844
skip		YACCS-OLD/YACC1-2020-ORIG/PCB/Production/IO-V-1.1/IO V1.1.brd	8f38b64b19de8687faf500a66068364f
skip		YACCS-OLD/YACC1-2020-ORIG/PCB/Production/IO-V-1.1/IO V1.1.pro	64cfbeb823645087b4f9a89eebfb31ae
skip		YACCS-OLD/YACC1-2020-ORIG/PCB/Production/IO-V-1.1/IO V1.1.sch	47b613e1aad04dfd7d0f3fe3bb54cee2
skip		YACCS-OLD/YACC1-2020-ORIG/PCB/Production/IO-V-1.1/IO V1.1_00.pro	7642b8501938a8728896376e87110474
skip		YACCS-OLD/YACC1-2020-ORIG/PCB/Production/IO-V-1.1/IO V1.1_01.pro	7ce65d5619b21920db679d50c21203e2
skip		YACCS-OLD/YACC1-2020-ORIG/PCB/Production/IO-V-1.1/IO V1.1_02.pro	dfe8171f5b5f21063ff155c90cb22a17
skip		YACCS-OLD/YACC1-2020-ORIG/PCB/Production/IO-V-1.1/IO V1.1_03.pro	955f4e7715d7f99a5f6b2ae8c52d2b7c
skip		YACCS-OLD/YACC1-2020-ORIG/PCB/Production/IO-V-1.1/Notes.rtf	8f3dca845d176964842b86af84ef7cba
skip		YACCS-OLD/YACC1-2020-ORIG/PCB/Unsure - see notes/Bus Tester orig/CAMOutputs/GerberFiles/profile.gbr	1587769cdc21e01037f694cb3808ec29
skip		YACCS-OLD/YACC1-2020-ORIG/PCB/Unsure - see notes/Bus Tester orig/CAMOutputs/GerberFiles/silkscreen_bottom.gbr	f332d9ce0820305226cdd55282cdf24b
skip		YACCS-OLD/YACC1-2020-ORIG/PCB/Unsure - see notes/Bus Tester orig/CAMOutputs/GerberFiles/solderpaste_bottom.gbr	e7cfbb13c9f0209464e41efff207c85a
skip		YACCS-OLD/YACC1-2020-ORIG/PCB/Unsure - see notes/Bus Tester orig/CAMOutputs/GerberFiles/solderpaste_top.gbr	5b8f24b9c0206ea428f50a073b3296ff
skip		YACCS-OLD/YACC1-2020-ORIG/PCB/Unsure - see notes/Bus Tester orig/Notes.rtf	47ecff448cb2c3f2b2d12876aeae289d
skip		YACCS-OLD/YACC1-2020-ORIG/PCB/Unsure - see notes/Bus Tester orig/gerbers/tester.cmp	b016b37c32162f7e301dc3cfa58c759b
skip		YACCS-OLD/YACC1-2020-ORIG/PCB/Unsure - see notes/Bus Tester orig/gerbers/tester.drd	b33db64cc6f75f0403faf9be64cdc5ef
skip		YACCS-OLD/YACC1-2020-ORIG/PCB/Unsure - see notes/Bus Tester orig/gerbers/tester.plc	8f61d2c0db0eb3c04009e771d0278793
skip		YACCS-OLD/YACC1-2020-ORIG/PCB/Unsure - see notes/Bus Tester orig/gerbers/tester.sol	fa2bef0ce9154c76dab5beb2aa113c02
skip		YACCS-OLD/YACC1-2020-ORIG/PCB/Unsure - see notes/Bus Tester orig/gerbers/tester.stc	fac9958008bd2dd06cecb1619c3f075b
skip		YACCS-OLD/YACC1-2020-ORIG/PCB/Unsure - see notes/Bus Tester orig/gerbers/tester.sts	41e9400f1d21f9e1c5ae4dcf3fc0f433
skip		YACCS-OLD/YACC1-2020-ORIG/PCB/Unsure - see notes/Bus Tester orig/switchtemplate.skp	7715564bd0cd863ae87a7cfa919dcd3b
skip		YACCS-OLD/YACC1-2020-ORIG/PCB/Working - Under Develolpment/ALU-V3.1/ALU V3.1.pro	358a088bfed868edb6e0a5255830b402
skip		YACCS-OLD/YACC1-2020-ORIG/PCB/Working - Under Develolpment/ALU-V3.1/gerbers/CAMOutputs/GerberFiles/profile.gbr	5ee37e9e1cbb17fb415808e588fd93d5
skip		YACCS-OLD/YACC1-2020-ORIG/PCB/Working - Under Develolpment/ALU-V3.1/gerbers/CAMOutputs/GerberFiles/silkscreen_bottom.gbr	f332d9ce0820305226cdd55282cdf24b
skip		YACCS-OLD/YACC1-2020-ORIG/PCB/Working - Under Develolpment/ALU-V3.1/gerbers/CAMOutputs/GerberFiles/solderpaste_bottom.gbr	e7cfbb13c9f0209464e41efff207c85a
skip		YACCS-OLD/YACC1-2020-ORIG/PCB/Working - Under Develolpment/ALU-V3.1/gerbers/CAMOutputs/GerberFiles/solderpaste_top.gbr	5b8f24b9c0206ea428f50a073b3296ff
skip		YACCS-OLD/YACC1-2020-ORIG/PCB/Working - Under Develolpment/ALU-V3.2/ALU V3.1.pro	358a088bfed868edb6e0a5255830b402
skip		YACCS-OLD/YACC1-2020-ORIG/PCB/Working - Under Develolpment/ALU-V3.2/gerbers/CAMOutputs/GerberFiles/profile.gbr	5ee37e9e1cbb17fb415808e588fd93d5
skip		YACCS-OLD/YACC1-2020-ORIG/PCB/Working - Under Develolpment/ALU-V3.2/gerbers/CAMOutputs/GerberFiles/silkscreen_bottom.gbr	f332d9ce0820305226cdd55282cdf24b
skip		YACCS-OLD/YACC1-2020-ORIG/PCB/Working - Under Develolpment/ALU-V3.2/gerbers/CAMOutputs/GerberFiles/solderpaste_bottom.gbr	e7cfbb13c9f0209464e41efff207c85a
skip		YACCS-OLD/YACC1-2020-ORIG/PCB/Working - Under Develolpment/ALU-V3.2/gerbers/CAMOutputs/GerberFiles/solderpaste_top.gbr	5b8f24b9c0206ea428f50a073b3296ff
skip		YACCS-OLD/YACC1-2020-ORIG/PCB/Working - Under Develolpment/Address and TMP-V1.0/CAMOutputs/GerberFiles/profile.gbr	5ee37e9e1cbb17fb415808e588fd93d5
skip		YACCS-OLD/YACC1-2020-ORIG/PCB/Working - Under Develolpment/Address and TMP-V1.0/CAMOutputs/GerberFiles/silkscreen_bottom.gbr	f332d9ce0820305226cdd55282cdf24b
skip		YACCS-OLD/YACC1-2020-ORIG/PCB/Working - Under Develolpment/Address and TMP-V1.0/CAMOutputs/GerberFiles/solderpaste_bottom.gbr	e7cfbb13c9f0209464e41efff207c85a
skip		YACCS-OLD/YACC1-2020-ORIG/PCB/Working - Under Develolpment/Address and TMP-V1.0/CAMOutputs/GerberFiles/solderpaste_top.gbr	5b8f24b9c0206ea428f50a073b3296ff
drop		YACCS-OLD/YACC1-2020-ORIG/PCB/Working - Under Develolpment/BUS-PROD-V1.1/yacc2buss.brd	9ab4dea4b3bd4521aaeb07d15fef2105
drop		YACCS-OLD/YACC1-2020-ORIG/PCB/Working - Under Develolpment/BUS-PROD-V1.1/yacc2buss.sch	f080886c79db33bd51630bde622c4cb8
skip		YACCS-OLD/YACC1-2020-ORIG/PCB/Working - Under Develolpment/Bus Jumper Horizontal V3.2/CAMOutputs/GerberFiles/silkscreen_bottom.gbr	f332d9ce0820305226cdd55282cdf24b
skip		YACCS-OLD/YACC1-2020-ORIG/PCB/Working - Under Develolpment/Bus Jumper Horizontal V3.2/CAMOutputs/GerberFiles/solderpaste_bottom.gbr	e7cfbb13c9f0209464e41efff207c85a
skip		YACCS-OLD/YACC1-2020-ORIG/PCB/Working - Under Develolpment/Bus Jumper Horizontal V3.2/CAMOutputs/GerberFiles/solderpaste_top.gbr	5b8f24b9c0206ea428f50a073b3296ff
skip		YACCS-OLD/YACC1-2020-ORIG/PCB/Working - Under Develolpment/Bus Jumper Horizontal V3.2/Jumper Board Horizontal V3.1.sch	eb125675168e05f528332971fc59b96f
skip		YACCS-OLD/YACC1-2020-ORIG/PCB/Working - Under Develolpment/Bus Jumper Vertical V3.1/Jumper Board Vertical V3.1.brd	d70026d1fee66b6dead6ac718677ad9d
skip		YACCS-OLD/YACC1-2020-ORIG/PCB/Working - Under Develolpment/Bus Jumper Vertical V3.1/Jumper Board Vertical V3.1.sch	eb125675168e05f528332971fc59b96f
skip		YACCS-OLD/YACC1-2020-ORIG/PCB/Working - Under Develolpment/Bus Jumper Vertical V3.1/Notes.rtf	d3947f634e0d18a859002efd599d61c7
skip		YACCS-OLD/YACC1-2020-ORIG/PCB/Working - Under Develolpment/Bus Tester V3.1/CAMOutputs/Assembly/PnP_tester_back.txt	d41d8cd98f00b204e9800998ecf8427e
skip		YACCS-OLD/YACC1-2020-ORIG/PCB/Working - Under Develolpment/Bus Tester V3.1/CAMOutputs/Assembly/PnP_tester_front.txt	d41d8cd98f00b204e9800998ecf8427e
skip		YACCS-OLD/YACC1-2020-ORIG/PCB/Working - Under Develolpment/Bus Tester V3.1/CAMOutputs/Assembly/tester.csv	9ffaa6dc42a9f23921c6af2b5e140177
skip		YACCS-OLD/YACC1-2020-ORIG/PCB/Working - Under Develolpment/Bus Tester V3.1/CAMOutputs/DrillFiles/drill_1_16.xln	2466b1b6b3701dd13f47c1a63d1b58f2
skip		YACCS-OLD/YACC1-2020-ORIG/PCB/Working - Under Develolpment/Bus Tester V3.1/CAMOutputs/GerberFiles/copper_bottom_l4.gbr	6a93513806ffcb0410c39386abc7760f
skip		YACCS-OLD/YACC1-2020-ORIG/PCB/Working - Under Develolpment/Bus Tester V3.1/CAMOutputs/GerberFiles/copper_inner_l2.gbr	fa8b94496a49f369080d389bb6944228
skip		YACCS-OLD/YACC1-2020-ORIG/PCB/Working - Under Develolpment/Bus Tester V3.1/CAMOutputs/GerberFiles/copper_inner_l3.gbr	16eb023de4e4b499ab5985a82c77ddd9
skip		YACCS-OLD/YACC1-2020-ORIG/PCB/Working - Under Develolpment/Bus Tester V3.1/CAMOutputs/GerberFiles/copper_top_l1.gbr	a1eb1191fec926cb13717b8898d3f2e9
skip		YACCS-OLD/YACC1-2020-ORIG/PCB/Working - Under Develolpment/Bus Tester V3.1/CAMOutputs/GerberFiles/gerber_job.gbrjob	be24668eecff6cc0b385286ad6ce328a
skip		YACCS-OLD/YACC1-2020-ORIG/PCB/Working - Under Develolpment/Bus Tester V3.1/CAMOutputs/GerberFiles/profile.gbr	1587769cdc21e01037f694cb3808ec29
skip		YACCS-OLD/YACC1-2020-ORIG/PCB/Working - Under Develolpment/Bus Tester V3.1/CAMOutputs/GerberFiles/silkscreen_bottom.gbr	f332d9ce0820305226cdd55282cdf24b
skip		YACCS-OLD/YACC1-2020-ORIG/PCB/Working - Under Develolpment/Bus Tester V3.1/CAMOutputs/GerberFiles/silkscreen_top.gbr	60f845239f3167d7a9b023d6c6304611
skip		YACCS-OLD/YACC1-2020-ORIG/PCB/Working - Under Develolpment/Bus Tester V3.1/CAMOutputs/GerberFiles/soldermask_bottom.gbr	9e4cf0cd7007f196d4de16f742d1d6b0
skip		YACCS-OLD/YACC1-2020-ORIG/PCB/Working - Under Develolpment/Bus Tester V3.1/CAMOutputs/GerberFiles/soldermask_top.gbr	1a7993a0f7ba01bf5c1cca4fa158c45f
skip		YACCS-OLD/YACC1-2020-ORIG/PCB/Working - Under Develolpment/Bus Tester V3.1/CAMOutputs/GerberFiles/solderpaste_bottom.gbr	e7cfbb13c9f0209464e41efff207c85a
skip		YACCS-OLD/YACC1-2020-ORIG/PCB/Working - Under Develolpment/Bus Tester V3.1/CAMOutputs/GerberFiles/solderpaste_top.gbr	5b8f24b9c0206ea428f50a073b3296ff
skip		YACCS-OLD/YACC1-2020-ORIG/PCB/Working - Under Develolpment/Bus Tester V3.1/Notes.rtf	47ecff448cb2c3f2b2d12876aeae289d
skip		YACCS-OLD/YACC1-2020-ORIG/PCB/Working - Under Develolpment/Bus Tester V3.1/switchtemplate.skp	7715564bd0cd863ae87a7cfa919dcd3b
skip		YACCS-OLD/YACC1-2020-ORIG/PCB/Working - Under Develolpment/Bus Tester V3.1/tester.brd	550fc2d2f3627b50c0c866cffc45d592
skip		YACCS-OLD/YACC1-2020-ORIG/PCB/Working - Under Develolpment/Bus Tester V3.1/tester.pro	0dede68700592de32f7a92543b682413
skip		YACCS-OLD/YACC1-2020-ORIG/PCB/Working - Under Develolpment/Bus Tester V3.1/tester.sch	5dab082e4a346d69864db468cbc05c02
skip		YACCS-OLD/YACC1-2020-ORIG/PCB/Working - Under Develolpment/Bus Tester V3.11/CAMOutputs/Assembly/PnP_tester_back.txt	d41d8cd98f00b204e9800998ecf8427e
skip		YACCS-OLD/YACC1-2020-ORIG/PCB/Working - Under Develolpment/Bus Tester V3.11/CAMOutputs/Assembly/PnP_tester_front.txt	d41d8cd98f00b204e9800998ecf8427e
skip		YACCS-OLD/YACC1-2020-ORIG/PCB/Working - Under Develolpment/Bus Tester V3.11/CAMOutputs/Assembly/tester.csv	9ffaa6dc42a9f23921c6af2b5e140177
skip		YACCS-OLD/YACC1-2020-ORIG/PCB/Working - Under Develolpment/Bus Tester V3.11/CAMOutputs/DrillFiles/drill_1_16.xln	2466b1b6b3701dd13f47c1a63d1b58f2
skip		YACCS-OLD/YACC1-2020-ORIG/PCB/Working - Under Develolpment/Bus Tester V3.11/CAMOutputs/GerberFiles/copper_bottom_l4.gbr	6a93513806ffcb0410c39386abc7760f
skip		YACCS-OLD/YACC1-2020-ORIG/PCB/Working - Under Develolpment/Bus Tester V3.11/CAMOutputs/GerberFiles/copper_inner_l2.gbr	fa8b94496a49f369080d389bb6944228
skip		YACCS-OLD/YACC1-2020-ORIG/PCB/Working - Under Develolpment/Bus Tester V3.11/CAMOutputs/GerberFiles/copper_inner_l3.gbr	16eb023de4e4b499ab5985a82c77ddd9
skip		YACCS-OLD/YACC1-2020-ORIG/PCB/Working - Under Develolpment/Bus Tester V3.11/CAMOutputs/GerberFiles/copper_top_l1.gbr	a1eb1191fec926cb13717b8898d3f2e9
skip		YACCS-OLD/YACC1-2020-ORIG/PCB/Working - Under Develolpment/Bus Tester V3.11/CAMOutputs/GerberFiles/gerber_job.gbrjob	be24668eecff6cc0b385286ad6ce328a
skip		YACCS-OLD/YACC1-2020-ORIG/PCB/Working - Under Develolpment/Bus Tester V3.11/CAMOutputs/GerberFiles/profile.gbr	1587769cdc21e01037f694cb3808ec29
skip		YACCS-OLD/YACC1-2020-ORIG/PCB/Working - Under Develolpment/Bus Tester V3.11/CAMOutputs/GerberFiles/silkscreen_bottom.gbr	f332d9ce0820305226cdd55282cdf24b
skip		YACCS-OLD/YACC1-2020-ORIG/PCB/Working - Under Develolpment/Bus Tester V3.11/CAMOutputs/GerberFiles/silkscreen_top.gbr	60f845239f3167d7a9b023d6c6304611
skip		YACCS-OLD/YACC1-2020-ORIG/PCB/Working - Under Develolpment/Bus Tester V3.11/CAMOutputs/GerberFiles/soldermask_bottom.gbr	9e4cf0cd7007f196d4de16f742d1d6b0
skip		YACCS-OLD/YACC1-2020-ORIG/PCB/Working - Under Develolpment/Bus Tester V3.11/CAMOutputs/GerberFiles/soldermask_top.gbr	1a7993a0f7ba01bf5c1cca4fa158c45f
skip		YACCS-OLD/YACC1-2020-ORIG/PCB/Working - Under Develolpment/Bus Tester V3.11/CAMOutputs/GerberFiles/solderpaste_bottom.gbr	e7cfbb13c9f0209464e41efff207c85a
skip		YACCS-OLD/YACC1-2020-ORIG/PCB/Working - Under Develolpment/Bus Tester V3.11/CAMOutputs/GerberFiles/solderpaste_top.gbr	5b8f24b9c0206ea428f50a073b3296ff
skip		YACCS-OLD/YACC1-2020-ORIG/PCB/Working - Under Develolpment/Bus Tester V3.11/Notes.rtf	47ecff448cb2c3f2b2d12876aeae289d
skip		YACCS-OLD/YACC1-2020-ORIG/PCB/Working - Under Develolpment/Bus Tester V3.11/switchtemplate.skp	7715564bd0cd863ae87a7cfa919dcd3b
skip		YACCS-OLD/YACC1-2020-ORIG/PCB/Working - Under Develolpment/Bus Tester V3.11/tester.brd	49daac2d80f8c1a35be57e4a9df4cfcb
skip		YACCS-OLD/YACC1-2020-ORIG/PCB/Working - Under Develolpment/Bus Tester V3.11/tester.pro	249a169195f2c7a02589bb052368f489
skip		YACCS-OLD/YACC1-2020-ORIG/PCB/Working - Under Develolpment/Bus Tester V3.11/tester.sch	5dab082e4a346d69864db468cbc05c02
skip		YACCS-OLD/YACC1-2020-ORIG/PCB/Working - Under Develolpment/IO-V-1.1/CAMOutputs/Assembly/IO V1.0.csv	809cec696e5a903c1f41a7f7ee796f3e
skip		YACCS-OLD/YACC1-2020-ORIG/PCB/Working - Under Develolpment/IO-V-1.1/CAMOutputs/Assembly/IO V1.0.txt	871fe6a366d77194b8a5e8b314738cb4
skip		YACCS-OLD/YACC1-2020-ORIG/PCB/Working - Under Develolpment/IO-V-1.1/CAMOutputs/Assembly/IO V1.1.csv	4cf24ff5b08a964e570eafef7f20855c
skip		YACCS-OLD/YACC1-2020-ORIG/PCB/Working - Under Develolpment/IO-V-1.1/CAMOutputs/Assembly/PnP_IO V1.0_back.txt	d41d8cd98f00b204e9800998ecf8427e
skip		YACCS-OLD/YACC1-2020-ORIG/PCB/Working - Under Develolpment/IO-V-1.1/CAMOutputs/Assembly/PnP_IO V1.0_front.txt	d41d8cd98f00b204e9800998ecf8427e
skip		YACCS-OLD/YACC1-2020-ORIG/PCB/Working - Under Develolpment/IO-V-1.1/CAMOutputs/Assembly/PnP_IO V1.1_back.txt	d41d8cd98f00b204e9800998ecf8427e
skip		YACCS-OLD/YACC1-2020-ORIG/PCB/Working - Under Develolpment/IO-V-1.1/CAMOutputs/Assembly/PnP_IO V1.1_front.txt	d41d8cd98f00b204e9800998ecf8427e
skip		YACCS-OLD/YACC1-2020-ORIG/PCB/Working - Under Develolpment/IO-V-1.1/CAMOutputs/CAMOutputs/Assembly/IO V1.1.csv	4cf24ff5b08a964e570eafef7f20855c
skip		YACCS-OLD/YACC1-2020-ORIG/PCB/Working - Under Develolpment/IO-V-1.1/CAMOutputs/CAMOutputs/Assembly/PnP_IO V1.1_back.txt	d41d8cd98f00b204e9800998ecf8427e
skip		YACCS-OLD/YACC1-2020-ORIG/PCB/Working - Under Develolpment/IO-V-1.1/CAMOutputs/CAMOutputs/Assembly/PnP_IO V1.1_front.txt	d41d8cd98f00b204e9800998ecf8427e
skip		YACCS-OLD/YACC1-2020-ORIG/PCB/Working - Under Develolpment/IO-V-1.1/CAMOutputs/CAMOutputs/DrillFiles/drill_1_16.xln	f12b987e56c83776b9138c2230721faf
skip		YACCS-OLD/YACC1-2020-ORIG/PCB/Working - Under Develolpment/IO-V-1.1/CAMOutputs/CAMOutputs/GerberFiles/copper_bottom.gbr	be12340952bfc8b7c68524a0aa16275e
skip		YACCS-OLD/YACC1-2020-ORIG/PCB/Working - Under Develolpment/IO-V-1.1/CAMOutputs/CAMOutputs/GerberFiles/copper_top.gbr	c2e28c7c0e179718ea9c866306af4219
skip		YACCS-OLD/YACC1-2020-ORIG/PCB/Working - Under Develolpment/IO-V-1.1/CAMOutputs/CAMOutputs/GerberFiles/gerber_job.gbrjob	2aca510e82fbfb806bf9e53b52e7689f
skip		YACCS-OLD/YACC1-2020-ORIG/PCB/Working - Under Develolpment/IO-V-1.1/CAMOutputs/CAMOutputs/GerberFiles/profile.gbr	71c74af1da02537eb0c76fc407c9839b
skip		YACCS-OLD/YACC1-2020-ORIG/PCB/Working - Under Develolpment/IO-V-1.1/CAMOutputs/CAMOutputs/GerberFiles/silkscreen_bottom.gbr	f332d9ce0820305226cdd55282cdf24b
skip		YACCS-OLD/YACC1-2020-ORIG/PCB/Working - Under Develolpment/IO-V-1.1/CAMOutputs/CAMOutputs/GerberFiles/silkscreen_top.gbr	a7933013c791ae8df0f326f4a2ffb40f
skip		YACCS-OLD/YACC1-2020-ORIG/PCB/Working - Under Develolpment/IO-V-1.1/CAMOutputs/CAMOutputs/GerberFiles/soldermask_bottom.gbr	8b4697836cf9c2107fa4c9e33f7ebaac
skip		YACCS-OLD/YACC1-2020-ORIG/PCB/Working - Under Develolpment/IO-V-1.1/CAMOutputs/CAMOutputs/GerberFiles/soldermask_top.gbr	29052ee02b3dfca0222ecd0bd58dfb2a
skip		YACCS-OLD/YACC1-2020-ORIG/PCB/Working - Under Develolpment/IO-V-1.1/CAMOutputs/CAMOutputs/GerberFiles/solderpaste_bottom.gbr	e7cfbb13c9f0209464e41efff207c85a
skip		YACCS-OLD/YACC1-2020-ORIG/PCB/Working - Under Develolpment/IO-V-1.1/CAMOutputs/CAMOutputs/GerberFiles/solderpaste_top.gbr	5b8f24b9c0206ea428f50a073b3296ff
skip		YACCS-OLD/YACC1-2020-ORIG/PCB/Working - Under Develolpment/IO-V-1.1/CAMOutputs/DrillFiles/drill_1_16.xln	744a896a58b4768f429ee44ed7016336
skip		YACCS-OLD/YACC1-2020-ORIG/PCB/Working - Under Develolpment/IO-V-1.1/CAMOutputs/GerberFiles/Archive.zip	ffced23185f0a31b8ff6852d0cf87712
skip		YACCS-OLD/YACC1-2020-ORIG/PCB/Working - Under Develolpment/IO-V-1.1/CAMOutputs/GerberFiles/copper_bottom.gbr	be12340952bfc8b7c68524a0aa16275e
skip		YACCS-OLD/YACC1-2020-ORIG/PCB/Working - Under Develolpment/IO-V-1.1/CAMOutputs/GerberFiles/copper_top.gbr	c2e28c7c0e179718ea9c866306af4219
skip		YACCS-OLD/YACC1-2020-ORIG/PCB/Working - Under Develolpment/IO-V-1.1/CAMOutputs/GerberFiles/drill_1_16.xln	744a896a58b4768f429ee44ed7016336
skip		YACCS-OLD/YACC1-2020-ORIG/PCB/Working - Under Develolpment/IO-V-1.1/CAMOutputs/GerberFiles/gerber_job.gbrjob	292323d66605b8c96c225d98372c0d33
skip		YACCS-OLD/YACC1-2020-ORIG/PCB/Working - Under Develolpment/IO-V-1.1/CAMOutputs/GerberFiles/profile.gbr	71c74af1da02537eb0c76fc407c9839b
skip		YACCS-OLD/YACC1-2020-ORIG/PCB/Working - Under Develolpment/IO-V-1.1/CAMOutputs/GerberFiles/silkscreen_bottom.gbr	f332d9ce0820305226cdd55282cdf24b
skip		YACCS-OLD/YACC1-2020-ORIG/PCB/Working - Under Develolpment/IO-V-1.1/CAMOutputs/GerberFiles/silkscreen_top.gbr	a7933013c791ae8df0f326f4a2ffb40f
skip		YACCS-OLD/YACC1-2020-ORIG/PCB/Working - Under Develolpment/IO-V-1.1/CAMOutputs/GerberFiles/soldermask_bottom.gbr	8b4697836cf9c2107fa4c9e33f7ebaac
skip		YACCS-OLD/YACC1-2020-ORIG/PCB/Working - Under Develolpment/IO-V-1.1/CAMOutputs/GerberFiles/soldermask_top.gbr	29052ee02b3dfca0222ecd0bd58dfb2a
skip		YACCS-OLD/YACC1-2020-ORIG/PCB/Working - Under Develolpment/IO-V-1.1/CAMOutputs/GerberFiles/solderpaste_bottom.gbr	e7cfbb13c9f0209464e41efff207c85a
skip		YACCS-OLD/YACC1-2020-ORIG/PCB/Working - Under Develolpment/IO-V-1.1/CAMOutputs/GerberFiles/solderpaste_top.gbr	5b8f24b9c0206ea428f50a073b3296ff
skip		YACCS-OLD/YACC1-2020-ORIG/PCB/Working - Under Develolpment/IO-V-1.1/IO V1.0.pro	8699589ba8e7443ce0c65ad83f334844
skip		YACCS-OLD/YACC1-2020-ORIG/PCB/Working - Under Develolpment/IO-V-1.1/IO V1.1.brd	8f38b64b19de8687faf500a66068364f
skip		YACCS-OLD/YACC1-2020-ORIG/PCB/Working - Under Develolpment/IO-V-1.1/IO V1.1.pro	64cfbeb823645087b4f9a89eebfb31ae
skip		YACCS-OLD/YACC1-2020-ORIG/PCB/Working - Under Develolpment/IO-V-1.1/IO V1.1.sch	47b613e1aad04dfd7d0f3fe3bb54cee2
skip		YACCS-OLD/YACC1-2020-ORIG/PCB/Working - Under Develolpment/IO-V-1.1/IO V1.1_00.pro	7642b8501938a8728896376e87110474
skip		YACCS-OLD/YACC1-2020-ORIG/PCB/Working - Under Develolpment/IO-V-1.1/IO V1.1_01.pro	7ce65d5619b21920db679d50c21203e2
skip		YACCS-OLD/YACC1-2020-ORIG/PCB/Working - Under Develolpment/IO-V-1.1/IO V1.1_02.pro	dfe8171f5b5f21063ff155c90cb22a17
skip		YACCS-OLD/YACC1-2020-ORIG/PCB/Working - Under Develolpment/IO-V-1.1/IO V1.1_03.pro	955f4e7715d7f99a5f6b2ae8c52d2b7c
skip		YACCS-OLD/YACC1-2020-ORIG/PCB/Working - Under Develolpment/IO-V-1.1/Notes.rtf	8d42a28a672974ec83ae9a240bb30342
skip		YACCS-OLD/YACC1-2020-ORIG/PCB/Working - Under Develolpment/Index Registers 1.1/Notes.rtf	b291d044a4eef04822eafa851f0b8bb8
skip		YACCS-OLD/YACC1-2020-ORIG/PCB/Working - Under Develolpment/Index Registers 1.1/testcircuit.circ	a23026f5020ca9d457affaa5883abcdf
skip		YACCS-OLD/YACC1-2020-ORIG/PCB/Working - Under Develolpment/Memory v1.2/CAMOutputs/GerberFiles/profile.gbr	5ee37e9e1cbb17fb415808e588fd93d5
skip		YACCS-OLD/YACC1-2020-ORIG/PCB/Working - Under Develolpment/Memory v1.2/CAMOutputs/GerberFiles/silkscreen_bottom.gbr	f332d9ce0820305226cdd55282cdf24b
skip		YACCS-OLD/YACC1-2020-ORIG/PCB/Working - Under Develolpment/Memory v1.2/CAMOutputs/GerberFiles/solderpaste_bottom.gbr	e7cfbb13c9f0209464e41efff207c85a
skip		YACCS-OLD/YACC1-2020-ORIG/PCB/Working - Under Develolpment/Memory v1.2/CAMOutputs/GerberFiles/solderpaste_top.gbr	5b8f24b9c0206ea428f50a073b3296ff
skip		YACCS-OLD/YACC1-2020-ORIG/PCB/Working - Under Develolpment/Memory v1.2/Memory V1.0.brd	45031dc1c40a866e8b708faec2037363
skip		YACCS-OLD/YACC1-2020-ORIG/PCB/Working - Under Develolpment/Memory v1.2/Memory V1.0.pro	23281dceca1f4edc6d3e0329a09a699f
skip		YACCS-OLD/YACC1-2020-ORIG/PCB/Working - Under Develolpment/Memory v1.2/Memory V1.0.sch	e2cad2bf969ddc3a3d701fa20b147268
skip		YACCS-OLD/YACC1-2020-ORIG/PCB/Working - Under Develolpment/Notes - BUS.rtf	1938d70111885d3b280abd3ec866ecbb
skip		YACCS-OLD/YACC1-2020-ORIG/PCB/Working - Under Develolpment/Sequencer-Logic-v2.0/CAMOutputs/GerberFiles/silkscreen_bottom.gbr	f332d9ce0820305226cdd55282cdf24b
skip		YACCS-OLD/YACC1-2020-ORIG/PCB/Working - Under Develolpment/Sequencer-Logic-v2.0/CAMOutputs/GerberFiles/solderpaste_bottom.gbr	e7cfbb13c9f0209464e41efff207c85a
skip		YACCS-OLD/YACC1-2020-ORIG/PCB/Working - Under Develolpment/Sequencer-Logic-v2.0/CAMOutputs/GerberFiles/solderpaste_top.gbr	5b8f24b9c0206ea428f50a073b3296ff
skip		YACCS-OLD/YACC1-2020-ORIG/PCB/Working - Under Develolpment/Sequencer-Memory-V2.0/CAMOutputs/GerberFiles/silkscreen_bottom.gbr	f332d9ce0820305226cdd55282cdf24b
skip		YACCS-OLD/YACC1-2020-ORIG/PCB/Working - Under Develolpment/Sequencer-Memory-V2.0/CAMOutputs/GerberFiles/solderpaste_bottom.gbr	e7cfbb13c9f0209464e41efff207c85a
skip		YACCS-OLD/YACC1-2020-ORIG/PCB/Working - Under Develolpment/Sequencer-Memory-V2.0/CAMOutputs/GerberFiles/solderpaste_top.gbr	5b8f24b9c0206ea428f50a073b3296ff
skip		YACCS-OLD/YACC1-2020-ORIG/Software/Assembler/Makefile	a9ed26ab7eaad2726af7a610a26eb390
drop		YACCS-OLD/YACC1-2020-ORIG/Software/Assembler/abc	77dfedad7b820e3f0409a8d760fcea17
skip		YACCS-OLD/YACC1-2020-ORIG/Software/Assembler/asm.doc	a125780718eda556525b1d9c4a305d74
skip		YACCS-OLD/YACC1-2020-ORIG/Software/Assembler/asm.txt	33e29fb73e49a8b265eab66dd498e0c1
drop		YACCS-OLD/YACC1-2020-ORIG/Software/Assembler/c_standard_headers_indexer.c	57290709f689f75e2a8384582c7caa3d
skip		YACCS-OLD/YACC1-2020-ORIG/Software/Assembler/nbproject/Makefile-Debug.mk	563c9b1ff7ed234db6ca6cd86510cff2
skip		YACCS-OLD/YACC1-2020-ORIG/Software/Assembler/nbproject/Makefile-Release.mk	f271069880e02deb17130a069b63c060
skip		YACCS-OLD/YACC1-2020-ORIG/Software/Assembler/nbproject/Makefile-impl.mk	a31f55a6d9651477556e34a297ca7604
skip		YACCS-OLD/YACC1-2020-ORIG/Software/Assembler/nbproject/Makefile-variables.mk	5b091e48a04651772f6b9a455def4196
skip		YACCS-OLD/YACC1-2020-ORIG/Software/Assembler/nbproject/Package-Debug.bash	0465a8a298a9e23ab9113b6d79b5b85e
skip		YACCS-OLD/YACC1-2020-ORIG/Software/Assembler/nbproject/Package-Release.bash	ee4c445afd4fc0fda478c35340eed413
skip		YACCS-OLD/YACC1-2020-ORIG/Software/Assembler/nbproject/project.xml	8ce4eaf6a746afe689bc905b3f8c5ad3
skip		YACCS-OLD/YACC1-2020-ORIG/Software/Assembler/rcasm.rc	6a366bf263388ef7d99e32559e745b87
drop		YACCS-OLD/YACC1-2020-ORIG/Software/Assembler/yacc1.def	6c3167de276fee25a6a9ecbdedf3731b
drop		YACCS-OLD/YACC1-2020-ORIG/Software/Bus Test Card/Command sender/old/command_sender_2/Untitled.rtf	c493170a931b6889dc6ac906a3691dab
drop		YACCS-OLD/YACC1-2020-ORIG/Software/Bus Test Card/Command sender/old/command_sender_3/Untitled.rtf	c493170a931b6889dc6ac906a3691dab
drop		YACCS-OLD/YACC1-2020-ORIG/Software/Bus Test Card/Command sender/tests/ALU/comands.txt	2ee97b14e30c64b4d9f05c0b2321a731
drop		YACCS-OLD/YACC1-2020-ORIG/Software/Bus Test Card/Command sender/tests/ALU/xx	fcfbd2a37cea9c3afad439853e18918e
skip		YACCS-OLD/YACC1-2020-ORIG/Software/Bus Test Card/Command sender/tests/Gen Test Vectors/gen test vectors/Makefile	a9ed26ab7eaad2726af7a610a26eb390
drop		YACCS-OLD/YACC1-2020-ORIG/Software/Bus Test Card/Command sender/tests/IO/and	da7845f9c31dbaacae324066b4418f83
drop		YACCS-OLD/YACC1-2020-ORIG/Software/Bus Test Card/Command sender/tests/Test Vectors/Registers/commands.txt	ab111cc4950cca92d2f1f78d024f70d8
drop		YACCS-OLD/YACC1-2020-ORIG/Software/Bus Test Card/Command sender/tests/Test Vectors/SP-PC/commands2.txt	ac505cb5eff84ee8c1af072cf3f028a4
skip		YACCS-OLD/YACC1-2020-ORIG/Software/Emulator/Makefile	a9ed26ab7eaad2726af7a610a26eb390
skip		YACCS-OLD/YACC1-2020-ORIG/Software/Memory Card/test EPROM/Makefile	a9ed26ab7eaad2726af7a610a26eb390
skip		YACCS-OLD/YACC1-2020-ORIG/Software/Sequencer Card/uCode-Generator copy/Makefile	a9ed26ab7eaad2726af7a610a26eb390
skip		YACCS-OLD/YACC1-2020-ORIG/Software/Sequencer Card/uCode-Generator/Makefile	a9ed26ab7eaad2726af7a610a26eb390
skip		YACCS-OLD/YACC1-2020-ORIG/Software/TinyBasicC/Makefile	a9ed26ab7eaad2726af7a610a26eb390
skip		YACCS-OLD/YACC1-2020-ORIG/Software/TinyBasicC/old/tb/tb/Makefile	a9ed26ab7eaad2726af7a610a26eb390
skip		YACCS-OLD/YACC1-2020-ORIG/Software/TinyBasicC/old/tb/tb/TBout.txt	d41d8cd98f00b204e9800998ecf8427e
skip		YACCS-OLD/YACC1-2020-ORIG/Software/disasm/Makefile	a9ed26ab7eaad2726af7a610a26eb390
skip		YACCS-OLD/YACC1-2020-ORIG/Waveforms/REG-LD.webarchive	e8050e00472a9c8adb043489c597530b
skip		YACCS-OLD/YACC1-2020-ORIG/Waveforms/REG-RD.webarchive	81aafc98eae7b3308640b4091e54e8bb
skip		YACCS-OLD/YACC1-2020-backup-pre-git-backup/YACC1-2020/PCB/Unsure - see notes/Bus Tester orig/Notes.rtf	47ecff448cb2c3f2b2d12876aeae289d
skip		YACCS-OLD/YACC1-2020-backup-pre-git-backup/YACC1-2020/PCB/Unsure - see notes/Bus Tester orig/gerbers/tester.cmp	b016b37c32162f7e301dc3cfa58c759b
skip		YACCS-OLD/YACC1-2020-backup-pre-git-backup/YACC1-2020/PCB/Unsure - see notes/Bus Tester orig/gerbers/tester.drd	b33db64cc6f75f0403faf9be64cdc5ef
skip		YACCS-OLD/YACC1-2020-backup-pre-git-backup/YACC1-2020/PCB/Unsure - see notes/Bus Tester orig/gerbers/tester.plc	8f61d2c0db0eb3c04009e771d0278793
skip		YACCS-OLD/YACC1-2020-backup-pre-git-backup/YACC1-2020/PCB/Unsure - see notes/Bus Tester orig/gerbers/tester.sol	fa2bef0ce9154c76dab5beb2aa113c02
skip		YACCS-OLD/YACC1-2020-backup-pre-git-backup/YACC1-2020/PCB/Unsure - see notes/Bus Tester orig/gerbers/tester.stc	fac9958008bd2dd06cecb1619c3f075b
skip		YACCS-OLD/YACC1-2020-backup-pre-git-backup/YACC1-2020/PCB/Unsure - see notes/Bus Tester orig/gerbers/tester.sts	41e9400f1d21f9e1c5ae4dcf3fc0f433
skip		YACCS-OLD/YACC1-2020-backup-pre-git-backup/YACC1-2020/PCB/Unsure - see notes/Bus Tester orig/switchtemplate.skp	7715564bd0cd863ae87a7cfa919dcd3b
skip		YACCS-OLD/YACC1-2020-backup-pre-git-backup/YACC1-2020/PCB/Working - Under Develolpment/ALU-V3.1/ALU V3.1.pro	358a088bfed868edb6e0a5255830b402
skip		YACCS-OLD/YACC1-2020-backup-pre-git-backup/YACC1-2020/PCB/Working - Under Develolpment/ALU-V3.1/gerbers/CAMOutputs/GerberFiles/profile.gbr	5ee37e9e1cbb17fb415808e588fd93d5
skip		YACCS-OLD/YACC1-2020-backup-pre-git-backup/YACC1-2020/PCB/Working - Under Develolpment/ALU-V3.1/gerbers/CAMOutputs/GerberFiles/silkscreen_bottom.gbr	f332d9ce0820305226cdd55282cdf24b
skip		YACCS-OLD/YACC1-2020-backup-pre-git-backup/YACC1-2020/PCB/Working - Under Develolpment/ALU-V3.1/gerbers/CAMOutputs/GerberFiles/solderpaste_bottom.gbr	e7cfbb13c9f0209464e41efff207c85a
skip		YACCS-OLD/YACC1-2020-backup-pre-git-backup/YACC1-2020/PCB/Working - Under Develolpment/ALU-V3.1/gerbers/CAMOutputs/GerberFiles/solderpaste_top.gbr	5b8f24b9c0206ea428f50a073b3296ff
skip		YACCS-OLD/YACC1-2020-backup-pre-git-backup/YACC1-2020/PCB/Working - Under Develolpment/ALU-V3.2/ALU V3.1.pro	358a088bfed868edb6e0a5255830b402
skip		YACCS-OLD/YACC1-2020-backup-pre-git-backup/YACC1-2020/PCB/Working - Under Develolpment/ALU-V3.2/gerbers/CAMOutputs/GerberFiles/profile.gbr	5ee37e9e1cbb17fb415808e588fd93d5
skip		YACCS-OLD/YACC1-2020-backup-pre-git-backup/YACC1-2020/PCB/Working - Under Develolpment/ALU-V3.2/gerbers/CAMOutputs/GerberFiles/silkscreen_bottom.gbr	f332d9ce0820305226cdd55282cdf24b
skip		YACCS-OLD/YACC1-2020-backup-pre-git-backup/YACC1-2020/PCB/Working - Under Develolpment/ALU-V3.2/gerbers/CAMOutputs/GerberFiles/solderpaste_bottom.gbr	e7cfbb13c9f0209464e41efff207c85a
skip		YACCS-OLD/YACC1-2020-backup-pre-git-backup/YACC1-2020/PCB/Working - Under Develolpment/ALU-V3.2/gerbers/CAMOutputs/GerberFiles/solderpaste_top.gbr	5b8f24b9c0206ea428f50a073b3296ff
skip		YACCS-OLD/YACC1-2020-backup-pre-git-backup/YACC1-2020/PCB/Working - Under Develolpment/Address and TMP-V1.0/CAMOutputs/GerberFiles/profile.gbr	5ee37e9e1cbb17fb415808e588fd93d5
skip		YACCS-OLD/YACC1-2020-backup-pre-git-backup/YACC1-2020/PCB/Working - Under Develolpment/Address and TMP-V1.0/CAMOutputs/GerberFiles/silkscreen_bottom.gbr	f332d9ce0820305226cdd55282cdf24b
skip		YACCS-OLD/YACC1-2020-backup-pre-git-backup/YACC1-2020/PCB/Working - Under Develolpment/Address and TMP-V1.0/CAMOutputs/GerberFiles/solderpaste_bottom.gbr	e7cfbb13c9f0209464e41efff207c85a
skip		YACCS-OLD/YACC1-2020-backup-pre-git-backup/YACC1-2020/PCB/Working - Under Develolpment/Address and TMP-V1.0/CAMOutputs/GerberFiles/solderpaste_top.gbr	5b8f24b9c0206ea428f50a073b3296ff
drop		YACCS-OLD/YACC1-2020-backup-pre-git-backup/YACC1-2020/PCB/Working - Under Develolpment/BUS-PROD-V1.1/yacc2buss.brd	9ab4dea4b3bd4521aaeb07d15fef2105
drop		YACCS-OLD/YACC1-2020-backup-pre-git-backup/YACC1-2020/PCB/Working - Under Develolpment/BUS-PROD-V1.1/yacc2buss.sch	f080886c79db33bd51630bde622c4cb8
skip		YACCS-OLD/YACC1-2020-backup-pre-git-backup/YACC1-2020/PCB/Working - Under Develolpment/Bus Jumper Horizontal V3.2/CAMOutputs/GerberFiles/silkscreen_bottom.gbr	f332d9ce0820305226cdd55282cdf24b
skip		YACCS-OLD/YACC1-2020-backup-pre-git-backup/YACC1-2020/PCB/Working - Under Develolpment/Bus Jumper Horizontal V3.2/CAMOutputs/GerberFiles/solderpaste_bottom.gbr	e7cfbb13c9f0209464e41efff207c85a
skip		YACCS-OLD/YACC1-2020-backup-pre-git-backup/YACC1-2020/PCB/Working - Under Develolpment/Bus Jumper Horizontal V3.2/CAMOutputs/GerberFiles/solderpaste_top.gbr	5b8f24b9c0206ea428f50a073b3296ff
skip		YACCS-OLD/YACC1-2020-backup-pre-git-backup/YACC1-2020/PCB/Working - Under Develolpment/Bus Jumper Horizontal V3.2/Jumper Board Horizontal V3.1.sch	eb125675168e05f528332971fc59b96f
skip		YACCS-OLD/YACC1-2020-backup-pre-git-backup/YACC1-2020/PCB/Working - Under Develolpment/Bus Jumper Vertical V3.1/Jumper Board Vertical V3.1.brd	d70026d1fee66b6dead6ac718677ad9d
skip		YACCS-OLD/YACC1-2020-backup-pre-git-backup/YACC1-2020/PCB/Working - Under Develolpment/Bus Jumper Vertical V3.1/Jumper Board Vertical V3.1.sch	eb125675168e05f528332971fc59b96f
skip		YACCS-OLD/YACC1-2020-backup-pre-git-backup/YACC1-2020/PCB/Working - Under Develolpment/Bus Jumper Vertical V3.1/Notes.rtf	d3947f634e0d18a859002efd599d61c7
skip		YACCS-OLD/YACC1-2020-backup-pre-git-backup/YACC1-2020/PCB/Working - Under Develolpment/Bus Tester V3.1/CAMOutputs/Assembly/PnP_tester_back.txt	d41d8cd98f00b204e9800998ecf8427e
skip		YACCS-OLD/YACC1-2020-backup-pre-git-backup/YACC1-2020/PCB/Working - Under Develolpment/Bus Tester V3.1/CAMOutputs/Assembly/PnP_tester_front.txt	d41d8cd98f00b204e9800998ecf8427e
skip		YACCS-OLD/YACC1-2020-backup-pre-git-backup/YACC1-2020/PCB/Working - Under Develolpment/Bus Tester V3.1/CAMOutputs/Assembly/tester.csv	9ffaa6dc42a9f23921c6af2b5e140177
skip		YACCS-OLD/YACC1-2020-backup-pre-git-backup/YACC1-2020/PCB/Working - Under Develolpment/Bus Tester V3.1/CAMOutputs/DrillFiles/drill_1_16.xln	2466b1b6b3701dd13f47c1a63d1b58f2
skip		YACCS-OLD/YACC1-2020-backup-pre-git-backup/YACC1-2020/PCB/Working - Under Develolpment/Bus Tester V3.1/CAMOutputs/GerberFiles/copper_bottom_l4.gbr	6a93513806ffcb0410c39386abc7760f
skip		YACCS-OLD/YACC1-2020-backup-pre-git-backup/YACC1-2020/PCB/Working - Under Develolpment/Bus Tester V3.1/CAMOutputs/GerberFiles/copper_inner_l2.gbr	fa8b94496a49f369080d389bb6944228
skip		YACCS-OLD/YACC1-2020-backup-pre-git-backup/YACC1-2020/PCB/Working - Under Develolpment/Bus Tester V3.1/CAMOutputs/GerberFiles/copper_inner_l3.gbr	16eb023de4e4b499ab5985a82c77ddd9
skip		YACCS-OLD/YACC1-2020-backup-pre-git-backup/YACC1-2020/PCB/Working - Under Develolpment/Bus Tester V3.1/CAMOutputs/GerberFiles/copper_top_l1.gbr	a1eb1191fec926cb13717b8898d3f2e9
skip		YACCS-OLD/YACC1-2020-backup-pre-git-backup/YACC1-2020/PCB/Working - Under Develolpment/Bus Tester V3.1/CAMOutputs/GerberFiles/gerber_job.gbrjob	be24668eecff6cc0b385286ad6ce328a
skip		YACCS-OLD/YACC1-2020-backup-pre-git-backup/YACC1-2020/PCB/Working - Under Develolpment/Bus Tester V3.1/CAMOutputs/GerberFiles/profile.gbr	1587769cdc21e01037f694cb3808ec29
skip		YACCS-OLD/YACC1-2020-backup-pre-git-backup/YACC1-2020/PCB/Working - Under Develolpment/Bus Tester V3.1/CAMOutputs/GerberFiles/silkscreen_bottom.gbr	f332d9ce0820305226cdd55282cdf24b
skip		YACCS-OLD/YACC1-2020-backup-pre-git-backup/YACC1-2020/PCB/Working - Under Develolpment/Bus Tester V3.1/CAMOutputs/GerberFiles/silkscreen_top.gbr	60f845239f3167d7a9b023d6c6304611
skip		YACCS-OLD/YACC1-2020-backup-pre-git-backup/YACC1-2020/PCB/Working - Under Develolpment/Bus Tester V3.1/CAMOutputs/GerberFiles/soldermask_bottom.gbr	9e4cf0cd7007f196d4de16f742d1d6b0
skip		YACCS-OLD/YACC1-2020-backup-pre-git-backup/YACC1-2020/PCB/Working - Under Develolpment/Bus Tester V3.1/CAMOutputs/GerberFiles/soldermask_top.gbr	1a7993a0f7ba01bf5c1cca4fa158c45f
skip		YACCS-OLD/YACC1-2020-backup-pre-git-backup/YACC1-2020/PCB/Working - Under Develolpment/Bus Tester V3.1/CAMOutputs/GerberFiles/solderpaste_bottom.gbr	e7cfbb13c9f0209464e41efff207c85a
skip		YACCS-OLD/YACC1-2020-backup-pre-git-backup/YACC1-2020/PCB/Working - Under Develolpment/Bus Tester V3.1/CAMOutputs/GerberFiles/solderpaste_top.gbr	5b8f24b9c0206ea428f50a073b3296ff
skip		YACCS-OLD/YACC1-2020-backup-pre-git-backup/YACC1-2020/PCB/Working - Under Develolpment/Bus Tester V3.1/Notes.rtf	47ecff448cb2c3f2b2d12876aeae289d
skip		YACCS-OLD/YACC1-2020-backup-pre-git-backup/YACC1-2020/PCB/Working - Under Develolpment/Bus Tester V3.1/switchtemplate.skp	7715564bd0cd863ae87a7cfa919dcd3b
skip		YACCS-OLD/YACC1-2020-backup-pre-git-backup/YACC1-2020/PCB/Working - Under Develolpment/Bus Tester V3.1/tester.brd	550fc2d2f3627b50c0c866cffc45d592
skip		YACCS-OLD/YACC1-2020-backup-pre-git-backup/YACC1-2020/PCB/Working - Under Develolpment/Bus Tester V3.1/tester.pro	0dede68700592de32f7a92543b682413
skip		YACCS-OLD/YACC1-2020-backup-pre-git-backup/YACC1-2020/PCB/Working - Under Develolpment/Bus Tester V3.1/tester.sch	5dab082e4a346d69864db468cbc05c02
skip		YACCS-OLD/YACC1-2020-backup-pre-git-backup/YACC1-2020/PCB/Working - Under Develolpment/Bus Tester V3.11/CAMOutputs/Assembly/PnP_tester_back.txt	d41d8cd98f00b204e9800998ecf8427e
skip		YACCS-OLD/YACC1-2020-backup-pre-git-backup/YACC1-2020/PCB/Working - Under Develolpment/Bus Tester V3.11/CAMOutputs/Assembly/PnP_tester_front.txt	d41d8cd98f00b204e9800998ecf8427e
skip		YACCS-OLD/YACC1-2020-backup-pre-git-backup/YACC1-2020/PCB/Working - Under Develolpment/Bus Tester V3.11/CAMOutputs/Assembly/tester.csv	9ffaa6dc42a9f23921c6af2b5e140177
skip		YACCS-OLD/YACC1-2020-backup-pre-git-backup/YACC1-2020/PCB/Working - Under Develolpment/Bus Tester V3.11/CAMOutputs/DrillFiles/drill_1_16.xln	2466b1b6b3701dd13f47c1a63d1b58f2
skip		YACCS-OLD/YACC1-2020-backup-pre-git-backup/YACC1-2020/PCB/Working - Under Develolpment/Bus Tester V3.11/CAMOutputs/GerberFiles/copper_bottom_l4.gbr	6a93513806ffcb0410c39386abc7760f
skip		YACCS-OLD/YACC1-2020-backup-pre-git-backup/YACC1-2020/PCB/Working - Under Develolpment/Bus Tester V3.11/CAMOutputs/GerberFiles/copper_inner_l2.gbr	fa8b94496a49f369080d389bb6944228
skip		YACCS-OLD/YACC1-2020-backup-pre-git-backup/YACC1-2020/PCB/Working - Under Develolpment/Bus Tester V3.11/CAMOutputs/GerberFiles/copper_inner_l3.gbr	16eb023de4e4b499ab5985a82c77ddd9
skip		YACCS-OLD/YACC1-2020-backup-pre-git-backup/YACC1-2020/PCB/Working - Under Develolpment/Bus Tester V3.11/CAMOutputs/GerberFiles/copper_top_l1.gbr	a1eb1191fec926cb13717b8898d3f2e9
skip		YACCS-OLD/YACC1-2020-backup-pre-git-backup/YACC1-2020/PCB/Working - Under Develolpment/Bus Tester V3.11/CAMOutputs/GerberFiles/gerber_job.gbrjob	be24668eecff6cc0b385286ad6ce328a
skip		YACCS-OLD/YACC1-2020-backup-pre-git-backup/YACC1-2020/PCB/Working - Under Develolpment/Bus Tester V3.11/CAMOutputs/GerberFiles/profile.gbr	1587769cdc21e01037f694cb3808ec29
skip		YACCS-OLD/YACC1-2020-backup-pre-git-backup/YACC1-2020/PCB/Working - Under Develolpment/Bus Tester V3.11/CAMOutputs/GerberFiles/silkscreen_bottom.gbr	f332d9ce0820305226cdd55282cdf24b
skip		YACCS-OLD/YACC1-2020-backup-pre-git-backup/YACC1-2020/PCB/Working - Under Develolpment/Bus Tester V3.11/CAMOutputs/GerberFiles/silkscreen_top.gbr	60f845239f3167d7a9b023d6c6304611
skip		YACCS-OLD/YACC1-2020-backup-pre-git-backup/YACC1-2020/PCB/Working - Under Develolpment/Bus Tester V3.11/CAMOutputs/GerberFiles/soldermask_bottom.gbr	9e4cf0cd7007f196d4de16f742d1d6b0
skip		YACCS-OLD/YACC1-2020-backup-pre-git-backup/YACC1-2020/PCB/Working - Under Develolpment/Bus Tester V3.11/CAMOutputs/GerberFiles/soldermask_top.gbr	1a7993a0f7ba01bf5c1cca4fa158c45f
skip		YACCS-OLD/YACC1-2020-backup-pre-git-backup/YACC1-2020/PCB/Working - Under Develolpment/Bus Tester V3.11/CAMOutputs/GerberFiles/solderpaste_bottom.gbr	e7cfbb13c9f0209464e41efff207c85a
skip		YACCS-OLD/YACC1-2020-backup-pre-git-backup/YACC1-2020/PCB/Working - Under Develolpment/Bus Tester V3.11/CAMOutputs/GerberFiles/solderpaste_top.gbr	5b8f24b9c0206ea428f50a073b3296ff
skip		YACCS-OLD/YACC1-2020-backup-pre-git-backup/YACC1-2020/PCB/Working - Under Develolpment/Bus Tester V3.11/Notes.rtf	47ecff448cb2c3f2b2d12876aeae289d
skip		YACCS-OLD/YACC1-2020-backup-pre-git-backup/YACC1-2020/PCB/Working - Under Develolpment/Bus Tester V3.11/switchtemplate.skp	7715564bd0cd863ae87a7cfa919dcd3b
skip		YACCS-OLD/YACC1-2020-backup-pre-git-backup/YACC1-2020/PCB/Working - Under Develolpment/Bus Tester V3.11/tester.brd	49daac2d80f8c1a35be57e4a9df4cfcb
skip		YACCS-OLD/YACC1-2020-backup-pre-git-backup/YACC1-2020/PCB/Working - Under Develolpment/Bus Tester V3.11/tester.pro	249a169195f2c7a02589bb052368f489
skip		YACCS-OLD/YACC1-2020-backup-pre-git-backup/YACC1-2020/PCB/Working - Under Develolpment/Bus Tester V3.11/tester.sch	5dab082e4a346d69864db468cbc05c02
skip		YACCS-OLD/YACC1-2020-backup-pre-git-backup/YACC1-2020/PCB/Working - Under Develolpment/IO-V-1.1/CAMOutputs/Assembly/IO V1.0.csv	809cec696e5a903c1f41a7f7ee796f3e
skip		YACCS-OLD/YACC1-2020-backup-pre-git-backup/YACC1-2020/PCB/Working - Under Develolpment/IO-V-1.1/CAMOutputs/Assembly/IO V1.0.txt	871fe6a366d77194b8a5e8b314738cb4
skip		YACCS-OLD/YACC1-2020-backup-pre-git-backup/YACC1-2020/PCB/Working - Under Develolpment/IO-V-1.1/CAMOutputs/Assembly/IO V1.1.csv	4cf24ff5b08a964e570eafef7f20855c
skip		YACCS-OLD/YACC1-2020-backup-pre-git-backup/YACC1-2020/PCB/Working - Under Develolpment/IO-V-1.1/CAMOutputs/Assembly/PnP_IO V1.0_back.txt	d41d8cd98f00b204e9800998ecf8427e
skip		YACCS-OLD/YACC1-2020-backup-pre-git-backup/YACC1-2020/PCB/Working - Under Develolpment/IO-V-1.1/CAMOutputs/Assembly/PnP_IO V1.0_front.txt	d41d8cd98f00b204e9800998ecf8427e
skip		YACCS-OLD/YACC1-2020-backup-pre-git-backup/YACC1-2020/PCB/Working - Under Develolpment/IO-V-1.1/CAMOutputs/Assembly/PnP_IO V1.1_back.txt	d41d8cd98f00b204e9800998ecf8427e
skip		YACCS-OLD/YACC1-2020-backup-pre-git-backup/YACC1-2020/PCB/Working - Under Develolpment/IO-V-1.1/CAMOutputs/Assembly/PnP_IO V1.1_front.txt	d41d8cd98f00b204e9800998ecf8427e
skip		YACCS-OLD/YACC1-2020-backup-pre-git-backup/YACC1-2020/PCB/Working - Under Develolpment/IO-V-1.1/CAMOutputs/CAMOutputs/Assembly/IO V1.1.csv	4cf24ff5b08a964e570eafef7f20855c
skip		YACCS-OLD/YACC1-2020-backup-pre-git-backup/YACC1-2020/PCB/Working - Under Develolpment/IO-V-1.1/CAMOutputs/CAMOutputs/Assembly/PnP_IO V1.1_back.txt	d41d8cd98f00b204e9800998ecf8427e
skip		YACCS-OLD/YACC1-2020-backup-pre-git-backup/YACC1-2020/PCB/Working - Under Develolpment/IO-V-1.1/CAMOutputs/CAMOutputs/Assembly/PnP_IO V1.1_front.txt	d41d8cd98f00b204e9800998ecf8427e
skip		YACCS-OLD/YACC1-2020-backup-pre-git-backup/YACC1-2020/PCB/Working - Under Develolpment/IO-V-1.1/CAMOutputs/CAMOutputs/DrillFiles/drill_1_16.xln	f12b987e56c83776b9138c2230721faf
skip		YACCS-OLD/YACC1-2020-backup-pre-git-backup/YACC1-2020/PCB/Working - Under Develolpment/IO-V-1.1/CAMOutputs/CAMOutputs/GerberFiles/copper_bottom.gbr	be12340952bfc8b7c68524a0aa16275e
skip		YACCS-OLD/YACC1-2020-backup-pre-git-backup/YACC1-2020/PCB/Working - Under Develolpment/IO-V-1.1/CAMOutputs/CAMOutputs/GerberFiles/copper_top.gbr	c2e28c7c0e179718ea9c866306af4219
skip		YACCS-OLD/YACC1-2020-backup-pre-git-backup/YACC1-2020/PCB/Working - Under Develolpment/IO-V-1.1/CAMOutputs/CAMOutputs/GerberFiles/gerber_job.gbrjob	2aca510e82fbfb806bf9e53b52e7689f
skip		YACCS-OLD/YACC1-2020-backup-pre-git-backup/YACC1-2020/PCB/Working - Under Develolpment/IO-V-1.1/CAMOutputs/CAMOutputs/GerberFiles/profile.gbr	71c74af1da02537eb0c76fc407c9839b
skip		YACCS-OLD/YACC1-2020-backup-pre-git-backup/YACC1-2020/PCB/Working - Under Develolpment/IO-V-1.1/CAMOutputs/CAMOutputs/GerberFiles/silkscreen_bottom.gbr	f332d9ce0820305226cdd55282cdf24b
skip		YACCS-OLD/YACC1-2020-backup-pre-git-backup/YACC1-2020/PCB/Working - Under Develolpment/IO-V-1.1/CAMOutputs/CAMOutputs/GerberFiles/silkscreen_top.gbr	a7933013c791ae8df0f326f4a2ffb40f
skip		YACCS-OLD/YACC1-2020-backup-pre-git-backup/YACC1-2020/PCB/Working - Under Develolpment/IO-V-1.1/CAMOutputs/CAMOutputs/GerberFiles/soldermask_bottom.gbr	8b4697836cf9c2107fa4c9e33f7ebaac
skip		YACCS-OLD/YACC1-2020-backup-pre-git-backup/YACC1-2020/PCB/Working - Under Develolpment/IO-V-1.1/CAMOutputs/CAMOutputs/GerberFiles/soldermask_top.gbr	29052ee02b3dfca0222ecd0bd58dfb2a
skip		YACCS-OLD/YACC1-2020-backup-pre-git-backup/YACC1-2020/PCB/Working - Under Develolpment/IO-V-1.1/CAMOutputs/CAMOutputs/GerberFiles/solderpaste_bottom.gbr	e7cfbb13c9f0209464e41efff207c85a
skip		YACCS-OLD/YACC1-2020-backup-pre-git-backup/YACC1-2020/PCB/Working - Under Develolpment/IO-V-1.1/CAMOutputs/CAMOutputs/GerberFiles/solderpaste_top.gbr	5b8f24b9c0206ea428f50a073b3296ff
skip		YACCS-OLD/YACC1-2020-backup-pre-git-backup/YACC1-2020/PCB/Working - Under Develolpment/IO-V-1.1/CAMOutputs/DrillFiles/drill_1_16.xln	744a896a58b4768f429ee44ed7016336
skip		YACCS-OLD/YACC1-2020-backup-pre-git-backup/YACC1-2020/PCB/Working - Under Develolpment/IO-V-1.1/CAMOutputs/GerberFiles/Archive.zip	ffced23185f0a31b8ff6852d0cf87712
skip		YACCS-OLD/YACC1-2020-backup-pre-git-backup/YACC1-2020/PCB/Working - Under Develolpment/IO-V-1.1/CAMOutputs/GerberFiles/copper_bottom.gbr	be12340952bfc8b7c68524a0aa16275e
skip		YACCS-OLD/YACC1-2020-backup-pre-git-backup/YACC1-2020/PCB/Working - Under Develolpment/IO-V-1.1/CAMOutputs/GerberFiles/copper_top.gbr	c2e28c7c0e179718ea9c866306af4219
skip		YACCS-OLD/YACC1-2020-backup-pre-git-backup/YACC1-2020/PCB/Working - Under Develolpment/IO-V-1.1/CAMOutputs/GerberFiles/drill_1_16.xln	744a896a58b4768f429ee44ed7016336
skip		YACCS-OLD/YACC1-2020-backup-pre-git-backup/YACC1-2020/PCB/Working - Under Develolpment/IO-V-1.1/CAMOutputs/GerberFiles/gerber_job.gbrjob	292323d66605b8c96c225d98372c0d33
skip		YACCS-OLD/YACC1-2020-backup-pre-git-backup/YACC1-2020/PCB/Working - Under Develolpment/IO-V-1.1/CAMOutputs/GerberFiles/profile.gbr	71c74af1da02537eb0c76fc407c9839b
skip		YACCS-OLD/YACC1-2020-backup-pre-git-backup/YACC1-2020/PCB/Working - Under Develolpment/IO-V-1.1/CAMOutputs/GerberFiles/silkscreen_bottom.gbr	f332d9ce0820305226cdd55282cdf24b
skip		YACCS-OLD/YACC1-2020-backup-pre-git-backup/YACC1-2020/PCB/Working - Under Develolpment/IO-V-1.1/CAMOutputs/GerberFiles/silkscreen_top.gbr	a7933013c791ae8df0f326f4a2ffb40f
skip		YACCS-OLD/YACC1-2020-backup-pre-git-backup/YACC1-2020/PCB/Working - Under Develolpment/IO-V-1.1/CAMOutputs/GerberFiles/soldermask_bottom.gbr	8b4697836cf9c2107fa4c9e33f7ebaac
skip		YACCS-OLD/YACC1-2020-backup-pre-git-backup/YACC1-2020/PCB/Working - Under Develolpment/IO-V-1.1/CAMOutputs/GerberFiles/soldermask_top.gbr	29052ee02b3dfca0222ecd0bd58dfb2a
skip		YACCS-OLD/YACC1-2020-backup-pre-git-backup/YACC1-2020/PCB/Working - Under Develolpment/IO-V-1.1/CAMOutputs/GerberFiles/solderpaste_bottom.gbr	e7cfbb13c9f0209464e41efff207c85a
skip		YACCS-OLD/YACC1-2020-backup-pre-git-backup/YACC1-2020/PCB/Working - Under Develolpment/IO-V-1.1/CAMOutputs/GerberFiles/solderpaste_top.gbr	5b8f24b9c0206ea428f50a073b3296ff
skip		YACCS-OLD/YACC1-2020-backup-pre-git-backup/YACC1-2020/PCB/Working - Under Develolpment/IO-V-1.1/IO V1.0.pro	8699589ba8e7443ce0c65ad83f334844
skip		YACCS-OLD/YACC1-2020-backup-pre-git-backup/YACC1-2020/PCB/Working - Under Develolpment/IO-V-1.1/IO V1.1.brd	8f38b64b19de8687faf500a66068364f
skip		YACCS-OLD/YACC1-2020-backup-pre-git-backup/YACC1-2020/PCB/Working - Under Develolpment/IO-V-1.1/IO V1.1.pro	64cfbeb823645087b4f9a89eebfb31ae
skip		YACCS-OLD/YACC1-2020-backup-pre-git-backup/YACC1-2020/PCB/Working - Under Develolpment/IO-V-1.1/IO V1.1.sch	47b613e1aad04dfd7d0f3fe3bb54cee2
skip		YACCS-OLD/YACC1-2020-backup-pre-git-backup/YACC1-2020/PCB/Working - Under Develolpment/IO-V-1.1/IO V1.1_00.pro	7642b8501938a8728896376e87110474
skip		YACCS-OLD/YACC1-2020-backup-pre-git-backup/YACC1-2020/PCB/Working - Under Develolpment/IO-V-1.1/IO V1.1_01.pro	7ce65d5619b21920db679d50c21203e2
skip		YACCS-OLD/YACC1-2020-backup-pre-git-backup/YACC1-2020/PCB/Working - Under Develolpment/IO-V-1.1/IO V1.1_02.pro	dfe8171f5b5f21063ff155c90cb22a17
skip		YACCS-OLD/YACC1-2020-backup-pre-git-backup/YACC1-2020/PCB/Working - Under Develolpment/IO-V-1.1/IO V1.1_03.pro	955f4e7715d7f99a5f6b2ae8c52d2b7c
skip		YACCS-OLD/YACC1-2020-backup-pre-git-backup/YACC1-2020/PCB/Working - Under Develolpment/IO-V-1.1/Notes.rtf	8d42a28a672974ec83ae9a240bb30342
skip		YACCS-OLD/YACC1-2020-backup-pre-git-backup/YACC1-2020/PCB/Working - Under Develolpment/Index Registers 1.1/Notes.rtf	b291d044a4eef04822eafa851f0b8bb8
skip		YACCS-OLD/YACC1-2020-backup-pre-git-backup/YACC1-2020/PCB/Working - Under Develolpment/Index Registers 1.1/testcircuit.circ	a23026f5020ca9d457affaa5883abcdf
skip		YACCS-OLD/YACC1-2020-backup-pre-git-backup/YACC1-2020/PCB/Working - Under Develolpment/Memory v1.2/CAMOutputs/GerberFiles/profile.gbr	5ee37e9e1cbb17fb415808e588fd93d5
skip		YACCS-OLD/YACC1-2020-backup-pre-git-backup/YACC1-2020/PCB/Working - Under Develolpment/Memory v1.2/CAMOutputs/GerberFiles/silkscreen_bottom.gbr	f332d9ce0820305226cdd55282cdf24b
skip		YACCS-OLD/YACC1-2020-backup-pre-git-backup/YACC1-2020/PCB/Working - Under Develolpment/Memory v1.2/CAMOutputs/GerberFiles/solderpaste_bottom.gbr	e7cfbb13c9f0209464e41efff207c85a
skip		YACCS-OLD/YACC1-2020-backup-pre-git-backup/YACC1-2020/PCB/Working - Under Develolpment/Memory v1.2/CAMOutputs/GerberFiles/solderpaste_top.gbr	5b8f24b9c0206ea428f50a073b3296ff
skip		YACCS-OLD/YACC1-2020-backup-pre-git-backup/YACC1-2020/PCB/Working - Under Develolpment/Memory v1.2/Memory V1.0.brd	45031dc1c40a866e8b708faec2037363
skip		YACCS-OLD/YACC1-2020-backup-pre-git-backup/YACC1-2020/PCB/Working - Under Develolpment/Memory v1.2/Memory V1.0.pro	23281dceca1f4edc6d3e0329a09a699f
skip		YACCS-OLD/YACC1-2020-backup-pre-git-backup/YACC1-2020/PCB/Working - Under Develolpment/Memory v1.2/Memory V1.0.sch	e2cad2bf969ddc3a3d701fa20b147268
skip		YACCS-OLD/YACC1-2020-backup-pre-git-backup/YACC1-2020/PCB/Working - Under Develolpment/Notes - BUS.rtf	1938d70111885d3b280abd3ec866ecbb
skip		YACCS-OLD/YACC1-2020-backup-pre-git-backup/YACC1-2020/PCB/Working - Under Develolpment/Sequencer-Memory-V2.0/CAMOutputs/GerberFiles/silkscreen_bottom.gbr	f332d9ce0820305226cdd55282cdf24b
skip		YACCS-OLD/YACC1-2020-backup-pre-git-backup/YACC1-2020/PCB/Working - Under Develolpment/Sequencer-Memory-V2.0/CAMOutputs/GerberFiles/solderpaste_bottom.gbr	e7cfbb13c9f0209464e41efff207c85a
skip		YACCS-OLD/YACC1-2020-backup-pre-git-backup/YACC1-2020/PCB/Working - Under Develolpment/Sequencer-Memory-V2.0/CAMOutputs/GerberFiles/solderpaste_top.gbr	5b8f24b9c0206ea428f50a073b3296ff
skip		YACCS-OLD/YACC1-2020-backup-pre-git-backup/YACC1-2020/Software/Assembler/Makefile	a9ed26ab7eaad2726af7a610a26eb390
drop		YACCS-OLD/YACC1-2020-backup-pre-git-backup/YACC1-2020/Software/Assembler/abc	77dfedad7b820e3f0409a8d760fcea17
skip		YACCS-OLD/YACC1-2020-backup-pre-git-backup/YACC1-2020/Software/Assembler/asm.doc	a125780718eda556525b1d9c4a305d74
skip		YACCS-OLD/YACC1-2020-backup-pre-git-backup/YACC1-2020/Software/Assembler/asm.txt	33e29fb73e49a8b265eab66dd498e0c1
drop		YACCS-OLD/YACC1-2020-backup-pre-git-backup/YACC1-2020/Software/Assembler/c_standard_headers_indexer.c	57290709f689f75e2a8384582c7caa3d
skip		YACCS-OLD/YACC1-2020-backup-pre-git-backup/YACC1-2020/Software/Assembler/nbproject/Makefile-Debug.mk	563c9b1ff7ed234db6ca6cd86510cff2
skip		YACCS-OLD/YACC1-2020-backup-pre-git-backup/YACC1-2020/Software/Assembler/nbproject/Makefile-Release.mk	f271069880e02deb17130a069b63c060
skip		YACCS-OLD/YACC1-2020-backup-pre-git-backup/YACC1-2020/Software/Assembler/nbproject/Makefile-impl.mk	a31f55a6d9651477556e34a297ca7604
skip		YACCS-OLD/YACC1-2020-backup-pre-git-backup/YACC1-2020/Software/Assembler/nbproject/Makefile-variables.mk	5b091e48a04651772f6b9a455def4196
skip		YACCS-OLD/YACC1-2020-backup-pre-git-backup/YACC1-2020/Software/Assembler/nbproject/Package-Debug.bash	0465a8a298a9e23ab9113b6d79b5b85e
skip		YACCS-OLD/YACC1-2020-backup-pre-git-backup/YACC1-2020/Software/Assembler/nbproject/Package-Release.bash	ee4c445afd4fc0fda478c35340eed413
skip		YACCS-OLD/YACC1-2020-backup-pre-git-backup/YACC1-2020/Software/Assembler/nbproject/project.xml	8ce4eaf6a746afe689bc905b3f8c5ad3
skip		YACCS-OLD/YACC1-2020-backup-pre-git-backup/YACC1-2020/Software/Assembler/rcasm.rc	6a366bf263388ef7d99e32559e745b87
drop		YACCS-OLD/YACC1-2020-backup-pre-git-backup/YACC1-2020/Software/Assembler/yacc1.def	6c3167de276fee25a6a9ecbdedf3731b
drop		YACCS-OLD/YACC1-2020-backup-pre-git-backup/YACC1-2020/Software/Bus Test Card/Command sender/old/command_sender_2/Untitled.rtf	c493170a931b6889dc6ac906a3691dab
drop		YACCS-OLD/YACC1-2020-backup-pre-git-backup/YACC1-2020/Software/Bus Test Card/Command sender/old/command_sender_3/Untitled.rtf	c493170a931b6889dc6ac906a3691dab
drop		YACCS-OLD/YACC1-2020-backup-pre-git-backup/YACC1-2020/Software/Bus Test Card/Command sender/tests/ALU/comands.txt	2ee97b14e30c64b4d9f05c0b2321a731
drop		YACCS-OLD/YACC1-2020-backup-pre-git-backup/YACC1-2020/Software/Bus Test Card/Command sender/tests/ALU/xx	fcfbd2a37cea9c3afad439853e18918e
skip		YACCS-OLD/YACC1-2020-backup-pre-git-backup/YACC1-2020/Software/Bus Test Card/Command sender/tests/Gen Test Vectors/gen test vectors/Makefile	a9ed26ab7eaad2726af7a610a26eb390
drop		YACCS-OLD/YACC1-2020-backup-pre-git-backup/YACC1-2020/Software/Bus Test Card/Command sender/tests/IO/and	da7845f9c31dbaacae324066b4418f83
drop		YACCS-OLD/YACC1-2020-backup-pre-git-backup/YACC1-2020/Software/Bus Test Card/Command sender/tests/Test Vectors/Registers/commands.txt	ab111cc4950cca92d2f1f78d024f70d8
drop		YACCS-OLD/YACC1-2020-backup-pre-git-backup/YACC1-2020/Software/Bus Test Card/Command sender/tests/Test Vectors/SP-PC/commands2.txt	ac505cb5eff84ee8c1af072cf3f028a4
skip		YACCS-OLD/YACC1-2020-backup-pre-git-backup/YACC1-2020/Software/Emulator/Makefile	a9ed26ab7eaad2726af7a610a26eb390
skip		YACCS-OLD/YACC1-2020-backup-pre-git-backup/YACC1-2020/Software/Memory Card/test EPROM/Makefile	a9ed26ab7eaad2726af7a610a26eb390
skip		YACCS-OLD/YACC1-2020-backup-pre-git-backup/YACC1-2020/Waveforms/REG-LD.webarchive	e8050e00472a9c8adb043489c597530b
skip		YACCS-OLD/YACC1-2020-backup-pre-git-backup/YACC1-2020/Waveforms/REG-RD.webarchive	81aafc98eae7b3308640b4091e54e8bb
skip		YACCS-OLD/YACC1-BACKUP/Old/NewFolder/CppApplication_1/Makefile	a9ed26ab7eaad2726af7a610a26eb390
skip		YACCS-OLD/YACC1-BACKUP/Old/NewFolder/test EPROM/Makefile	a9ed26ab7eaad2726af7a610a26eb390
skip		YACCS-OLD/YACC1-BACKUP/PCB-PRODUCTION/BUS-PROD-V1.1/gerbers/yacc2buss.cmp	59283c90f89f8e680b35149c2bd5256c
skip		YACCS-OLD/YACC1-BACKUP/PCB-PRODUCTION/BUS-PROD-V1.1/gerbers/yacc2buss.drd	927bafe18b63d022a620e0daa28f1018
skip		YACCS-OLD/YACC1-BACKUP/PCB-PRODUCTION/BUS-PROD-V1.1/gerbers/yacc2buss.plc	21ae38b96d8c7e45fc470b7d57e62fc4
skip		YACCS-OLD/YACC1-BACKUP/PCB-PRODUCTION/BUS-PROD-V1.1/gerbers/yacc2buss.sol	f2592e10d8dbb6720a6f91a9de67b114
skip		YACCS-OLD/YACC1-BACKUP/PCB-PRODUCTION/BUS-PROD-V1.1/gerbers/yacc2buss.stc	7cc99d908507d8c9409e8f189cb05136
skip		YACCS-OLD/YACC1-BACKUP/PCB-PRODUCTION/BUS-PROD-V1.1/gerbers/yacc2buss.sts	7cc99d908507d8c9409e8f189cb05136
skip		YACCS-OLD/YACC1-BACKUP/PCB-PRODUCTION/PROTOCARD-PROD-V1.0/gerbers/ProtoCard-Prod-V1.0.cmp	1184fe698e32345f080e5c9f9df00a88
skip		YACCS-OLD/YACC1-BACKUP/PCB-PRODUCTION/PROTOCARD-PROD-V1.0/gerbers/ProtoCard-Prod-V1.0.drd	aff2cef3237bb2cfc9db9b201b3f2f95
skip		YACCS-OLD/YACC1-BACKUP/PCB-PRODUCTION/PROTOCARD-PROD-V1.0/gerbers/ProtoCard-Prod-V1.0.plc	bff08aa786aa6e352df5f1467e117515
skip		YACCS-OLD/YACC1-BACKUP/PCB-PRODUCTION/PROTOCARD-PROD-V1.0/gerbers/ProtoCard-Prod-V1.0.sol	35eb43abf460745ce0cabc5410e25a38
skip		YACCS-OLD/YACC1-BACKUP/PCB-PRODUCTION/PROTOCARD-PROD-V1.0/gerbers/ProtoCard-Prod-V1.0.stc	f3951473fd4dfa2c8985b1e86a05cd9d
skip		YACCS-OLD/YACC1-BACKUP/PCB-PRODUCTION/PROTOCARD-PROD-V1.0/gerbers/ProtoCard-Prod-V1.0.sts	f3951473fd4dfa2c8985b1e86a05cd9d
skip		YACCS-OLD/YACC1-BACKUP/PCB-PRODUCTION/TESTER-PROD-V1.1/new - 1.21 bus/INCORRECTLY ADJUSTED/gerbers/tester.cmp	b016b37c32162f7e301dc3cfa58c759b
skip		YACCS-OLD/YACC1-BACKUP/PCB-PRODUCTION/TESTER-PROD-V1.1/new - 1.21 bus/INCORRECTLY ADJUSTED/gerbers/tester.drd	b33db64cc6f75f0403faf9be64cdc5ef
skip		YACCS-OLD/YACC1-BACKUP/PCB-PRODUCTION/TESTER-PROD-V1.1/new - 1.21 bus/INCORRECTLY ADJUSTED/gerbers/tester.plc	8f61d2c0db0eb3c04009e771d0278793
skip		YACCS-OLD/YACC1-BACKUP/PCB-PRODUCTION/TESTER-PROD-V1.1/new - 1.21 bus/INCORRECTLY ADJUSTED/gerbers/tester.sol	fa2bef0ce9154c76dab5beb2aa113c02
skip		YACCS-OLD/YACC1-BACKUP/PCB-PRODUCTION/TESTER-PROD-V1.1/new - 1.21 bus/INCORRECTLY ADJUSTED/gerbers/tester.stc	fac9958008bd2dd06cecb1619c3f075b
skip		YACCS-OLD/YACC1-BACKUP/PCB-PRODUCTION/TESTER-PROD-V1.1/new - 1.21 bus/INCORRECTLY ADJUSTED/gerbers/tester.sts	41e9400f1d21f9e1c5ae4dcf3fc0f433
skip		YACCS-OLD/YACC1-BACKUP/PCB-PRODUCTION/TESTER-PROD-V1.1/new - 1.21 bus/gerbers/tester.cmp	b016b37c32162f7e301dc3cfa58c759b
skip		YACCS-OLD/YACC1-BACKUP/PCB-PRODUCTION/TESTER-PROD-V1.1/new - 1.21 bus/gerbers/tester.drd	b33db64cc6f75f0403faf9be64cdc5ef
skip		YACCS-OLD/YACC1-BACKUP/PCB-PRODUCTION/TESTER-PROD-V1.1/new - 1.21 bus/gerbers/tester.plc	8f61d2c0db0eb3c04009e771d0278793
skip		YACCS-OLD/YACC1-BACKUP/PCB-PRODUCTION/TESTER-PROD-V1.1/new - 1.21 bus/gerbers/tester.sol	fa2bef0ce9154c76dab5beb2aa113c02
skip		YACCS-OLD/YACC1-BACKUP/PCB-PRODUCTION/TESTER-PROD-V1.1/new - 1.21 bus/gerbers/tester.stc	fac9958008bd2dd06cecb1619c3f075b
skip		YACCS-OLD/YACC1-BACKUP/PCB-PRODUCTION/TESTER-PROD-V1.1/new - 1.21 bus/gerbers/tester.sts	41e9400f1d21f9e1c5ae4dcf3fc0f433
skip		YACCS-OLD/YACC1-BACKUP/PCB-PRODUCTION/TESTER-PROD-V1.1/new - 1.21 bus/switchtemplate.skp	7715564bd0cd863ae87a7cfa919dcd3b
skip		YACCS-OLD/YACC1-BACKUP/PCB-PRODUCTION/TESTER-PROD-V1.1/new - 1.22 bus/INCORRECTLY ADJUSTED/gerbers/tester.cmp	b016b37c32162f7e301dc3cfa58c759b
skip		YACCS-OLD/YACC1-BACKUP/PCB-PRODUCTION/TESTER-PROD-V1.1/new - 1.22 bus/INCORRECTLY ADJUSTED/gerbers/tester.drd	b33db64cc6f75f0403faf9be64cdc5ef
skip		YACCS-OLD/YACC1-BACKUP/PCB-PRODUCTION/TESTER-PROD-V1.1/new - 1.22 bus/INCORRECTLY ADJUSTED/gerbers/tester.plc	8f61d2c0db0eb3c04009e771d0278793
skip		YACCS-OLD/YACC1-BACKUP/PCB-PRODUCTION/TESTER-PROD-V1.1/new - 1.22 bus/INCORRECTLY ADJUSTED/gerbers/tester.sol	fa2bef0ce9154c76dab5beb2aa113c02
skip		YACCS-OLD/YACC1-BACKUP/PCB-PRODUCTION/TESTER-PROD-V1.1/new - 1.22 bus/INCORRECTLY ADJUSTED/gerbers/tester.stc	fac9958008bd2dd06cecb1619c3f075b
skip		YACCS-OLD/YACC1-BACKUP/PCB-PRODUCTION/TESTER-PROD-V1.1/new - 1.22 bus/INCORRECTLY ADJUSTED/gerbers/tester.sts	41e9400f1d21f9e1c5ae4dcf3fc0f433
skip		YACCS-OLD/YACC1-BACKUP/PCB-PRODUCTION/TESTER-PROD-V1.1/new - 1.22 bus/gerbers/tester.cmp	b016b37c32162f7e301dc3cfa58c759b
skip		YACCS-OLD/YACC1-BACKUP/PCB-PRODUCTION/TESTER-PROD-V1.1/new - 1.22 bus/gerbers/tester.drd	b33db64cc6f75f0403faf9be64cdc5ef
skip		YACCS-OLD/YACC1-BACKUP/PCB-PRODUCTION/TESTER-PROD-V1.1/new - 1.22 bus/gerbers/tester.plc	8f61d2c0db0eb3c04009e771d0278793
skip		YACCS-OLD/YACC1-BACKUP/PCB-PRODUCTION/TESTER-PROD-V1.1/new - 1.22 bus/gerbers/tester.sol	fa2bef0ce9154c76dab5beb2aa113c02
skip		YACCS-OLD/YACC1-BACKUP/PCB-PRODUCTION/TESTER-PROD-V1.1/new - 1.22 bus/gerbers/tester.stc	fac9958008bd2dd06cecb1619c3f075b
skip		YACCS-OLD/YACC1-BACKUP/PCB-PRODUCTION/TESTER-PROD-V1.1/new - 1.22 bus/gerbers/tester.sts	41e9400f1d21f9e1c5ae4dcf3fc0f433
skip		YACCS-OLD/YACC1-BACKUP/PCB-PRODUCTION/TESTER-PROD-V1.1/new - 1.22 bus/switchtemplate.skp	7715564bd0cd863ae87a7cfa919dcd3b
skip		YACCS-OLD/YACC1-BACKUP/PCB-PRODUCTION/TESTER-PROD-V1.1/orig - 1.20 bus/gerbers/tester.cmp	b016b37c32162f7e301dc3cfa58c759b
skip		YACCS-OLD/YACC1-BACKUP/PCB-PRODUCTION/TESTER-PROD-V1.1/orig - 1.20 bus/gerbers/tester.drd	b33db64cc6f75f0403faf9be64cdc5ef
skip		YACCS-OLD/YACC1-BACKUP/PCB-PRODUCTION/TESTER-PROD-V1.1/orig - 1.20 bus/gerbers/tester.plc	8f61d2c0db0eb3c04009e771d0278793
skip		YACCS-OLD/YACC1-BACKUP/PCB-PRODUCTION/TESTER-PROD-V1.1/orig - 1.20 bus/gerbers/tester.sol	fa2bef0ce9154c76dab5beb2aa113c02
skip		YACCS-OLD/YACC1-BACKUP/PCB-PRODUCTION/TESTER-PROD-V1.1/orig - 1.20 bus/gerbers/tester.stc	fac9958008bd2dd06cecb1619c3f075b
skip		YACCS-OLD/YACC1-BACKUP/PCB-PRODUCTION/TESTER-PROD-V1.1/orig - 1.20 bus/gerbers/tester.sts	41e9400f1d21f9e1c5ae4dcf3fc0f433
skip		YACCS-OLD/YACC1-BACKUP/PCB-Working/BUS-V1.2/gerbers/yacc2buss.cmp	59283c90f89f8e680b35149c2bd5256c
skip		YACCS-OLD/YACC1-BACKUP/PCB-Working/BUS-V1.2/gerbers/yacc2buss.drd	927bafe18b63d022a620e0daa28f1018
skip		YACCS-OLD/YACC1-BACKUP/PCB-Working/BUS-V1.2/gerbers/yacc2buss.plc	21ae38b96d8c7e45fc470b7d57e62fc4
skip		YACCS-OLD/YACC1-BACKUP/PCB-Working/BUS-V1.2/gerbers/yacc2buss.sol	f2592e10d8dbb6720a6f91a9de67b114
skip		YACCS-OLD/YACC1-BACKUP/PCB-Working/BUS-V1.2/gerbers/yacc2buss.stc	7cc99d908507d8c9409e8f189cb05136
skip		YACCS-OLD/YACC1-BACKUP/PCB-Working/BUS-V1.2/gerbers/yacc2buss.sts	7cc99d908507d8c9409e8f189cb05136
skip		YACCS-OLD/YACC1-BACKUP/PCB-Working/ProtoCard-V1.1/gerbers/ProtoCard-Prod-V1.0.cmp	1184fe698e32345f080e5c9f9df00a88
skip		YACCS-OLD/YACC1-BACKUP/PCB-Working/ProtoCard-V1.1/gerbers/ProtoCard-Prod-V1.0.drd	aff2cef3237bb2cfc9db9b201b3f2f95
skip		YACCS-OLD/YACC1-BACKUP/PCB-Working/ProtoCard-V1.1/gerbers/ProtoCard-Prod-V1.0.plc	bff08aa786aa6e352df5f1467e117515
skip		YACCS-OLD/YACC1-BACKUP/PCB-Working/ProtoCard-V1.1/gerbers/ProtoCard-Prod-V1.0.sol	35eb43abf460745ce0cabc5410e25a38
skip		YACCS-OLD/YACC1-BACKUP/PCB-Working/ProtoCard-V1.1/gerbers/ProtoCard-Prod-V1.0.stc	f3951473fd4dfa2c8985b1e86a05cd9d
skip		YACCS-OLD/YACC1-BACKUP/PCB-Working/ProtoCard-V1.1/gerbers/ProtoCard-Prod-V1.0.sts	f3951473fd4dfa2c8985b1e86a05cd9d
skip		YACCS-OLD/YACC1-BACKUP/Software/CommonHeaderFiles/Makefile	a9ed26ab7eaad2726af7a610a26eb390
skip		YACCS-OLD/YACC1-BACKUP/Software/test EPROM/Makefile	a9ed26ab7eaad2726af7a610a26eb390
skip		YACCS-OLD/YACC1-BACKUP/Software/uCode-Generator/Makefile	a9ed26ab7eaad2726af7a610a26eb390
skip		YACCS-OLD/YACC1-BACKUP/backup pre git/Software/test EPROM/Makefile	a9ed26ab7eaad2726af7a610a26eb390
skip		YACCS-OLD/YACC1-BACKUP/backup pre git/Software/uCode-Generator/Makefile	a9ed26ab7eaad2726af7a610a26eb390
skip		YACCS-OLD/YACC1A/PCB-PRODUCTION/BUS-PROD-V1.1/gerbers/yacc2buss.cmp	59283c90f89f8e680b35149c2bd5256c
skip		YACCS-OLD/YACC1A/PCB-PRODUCTION/BUS-PROD-V1.1/gerbers/yacc2buss.drd	927bafe18b63d022a620e0daa28f1018
skip		YACCS-OLD/YACC1A/PCB-PRODUCTION/BUS-PROD-V1.1/gerbers/yacc2buss.plc	21ae38b96d8c7e45fc470b7d57e62fc4
skip		YACCS-OLD/YACC1A/PCB-PRODUCTION/BUS-PROD-V1.1/gerbers/yacc2buss.sol	f2592e10d8dbb6720a6f91a9de67b114
skip		YACCS-OLD/YACC1A/PCB-PRODUCTION/BUS-PROD-V1.1/gerbers/yacc2buss.stc	7cc99d908507d8c9409e8f189cb05136
skip		YACCS-OLD/YACC1A/PCB-PRODUCTION/BUS-PROD-V1.1/gerbers/yacc2buss.sts	7cc99d908507d8c9409e8f189cb05136
skip		YACCS-OLD/YACC1A/PCB-PRODUCTION/PROTOCARD-PROD-V1.0/gerbers/ProtoCard-Prod-V1.0.cmp	1184fe698e32345f080e5c9f9df00a88
skip		YACCS-OLD/YACC1A/PCB-PRODUCTION/PROTOCARD-PROD-V1.0/gerbers/ProtoCard-Prod-V1.0.drd	aff2cef3237bb2cfc9db9b201b3f2f95
skip		YACCS-OLD/YACC1A/PCB-PRODUCTION/PROTOCARD-PROD-V1.0/gerbers/ProtoCard-Prod-V1.0.plc	bff08aa786aa6e352df5f1467e117515
skip		YACCS-OLD/YACC1A/PCB-PRODUCTION/PROTOCARD-PROD-V1.0/gerbers/ProtoCard-Prod-V1.0.sol	35eb43abf460745ce0cabc5410e25a38
skip		YACCS-OLD/YACC1A/PCB-PRODUCTION/PROTOCARD-PROD-V1.0/gerbers/ProtoCard-Prod-V1.0.stc	f3951473fd4dfa2c8985b1e86a05cd9d
skip		YACCS-OLD/YACC1A/PCB-PRODUCTION/PROTOCARD-PROD-V1.0/gerbers/ProtoCard-Prod-V1.0.sts	f3951473fd4dfa2c8985b1e86a05cd9d
skip		YACCS-OLD/YACC1A/PCB-PRODUCTION/TESTER-PROD-V1.1/new - 1.21 bus/INCORRECTLY ADJUSTED/gerbers/tester.cmp	b016b37c32162f7e301dc3cfa58c759b
skip		YACCS-OLD/YACC1A/PCB-PRODUCTION/TESTER-PROD-V1.1/new - 1.21 bus/INCORRECTLY ADJUSTED/gerbers/tester.drd	b33db64cc6f75f0403faf9be64cdc5ef
skip		YACCS-OLD/YACC1A/PCB-PRODUCTION/TESTER-PROD-V1.1/new - 1.21 bus/INCORRECTLY ADJUSTED/gerbers/tester.plc	8f61d2c0db0eb3c04009e771d0278793
skip		YACCS-OLD/YACC1A/PCB-PRODUCTION/TESTER-PROD-V1.1/new - 1.21 bus/INCORRECTLY ADJUSTED/gerbers/tester.sol	fa2bef0ce9154c76dab5beb2aa113c02
skip		YACCS-OLD/YACC1A/PCB-PRODUCTION/TESTER-PROD-V1.1/new - 1.21 bus/INCORRECTLY ADJUSTED/gerbers/tester.stc	fac9958008bd2dd06cecb1619c3f075b
skip		YACCS-OLD/YACC1A/PCB-PRODUCTION/TESTER-PROD-V1.1/new - 1.21 bus/INCORRECTLY ADJUSTED/gerbers/tester.sts	41e9400f1d21f9e1c5ae4dcf3fc0f433
skip		YACCS-OLD/YACC1A/PCB-PRODUCTION/TESTER-PROD-V1.1/new - 1.21 bus/gerbers/tester.cmp	b016b37c32162f7e301dc3cfa58c759b
skip		YACCS-OLD/YACC1A/PCB-PRODUCTION/TESTER-PROD-V1.1/new - 1.21 bus/gerbers/tester.drd	b33db64cc6f75f0403faf9be64cdc5ef
skip		YACCS-OLD/YACC1A/PCB-PRODUCTION/TESTER-PROD-V1.1/new - 1.21 bus/gerbers/tester.plc	8f61d2c0db0eb3c04009e771d0278793
skip		YACCS-OLD/YACC1A/PCB-PRODUCTION/TESTER-PROD-V1.1/new - 1.21 bus/gerbers/tester.sol	fa2bef0ce9154c76dab5beb2aa113c02
skip		YACCS-OLD/YACC1A/PCB-PRODUCTION/TESTER-PROD-V1.1/new - 1.21 bus/gerbers/tester.stc	fac9958008bd2dd06cecb1619c3f075b
skip		YACCS-OLD/YACC1A/PCB-PRODUCTION/TESTER-PROD-V1.1/new - 1.21 bus/gerbers/tester.sts	41e9400f1d21f9e1c5ae4dcf3fc0f433
skip		YACCS-OLD/YACC1A/PCB-PRODUCTION/TESTER-PROD-V1.1/new - 1.21 bus/switchtemplate.skp	7715564bd0cd863ae87a7cfa919dcd3b
skip		YACCS-OLD/YACC1A/PCB-PRODUCTION/TESTER-PROD-V1.1/new - 1.22 bus/INCORRECTLY ADJUSTED/gerbers/tester.cmp	b016b37c32162f7e301dc3cfa58c759b
skip		YACCS-OLD/YACC1A/PCB-PRODUCTION/TESTER-PROD-V1.1/new - 1.22 bus/INCORRECTLY ADJUSTED/gerbers/tester.drd	b33db64cc6f75f0403faf9be64cdc5ef
skip		YACCS-OLD/YACC1A/PCB-PRODUCTION/TESTER-PROD-V1.1/new - 1.22 bus/INCORRECTLY ADJUSTED/gerbers/tester.plc	8f61d2c0db0eb3c04009e771d0278793
skip		YACCS-OLD/YACC1A/PCB-PRODUCTION/TESTER-PROD-V1.1/new - 1.22 bus/INCORRECTLY ADJUSTED/gerbers/tester.sol	fa2bef0ce9154c76dab5beb2aa113c02
skip		YACCS-OLD/YACC1A/PCB-PRODUCTION/TESTER-PROD-V1.1/new - 1.22 bus/INCORRECTLY ADJUSTED/gerbers/tester.stc	fac9958008bd2dd06cecb1619c3f075b
skip		YACCS-OLD/YACC1A/PCB-PRODUCTION/TESTER-PROD-V1.1/new - 1.22 bus/INCORRECTLY ADJUSTED/gerbers/tester.sts	41e9400f1d21f9e1c5ae4dcf3fc0f433
skip		YACCS-OLD/YACC1A/PCB-PRODUCTION/TESTER-PROD-V1.1/new - 1.22 bus/gerbers/tester.cmp	b016b37c32162f7e301dc3cfa58c759b
skip		YACCS-OLD/YACC1A/PCB-PRODUCTION/TESTER-PROD-V1.1/new - 1.22 bus/gerbers/tester.drd	b33db64cc6f75f0403faf9be64cdc5ef
skip		YACCS-OLD/YACC1A/PCB-PRODUCTION/TESTER-PROD-V1.1/new - 1.22 bus/gerbers/tester.plc	8f61d2c0db0eb3c04009e771d0278793
skip		YACCS-OLD/YACC1A/PCB-PRODUCTION/TESTER-PROD-V1.1/new - 1.22 bus/gerbers/tester.sol	fa2bef0ce9154c76dab5beb2aa113c02
skip		YACCS-OLD/YACC1A/PCB-PRODUCTION/TESTER-PROD-V1.1/new - 1.22 bus/gerbers/tester.stc	fac9958008bd2dd06cecb1619c3f075b
skip		YACCS-OLD/YACC1A/PCB-PRODUCTION/TESTER-PROD-V1.1/new - 1.22 bus/gerbers/tester.sts	41e9400f1d21f9e1c5ae4dcf3fc0f433
skip		YACCS-OLD/YACC1A/PCB-PRODUCTION/TESTER-PROD-V1.1/new - 1.22 bus/switchtemplate.skp	7715564bd0cd863ae87a7cfa919dcd3b
skip		YACCS-OLD/YACC1A/PCB-PRODUCTION/TESTER-PROD-V1.1/orig - 1.20 bus/gerbers/tester.cmp	b016b37c32162f7e301dc3cfa58c759b
skip		YACCS-OLD/YACC1A/PCB-PRODUCTION/TESTER-PROD-V1.1/orig - 1.20 bus/gerbers/tester.drd	b33db64cc6f75f0403faf9be64cdc5ef
skip		YACCS-OLD/YACC1A/PCB-PRODUCTION/TESTER-PROD-V1.1/orig - 1.20 bus/gerbers/tester.plc	8f61d2c0db0eb3c04009e771d0278793
skip		YACCS-OLD/YACC1A/PCB-PRODUCTION/TESTER-PROD-V1.1/orig - 1.20 bus/gerbers/tester.sol	fa2bef0ce9154c76dab5beb2aa113c02
skip		YACCS-OLD/YACC1A/PCB-PRODUCTION/TESTER-PROD-V1.1/orig - 1.20 bus/gerbers/tester.stc	fac9958008bd2dd06cecb1619c3f075b
skip		YACCS-OLD/YACC1A/PCB-PRODUCTION/TESTER-PROD-V1.1/orig - 1.20 bus/gerbers/tester.sts	41e9400f1d21f9e1c5ae4dcf3fc0f433
skip		YACCS-OLD/YACC1A/PCB-Working/BUS-V1.2/gerbers/yacc2buss.cmp	59283c90f89f8e680b35149c2bd5256c
skip		YACCS-OLD/YACC1A/PCB-Working/BUS-V1.2/gerbers/yacc2buss.drd	927bafe18b63d022a620e0daa28f1018
skip		YACCS-OLD/YACC1A/PCB-Working/BUS-V1.2/gerbers/yacc2buss.plc	21ae38b96d8c7e45fc470b7d57e62fc4
skip		YACCS-OLD/YACC1A/PCB-Working/BUS-V1.2/gerbers/yacc2buss.sol	f2592e10d8dbb6720a6f91a9de67b114
skip		YACCS-OLD/YACC1A/PCB-Working/BUS-V1.2/gerbers/yacc2buss.stc	7cc99d908507d8c9409e8f189cb05136
skip		YACCS-OLD/YACC1A/PCB-Working/BUS-V1.2/gerbers/yacc2buss.sts	7cc99d908507d8c9409e8f189cb05136
skip		YACCS-OLD/YACC1A/PCB-Working/ProtoCard-V1.1/gerbers/ProtoCard-Prod-V1.0.cmp	1184fe698e32345f080e5c9f9df00a88
skip		YACCS-OLD/YACC1A/PCB-Working/ProtoCard-V1.1/gerbers/ProtoCard-Prod-V1.0.drd	aff2cef3237bb2cfc9db9b201b3f2f95
skip		YACCS-OLD/YACC1A/PCB-Working/ProtoCard-V1.1/gerbers/ProtoCard-Prod-V1.0.plc	bff08aa786aa6e352df5f1467e117515
skip		YACCS-OLD/YACC1A/PCB-Working/ProtoCard-V1.1/gerbers/ProtoCard-Prod-V1.0.sol	35eb43abf460745ce0cabc5410e25a38
skip		YACCS-OLD/YACC1A/PCB-Working/ProtoCard-V1.1/gerbers/ProtoCard-Prod-V1.0.stc	f3951473fd4dfa2c8985b1e86a05cd9d
skip		YACCS-OLD/YACC1A/PCB-Working/ProtoCard-V1.1/gerbers/ProtoCard-Prod-V1.0.sts	f3951473fd4dfa2c8985b1e86a05cd9d
skip		YACCS-OLD/YACC1A/PCB-Working/SP-PC-V1.1/testcircuit.circ	a23026f5020ca9d457affaa5883abcdf
skip		YACCS-OLD/YACC1A/deprecated/Old/gittest	d41d8cd98f00b204e9800998ecf8427e
skip		YACCS-OLD/YACC1A/deprecated/Software/uCode-Generator/Makefile	a9ed26ab7eaad2726af7a610a26eb390
skip		YACCS-OLD/YACC1A1/PRODUCTION/BUS-PROD-V1.1/gerbers/yacc2buss.cmp	59283c90f89f8e680b35149c2bd5256c
skip		YACCS-OLD/YACC1A1/PRODUCTION/BUS-PROD-V1.1/gerbers/yacc2buss.drd	927bafe18b63d022a620e0daa28f1018
skip		YACCS-OLD/YACC1A1/PRODUCTION/BUS-PROD-V1.1/gerbers/yacc2buss.plc	21ae38b96d8c7e45fc470b7d57e62fc4
skip		YACCS-OLD/YACC1A1/PRODUCTION/BUS-PROD-V1.1/gerbers/yacc2buss.sol	f2592e10d8dbb6720a6f91a9de67b114
skip		YACCS-OLD/YACC1A1/PRODUCTION/BUS-PROD-V1.1/gerbers/yacc2buss.stc	7cc99d908507d8c9409e8f189cb05136
skip		YACCS-OLD/YACC1A1/PRODUCTION/BUS-PROD-V1.1/gerbers/yacc2buss.sts	7cc99d908507d8c9409e8f189cb05136
skip		YACCS-OLD/YACC1A1/PRODUCTION/PROTOCARD-PROD-V1.0/gerbers/ProtoCard-Prod-V1.0.cmp	1184fe698e32345f080e5c9f9df00a88
skip		YACCS-OLD/YACC1A1/PRODUCTION/PROTOCARD-PROD-V1.0/gerbers/ProtoCard-Prod-V1.0.drd	aff2cef3237bb2cfc9db9b201b3f2f95
skip		YACCS-OLD/YACC1A1/PRODUCTION/PROTOCARD-PROD-V1.0/gerbers/ProtoCard-Prod-V1.0.plc	bff08aa786aa6e352df5f1467e117515
skip		YACCS-OLD/YACC1A1/PRODUCTION/PROTOCARD-PROD-V1.0/gerbers/ProtoCard-Prod-V1.0.sol	35eb43abf460745ce0cabc5410e25a38
skip		YACCS-OLD/YACC1A1/PRODUCTION/PROTOCARD-PROD-V1.0/gerbers/ProtoCard-Prod-V1.0.stc	f3951473fd4dfa2c8985b1e86a05cd9d
skip		YACCS-OLD/YACC1A1/PRODUCTION/PROTOCARD-PROD-V1.0/gerbers/ProtoCard-Prod-V1.0.sts	f3951473fd4dfa2c8985b1e86a05cd9d
skip		YACCS-OLD/YACC1A1/PRODUCTION/TESTER-PROD-V1.1/new - 1.21 bus/INCORRECTLY ADJUSTED/gerbers/tester.cmp	b016b37c32162f7e301dc3cfa58c759b
skip		YACCS-OLD/YACC1A1/PRODUCTION/TESTER-PROD-V1.1/new - 1.21 bus/INCORRECTLY ADJUSTED/gerbers/tester.drd	b33db64cc6f75f0403faf9be64cdc5ef
skip		YACCS-OLD/YACC1A1/PRODUCTION/TESTER-PROD-V1.1/new - 1.21 bus/INCORRECTLY ADJUSTED/gerbers/tester.plc	8f61d2c0db0eb3c04009e771d0278793
skip		YACCS-OLD/YACC1A1/PRODUCTION/TESTER-PROD-V1.1/new - 1.21 bus/INCORRECTLY ADJUSTED/gerbers/tester.sol	fa2bef0ce9154c76dab5beb2aa113c02
skip		YACCS-OLD/YACC1A1/PRODUCTION/TESTER-PROD-V1.1/new - 1.21 bus/INCORRECTLY ADJUSTED/gerbers/tester.stc	fac9958008bd2dd06cecb1619c3f075b
skip		YACCS-OLD/YACC1A1/PRODUCTION/TESTER-PROD-V1.1/new - 1.21 bus/INCORRECTLY ADJUSTED/gerbers/tester.sts	41e9400f1d21f9e1c5ae4dcf3fc0f433
skip		YACCS-OLD/YACC1A1/PRODUCTION/TESTER-PROD-V1.1/new - 1.21 bus/gerbers/tester.cmp	b016b37c32162f7e301dc3cfa58c759b
skip		YACCS-OLD/YACC1A1/PRODUCTION/TESTER-PROD-V1.1/new - 1.21 bus/gerbers/tester.drd	b33db64cc6f75f0403faf9be64cdc5ef
skip		YACCS-OLD/YACC1A1/PRODUCTION/TESTER-PROD-V1.1/new - 1.21 bus/gerbers/tester.plc	8f61d2c0db0eb3c04009e771d0278793
skip		YACCS-OLD/YACC1A1/PRODUCTION/TESTER-PROD-V1.1/new - 1.21 bus/gerbers/tester.sol	fa2bef0ce9154c76dab5beb2aa113c02
skip		YACCS-OLD/YACC1A1/PRODUCTION/TESTER-PROD-V1.1/new - 1.21 bus/gerbers/tester.stc	fac9958008bd2dd06cecb1619c3f075b
skip		YACCS-OLD/YACC1A1/PRODUCTION/TESTER-PROD-V1.1/new - 1.21 bus/gerbers/tester.sts	41e9400f1d21f9e1c5ae4dcf3fc0f433
skip		YACCS-OLD/YACC1A1/PRODUCTION/TESTER-PROD-V1.1/new - 1.21 bus/switchtemplate.skp	7715564bd0cd863ae87a7cfa919dcd3b
skip		YACCS-OLD/YACC1A1/PRODUCTION/TESTER-PROD-V1.1/new - 1.22 bus/INCORRECTLY ADJUSTED/gerbers/tester.cmp	b016b37c32162f7e301dc3cfa58c759b
skip		YACCS-OLD/YACC1A1/PRODUCTION/TESTER-PROD-V1.1/new - 1.22 bus/INCORRECTLY ADJUSTED/gerbers/tester.drd	b33db64cc6f75f0403faf9be64cdc5ef
skip		YACCS-OLD/YACC1A1/PRODUCTION/TESTER-PROD-V1.1/new - 1.22 bus/INCORRECTLY ADJUSTED/gerbers/tester.plc	8f61d2c0db0eb3c04009e771d0278793
skip		YACCS-OLD/YACC1A1/PRODUCTION/TESTER-PROD-V1.1/new - 1.22 bus/INCORRECTLY ADJUSTED/gerbers/tester.sol	fa2bef0ce9154c76dab5beb2aa113c02
skip		YACCS-OLD/YACC1A1/PRODUCTION/TESTER-PROD-V1.1/new - 1.22 bus/INCORRECTLY ADJUSTED/gerbers/tester.stc	fac9958008bd2dd06cecb1619c3f075b
skip		YACCS-OLD/YACC1A1/PRODUCTION/TESTER-PROD-V1.1/new - 1.22 bus/INCORRECTLY ADJUSTED/gerbers/tester.sts	41e9400f1d21f9e1c5ae4dcf3fc0f433
skip		YACCS-OLD/YACC1A1/PRODUCTION/TESTER-PROD-V1.1/new - 1.22 bus/gerbers/tester.cmp	b016b37c32162f7e301dc3cfa58c759b
skip		YACCS-OLD/YACC1A1/PRODUCTION/TESTER-PROD-V1.1/new - 1.22 bus/gerbers/tester.drd	b33db64cc6f75f0403faf9be64cdc5ef
skip		YACCS-OLD/YACC1A1/PRODUCTION/TESTER-PROD-V1.1/new - 1.22 bus/gerbers/tester.plc	8f61d2c0db0eb3c04009e771d0278793
skip		YACCS-OLD/YACC1A1/PRODUCTION/TESTER-PROD-V1.1/new - 1.22 bus/gerbers/tester.sol	fa2bef0ce9154c76dab5beb2aa113c02
skip		YACCS-OLD/YACC1A1/PRODUCTION/TESTER-PROD-V1.1/new - 1.22 bus/gerbers/tester.stc	fac9958008bd2dd06cecb1619c3f075b
skip		YACCS-OLD/YACC1A1/PRODUCTION/TESTER-PROD-V1.1/new - 1.22 bus/gerbers/tester.sts	41e9400f1d21f9e1c5ae4dcf3fc0f433
skip		YACCS-OLD/YACC1A1/PRODUCTION/TESTER-PROD-V1.1/new - 1.22 bus/switchtemplate.skp	7715564bd0cd863ae87a7cfa919dcd3b
skip		YACCS-OLD/YACC1A1/PRODUCTION/TESTER-PROD-V1.1/orig - 1.20 bus/gerbers/tester.cmp	b016b37c32162f7e301dc3cfa58c759b
skip		YACCS-OLD/YACC1A1/PRODUCTION/TESTER-PROD-V1.1/orig - 1.20 bus/gerbers/tester.drd	b33db64cc6f75f0403faf9be64cdc5ef
skip		YACCS-OLD/YACC1A1/PRODUCTION/TESTER-PROD-V1.1/orig - 1.20 bus/gerbers/tester.plc	8f61d2c0db0eb3c04009e771d0278793
skip		YACCS-OLD/YACC1A1/PRODUCTION/TESTER-PROD-V1.1/orig - 1.20 bus/gerbers/tester.sol	fa2bef0ce9154c76dab5beb2aa113c02
skip		YACCS-OLD/YACC1A1/PRODUCTION/TESTER-PROD-V1.1/orig - 1.20 bus/gerbers/tester.stc	fac9958008bd2dd06cecb1619c3f075b
skip		YACCS-OLD/YACC1A1/PRODUCTION/TESTER-PROD-V1.1/orig - 1.20 bus/gerbers/tester.sts	41e9400f1d21f9e1c5ae4dcf3fc0f433
skip		YACCS-OLD/YACC1A1/Working/BUS-V1.2/gerbers/yacc2buss.cmp	59283c90f89f8e680b35149c2bd5256c
skip		YACCS-OLD/YACC1A1/Working/BUS-V1.2/gerbers/yacc2buss.drd	927bafe18b63d022a620e0daa28f1018
skip		YACCS-OLD/YACC1A1/Working/BUS-V1.2/gerbers/yacc2buss.plc	21ae38b96d8c7e45fc470b7d57e62fc4
skip		YACCS-OLD/YACC1A1/Working/BUS-V1.2/gerbers/yacc2buss.sol	f2592e10d8dbb6720a6f91a9de67b114
skip		YACCS-OLD/YACC1A1/Working/BUS-V1.2/gerbers/yacc2buss.stc	7cc99d908507d8c9409e8f189cb05136
skip		YACCS-OLD/YACC1A1/Working/BUS-V1.2/gerbers/yacc2buss.sts	7cc99d908507d8c9409e8f189cb05136
skip		YACCS-OLD/YACC1A1/Working/ProtoCard-V1.1/gerbers/ProtoCard-Prod-V1.0.cmp	1184fe698e32345f080e5c9f9df00a88
skip		YACCS-OLD/YACC1A1/Working/ProtoCard-V1.1/gerbers/ProtoCard-Prod-V1.0.drd	aff2cef3237bb2cfc9db9b201b3f2f95
skip		YACCS-OLD/YACC1A1/Working/ProtoCard-V1.1/gerbers/ProtoCard-Prod-V1.0.plc	bff08aa786aa6e352df5f1467e117515
skip		YACCS-OLD/YACC1A1/Working/ProtoCard-V1.1/gerbers/ProtoCard-Prod-V1.0.sol	35eb43abf460745ce0cabc5410e25a38
skip		YACCS-OLD/YACC1A1/Working/ProtoCard-V1.1/gerbers/ProtoCard-Prod-V1.0.stc	f3951473fd4dfa2c8985b1e86a05cd9d
skip		YACCS-OLD/YACC1A1/Working/ProtoCard-V1.1/gerbers/ProtoCard-Prod-V1.0.sts	f3951473fd4dfa2c8985b1e86a05cd9d
skip		YACCS-OLD/YACC1B/PCB/Working/Bus Jumper V3.0/CAMOutputs/GerberFiles/silkscreen_bottom.gbr	f332d9ce0820305226cdd55282cdf24b
skip		YACCS-OLD/YACC1B/PCB/Working/Bus Jumper V3.0/CAMOutputs/GerberFiles/solderpaste_bottom.gbr	e7cfbb13c9f0209464e41efff207c85a
skip		YACCS-OLD/YACC1B/PCB/Working/Bus Jumper V3.0/CAMOutputs/GerberFiles/solderpaste_top.gbr	5b8f24b9c0206ea428f50a073b3296ff
skip		YACCS-OLD/YACC1B/PCB/Working/SP-PC-V3.0/testcircuit.circ	a23026f5020ca9d457affaa5883abcdf
drop		newgit/YACC1-2020/Data Sheets/1802 Microprocessor Instructions-1.pdf	fb4bad2a670cae453802591ea33c3a79
drop		newgit/YACC1-2020/Software/Bus Test Card/Command sender/tests/ALU/comands.txt	2ee97b14e30c64b4d9f05c0b2321a731
drop		newgit/YACC1-2020/Software/Bus Test Card/Command sender/tests/ALU/xx	fcfbd2a37cea9c3afad439853e18918e
drop		newgit/YACC1-2020/Software/Bus Test Card/Command sender/tests/IO/and	da7845f9c31dbaacae324066b4418f83
drop		newgit/YACC1-2020/Software/Bus Test Card/Command sender/tests/Test Vectors/Registers/commands.txt	ab111cc4950cca92d2f1f78d024f70d8
drop		newgit/YACC1-2020/Software/Bus Test Card/Command sender/tests/Test Vectors/SP-PC/commands2.txt	ac505cb5eff84ee8c1af072cf3f028a4
skip		newgit/YACC1-2020/Software/Sequencer Card/old & obselete/uCode-Generator copy/Makefile	a9ed26ab7eaad2726af7a610a26eb390
skip	ALU V3.1.pro	YACC gitversion/YACC1-2020/PCB/Working - Under Develolpment/ALU-V3.3/ALU V3.1.pro	358a088bfed868edb6e0a5255830b402
skip	ALU V3.1.pro	YACC1-2020/PCB/Working - Under Develolpment/ALU-V3.3-16 copy/ALU V3.1.pro	358a088bfed868edb6e0a5255830b402
skip	ALU V3.1.pro	YACC1-2020/PCB/Working - Under Develolpment/ALU-V3.3-16 ok/ALU V3.1.pro	358a088bfed868edb6e0a5255830b402
skip	ALU V3.1.pro	YACC1-2020/PCB/Working - Under Develolpment/ALU-V3.3-16/ALU V3.1.pro	358a088bfed868edb6e0a5255830b402
skip	ALU V3.1.pro	YACC1-2024/PCB/Working - Under Develolpment/ALU-V3.3-16 copy/ALU V3.1.pro	358a088bfed868edb6e0a5255830b402
skip	ALU V3.1.pro	YACC1-2024/PCB/Working - Under Develolpment/ALU-V3.3-16 ok/ALU V3.1.pro	358a088bfed868edb6e0a5255830b402
skip	ALU V3.1.pro	YACC1-2024/PCB/Working - Under Develolpment/ALU-V3.3-16/ALU V3.1.pro	358a088bfed868edb6e0a5255830b402
skip	ALU V3.2.pro	YACC gitversion/YACC1-2020/PCB/Working - Under Develolpment/ALU-V3.3/ALU V3.2.pro	a15b0c84f8f6b793d2be4b105a64692a
skip	ALU V3.2.pro	YACC1-2020/PCB/Working - Under Develolpment/ALU-V3.3-16 copy/ALU V3.2.pro	a15b0c84f8f6b793d2be4b105a64692a
skip	ALU V3.2.pro	YACC1-2020/PCB/Working - Under Develolpment/ALU-V3.3-16 ok/ALU V3.2.pro	a15b0c84f8f6b793d2be4b105a64692a
skip	ALU V3.2.pro	YACC1-2020/PCB/Working - Under Develolpment/ALU-V3.3-16/ALU V3.2.pro	a15b0c84f8f6b793d2be4b105a64692a
skip	ALU V3.2.pro	YACC1-2024/PCB/Working - Under Develolpment/ALU-V3.3-16 copy/ALU V3.2.pro	a15b0c84f8f6b793d2be4b105a64692a
skip	ALU V3.2.pro	YACC1-2024/PCB/Working - Under Develolpment/ALU-V3.3-16 ok/ALU V3.2.pro	a15b0c84f8f6b793d2be4b105a64692a
skip	ALU V3.2.pro	YACC1-2024/PCB/Working - Under Develolpment/ALU-V3.3-16/ALU V3.2.pro	a15b0c84f8f6b793d2be4b105a64692a
skip	ALU V3.3.brd	YACC gitversion/YACC1-2020/PCB/Working - Under Develolpment/ALU-V3.3/ALU V3.3.brd	ebb513ce4dba1c303f3bd621b648c29c
skip	ALU V3.3.brd	YACC1-2020/PCB/Working - Under Develolpment/ALU-V3.3-16 copy/ALU V3.3.brd	740e75c2f1ae80b4907a3be96e1d8247
skip	ALU V3.3.brd	YACC1-2020/PCB/Working - Under Develolpment/ALU-V3.3-16 ok/ALU V3.3.brd	e3ecb43e9f031a700fdbd61b1f0d277a
skip	ALU V3.3.brd	YACC1-2020/PCB/Working - Under Develolpment/ALU-V3.3-16/ALU V3.3.brd	1fdd568a9df1b5a1576c917233da42c2
skip	ALU V3.3.brd	YACC1-2024/PCB/Working - Under Develolpment/ALU-V3.3-16 copy/ALU V3.3.brd	740e75c2f1ae80b4907a3be96e1d8247
skip	ALU V3.3.brd	YACC1-2024/PCB/Working - Under Develolpment/ALU-V3.3-16 ok/ALU V3.3.brd	e3ecb43e9f031a700fdbd61b1f0d277a
skip	ALU V3.3.brd	YACC1-2024/PCB/Working - Under Develolpment/ALU-V3.3-16/ALU V3.3.brd	1fdd568a9df1b5a1576c917233da42c2
skip	ALU V3.3.pro	YACC1-2020/PCB/Working - Under Develolpment/ALU-V3.3-16 ok/ALU V3.3.pro	cadb65f6a66e2bf5c13674ab10b40f37
skip	ALU V3.3.pro	YACC1-2020/PCB/Working - Under Develolpment/ALU-V3.3-16/ALU V3.3.pro	034e132f77f4e352793cfc0cc8281f06
skip	ALU V3.3.pro	YACC1-2024/PCB/Working - Under Develolpment/ALU-V3.3-16 ok/ALU V3.3.pro	cadb65f6a66e2bf5c13674ab10b40f37
skip	ALU V3.3.pro	YACC1-2024/PCB/Working - Under Develolpment/ALU-V3.3-16/ALU V3.3.pro	034e132f77f4e352793cfc0cc8281f06
skip	ALU V3.3.sch	YACC gitversion/YACC1-2020/PCB/Working - Under Develolpment/ALU-V3.3/ALU V3.3.sch	9e3e932e606ed88728761eec86f804fd
skip	ALU V3.3.sch	YACC1-2020/PCB/Working - Under Develolpment/ALU-V3.3-16 copy/ALU V3.3.sch	2bff9469b1d6025c3e6fd13db9f6daf9
skip	ALU V3.3.sch	YACC1-2020/PCB/Working - Under Develolpment/ALU-V3.3-16 ok/ALU V3.3.sch	a304d3db4e71caf40dd8e654461f2db0
skip	ALU V3.3.sch	YACC1-2020/PCB/Working - Under Develolpment/ALU-V3.3-16/ALU V3.3.sch	74199fe0d9dc67ff3a76801f3ec5efa1
skip	ALU V3.3.sch	YACC1-2024/PCB/Working - Under Develolpment/ALU-V3.3-16 copy/ALU V3.3.sch	2bff9469b1d6025c3e6fd13db9f6daf9
skip	ALU V3.3.sch	YACC1-2024/PCB/Working - Under Develolpment/ALU-V3.3-16 ok/ALU V3.3.sch	a304d3db4e71caf40dd8e654461f2db0
skip	ALU V3.3.sch	YACC1-2024/PCB/Working - Under Develolpment/ALU-V3.3-16/ALU V3.3.sch	74199fe0d9dc67ff3a76801f3ec5efa1
skip	ALU V3.3_00.job	YACC1-2020/PCB/Working - Under Develolpment/ALU-V3.3-16 copy/ALU V3.3_00.job	73d0c99d71773c2827f46d42859edf84
skip	ALU V3.3_00.job	YACC1-2024/PCB/Working - Under Develolpment/ALU-V3.3-16 copy/ALU V3.3_00.job	73d0c99d71773c2827f46d42859edf84
skip	ALU V3.3_00.pro	YACC1-2020/PCB/Working - Under Develolpment/ALU-V3.3-16 copy/ALU V3.3_00.pro	a3be862e34c12c09b1ec680624949489
skip	ALU V3.3_00.pro	YACC1-2020/PCB/Working - Under Develolpment/ALU-V3.3-16/ALU V3.3_00.pro	a3be862e34c12c09b1ec680624949489
skip	ALU V3.3_00.pro	YACC1-2024/PCB/Working - Under Develolpment/ALU-V3.3-16 copy/ALU V3.3_00.pro	a3be862e34c12c09b1ec680624949489
skip	ALU V3.3_00.pro	YACC1-2024/PCB/Working - Under Develolpment/ALU-V3.3-16/ALU V3.3_00.pro	a3be862e34c12c09b1ec680624949489
skip	ALU V3.3_01.job	YACC1-2020/PCB/Working - Under Develolpment/ALU-V3.3-16 copy/ALU V3.3_01.job	af5b363aea48c31d5b35029afad09e54
skip	ALU V3.3_01.job	YACC1-2024/PCB/Working - Under Develolpment/ALU-V3.3-16 copy/ALU V3.3_01.job	af5b363aea48c31d5b35029afad09e54
skip	ALU V3.3_01.pro	YACC1-2020/PCB/Working - Under Develolpment/ALU-V3.3-16 copy/ALU V3.3_01.pro	55a6bf4b35c3cfbcb85437c28e280af5
skip	ALU V3.3_01.pro	YACC1-2020/PCB/Working - Under Develolpment/ALU-V3.3-16/ALU V3.3_01.pro	55a6bf4b35c3cfbcb85437c28e280af5
skip	ALU V3.3_01.pro	YACC1-2024/PCB/Working - Under Develolpment/ALU-V3.3-16 copy/ALU V3.3_01.pro	55a6bf4b35c3cfbcb85437c28e280af5
skip	ALU V3.3_01.pro	YACC1-2024/PCB/Working - Under Develolpment/ALU-V3.3-16/ALU V3.3_01.pro	55a6bf4b35c3cfbcb85437c28e280af5
skip	ALU V3.3_02.job	YACC1-2020/PCB/Working - Under Develolpment/ALU-V3.3-16 copy/ALU V3.3_02.job	5384778470fd1ec57b5e23296f4ba00f
skip	ALU V3.3_02.job	YACC1-2024/PCB/Working - Under Develolpment/ALU-V3.3-16 copy/ALU V3.3_02.job	5384778470fd1ec57b5e23296f4ba00f
skip	ALU V3.3_02.pro	YACC1-2020/PCB/Working - Under Develolpment/ALU-V3.3-16 copy/ALU V3.3_02.pro	2c86c8b7901adc9adf56aa7365d411b4
skip	ALU V3.3_02.pro	YACC1-2020/PCB/Working - Under Develolpment/ALU-V3.3-16/ALU V3.3_02.pro	2c86c8b7901adc9adf56aa7365d411b4
skip	ALU V3.3_02.pro	YACC1-2024/PCB/Working - Under Develolpment/ALU-V3.3-16 copy/ALU V3.3_02.pro	2c86c8b7901adc9adf56aa7365d411b4
skip	ALU V3.3_02.pro	YACC1-2024/PCB/Working - Under Develolpment/ALU-V3.3-16/ALU V3.3_02.pro	2c86c8b7901adc9adf56aa7365d411b4
skip	ALU V3.3_03.job	YACC1-2020/PCB/Working - Under Develolpment/ALU-V3.3-16 copy/ALU V3.3_03.job	e692f46808b14832e785902c94e735c3
skip	ALU V3.3_03.job	YACC1-2024/PCB/Working - Under Develolpment/ALU-V3.3-16 copy/ALU V3.3_03.job	e692f46808b14832e785902c94e735c3
skip	ALU V3.3_03.pro	YACC1-2020/PCB/Working - Under Develolpment/ALU-V3.3-16 copy/ALU V3.3_03.pro	99a5723c949b37c354c7683c63d42340
skip	ALU V3.3_03.pro	YACC1-2020/PCB/Working - Under Develolpment/ALU-V3.3-16/ALU V3.3_03.pro	99a5723c949b37c354c7683c63d42340
skip	ALU V3.3_03.pro	YACC1-2024/PCB/Working - Under Develolpment/ALU-V3.3-16 copy/ALU V3.3_03.pro	99a5723c949b37c354c7683c63d42340
skip	ALU V3.3_03.pro	YACC1-2024/PCB/Working - Under Develolpment/ALU-V3.3-16/ALU V3.3_03.pro	99a5723c949b37c354c7683c63d42340
drop	Address and TMP V1.0.brd	YACC gitversion/YACC1-2020/PCB/Working - Under Develolpment/Old and obsolete/Address and TMP-V1.0/Address and TMP V1.0.brd	aa8dbb69a529b22605b5b986f10c4a30
drop	Address and TMP V1.0.pro	YACC gitversion/YACC1-2020/PCB/Working - Under Develolpment/Old and obsolete/Address and TMP-V1.0/Address and TMP V1.0.pro	ef804a7b10bcfedd5f7c9048b504d1dc
drop	Address and TMP V1.0.sch	YACC gitversion/YACC1-2020/PCB/Working - Under Develolpment/Old and obsolete/Address and TMP-V1.0/Address and TMP V1.0.sch	1bf75f9e7cc1b8aeab0e9fbd915b03aa
skip	CAMOutputs/Assembly/ALU V3.2.html	YACC gitversion/YACC1-2020/PCB/Working - Under Develolpment/ALU-V3.3/CAMOutputs/Assembly/ALU V3.2.html	95cc7d61c57de87fe484bbe58d82965a
drop	CAMOutputs/Assembly/Address and TMP V1.0.txt	YACC gitversion/YACC1-2020/PCB/Working - Under Develolpment/Old and obsolete/Address and TMP-V1.0/CAMOutputs/Assembly/Address and TMP V1.0.txt	f92fdaa6a852ff7cc4214606d23cc4f8
skip	CAMOutputs/Assembly/IO V1.0.csv	YACC gitversion/YACC1-2020/PCB/Working - Under Develolpment/IO-V-1.1/CAMOutputs/Assembly/IO V1.0.csv	809cec696e5a903c1f41a7f7ee796f3e
skip	CAMOutputs/Assembly/IO V1.0.txt	YACC gitversion/YACC1-2020/PCB/Working - Under Develolpment/IO-V-1.1/CAMOutputs/Assembly/IO V1.0.txt	871fe6a366d77194b8a5e8b314738cb4
skip	CAMOutputs/Assembly/IO V1.1.csv	YACC gitversion/YACC1-2020/PCB/Working - Under Develolpment/IO-V-1.1/CAMOutputs/Assembly/IO V1.1.csv	4cf24ff5b08a964e570eafef7f20855c
skip	CAMOutputs/Assembly/Index Registers - 1.1.csv	YACC gitversion/YACC1-2020/PCB/Working - Under Develolpment/Index Registers 1.2/CAMOutputs/Assembly/Index Registers - 1.1.csv	b34a55c4a90bdac077807f5c6ce1400c
skip	CAMOutputs/Assembly/PnP_ALU V3.2_back.txt	YACC gitversion/YACC1-2020/PCB/Working - Under Develolpment/ALU-V3.3/CAMOutputs/Assembly/PnP_ALU V3.2_back.txt	d41d8cd98f00b204e9800998ecf8427e
skip	CAMOutputs/Assembly/PnP_ALU V3.2_front.txt	YACC gitversion/YACC1-2020/PCB/Working - Under Develolpment/ALU-V3.3/CAMOutputs/Assembly/PnP_ALU V3.2_front.txt	d41d8cd98f00b204e9800998ecf8427e
drop	CAMOutputs/Assembly/PnP_Address and TMP V1.0_back.txt	YACC gitversion/YACC1-2020/PCB/Working - Under Develolpment/Old and obsolete/Address and TMP-V1.0/CAMOutputs/Assembly/PnP_Address and TMP V1.0_back.txt	d41d8cd98f00b204e9800998ecf8427e
drop	CAMOutputs/Assembly/PnP_Address and TMP V1.0_front.txt	YACC gitversion/YACC1-2020/PCB/Working - Under Develolpment/Old and obsolete/Address and TMP-V1.0/CAMOutputs/Assembly/PnP_Address and TMP V1.0_front.txt	d41d8cd98f00b204e9800998ecf8427e
skip	CAMOutputs/Assembly/PnP_IO V1.0_back.txt	YACC gitversion/YACC1-2020/PCB/Working - Under Develolpment/IO-V-1.1/CAMOutputs/Assembly/PnP_IO V1.0_back.txt	d41d8cd98f00b204e9800998ecf8427e
skip	CAMOutputs/Assembly/PnP_IO V1.0_front.txt	YACC gitversion/YACC1-2020/PCB/Working - Under Develolpment/IO-V-1.1/CAMOutputs/Assembly/PnP_IO V1.0_front.txt	d41d8cd98f00b204e9800998ecf8427e
skip	CAMOutputs/Assembly/PnP_IO V1.1_back.txt	YACC gitversion/YACC1-2020/PCB/Working - Under Develolpment/IO-V-1.1/CAMOutputs/Assembly/PnP_IO V1.1_back.txt	d41d8cd98f00b204e9800998ecf8427e
skip	CAMOutputs/Assembly/PnP_IO V1.1_front.txt	YACC gitversion/YACC1-2020/PCB/Working - Under Develolpment/IO-V-1.1/CAMOutputs/Assembly/PnP_IO V1.1_front.txt	d41d8cd98f00b204e9800998ecf8427e
skip	CAMOutputs/Assembly/PnP_Index Registers - 1.1_back.txt	YACC gitversion/YACC1-2020/PCB/Working - Under Develolpment/Index Registers 1.2/CAMOutputs/Assembly/PnP_Index Registers - 1.1_back.txt	d41d8cd98f00b204e9800998ecf8427e
skip	CAMOutputs/Assembly/PnP_Index Registers - 1.1_front.txt	YACC gitversion/YACC1-2020/PCB/Working - Under Develolpment/Index Registers 1.2/CAMOutputs/Assembly/PnP_Index Registers - 1.1_front.txt	d41d8cd98f00b204e9800998ecf8427e
skip	CAMOutputs/Assembly/PnP_tester_back.txt	YACC gitversion/YACC1-2020/PCB/Working - Under Develolpment/Bus Tester V3.1/CAMOutputs/Assembly/PnP_tester_back.txt	d41d8cd98f00b204e9800998ecf8427e
skip	CAMOutputs/Assembly/PnP_tester_back.txt	YACC gitversion/YACC1-2020/PCB/Working - Under Develolpment/Bus Tester V3.11/CAMOutputs/Assembly/PnP_tester_back.txt	d41d8cd98f00b204e9800998ecf8427e
skip	CAMOutputs/Assembly/PnP_tester_front.txt	YACC gitversion/YACC1-2020/PCB/Working - Under Develolpment/Bus Tester V3.1/CAMOutputs/Assembly/PnP_tester_front.txt	d41d8cd98f00b204e9800998ecf8427e
skip	CAMOutputs/Assembly/PnP_tester_front.txt	YACC gitversion/YACC1-2020/PCB/Working - Under Develolpment/Bus Tester V3.11/CAMOutputs/Assembly/PnP_tester_front.txt	d41d8cd98f00b204e9800998ecf8427e
skip	CAMOutputs/Assembly/tester.csv	YACC gitversion/YACC1-2020/PCB/Working - Under Develolpment/Bus Tester V3.1/CAMOutputs/Assembly/tester.csv	9ffaa6dc42a9f23921c6af2b5e140177
skip	CAMOutputs/Assembly/tester.csv	YACC gitversion/YACC1-2020/PCB/Working - Under Develolpment/Bus Tester V3.11/CAMOutputs/Assembly/tester.csv	9ffaa6dc42a9f23921c6af2b5e140177
skip	CAMOutputs/CAMOutputs/Assembly/IO V1.1.csv	YACC gitversion/YACC1-2020/PCB/Working - Under Develolpment/IO-V-1.1/CAMOutputs/CAMOutputs/Assembly/IO V1.1.csv	4cf24ff5b08a964e570eafef7f20855c
skip	CAMOutputs/CAMOutputs/Assembly/PnP_IO V1.1_back.txt	YACC gitversion/YACC1-2020/PCB/Working - Under Develolpment/IO-V-1.1/CAMOutputs/CAMOutputs/Assembly/PnP_IO V1.1_back.txt	d41d8cd98f00b204e9800998ecf8427e
skip	CAMOutputs/CAMOutputs/Assembly/PnP_IO V1.1_front.txt	YACC gitversion/YACC1-2020/PCB/Working - Under Develolpment/IO-V-1.1/CAMOutputs/CAMOutputs/Assembly/PnP_IO V1.1_front.txt	d41d8cd98f00b204e9800998ecf8427e
skip	CAMOutputs/CAMOutputs/DrillFiles/drill_1_16.xln	YACC gitversion/YACC1-2020/PCB/Working - Under Develolpment/IO-V-1.1/CAMOutputs/CAMOutputs/DrillFiles/drill_1_16.xln	f12b987e56c83776b9138c2230721faf
skip	CAMOutputs/CAMOutputs/GerberFiles/copper_bottom.gbr	YACC gitversion/YACC1-2020/PCB/Working - Under Develolpment/IO-V-1.1/CAMOutputs/CAMOutputs/GerberFiles/copper_bottom.gbr	be12340952bfc8b7c68524a0aa16275e
skip	CAMOutputs/CAMOutputs/GerberFiles/copper_top.gbr	YACC gitversion/YACC1-2020/PCB/Working - Under Develolpment/IO-V-1.1/CAMOutputs/CAMOutputs/GerberFiles/copper_top.gbr	c2e28c7c0e179718ea9c866306af4219
skip	CAMOutputs/CAMOutputs/GerberFiles/gerber_job.gbrjob	YACC gitversion/YACC1-2020/PCB/Working - Under Develolpment/IO-V-1.1/CAMOutputs/CAMOutputs/GerberFiles/gerber_job.gbrjob	2aca510e82fbfb806bf9e53b52e7689f
skip	CAMOutputs/CAMOutputs/GerberFiles/profile.gbr	YACC gitversion/YACC1-2020/PCB/Working - Under Develolpment/IO-V-1.1/CAMOutputs/CAMOutputs/GerberFiles/profile.gbr	71c74af1da02537eb0c76fc407c9839b
skip	CAMOutputs/CAMOutputs/GerberFiles/silkscreen_bottom.gbr	YACC gitversion/YACC1-2020/PCB/Working - Under Develolpment/IO-V-1.1/CAMOutputs/CAMOutputs/GerberFiles/silkscreen_bottom.gbr	f332d9ce0820305226cdd55282cdf24b
skip	CAMOutputs/CAMOutputs/GerberFiles/silkscreen_top.gbr	YACC gitversion/YACC1-2020/PCB/Working - Under Develolpment/IO-V-1.1/CAMOutputs/CAMOutputs/GerberFiles/silkscreen_top.gbr	a7933013c791ae8df0f326f4a2ffb40f
skip	CAMOutputs/CAMOutputs/GerberFiles/soldermask_bottom.gbr	YACC gitversion/YACC1-2020/PCB/Working - Under Develolpment/IO-V-1.1/CAMOutputs/CAMOutputs/GerberFiles/soldermask_bottom.gbr	8b4697836cf9c2107fa4c9e33f7ebaac
skip	CAMOutputs/CAMOutputs/GerberFiles/soldermask_top.gbr	YACC gitversion/YACC1-2020/PCB/Working - Under Develolpment/IO-V-1.1/CAMOutputs/CAMOutputs/GerberFiles/soldermask_top.gbr	29052ee02b3dfca0222ecd0bd58dfb2a
skip	CAMOutputs/CAMOutputs/GerberFiles/solderpaste_bottom.gbr	YACC gitversion/YACC1-2020/PCB/Working - Under Develolpment/IO-V-1.1/CAMOutputs/CAMOutputs/GerberFiles/solderpaste_bottom.gbr	e7cfbb13c9f0209464e41efff207c85a
skip	CAMOutputs/CAMOutputs/GerberFiles/solderpaste_top.gbr	YACC gitversion/YACC1-2020/PCB/Working - Under Develolpment/IO-V-1.1/CAMOutputs/CAMOutputs/GerberFiles/solderpaste_top.gbr	5b8f24b9c0206ea428f50a073b3296ff
skip	CAMOutputs/DrillFiles/drill_1_16.xln	YACC gitversion/YACC1-2020/PCB/Working - Under Develolpment/ALU-V3.3/CAMOutputs/DrillFiles/drill_1_16.xln	b280a31f691d5ca9fd3bd5bf71c203ea
skip	CAMOutputs/DrillFiles/drill_1_16.xln	YACC gitversion/YACC1-2020/PCB/Working - Under Develolpment/Bus Tester V3.1/CAMOutputs/DrillFiles/drill_1_16.xln	2466b1b6b3701dd13f47c1a63d1b58f2
skip	CAMOutputs/DrillFiles/drill_1_16.xln	YACC gitversion/YACC1-2020/PCB/Working - Under Develolpment/Bus Tester V3.11/CAMOutputs/DrillFiles/drill_1_16.xln	2466b1b6b3701dd13f47c1a63d1b58f2
skip	CAMOutputs/DrillFiles/drill_1_16.xln	YACC gitversion/YACC1-2020/PCB/Working - Under Develolpment/IO-V-1.1/CAMOutputs/DrillFiles/drill_1_16.xln	744a896a58b4768f429ee44ed7016336
skip	CAMOutputs/DrillFiles/drill_1_16.xln	YACC gitversion/YACC1-2020/PCB/Working - Under Develolpment/Index Registers 1.2/CAMOutputs/DrillFiles/drill_1_16.xln	995b4a280d7d50b900f2713225c3f957
drop	CAMOutputs/DrillFiles/drill_1_16.xln	YACC gitversion/YACC1-2020/PCB/Working - Under Develolpment/Old and obsolete/Address and TMP-V1.0/CAMOutputs/DrillFiles/drill_1_16.xln	20bfe8ca078dbb40ce994f0058009c5a
skip	CAMOutputs/GerberFiles/Archive.zip	YACC gitversion/YACC1-2020/PCB/Working - Under Develolpment/ALU-V3.3/CAMOutputs/GerberFiles/Archive.zip	77259274e0032bfc22d480549bcdb039
skip	CAMOutputs/GerberFiles/Archive.zip	YACC gitversion/YACC1-2020/PCB/Working - Under Develolpment/IO-V-1.1/CAMOutputs/GerberFiles/Archive.zip	ffced23185f0a31b8ff6852d0cf87712
skip	CAMOutputs/GerberFiles/Archive.zip	YACC gitversion/YACC1-2020/PCB/Working - Under Develolpment/Index Registers 1.2/CAMOutputs/GerberFiles/Archive.zip	5bf07e58ca189d526a2083a2ba03fd0f
drop	CAMOutputs/GerberFiles/Archive.zip	YACC gitversion/YACC1-2020/PCB/Working - Under Develolpment/Old and obsolete/Address and TMP-V1.0/CAMOutputs/GerberFiles/Archive.zip	99db0906485a12ceb78d93ce28bdacb9
skip	CAMOutputs/GerberFiles/copper_bottom.gbr	YACC gitversion/YACC1-2020/PCB/Working - Under Develolpment/IO-V-1.1/CAMOutputs/GerberFiles/copper_bottom.gbr	be12340952bfc8b7c68524a0aa16275e
drop	CAMOutputs/GerberFiles/copper_bottom.gbr	YACC gitversion/YACC1-2020/PCB/Working - Under Develolpment/Old and obsolete/Address and TMP-V1.0/CAMOutputs/GerberFiles/copper_bottom.gbr	9c975ce8d0783b56f99d243fd3f77455
skip	CAMOutputs/GerberFiles/copper_bottom_l4.gbr	YACC gitversion/YACC1-2020/PCB/Working - Under Develolpment/ALU-V3.3/CAMOutputs/GerberFiles/copper_bottom_l4.gbr	04711a460d1f430ef9896ae249f30d85
skip	CAMOutputs/GerberFiles/copper_bottom_l4.gbr	YACC gitversion/YACC1-2020/PCB/Working - Under Develolpment/Bus Tester V3.1/CAMOutputs/GerberFiles/copper_bottom_l4.gbr	6a93513806ffcb0410c39386abc7760f
skip	CAMOutputs/GerberFiles/copper_bottom_l4.gbr	YACC gitversion/YACC1-2020/PCB/Working - Under Develolpment/Bus Tester V3.11/CAMOutputs/GerberFiles/copper_bottom_l4.gbr	6a93513806ffcb0410c39386abc7760f
skip	CAMOutputs/GerberFiles/copper_bottom_l4.gbr	YACC gitversion/YACC1-2020/PCB/Working - Under Develolpment/Index Registers 1.2/CAMOutputs/GerberFiles/copper_bottom_l4.gbr	1233cd6b0130288844cead1760819b01
skip	CAMOutputs/GerberFiles/copper_inner_l2.gbr	YACC gitversion/YACC1-2020/PCB/Working - Under Develolpment/ALU-V3.3/CAMOutputs/GerberFiles/copper_inner_l2.gbr	8d7d9884f6aa17ce58451cd8d1215d8f
skip	CAMOutputs/GerberFiles/copper_inner_l2.gbr	YACC gitversion/YACC1-2020/PCB/Working - Under Develolpment/Bus Tester V3.1/CAMOutputs/GerberFiles/copper_inner_l2.gbr	fa8b94496a49f369080d389bb6944228
skip	CAMOutputs/GerberFiles/copper_inner_l2.gbr	YACC gitversion/YACC1-2020/PCB/Working - Under Develolpment/Bus Tester V3.11/CAMOutputs/GerberFiles/copper_inner_l2.gbr	fa8b94496a49f369080d389bb6944228
skip	CAMOutputs/GerberFiles/copper_inner_l2.gbr	YACC gitversion/YACC1-2020/PCB/Working - Under Develolpment/Index Registers 1.2/CAMOutputs/GerberFiles/copper_inner_l2.gbr	c681162ed61955b3ad7693b6a8c237e3
skip	CAMOutputs/GerberFiles/copper_inner_l3.gbr	YACC gitversion/YACC1-2020/PCB/Working - Under Develolpment/ALU-V3.3/CAMOutputs/GerberFiles/copper_inner_l3.gbr	14bce1634c947c311a15e68e5aa98b3f
skip	CAMOutputs/GerberFiles/copper_inner_l3.gbr	YACC gitversion/YACC1-2020/PCB/Working - Under Develolpment/Bus Tester V3.1/CAMOutputs/GerberFiles/copper_inner_l3.gbr	16eb023de4e4b499ab5985a82c77ddd9
skip	CAMOutputs/GerberFiles/copper_inner_l3.gbr	YACC gitversion/YACC1-2020/PCB/Working - Under Develolpment/Bus Tester V3.11/CAMOutputs/GerberFiles/copper_inner_l3.gbr	16eb023de4e4b499ab5985a82c77ddd9
skip	CAMOutputs/GerberFiles/copper_inner_l3.gbr	YACC gitversion/YACC1-2020/PCB/Working - Under Develolpment/Index Registers 1.2/CAMOutputs/GerberFiles/copper_inner_l3.gbr	9d538613f47f1f549e2908f26bc7774c
skip	CAMOutputs/GerberFiles/copper_top.gbr	YACC gitversion/YACC1-2020/PCB/Working - Under Develolpment/IO-V-1.1/CAMOutputs/GerberFiles/copper_top.gbr	c2e28c7c0e179718ea9c866306af4219
drop	CAMOutputs/GerberFiles/copper_top.gbr	YACC gitversion/YACC1-2020/PCB/Working - Under Develolpment/Old and obsolete/Address and TMP-V1.0/CAMOutputs/GerberFiles/copper_top.gbr	1c27219f6f6f832931d0515b76b2ecb9
skip	CAMOutputs/GerberFiles/copper_top_l1.gbr	YACC gitversion/YACC1-2020/PCB/Working - Under Develolpment/ALU-V3.3/CAMOutputs/GerberFiles/copper_top_l1.gbr	ecebc07fccad4b70bf651fcda630db98
skip	CAMOutputs/GerberFiles/copper_top_l1.gbr	YACC gitversion/YACC1-2020/PCB/Working - Under Develolpment/Bus Tester V3.1/CAMOutputs/GerberFiles/copper_top_l1.gbr	a1eb1191fec926cb13717b8898d3f2e9
skip	CAMOutputs/GerberFiles/copper_top_l1.gbr	YACC gitversion/YACC1-2020/PCB/Working - Under Develolpment/Bus Tester V3.11/CAMOutputs/GerberFiles/copper_top_l1.gbr	a1eb1191fec926cb13717b8898d3f2e9
skip	CAMOutputs/GerberFiles/copper_top_l1.gbr	YACC gitversion/YACC1-2020/PCB/Working - Under Develolpment/Index Registers 1.2/CAMOutputs/GerberFiles/copper_top_l1.gbr	682fea9bc3535843e3096c805c6f472d
skip	CAMOutputs/GerberFiles/drill_1_16.xln	YACC gitversion/YACC1-2020/PCB/Working - Under Develolpment/ALU-V3.3/CAMOutputs/GerberFiles/drill_1_16.xln	b280a31f691d5ca9fd3bd5bf71c203ea
skip	CAMOutputs/GerberFiles/drill_1_16.xln	YACC gitversion/YACC1-2020/PCB/Working - Under Develolpment/IO-V-1.1/CAMOutputs/GerberFiles/drill_1_16.xln	744a896a58b4768f429ee44ed7016336
skip	CAMOutputs/GerberFiles/drill_1_16.xln	YACC gitversion/YACC1-2020/PCB/Working - Under Develolpment/Index Registers 1.2/CAMOutputs/GerberFiles/drill_1_16.xln	995b4a280d7d50b900f2713225c3f957
drop	CAMOutputs/GerberFiles/drill_1_16.xln	YACC gitversion/YACC1-2020/PCB/Working - Under Develolpment/Old and obsolete/Address and TMP-V1.0/CAMOutputs/GerberFiles/drill_1_16.xln	20bfe8ca078dbb40ce994f0058009c5a
skip	CAMOutputs/GerberFiles/gerber_job.gbrjob	YACC gitversion/YACC1-2020/PCB/Working - Under Develolpment/ALU-V3.3/CAMOutputs/GerberFiles/gerber_job.gbrjob	5bd1e7531c4ed03fe2001c6d9ce82769
skip	CAMOutputs/GerberFiles/gerber_job.gbrjob	YACC gitversion/YACC1-2020/PCB/Working - Under Develolpment/Bus Tester V3.1/CAMOutputs/GerberFiles/gerber_job.gbrjob	be24668eecff6cc0b385286ad6ce328a
skip	CAMOutputs/GerberFiles/gerber_job.gbrjob	YACC gitversion/YACC1-2020/PCB/Working - Under Develolpment/Bus Tester V3.11/CAMOutputs/GerberFiles/gerber_job.gbrjob	be24668eecff6cc0b385286ad6ce328a
skip	CAMOutputs/GerberFiles/gerber_job.gbrjob	YACC gitversion/YACC1-2020/PCB/Working - Under Develolpment/IO-V-1.1/CAMOutputs/GerberFiles/gerber_job.gbrjob	292323d66605b8c96c225d98372c0d33
skip	CAMOutputs/GerberFiles/gerber_job.gbrjob	YACC gitversion/YACC1-2020/PCB/Working - Under Develolpment/Index Registers 1.2/CAMOutputs/GerberFiles/gerber_job.gbrjob	761d9d1f8bcebaa27fda4701fe745073
drop	CAMOutputs/GerberFiles/gerber_job.gbrjob	YACC gitversion/YACC1-2020/PCB/Working - Under Develolpment/Old and obsolete/Address and TMP-V1.0/CAMOutputs/GerberFiles/gerber_job.gbrjob	a1aa00a0971427efe653c80d7ce0e1a1
skip	CAMOutputs/GerberFiles/profile.gbr	YACC gitversion/YACC1-2020/PCB/Working - Under Develolpment/ALU-V3.3/CAMOutputs/GerberFiles/profile.gbr	5ee37e9e1cbb17fb415808e588fd93d5
skip	CAMOutputs/GerberFiles/profile.gbr	YACC gitversion/YACC1-2020/PCB/Working - Under Develolpment/Bus Tester V3.1/CAMOutputs/GerberFiles/profile.gbr	1587769cdc21e01037f694cb3808ec29
skip	CAMOutputs/GerberFiles/profile.gbr	YACC gitversion/YACC1-2020/PCB/Working - Under Develolpment/Bus Tester V3.11/CAMOutputs/GerberFiles/profile.gbr	1587769cdc21e01037f694cb3808ec29
skip	CAMOutputs/GerberFiles/profile.gbr	YACC gitversion/YACC1-2020/PCB/Working - Under Develolpment/IO-V-1.1/CAMOutputs/GerberFiles/profile.gbr	71c74af1da02537eb0c76fc407c9839b
skip	CAMOutputs/GerberFiles/profile.gbr	YACC gitversion/YACC1-2020/PCB/Working - Under Develolpment/Index Registers 1.2/CAMOutputs/GerberFiles/profile.gbr	c2a4b83dee7f8502239ea2e6608214c7
drop	CAMOutputs/GerberFiles/profile.gbr	YACC gitversion/YACC1-2020/PCB/Working - Under Develolpment/Old and obsolete/Address and TMP-V1.0/CAMOutputs/GerberFiles/profile.gbr	5ee37e9e1cbb17fb415808e588fd93d5
skip	CAMOutputs/GerberFiles/silkscreen_bottom.gbr	YACC gitversion/YACC1-2020/PCB/Working - Under Develolpment/ALU-V3.3/CAMOutputs/GerberFiles/silkscreen_bottom.gbr	f332d9ce0820305226cdd55282cdf24b
skip	CAMOutputs/GerberFiles/silkscreen_bottom.gbr	YACC gitversion/YACC1-2020/PCB/Working - Under Develolpment/Bus Tester V3.1/CAMOutputs/GerberFiles/silkscreen_bottom.gbr	f332d9ce0820305226cdd55282cdf24b
skip	CAMOutputs/GerberFiles/silkscreen_bottom.gbr	YACC gitversion/YACC1-2020/PCB/Working - Under Develolpment/Bus Tester V3.11/CAMOutputs/GerberFiles/silkscreen_bottom.gbr	f332d9ce0820305226cdd55282cdf24b
skip	CAMOutputs/GerberFiles/silkscreen_bottom.gbr	YACC gitversion/YACC1-2020/PCB/Working - Under Develolpment/IO-V-1.1/CAMOutputs/GerberFiles/silkscreen_bottom.gbr	f332d9ce0820305226cdd55282cdf24b
skip	CAMOutputs/GerberFiles/silkscreen_bottom.gbr	YACC gitversion/YACC1-2020/PCB/Working - Under Develolpment/Index Registers 1.2/CAMOutputs/GerberFiles/silkscreen_bottom.gbr	f332d9ce0820305226cdd55282cdf24b
drop	CAMOutputs/GerberFiles/silkscreen_bottom.gbr	YACC gitversion/YACC1-2020/PCB/Working - Under Develolpment/Old and obsolete/Address and TMP-V1.0/CAMOutputs/GerberFiles/silkscreen_bottom.gbr	f332d9ce0820305226cdd55282cdf24b
skip	CAMOutputs/GerberFiles/silkscreen_top.gbr	YACC gitversion/YACC1-2020/PCB/Working - Under Develolpment/ALU-V3.3/CAMOutputs/GerberFiles/silkscreen_top.gbr	d6daa1498d7a8e6d46be12ec4bcdecbd
skip	CAMOutputs/GerberFiles/silkscreen_top.gbr	YACC gitversion/YACC1-2020/PCB/Working - Under Develolpment/Bus Tester V3.1/CAMOutputs/GerberFiles/silkscreen_top.gbr	60f845239f3167d7a9b023d6c6304611
skip	CAMOutputs/GerberFiles/silkscreen_top.gbr	YACC gitversion/YACC1-2020/PCB/Working - Under Develolpment/Bus Tester V3.11/CAMOutputs/GerberFiles/silkscreen_top.gbr	60f845239f3167d7a9b023d6c6304611
skip	CAMOutputs/GerberFiles/silkscreen_top.gbr	YACC gitversion/YACC1-2020/PCB/Working - Under Develolpment/IO-V-1.1/CAMOutputs/GerberFiles/silkscreen_top.gbr	a7933013c791ae8df0f326f4a2ffb40f
skip	CAMOutputs/GerberFiles/silkscreen_top.gbr	YACC gitversion/YACC1-2020/PCB/Working - Under Develolpment/Index Registers 1.2/CAMOutputs/GerberFiles/silkscreen_top.gbr	21d12fdbe450752baaf24ddd016fef04
drop	CAMOutputs/GerberFiles/silkscreen_top.gbr	YACC gitversion/YACC1-2020/PCB/Working - Under Develolpment/Old and obsolete/Address and TMP-V1.0/CAMOutputs/GerberFiles/silkscreen_top.gbr	2de786efcbab076f6b13c02c5fc02477
skip	CAMOutputs/GerberFiles/soldermask_bottom.gbr	YACC gitversion/YACC1-2020/PCB/Working - Under Develolpment/ALU-V3.3/CAMOutputs/GerberFiles/soldermask_bottom.gbr	c9b4ae0a066acde140a6b28b4979c483
skip	CAMOutputs/GerberFiles/soldermask_bottom.gbr	YACC gitversion/YACC1-2020/PCB/Working - Under Develolpment/Bus Tester V3.1/CAMOutputs/GerberFiles/soldermask_bottom.gbr	9e4cf0cd7007f196d4de16f742d1d6b0
skip	CAMOutputs/GerberFiles/soldermask_bottom.gbr	YACC gitversion/YACC1-2020/PCB/Working - Under Develolpment/Bus Tester V3.11/CAMOutputs/GerberFiles/soldermask_bottom.gbr	9e4cf0cd7007f196d4de16f742d1d6b0
skip	CAMOutputs/GerberFiles/soldermask_bottom.gbr	YACC gitversion/YACC1-2020/PCB/Working - Under Develolpment/IO-V-1.1/CAMOutputs/GerberFiles/soldermask_bottom.gbr	8b4697836cf9c2107fa4c9e33f7ebaac
skip	CAMOutputs/GerberFiles/soldermask_bottom.gbr	YACC gitversion/YACC1-2020/PCB/Working - Under Develolpment/Index Registers 1.2/CAMOutputs/GerberFiles/soldermask_bottom.gbr	04307b1190f63c49a8fd264823673f68
drop	CAMOutputs/GerberFiles/soldermask_bottom.gbr	YACC gitversion/YACC1-2020/PCB/Working - Under Develolpment/Old and obsolete/Address and TMP-V1.0/CAMOutputs/GerberFiles/soldermask_bottom.gbr	8ddd6d87bbe8e0900b208f10e1bfba73
skip	CAMOutputs/GerberFiles/soldermask_top.gbr	YACC gitversion/YACC1-2020/PCB/Working - Under Develolpment/ALU-V3.3/CAMOutputs/GerberFiles/soldermask_top.gbr	04275f391c6b11dedb70c0fa58ef945c
skip	CAMOutputs/GerberFiles/soldermask_top.gbr	YACC gitversion/YACC1-2020/PCB/Working - Under Develolpment/Bus Tester V3.1/CAMOutputs/GerberFiles/soldermask_top.gbr	1a7993a0f7ba01bf5c1cca4fa158c45f
skip	CAMOutputs/GerberFiles/soldermask_top.gbr	YACC gitversion/YACC1-2020/PCB/Working - Under Develolpment/Bus Tester V3.11/CAMOutputs/GerberFiles/soldermask_top.gbr	1a7993a0f7ba01bf5c1cca4fa158c45f
skip	CAMOutputs/GerberFiles/soldermask_top.gbr	YACC gitversion/YACC1-2020/PCB/Working - Under Develolpment/IO-V-1.1/CAMOutputs/GerberFiles/soldermask_top.gbr	29052ee02b3dfca0222ecd0bd58dfb2a
skip	CAMOutputs/GerberFiles/soldermask_top.gbr	YACC gitversion/YACC1-2020/PCB/Working - Under Develolpment/Index Registers 1.2/CAMOutputs/GerberFiles/soldermask_top.gbr	8ef022eb0cc12a8f140394d3b16bf921
drop	CAMOutputs/GerberFiles/soldermask_top.gbr	YACC gitversion/YACC1-2020/PCB/Working - Under Develolpment/Old and obsolete/Address and TMP-V1.0/CAMOutputs/GerberFiles/soldermask_top.gbr	9def55b5fbd884ce1415862d58604024
skip	CAMOutputs/GerberFiles/solderpaste_bottom.gbr	YACC gitversion/YACC1-2020/PCB/Working - Under Develolpment/ALU-V3.3/CAMOutputs/GerberFiles/solderpaste_bottom.gbr	e7cfbb13c9f0209464e41efff207c85a
skip	CAMOutputs/GerberFiles/solderpaste_bottom.gbr	YACC gitversion/YACC1-2020/PCB/Working - Under Develolpment/Bus Tester V3.1/CAMOutputs/GerberFiles/solderpaste_bottom.gbr	e7cfbb13c9f0209464e41efff207c85a
skip	CAMOutputs/GerberFiles/solderpaste_bottom.gbr	YACC gitversion/YACC1-2020/PCB/Working - Under Develolpment/Bus Tester V3.11/CAMOutputs/GerberFiles/solderpaste_bottom.gbr	e7cfbb13c9f0209464e41efff207c85a
skip	CAMOutputs/GerberFiles/solderpaste_bottom.gbr	YACC gitversion/YACC1-2020/PCB/Working - Under Develolpment/IO-V-1.1/CAMOutputs/GerberFiles/solderpaste_bottom.gbr	e7cfbb13c9f0209464e41efff207c85a
skip	CAMOutputs/GerberFiles/solderpaste_bottom.gbr	YACC gitversion/YACC1-2020/PCB/Working - Under Develolpment/Index Registers 1.2/CAMOutputs/GerberFiles/solderpaste_bottom.gbr	e7cfbb13c9f0209464e41efff207c85a
drop	CAMOutputs/GerberFiles/solderpaste_bottom.gbr	YACC gitversion/YACC1-2020/PCB/Working - Under Develolpment/Old and obsolete/Address and TMP-V1.0/CAMOutputs/GerberFiles/solderpaste_bottom.gbr	e7cfbb13c9f0209464e41efff207c85a
skip	CAMOutputs/GerberFiles/solderpaste_top.gbr	YACC gitversion/YACC1-2020/PCB/Working - Under Develolpment/ALU-V3.3/CAMOutputs/GerberFiles/solderpaste_top.gbr	5b8f24b9c0206ea428f50a073b3296ff
skip	CAMOutputs/GerberFiles/solderpaste_top.gbr	YACC gitversion/YACC1-2020/PCB/Working - Under Develolpment/Bus Tester V3.1/CAMOutputs/GerberFiles/solderpaste_top.gbr	5b8f24b9c0206ea428f50a073b3296ff
skip	CAMOutputs/GerberFiles/solderpaste_top.gbr	YACC gitversion/YACC1-2020/PCB/Working - Under Develolpment/Bus Tester V3.11/CAMOutputs/GerberFiles/solderpaste_top.gbr	5b8f24b9c0206ea428f50a073b3296ff
skip	CAMOutputs/GerberFiles/solderpaste_top.gbr	YACC gitversion/YACC1-2020/PCB/Working - Under Develolpment/IO-V-1.1/CAMOutputs/GerberFiles/solderpaste_top.gbr	5b8f24b9c0206ea428f50a073b3296ff
skip	CAMOutputs/GerberFiles/solderpaste_top.gbr	YACC gitversion/YACC1-2020/PCB/Working - Under Develolpment/Index Registers 1.2/CAMOutputs/GerberFiles/solderpaste_top.gbr	5b8f24b9c0206ea428f50a073b3296ff
drop	CAMOutputs/GerberFiles/solderpaste_top.gbr	YACC gitversion/YACC1-2020/PCB/Working - Under Develolpment/Old and obsolete/Address and TMP-V1.0/CAMOutputs/GerberFiles/solderpaste_top.gbr	5b8f24b9c0206ea428f50a073b3296ff
skip	IO V1.0.pro	YACC gitversion/YACC1-2020/PCB/Working - Under Develolpment/IO-V-1.1/IO V1.0.pro	8699589ba8e7443ce0c65ad83f334844
skip	IO V1.1.brd	YACC gitversion/YACC1-2020/PCB/Working - Under Develolpment/IO-V-1.1/IO V1.1.brd	8f38b64b19de8687faf500a66068364f
skip	IO V1.1.pro	YACC gitversion/YACC1-2020/PCB/Working - Under Develolpment/IO-V-1.1/IO V1.1.pro	64cfbeb823645087b4f9a89eebfb31ae
skip	IO V1.1.sch	YACC gitversion/YACC1-2020/PCB/Working - Under Develolpment/IO-V-1.1/IO V1.1.sch	47b613e1aad04dfd7d0f3fe3bb54cee2
skip	IO V1.1_00.pro	YACC gitversion/YACC1-2020/PCB/Working - Under Develolpment/IO-V-1.1/IO V1.1_00.pro	7642b8501938a8728896376e87110474
skip	IO V1.1_01.pro	YACC gitversion/YACC1-2020/PCB/Working - Under Develolpment/IO-V-1.1/IO V1.1_01.pro	7ce65d5619b21920db679d50c21203e2
skip	IO V1.1_02.pro	YACC gitversion/YACC1-2020/PCB/Working - Under Develolpment/IO-V-1.1/IO V1.1_02.pro	dfe8171f5b5f21063ff155c90cb22a17
skip	IO V1.1_03.pro	YACC gitversion/YACC1-2020/PCB/Working - Under Develolpment/IO-V-1.1/IO V1.1_03.pro	955f4e7715d7f99a5f6b2ae8c52d2b7c
skip	Index Registers - 1.1.brd	YACC gitversion/YACC1-2020/PCB/Working - Under Develolpment/Index Registers 1.2/Index Registers - 1.1.brd	0d61c7ee915f82584a0f41e236391831
skip	Index Registers - 1.1.pro	YACC gitversion/YACC1-2020/PCB/Working - Under Develolpment/Index Registers 1.2/Index Registers - 1.1.pro	36b3d79d69224c0f524f73dc089d8b35
skip	Index Registers - 1.1.sch	YACC gitversion/YACC1-2020/PCB/Working - Under Develolpment/Index Registers 1.2/Index Registers - 1.1.sch	dc54edcbc7228344e0dca15c4f21ea48
skip	Index Registers - 1.2.brd	YACC gitversion/YACC1-2020/PCB/Working - Under Develolpment/Index Registers 1.2/Index Registers - 1.2.brd	0d61c7ee915f82584a0f41e236391831
skip	Index Registers - 1.2.sch	YACC gitversion/YACC1-2020/PCB/Working - Under Develolpment/Index Registers 1.2/Index Registers - 1.2.sch	dc54edcbc7228344e0dca15c4f21ea48
skip	Jumper Board Vertical V3.1.sch	YACC gitversion/YACC1-2020/PCB/Working - Under Develolpment/Bus Jumper Vertical V3.1/Jumper Board Vertical V3.1.sch	eb125675168e05f528332971fc59b96f
skip	Makefile	YACC1-2020/Software pre vs/Assembler-16/Makefile	d46bcd56eb9b965196a10cb401268406
skip	Makefile	YACC1-2020/Software/Assembler-16/Makefile	d46bcd56eb9b965196a10cb401268406
skip	Makefile	YACC1-2020/Software/emulator-16/Makefile	a9ed26ab7eaad2726af7a610a26eb390
skip	Makefile	YACC1-2024/Software pre vs/Assembler-16/Makefile	d46bcd56eb9b965196a10cb401268406
skip	Makefile	YACC1-2024/Software/Assembler-16/Makefile	d46bcd56eb9b965196a10cb401268406
skip	Makefile	YACC1-2024/Software/emulator-16/Makefile	a9ed26ab7eaad2726af7a610a26eb390
skip	Notes.rtf	YACC gitversion/YACC1-2020/PCB/Working - Under Develolpment/ALU-V3.3/Notes.rtf	0596ab1e59706d6a3848d4751c76f114
skip	Notes.rtf	YACC gitversion/YACC1-2020/PCB/Working - Under Develolpment/Bus Jumper Vertical V3.1/Notes.rtf	d3947f634e0d18a859002efd599d61c7
skip	Notes.rtf	YACC gitversion/YACC1-2020/PCB/Working - Under Develolpment/Bus Tester V3.1/Notes.rtf	47ecff448cb2c3f2b2d12876aeae289d
skip	Notes.rtf	YACC1-2020/PCB/Working - Under Develolpment/ALU-V3.3-16 copy/Notes.rtf	0596ab1e59706d6a3848d4751c76f114
skip	Notes.rtf	YACC1-2020/PCB/Working - Under Develolpment/ALU-V3.3-16 ok/Notes.rtf	0596ab1e59706d6a3848d4751c76f114
skip	Notes.rtf	YACC1-2020/PCB/Working - Under Develolpment/ALU-V3.3-16/Notes.rtf	0596ab1e59706d6a3848d4751c76f114
skip	Notes.rtf	YACC1-2024/PCB/Working - Under Develolpment/ALU-V3.3-16 copy/Notes.rtf	0596ab1e59706d6a3848d4751c76f114
skip	Notes.rtf	YACC1-2024/PCB/Working - Under Develolpment/ALU-V3.3-16 ok/Notes.rtf	0596ab1e59706d6a3848d4751c76f114
skip	Notes.rtf	YACC1-2024/PCB/Working - Under Develolpment/ALU-V3.3-16/Notes.rtf	0596ab1e59706d6a3848d4751c76f114
skip	REG-LD.webarchive	YACC gitversion/YACC1-2020/Utilities/Waveforms/REG-LD.webarchive	e8050e00472a9c8adb043489c597530b
skip	REG-RD.webarchive	YACC gitversion/YACC1-2020/Utilities/Waveforms/REG-RD.webarchive	81aafc98eae7b3308640b4091e54e8bb
drop	Sequencer-Logic-Prod-V1.0-1_03.job	YACC gitversion/YACC1-2020/PCB/Working - Under Develolpment/Sequencer-Logic-v2.1/old-YACC1/Sequencer-Logic-Prod-V1.0-1_03.job	b13899e2fbfc4a19982cdd37bb1a15c3
drop	Sequencer-Logic-Prod-V1.0-1_03.job	YACCS-OLD/YACC1-2020-OLD/PCB/Production/Old & obsolete/Sequencer-Logic-v2.0/old-YACC1/Sequencer-Logic-Prod-V1.0-1_03.job	b13899e2fbfc4a19982cdd37bb1a15c3
drop	Sequencer-Logic-Prod-V1.0-1_03.job	YACCS-OLD/YACC1-2020-ORIG/PCB/Production/Sequencer-Logic-v2.0/old-YACC1/Sequencer-Logic-Prod-V1.0-1_03.job	b13899e2fbfc4a19982cdd37bb1a15c3
drop	Sequencer-Logic-Prod-V1.0-3 2.pdf	YACC gitversion/YACC1-2020/PCB/Working - Under Develolpment/Sequencer-Logic-v2.1/old-YACC1/Sequencer-Logic-Prod-V1.0-3 2.pdf	cff296988ce154145887496cf92ef591
drop	Sequencer-Logic-Prod-V1.0-3 2.pdf	YACCS-OLD/YACC1-2020-OLD/PCB/Production/Old & obsolete/Sequencer-Logic-v2.0/old-YACC1/Sequencer-Logic-Prod-V1.0-3 2.pdf	cff296988ce154145887496cf92ef591
drop	Sequencer-Logic-Prod-V1.0-3 2.pdf	YACCS-OLD/YACC1-2020-ORIG/PCB/Production/Sequencer-Logic-v2.0/old-YACC1/Sequencer-Logic-Prod-V1.0-3 2.pdf	cff296988ce154145887496cf92ef591
drop	Sequencer-Logic-Prod-V1.0-3-BOM.txt	YACC gitversion/YACC1-2020/PCB/Working - Under Develolpment/Sequencer-Logic-v2.1/old-YACC1/Sequencer-Logic-Prod-V1.0-3-BOM.txt	236721aa0c387c4d69baa3f56fcd1809
drop	Sequencer-Logic-Prod-V1.0-3-BOM.txt	YACCS-OLD/YACC1-2020-OLD/PCB/Production/Old & obsolete/Sequencer-Logic-v2.0/old-YACC1/Sequencer-Logic-Prod-V1.0-3-BOM.txt	236721aa0c387c4d69baa3f56fcd1809
drop	Sequencer-Logic-Prod-V1.0-3-BOM.txt	YACCS-OLD/YACC1-2020-ORIG/PCB/Production/Sequencer-Logic-v2.0/old-YACC1/Sequencer-Logic-Prod-V1.0-3-BOM.txt	236721aa0c387c4d69baa3f56fcd1809
drop	Sequencer-Logic-Prod-V1.0-3-bom.csv	YACC gitversion/YACC1-2020/PCB/Working - Under Develolpment/Sequencer-Logic-v2.1/old-YACC1/Sequencer-Logic-Prod-V1.0-3-bom.csv	7bc564de2731a855b88eb86cf2964247
drop	Sequencer-Logic-Prod-V1.0-3-bom.csv	YACCS-OLD/YACC1-2020-OLD/PCB/Production/Old & obsolete/Sequencer-Logic-v2.0/old-YACC1/Sequencer-Logic-Prod-V1.0-3-bom.csv	7bc564de2731a855b88eb86cf2964247
drop	Sequencer-Logic-Prod-V1.0-3-bom.csv	YACCS-OLD/YACC1-2020-ORIG/PCB/Production/Sequencer-Logic-v2.0/old-YACC1/Sequencer-Logic-Prod-V1.0-3-bom.csv	7bc564de2731a855b88eb86cf2964247
drop	Sequencer-Logic-Prod-V1.0-3.pdf	YACC gitversion/YACC1-2020/PCB/Working - Under Develolpment/Sequencer-Logic-v2.1/old-YACC1/Sequencer-Logic-Prod-V1.0-3.pdf	fb908859e5162ff3c5abcc36401dbb75
drop	Sequencer-Logic-Prod-V1.0-3.pdf	YACCS-OLD/YACC1-2020-OLD/PCB/Production/Old & obsolete/Sequencer-Logic-v2.0/old-YACC1/Sequencer-Logic-Prod-V1.0-3.pdf	fb908859e5162ff3c5abcc36401dbb75
drop	Sequencer-Logic-Prod-V1.0-3.pdf	YACCS-OLD/YACC1-2020-ORIG/PCB/Production/Sequencer-Logic-v2.0/old-YACC1/Sequencer-Logic-Prod-V1.0-3.pdf	fb908859e5162ff3c5abcc36401dbb75
drop	Sequencer-Logic-Prod-V1.0-3.pro	YACC gitversion/YACC1-2020/PCB/Working - Under Develolpment/Sequencer-Logic-v2.1/old-YACC1/Sequencer-Logic-Prod-V1.0-3.pro	2caedc76984615828c73e398bc99988a
drop	Sequencer-Logic-Prod-V1.0-3.pro	YACCS-OLD/YACC1-2020-OLD/PCB/Production/Old & obsolete/Sequencer-Logic-v2.0/old-YACC1/Sequencer-Logic-Prod-V1.0-3.pro	2caedc76984615828c73e398bc99988a
drop	Sequencer-Logic-Prod-V1.0-3.pro	YACCS-OLD/YACC1-2020-ORIG/PCB/Production/Sequencer-Logic-v2.0/old-YACC1/Sequencer-Logic-Prod-V1.0-3.pro	2caedc76984615828c73e398bc99988a
drop	Sequencer-Memory-V1.0-1.brd	YACC gitversion/YACC1-2020/PCB/Production/Sequencer-Memory-V2.1/old-YACC1/Sequencer-Memory-V1.0-1.brd	2ff71dd43c2e2cf8b6ac35b44a32b2b2
drop	Sequencer-Memory-V1.0-1.brd	YACC gitversion/YACC1-2020/PCB/Working - Under Develolpment/Sequencer-Memory-V2.1/old-YACC1/Sequencer-Memory-V1.0-1.brd	2ff71dd43c2e2cf8b6ac35b44a32b2b2
drop	Sequencer-Memory-V1.0-1.brd	YACCS-OLD/YACC1-2020-ORIG/PCB/Production/Sequencer-Memory-V2.0/old-YACC1/Sequencer-Memory-V1.0-1.brd	2ff71dd43c2e2cf8b6ac35b44a32b2b2
drop	Sequencer-Memory-V1.0-1.pro	YACC gitversion/YACC1-2020/PCB/Working - Under Develolpment/Sequencer-Memory-V2.1/old-YACC1/Sequencer-Memory-V1.0-1.pro	853fb22a01baa3726b66e8344d66e1a2
drop	Sequencer-Memory-V1.0-1.pro	YACCS-OLD/YACC1-2020-ORIG/PCB/Production/Sequencer-Memory-V2.0/old-YACC1/Sequencer-Memory-V1.0-1.pro	853fb22a01baa3726b66e8344d66e1a2
drop	Sequencer-Memory-V1.0-1.sch	YACC gitversion/YACC1-2020/PCB/Production/Sequencer-Memory-V2.1/old-YACC1/Sequencer-Memory-V1.0-1.sch	a68db3b0191addab8d1cdcbf8bdccb2e
drop	Sequencer-Memory-V1.0-1.sch	YACC gitversion/YACC1-2020/PCB/Working - Under Develolpment/Sequencer-Memory-V2.1/old-YACC1/Sequencer-Memory-V1.0-1.sch	a68db3b0191addab8d1cdcbf8bdccb2e
drop	Sequencer-Memory-V1.0-1.sch	YACCS-OLD/YACC1-2020-ORIG/PCB/Production/Sequencer-Memory-V2.0/old-YACC1/Sequencer-Memory-V1.0-1.sch	a68db3b0191addab8d1cdcbf8bdccb2e
drop	Sequencer-Memory-V1.0-2.brd	YACC gitversion/YACC1-2020/PCB/Production/Sequencer-Memory-V2.1/old-YACC1/Sequencer-Memory-V1.0-2.brd	153ffa2ce116cf3bcfe9e3648bb00116
drop	Sequencer-Memory-V1.0-2.brd	YACC gitversion/YACC1-2020/PCB/Working - Under Develolpment/Sequencer-Memory-V2.1/old-YACC1/Sequencer-Memory-V1.0-2.brd	153ffa2ce116cf3bcfe9e3648bb00116
drop	Sequencer-Memory-V1.0-2.brd	YACCS-OLD/YACC1-2020-ORIG/PCB/Production/Sequencer-Memory-V2.0/old-YACC1/Sequencer-Memory-V1.0-2.brd	153ffa2ce116cf3bcfe9e3648bb00116
drop	Sequencer-Memory-V1.0-2.pro	YACC gitversion/YACC1-2020/PCB/Working - Under Develolpment/Sequencer-Memory-V2.1/old-YACC1/Sequencer-Memory-V1.0-2.pro	1984d1cffef410694c8d47ed70580055
drop	Sequencer-Memory-V1.0-2.pro	YACCS-OLD/YACC1-2020-ORIG/PCB/Production/Sequencer-Memory-V2.0/old-YACC1/Sequencer-Memory-V1.0-2.pro	1984d1cffef410694c8d47ed70580055
drop	Sequencer-Memory-V1.0-2.sch	YACC gitversion/YACC1-2020/PCB/Production/Sequencer-Memory-V2.1/old-YACC1/Sequencer-Memory-V1.0-2.sch	74c2e07aabc72bcf4e215afb674b0aaf
drop	Sequencer-Memory-V1.0-2.sch	YACC gitversion/YACC1-2020/PCB/Working - Under Develolpment/Sequencer-Memory-V2.1/old-YACC1/Sequencer-Memory-V1.0-2.sch	74c2e07aabc72bcf4e215afb674b0aaf
drop	Sequencer-Memory-V1.0-2.sch	YACCS-OLD/YACC1-2020-ORIG/PCB/Production/Sequencer-Memory-V2.0/old-YACC1/Sequencer-Memory-V1.0-2.sch	74c2e07aabc72bcf4e215afb674b0aaf
drop	Sequencer-Memory-V1.0-3 2.brd	YACC gitversion/YACC1-2020/PCB/Production/Sequencer-Memory-V2.1/old-YACC1/Sequencer-Memory-V1.0-3 2.brd	aace8e82fd202b467b67509a665f4990
drop	Sequencer-Memory-V1.0-3 2.brd	YACC gitversion/YACC1-2020/PCB/Working - Under Develolpment/Sequencer-Memory-V2.1/old-YACC1/Sequencer-Memory-V1.0-3 2.brd	aace8e82fd202b467b67509a665f4990
drop	Sequencer-Memory-V1.0-3 2.brd	YACCS-OLD/YACC1-2020-ORIG/PCB/Production/Sequencer-Memory-V2.0/old-YACC1/Sequencer-Memory-V1.0-3 2.brd	aace8e82fd202b467b67509a665f4990
drop	Sequencer-Memory-V1.0-3 3.brd	YACC gitversion/YACC1-2020/PCB/Production/Sequencer-Memory-V2.1/old-YACC1/Sequencer-Memory-V1.0-3 3.brd	7f094bcad28ec1d86dd86323a15f52a4
drop	Sequencer-Memory-V1.0-3 3.brd	YACC gitversion/YACC1-2020/PCB/Working - Under Develolpment/Sequencer-Memory-V2.1/old-YACC1/Sequencer-Memory-V1.0-3 3.brd	7f094bcad28ec1d86dd86323a15f52a4
drop	Sequencer-Memory-V1.0-3 3.brd	YACCS-OLD/YACC1-2020-ORIG/PCB/Production/Sequencer-Memory-V2.0/old-YACC1/Sequencer-Memory-V1.0-3 3.brd	7f094bcad28ec1d86dd86323a15f52a4
drop	Sequencer-Memory-V1.0-3.dri	YACC gitversion/YACC1-2020/PCB/Production/Sequencer-Memory-V2.1/old-YACC1/Sequencer-Memory-V1.0-3.dri	66c43e0da1351215bb2621177dec4ea9
drop	Sequencer-Memory-V1.0-3.dri	YACC gitversion/YACC1-2020/PCB/Working - Under Develolpment/Sequencer-Memory-V2.1/old-YACC1/Sequencer-Memory-V1.0-3.dri	66c43e0da1351215bb2621177dec4ea9
drop	Sequencer-Memory-V1.0-3.dri	YACCS-OLD/YACC1-2020-ORIG/PCB/Production/Sequencer-Memory-V2.0/old-YACC1/Sequencer-Memory-V1.0-3.dri	66c43e0da1351215bb2621177dec4ea9
drop	Sequencer-Memory-V1.0-3.pdf	YACC gitversion/YACC1-2020/PCB/Production/Sequencer-Memory-V2.1/old-YACC1/Sequencer-Memory-V1.0-3.pdf	81378635d1b7f8ff2ff6cab80b7b6d2a
drop	Sequencer-Memory-V1.0-3.pdf	YACC gitversion/YACC1-2020/PCB/Working - Under Develolpment/Sequencer-Memory-V2.1/old-YACC1/Sequencer-Memory-V1.0-3.pdf	81378635d1b7f8ff2ff6cab80b7b6d2a
drop	Sequencer-Memory-V1.0-3.pdf	YACCS-OLD/YACC1-2020-ORIG/PCB/Production/Sequencer-Memory-V2.0/old-YACC1/Sequencer-Memory-V1.0-3.pdf	81378635d1b7f8ff2ff6cab80b7b6d2a
drop	Sequencer-Memory-V1.0.sch	YACC gitversion/YACC1-2020/PCB/Production/Sequencer-Memory-V2.1/old-YACC1/Sequencer-Memory-V1.0.sch	e04a727f86d0373041b4f2f22473b400
drop	Sequencer-Memory-V1.0.sch	YACC gitversion/YACC1-2020/PCB/Working - Under Develolpment/Sequencer-Memory-V2.1/old-YACC1/Sequencer-Memory-V1.0.sch	e04a727f86d0373041b4f2f22473b400
drop	Sequencer-Memory-V1.0.sch	YACCS-OLD/YACC1-2020-ORIG/PCB/Production/Sequencer-Memory-V2.0/old-YACC1/Sequencer-Memory-V1.0.sch	e04a727f86d0373041b4f2f22473b400
skip	abc	YACC1-2020/Software pre vs/Assembler-16/abc	73cb811e5a45f80ad095ac95b5808778
skip	abc	YACC1-2020/Software/Assembler-16/abc	73cb811e5a45f80ad095ac95b5808778
skip	abc	YACC1-2024/Software pre vs/Assembler-16/abc	73cb811e5a45f80ad095ac95b5808778
skip	abc	YACC1-2024/Software/Assembler-16/abc	73cb811e5a45f80ad095ac95b5808778
archive	archive/conflict-losers/YACC1-2020/Software-vs/ubasic-master/tokenizer.c	YACC1-2020/Software-vs/ubasic-master/tokenizer.c	a5412cc979cdbe1a79a2d721fd4a7da6
archive	archive/conflict-losers/YACC1-2020/Software-vs/ubasic-master/ubasic.c	YACC1-2020/Software-vs/ubasic-master/ubasic.c	08e69c737c848935956c838cd34f3beb
archive	archive/conflict-losers/YACC1-2020/Software-vs/ubasic-master/ubasic.h	YACC1-2020/Software-vs/ubasic-master/ubasic.h	09602afc09bb54c740a95bef080fc957
archive	archive/conflict-losers/YACC1-2020/Software-vs/ubasic-master/use-ubasic.c	YACC1-2020/Software-vs/ubasic-master/use-ubasic.c	47b12accf857a008dd4db48c6d72bf03
archive	archive/conflict-losers/YACC1-2020/Software/Assembler/basic.img	YACC1-2020/Software/Assembler/basic.img	f74da668d552c7d75f2c6b9fa67e0199
archive	archive/conflict-losers/YACC1-2020/Software/Assembler/makerom	YACC1-2020/Software/Assembler/makerom	b0db6757c557d81e17ca914c5be93794
archive	archive/conflict-losers/YACC1-2020/Software/Assembler/monitor.img	YACC1-2020/Software/Assembler/monitor.img	8c92ff0a101e63c442e7290ba45abc6f
archive	archive/conflict-losers/YACC1-2020/Software/emulator/main	YACC1-2020/Software/emulator/main	ccb641114ff0cf965fdea575d53647ae
archive	archive/conflict-losers/YACC1-2020/Software/emulator/main.c	YACC1-2020/Software/emulator/main.c	eab132c887951af4d0a4a16112d44500
archive	archive/conflict-losers/YACC1-2020/Software/ubasic-master-orig/Makefile	YACC1-2020/Software/ubasic-master-orig/Makefile	16f493f34d172bc36ad17ac7fc5ecd30
archive	archive/conflict-losers/YACC1-2020/Software/ubasic-master-orig/tests.c	YACC1-2020/Software/ubasic-master-orig/tests.c	0d7369ed99b631b305a435697b18949d
archive	archive/conflict-losers/YACC1-2020/Software/ubasic-master-orig/use-ubasic	YACC1-2020/Software/ubasic-master-orig/use-ubasic	6b249bbc60f6318b0c19179aeea8eff5
archive	archive/conflict-losers/YACC1-2020/Software/ubasic-master/Makefile	YACC1-2020/Software/ubasic-master/Makefile	6e06ae166f42f7958a63652e1ac6183c
archive	archive/conflict-losers/YACC1-2020/Software/ubasic-master/tests.c	YACC1-2020/Software/ubasic-master/tests.c	fd4642ea9435b83928d225219a81abb0
archive	archive/conflict-losers/YACC1-2020/Software/ubasic-master/tokenizer.c	YACC1-2020/Software/ubasic-master/tokenizer.c	7b1b1b5c21a381d97a05c1236b0cd685
archive	archive/conflict-losers/YACC1-2020/Software/ubasic-master/tokenizer.h	YACC1-2020/Software/ubasic-master/tokenizer.h	44f5fea3a1e29f3a489f4bed8919bdeb
archive	archive/conflict-losers/YACC1-2020/Software/ubasic-master/ubasic.c	YACC1-2020/Software/ubasic-master/ubasic.c	e37bb58b08dfa9ee2fe62ea70c39106e
archive	archive/conflict-losers/YACC1-2020/Software/ubasic-master/ubasic.h	YACC1-2020/Software/ubasic-master/ubasic.h	28ddaf5d7524ae812c698af39c7bdf67
archive	archive/conflict-losers/YACC1-2020/Software/ubasic-master/use-ubasic.c	YACC1-2020/Software/ubasic-master/use-ubasic.c	00f0166b9a32d6d37af0aa6f0d3ac8ec
archive	archive/conflict-losers/YACC1-2024/Software/Sequencer Card/disasm/main.c	YACC1-2024/Software/Sequencer Card/disasm/main.c	a32fba8c68ee60449dfcaff2f76de9d7
archive	archive/conflict-losers/YACC1-2024/Software/emulator/main	YACC1-2024/Software/emulator/main	7e6a99a40c09f167ace57024ad3afd4e
archive	archive/conflict-losers/newgit/Software/Assembler/yacc1.def	newgit/YACC1-2020/Software/Assembler/yacc1.def	10677c9d9d5869f73071528b9dd9f518
archive	archive/conflict-losers/newgit/Software/Sequencer Card/disasm/main.c	newgit/YACC1-2020/Software/Sequencer Card/disasm/main.c	208b208f691e0e76d1a46d7715d7a007
archive	archive/conflict-losers/newgit/Software/Sequencer Card/disasm2/main.c	newgit/YACC1-2020/Software/Sequencer Card/disasm2/main.c	c3dc3a3084626d829f857056b2554933
archive	archive/conflict-losers/newgit/Software/Sequencer Card/uCode-Generator2/cache.old	newgit/YACC1-2020/Software/Sequencer Card/uCode-Generator2/cache.old	7511d1104ae96387d33596bddbb44e6b
archive	archive/conflict-losers/newgit/Software/emulator/main	newgit/YACC1-2020/Software/emulator/main	79db388260f03be0f9f3a79ca17740ba
archive	archive/conflict-losers/newgit/Software/emulator/main.c	newgit/YACC1-2020/Software/emulator/main.c	4ee2ff8af9b2612c21348a934f6a031f
archive	archive/conflict-losers/newgit/Software/opcodes.h	newgit/YACC1-2020/Software/opcodes.h	0491c083315aff64cb5304b9348bb8da
archive	archive/conflict-losers/newgit/Software/ubasic-master-orig/use-ubasic	newgit/YACC1-2020/Software/ubasic-master-orig/use-ubasic	90dfbce2a196c826a2aa3b7034b5facc
archive	archive/conflict-losers/newgit/YACC1-2020 Opcodes - Sheet1-3.pdf	newgit/YACC1-2020/YACC1-2020 Opcodes - Sheet1-3.pdf	b417343675e7bc0550d78bd96716c212
archive	archive/gen1-2015-2018/YACC1-BACKUP/74193.logicsettings	YACCS-OLD/YACC1-BACKUP/74193.logicsettings	bdd400ceeda8960e49934a277b236218
archive	archive/gen1-2015-2018/YACC1-BACKUP/Build notes and revisions.rtf	YACCS-OLD/YACC1-BACKUP/Build notes and revisions.rtf	1a2105724a5aa66ba381ec7d517303fd
archive	archive/gen1-2015-2018/YACC1-BACKUP/Old/NewFolder/CppApplication_1/main.c	YACCS-OLD/YACC1-BACKUP/Old/NewFolder/CppApplication_1/main.c	e2ded717ad20a9b48da66af59552fb67
archive	archive/gen1-2015-2018/YACC1-BACKUP/Old/NewFolder/CppApplication_1/nbproject/Makefile-Debug.mk	YACCS-OLD/YACC1-BACKUP/Old/NewFolder/CppApplication_1/nbproject/Makefile-Debug.mk	b883508866290ef710a2ba20396bf690
archive	archive/gen1-2015-2018/YACC1-BACKUP/Old/NewFolder/CppApplication_1/nbproject/Makefile-Release.mk	YACCS-OLD/YACC1-BACKUP/Old/NewFolder/CppApplication_1/nbproject/Makefile-Release.mk	2bb8370843f788a3dcc7c259e0e91836
archive	archive/gen1-2015-2018/YACC1-BACKUP/Old/NewFolder/CppApplication_1/nbproject/Makefile-impl.mk	YACCS-OLD/YACC1-BACKUP/Old/NewFolder/CppApplication_1/nbproject/Makefile-impl.mk	d52c513b7cdf2d0cd1dbb4cba3b36653
archive	archive/gen1-2015-2018/YACC1-BACKUP/Old/NewFolder/CppApplication_1/nbproject/Makefile-variables.mk	YACCS-OLD/YACC1-BACKUP/Old/NewFolder/CppApplication_1/nbproject/Makefile-variables.mk	c4f270769e07a8c39ec126ba2b369e24
archive	archive/gen1-2015-2018/YACC1-BACKUP/Old/NewFolder/CppApplication_1/nbproject/Package-Debug.bash	YACCS-OLD/YACC1-BACKUP/Old/NewFolder/CppApplication_1/nbproject/Package-Debug.bash	c256023a66dbc5eb68b6a070c2fdbed4
archive	archive/gen1-2015-2018/YACC1-BACKUP/Old/NewFolder/CppApplication_1/nbproject/Package-Release.bash	YACCS-OLD/YACC1-BACKUP/Old/NewFolder/CppApplication_1/nbproject/Package-Release.bash	a06ef89843f751455b13d532a1f3fab6
archive	archive/gen1-2015-2018/YACC1-BACKUP/Old/NewFolder/CppApplication_1/test.123	YACCS-OLD/YACC1-BACKUP/Old/NewFolder/CppApplication_1/test.123	831842709c544b0123da6faac2006f07
archive	archive/gen1-2015-2018/YACC1-BACKUP/Old/NewFolder/CppApplication_1/test.hex	YACCS-OLD/YACC1-BACKUP/Old/NewFolder/CppApplication_1/test.hex	f8523f130a0eeb5daaa7c43f28068a7b
archive	archive/gen1-2015-2018/YACC1-BACKUP/Old/NewFolder/opcodes.h	YACCS-OLD/YACC1-BACKUP/Old/NewFolder/opcodes.h	ba472a660fb4608e96aec3d3fe6acd2a
archive	archive/gen1-2015-2018/YACC1-BACKUP/Old/NewFolder/test EPROM/eprom.bin	YACCS-OLD/YACC1-BACKUP/Old/NewFolder/test EPROM/eprom.bin	f7da60ae26c6185cd0ed2f4dd83cdad6
archive	archive/gen1-2015-2018/YACC1-BACKUP/Old/NewFolder/test EPROM/main.c	YACCS-OLD/YACC1-BACKUP/Old/NewFolder/test EPROM/main.c	14877529dced4bd2c1605906cf1361ce
archive	archive/gen1-2015-2018/YACC1-BACKUP/Old/NewFolder/test EPROM/nbproject/configurations.xml	YACCS-OLD/YACC1-BACKUP/Old/NewFolder/test EPROM/nbproject/configurations.xml	d6bce05767356a426ee8623d8d3159b0
archive	archive/gen1-2015-2018/YACC1-BACKUP/Old/NewFolder/test EPROM/nbproject/project.xml	YACCS-OLD/YACC1-BACKUP/Old/NewFolder/test EPROM/nbproject/project.xml	904fec53c4d0b2bd77dc85ef345eb7eb
archive	archive/gen1-2015-2018/YACC1-BACKUP/PCB-PRODUCTION/REGISTER-PROD-V1.2/MODS/reg-board-1.pro	YACCS-OLD/YACC1-BACKUP/PCB-PRODUCTION/REGISTER-PROD-V1.2/MODS/reg-board-1.pro	09b69fa11e4777f506f091b5bc4c4592
archive	archive/gen1-2015-2018/YACC1-BACKUP/PCB-Working/SP-PC-V1.1/SP-PC-1.brd	YACCS-OLD/YACC1-BACKUP/PCB-Working/SP-PC-V1.1/SP:PC-1.brd	4bc9774e6005f6c22d17123174335c32
archive	archive/gen1-2015-2018/YACC1-BACKUP/PCB-Working/SP-PC-V1.1/SP-PC-1.pro	YACCS-OLD/YACC1-BACKUP/PCB-Working/SP-PC-V1.1/SP:PC-1.pro	c1226326ef589424eae503268a3b858d
archive	archive/gen1-2015-2018/YACC1-BACKUP/PCB-Working/SP-PC-V1.1/SP-PC-1.sch	YACCS-OLD/YACC1-BACKUP/PCB-Working/SP-PC-V1.1/SP:PC-1.sch	e3d1d0d1672a8e4f926485ef73b31ac5
archive	archive/gen1-2015-2018/YACC1-BACKUP/PCB-Working/SP-PC-V1.1/SP-PC.brd	YACCS-OLD/YACC1-BACKUP/PCB-Working/SP-PC-V1.1/SP:PC.brd	1d4587c233f70ef720bee7c6c7e0a62b
archive	archive/gen1-2015-2018/YACC1-BACKUP/PCB-Working/SP-PC-V1.1/SP-PC.sch	YACCS-OLD/YACC1-BACKUP/PCB-Working/SP-PC-V1.1/SP:PC.sch	ae3f41cde598e52432789765f2d330f3
archive	archive/gen1-2015-2018/YACC1-BACKUP/Software/BUS V1.21/test_monitor-2-in/test_monitor-2-in.ino	YACCS-OLD/YACC1-BACKUP/Software/BUS V1.21/test_monitor-2-in/test_monitor-2-in.ino	d592699dd5e9f7ce499ee36285897fe1
archive	archive/gen1-2015-2018/YACC1-BACKUP/Software/CommonHeaderFiles/main.c	YACCS-OLD/YACC1-BACKUP/Software/CommonHeaderFiles/main.c	5780056dc90ef5a8dc177f674fd431ab
archive	archive/gen1-2015-2018/YACC1-BACKUP/Software/CommonHeaderFiles/nbproject/Makefile-Debug.mk	YACCS-OLD/YACC1-BACKUP/Software/CommonHeaderFiles/nbproject/Makefile-Debug.mk	f913d7597178bf3c5927385c3d9542a9
archive	archive/gen1-2015-2018/YACC1-BACKUP/Software/CommonHeaderFiles/nbproject/Makefile-Release.mk	YACCS-OLD/YACC1-BACKUP/Software/CommonHeaderFiles/nbproject/Makefile-Release.mk	7ac33f6e9263090bff18d0c687815e8c
archive	archive/gen1-2015-2018/YACC1-BACKUP/Software/CommonHeaderFiles/nbproject/Makefile-impl.mk	YACCS-OLD/YACC1-BACKUP/Software/CommonHeaderFiles/nbproject/Makefile-impl.mk	3b630489454ccf63de626a6214a8586f
archive	archive/gen1-2015-2018/YACC1-BACKUP/Software/CommonHeaderFiles/nbproject/Makefile-variables.mk	YACCS-OLD/YACC1-BACKUP/Software/CommonHeaderFiles/nbproject/Makefile-variables.mk	898dcb340ec46b1c7b113d9513e6bca0
archive	archive/gen1-2015-2018/YACC1-BACKUP/Software/CommonHeaderFiles/nbproject/Package-Debug.bash	YACCS-OLD/YACC1-BACKUP/Software/CommonHeaderFiles/nbproject/Package-Debug.bash	edd64f4cda05c476614308b4d13fd294
archive	archive/gen1-2015-2018/YACC1-BACKUP/Software/CommonHeaderFiles/nbproject/Package-Release.bash	YACCS-OLD/YACC1-BACKUP/Software/CommonHeaderFiles/nbproject/Package-Release.bash	d32fdc74a6006f0d1f500576b848a05a
archive	archive/gen1-2015-2018/YACC1-BACKUP/Software/CommonHeaderFiles/nbproject/project.xml	YACCS-OLD/YACC1-BACKUP/Software/CommonHeaderFiles/nbproject/project.xml	a9fa8ee3cd64eec5c2645eedfdcdfdb4
archive	archive/gen1-2015-2018/YACC1-BACKUP/Software/CommonHeaderFiles/opcodes.h	YACCS-OLD/YACC1-BACKUP/Software/CommonHeaderFiles/opcodes.h	c38a093979c003ab8b463f39340bee24
archive	archive/gen1-2015-2018/YACC1-BACKUP/Software/Sequencer/Sequencer.ino	YACCS-OLD/YACC1-BACKUP/Software/Sequencer/Sequencer.ino	8f1e9e56904b8707051b25da6aa61032
archive	archive/gen1-2015-2018/YACC1-BACKUP/Software/Sequencer/test1.ino	YACCS-OLD/YACC1-BACKUP/Software/Sequencer/test1.ino	b714d6159fe8ef7e93b2a1dfe879e8b4
archive	archive/gen1-2015-2018/YACC1-BACKUP/Software/microcode_sender/microcode_sender.pde	YACCS-OLD/YACC1-BACKUP/Software/microcode_sender/microcode_sender.pde	7cca446790aab09f517a5c48d4fc5085
archive	archive/gen1-2015-2018/YACC1-BACKUP/Software/test EPROM/eprom.bin	YACCS-OLD/YACC1-BACKUP/Software/test EPROM/eprom.bin	c4b1c33e6b802435af33b522f0ef6e7f
archive	archive/gen1-2015-2018/YACC1-BACKUP/Software/test EPROM/main.c	YACCS-OLD/YACC1-BACKUP/Software/test EPROM/main.c	5afb30579a25ef8ba3cce350195361e7
archive	archive/gen1-2015-2018/YACC1-BACKUP/Software/test EPROM/nbproject/project.xml	YACCS-OLD/YACC1-BACKUP/Software/test EPROM/nbproject/project.xml	aeab96178e1b18425ee252185e994c6d
archive	archive/gen1-2015-2018/YACC1-BACKUP/Software/uCode-Generator/main.c	YACCS-OLD/YACC1-BACKUP/Software/uCode-Generator/main.c	05bb812ea4027f04dc21f47ab3b874ec
archive	archive/gen1-2015-2018/YACC1-BACKUP/Software/uCode-Generator/test.123	YACCS-OLD/YACC1-BACKUP/Software/uCode-Generator/test.123	2c8c39e5a376d43dc0fd36129de2789e
archive	archive/gen1-2015-2018/YACC1-BACKUP/Software/uCode-Generator/test.hex	YACCS-OLD/YACC1-BACKUP/Software/uCode-Generator/test.hex	5a48719573d635f06e8715909079fd1d
archive	archive/gen1-2015-2018/YACC1-BACKUP/Software/uCode-Generator/test.hexz	YACCS-OLD/YACC1-BACKUP/Software/uCode-Generator/test.hexz	1647f9ebc6e4a152c2315687145d5800
archive	archive/gen1-2015-2018/YACC1-BACKUP/backup pre git/Software/Sequencer/download.ino	YACCS-OLD/YACC1-BACKUP/backup pre git/Software/Sequencer/download.ino	812ec2c2bb547b3e921a99eb598e865e
archive	archive/gen1-2015-2018/YACC1-BACKUP/backup pre git/Software/test EPROM/main.c	YACCS-OLD/YACC1-BACKUP/backup pre git/Software/test EPROM/main.c	1b45d25b9370b706f75ca554c6cace57
archive	archive/gen1-2015-2018/YACC1-BACKUP/backup pre git/Software/uCode-Generator/main.c	YACCS-OLD/YACC1-BACKUP/backup pre git/Software/uCode-Generator/main.c	b7ac3bfaf42cd7133766038a1d0e79c5
archive	archive/gen1-2015-2018/YACC1-BACKUP/backup pre git/Software/uCode-Generator/test.123	YACCS-OLD/YACC1-BACKUP/backup pre git/Software/uCode-Generator/test.123	763306d8606c7366c3531673812a3291
archive	archive/gen1-2015-2018/YACC1-BACKUP/backup pre git/Software/uCode-Generator/test.hex	YACCS-OLD/YACC1-BACKUP/backup pre git/Software/uCode-Generator/test.hex	a5d2efc77f683bd2787b5a77a5894d0e
archive	archive/gen1-2015-2018/YACC1A/Compilier-magic1/Notes.txt	YACCS-OLD/YACC1A/Compilier-magic1/Notes.txt	a6fd9c76b2e3837fbb237f50d409a0d0
archive	archive/gen1-2015-2018/YACC1A/External Resources/9-12561.pdf	YACCS-OLD/YACC1A/External Resources/9-12561.pdf	c4649880d768f4a107efd015b1bbd46f
archive	archive/gen1-2015-2018/YACC1A/External Resources/Group4Chapt11.pptx	YACCS-OLD/YACC1A/External Resources/Group4Chapt11.pptx	958adc22000895e7b6c4184be7da7f72
archive	archive/gen1-2015-2018/YACC1A/External Resources/addsub-doc.pdf	YACCS-OLD/YACC1A/External Resources/addsub-doc.pdf	fab6107e83f9fbe25ce7352a49392606
archive	archive/gen1-2015-2018/YACC1A/External Resources/addsub-img.jpg	YACCS-OLD/YACC1A/External Resources/addsub-img.jpg	688912a980bd99946fd0693d6aa2279e
archive	archive/gen1-2015-2018/YACC1A/External Resources/addsub-img.pdf	YACCS-OLD/YACC1A/External Resources/addsub-img.pdf	910dede45b4c2042c273958be02cfed2
archive	archive/gen1-2015-2018/YACC1A/External Resources/osc footprint.png	YACCS-OLD/YACC1A/External Resources/osc footprint.png	1142e6c733f3d7aa827c842932026dfa
archive	archive/gen1-2015-2018/YACC1A/External Resources/pulse circuit.png	YACCS-OLD/YACC1A/External Resources/pulse circuit.png	12f4e1ec7c1ad577ce2ac6ee4a69bc87
archive	archive/gen1-2015-2018/YACC1A/External Resources/pulse generator for reset.png	YACCS-OLD/YACC1A/External Resources/pulse generator for reset.png	03ae6eb9a8b30de63a38651150adf10d
archive	archive/gen1-2015-2018/YACC1A/PCB Build notes.rtfd/5F35953D-1C4A-4563-990B-BD1C7E4D56D3.png	YACCS-OLD/YACC1A/PCB Build notes.rtfd/5F35953D-1C4A-4563-990B-BD1C7E4D56D3.png	cb81737e51035f8338072aca771d110d
archive	archive/gen1-2015-2018/YACC1A/PCB Build notes.rtfd/TXT.rtf	YACCS-OLD/YACC1A/PCB Build notes.rtfd/TXT.rtf	fed856e5e27d823bc03352a6177abdbf
archive	archive/gen1-2015-2018/YACC1A/PCB-PRODUCTION/REGISTER-PROD-V1.2/MODS/MODS .rtf	YACCS-OLD/YACC1A/PCB-PRODUCTION/REGISTER-PROD-V1.2/MODS/MODS .rtf	ec3c25c55cd67dfd89d3e7be59e94f0d
archive	archive/gen1-2015-2018/YACC1A/PCB-PRODUCTION/REGISTER-PROD-V1.2/MODS/reg-board-1.brd	YACCS-OLD/YACC1A/PCB-PRODUCTION/REGISTER-PROD-V1.2/MODS/reg-board-1.brd	ea4d174b0b58ea0abb708efde6210a53
archive	archive/gen1-2015-2018/YACC1A/PCB-PRODUCTION/REGISTER-PROD-V1.2/MODS/reg-board-1.pro	YACCS-OLD/YACC1A/PCB-PRODUCTION/REGISTER-PROD-V1.2/MODS/reg-board-1.pro	84157fa3996fd06dccc565042ccafe1c
archive	archive/gen1-2015-2018/YACC1A/PCB-PRODUCTION/REGISTER-PROD-V1.2/MODS/reg-board-1.sch	YACCS-OLD/YACC1A/PCB-PRODUCTION/REGISTER-PROD-V1.2/MODS/reg-board-1.sch	ef5ac84cdb18ebd6c649cfe251eecfd1
archive	archive/gen1-2015-2018/YACC1A/PCB-PRODUCTION/SEQUENCER-PROD-V1.0/LOGIC-V1.0/Sequencer-Logic-Prod-V1.0-3.pdf	YACCS-OLD/YACC1A/PCB-PRODUCTION/SEQUENCER-PROD-V1.0/LOGIC-V1.0/Sequencer-Logic-Prod-V1.0-3.pdf	3583dbc495e2cb686277c44ae83e193e
archive	archive/gen1-2015-2018/YACC1A/PCB-PRODUCTION/SEQUENCER-PROD-V1.0/MEMORY-V1.0/new - bus 1.2?/Sequencer-Memory-V1.0-3.pdf	YACCS-OLD/YACC1A/PCB-PRODUCTION/SEQUENCER-PROD-V1.0/MEMORY-V1.0/new - bus 1.2?/Sequencer-Memory-V1.0-3.pdf	2edfd2fe5b67b20d15aac7ebc322f51e
archive	archive/gen1-2015-2018/YACC1A/PCB-Working/SP-PC-V1.1/SP-PC-1.brd	YACCS-OLD/YACC1A/PCB-Working/SP-PC-V1.1/SP:PC-1.brd	f4842d4a6dc639068ad276ab8ad605a2
archive	archive/gen1-2015-2018/YACC1A/PCB-Working/SP-PC-V1.1/SP-PC-1.pro	YACCS-OLD/YACC1A/PCB-Working/SP-PC-V1.1/SP:PC-1.pro	fd1355e548aea956d0380ca2092d2c03
archive	archive/gen1-2015-2018/YACC1A/PCB-Working/SP-PC-V1.1/SP-PC-1.sch	YACCS-OLD/YACC1A/PCB-Working/SP-PC-V1.1/SP:PC-1.sch	540497ce429fb4091764f8c7ef5ee04b
archive	archive/gen1-2015-2018/YACC1A/PCB-Working/SP-PC-V1.1/SP-PC-2.brd	YACCS-OLD/YACC1A/PCB-Working/SP-PC-V1.1/SP:PC-2.brd	bfd10f7a98f5342e5c10bc6c514b74a1
archive	archive/gen1-2015-2018/YACC1A/PCB-Working/SP-PC-V1.1/SP-PC-2.brd.ok.brd	YACCS-OLD/YACC1A/PCB-Working/SP-PC-V1.1/SP:PC-2.brd.ok.brd	328b74757f570595fb3972db001f4ff3
archive	archive/gen1-2015-2018/YACC1A/PCB-Working/SP-PC-V1.1/SP-PC-2.pro	YACCS-OLD/YACC1A/PCB-Working/SP-PC-V1.1/SP:PC-2.pro	8bac8a71f882060d1fcefdda2388d73d
archive	archive/gen1-2015-2018/YACC1A/PCB-Working/SP-PC-V1.1/SP-PC-2.sch	YACCS-OLD/YACC1A/PCB-Working/SP-PC-V1.1/SP:PC-2.sch	0dfc84fcba118d24d94f89fa4b96e823
archive	archive/gen1-2015-2018/YACC1A/PCB-Working/SP-PC-V1.1/SP-PC-2.sch.ok	YACCS-OLD/YACC1A/PCB-Working/SP-PC-V1.1/SP:PC-2.sch.ok	bf0dd58ce15d321e71befd9d8ca799b1
archive	archive/gen1-2015-2018/YACC1A/PCB-Working/SP-PC-V1.1/fixerbrd.sh	YACCS-OLD/YACC1A/PCB-Working/SP-PC-V1.1/fixerbrd.sh	e4d9aa6b2ddc8aded0d335cbc3e3034a
archive	archive/gen1-2015-2018/YACC1A/PCB-Working/SP-PC-V1.1/fixersch.sh	YACCS-OLD/YACC1A/PCB-Working/SP-PC-V1.1/fixersch.sh	92a529ee62d3c7e6e471020deb328d5d
archive	archive/gen1-2015-2018/YACC1A/PCB-Working/SP-PC-V1.1/tmp0	YACCS-OLD/YACC1A/PCB-Working/SP-PC-V1.1/tmp0	69ef21109705db2fd645232024ab7eb9
archive	archive/gen1-2015-2018/YACC1A/PCB-Working/SP-PC-V1.1/tmp10	YACCS-OLD/YACC1A/PCB-Working/SP-PC-V1.1/tmp10	4e12915ca3e30f2ee538ee538a3b3aec
archive	archive/gen1-2015-2018/YACC1A/PCB-Working/SP-PC-V1.1/tmp11	YACCS-OLD/YACC1A/PCB-Working/SP-PC-V1.1/tmp11	36f1103b03c0fe6dd4f0edc8f3b6a001
archive	archive/gen1-2015-2018/YACC1A/PCB-Working/SP-PC-V1.1/tmp12	YACCS-OLD/YACC1A/PCB-Working/SP-PC-V1.1/tmp12	d8e687c77b2acf1579200d06b58f39e8
archive	archive/gen1-2015-2018/YACC1A/PCB-Working/SP-PC-V1.1/tmp13	YACCS-OLD/YACC1A/PCB-Working/SP-PC-V1.1/tmp13	4ce87e122199927d8485a53fc1c00ab6
archive	archive/gen1-2015-2018/YACC1A/PCB-Working/SP-PC-V1.1/tmp4	YACCS-OLD/YACC1A/PCB-Working/SP-PC-V1.1/tmp4	81ecf98fd87b0ee8978eeed9b38a3fc6
archive	archive/gen1-2015-2018/YACC1A/PCB-Working/SP-PC-V1.1/tmp5	YACCS-OLD/YACC1A/PCB-Working/SP-PC-V1.1/tmp5	ce6009ed18ddaa6cb468f78877cf1577
archive	archive/gen1-2015-2018/YACC1A/PCB-Working/SP-PC-V1.1/tmp8	YACCS-OLD/YACC1A/PCB-Working/SP-PC-V1.1/tmp8	bfbc79e6940e9c1c87c11fe08fcece14
archive	archive/gen1-2015-2018/YACC1A/PCB-Working/SP-PC-V1.1/tmp9	YACCS-OLD/YACC1A/PCB-Working/SP-PC-V1.1/tmp9	058fcbaa3050980e834200cfbdfe8cd7
archive	archive/gen1-2015-2018/YACC1A/PCB-Working/memselect.circ	YACCS-OLD/YACC1A/PCB-Working/memselect.circ	ffb268ca769909b235cb5befa15e8b54
archive	archive/gen1-2015-2018/YACC1A/Simulation/yacc1 micro code rom creator/rom1	YACCS-OLD/YACC1A/Simulation/yacc1 micro code rom creator/rom1	dbfe87cc7f6857b2e124417bc3d78aad
archive	archive/gen1-2015-2018/YACC1A/Simulation/yacc1 micro code rom creator/rom2	YACCS-OLD/YACC1A/Simulation/yacc1 micro code rom creator/rom2	b887f7966d11caad3afaa6821bc320cb
archive	archive/gen1-2015-2018/YACC1A/Tests/Test EEPROM/mem/mem.ino	YACCS-OLD/YACC1A/Tests/Test EEPROM/mem/mem.ino	9da04b764d37fceb23b5ba5aaa8e207d
archive	archive/gen1-2015-2018/YACC1A/Tests/commands.txt	YACCS-OLD/YACC1A/Tests/commands.txt	c3e98bc90d5eabe57273b52f9168ba8b
archive	archive/gen1-2015-2018/YACC1A/Tests/readtest_from_serial/microcode_sender_readtest.pde	YACCS-OLD/YACC1A/Tests/readtest_from_serial/microcode_sender_readtest.pde	861d06a7ef459eaa4e30f6acc470bbe8
archive	archive/gen1-2015-2018/YACC1A/deprecated/CommonHeaderFiles-old/opcodes.h	YACCS-OLD/YACC1A/deprecated/CommonHeaderFiles-old/opcodes.h	c6c2209b872bbd26c7c3c5a31ad7aecc
archive	archive/gen1-2015-2018/YACC1A/deprecated/Old/sketch_oct24a/EEPROM.ino	YACCS-OLD/YACC1A/deprecated/Old/sketch_oct24a/EEPROM.ino	d381737359daf2faa7e4a0951b96b0c3
archive	archive/gen1-2015-2018/YACC1A/deprecated/Old/sketch_oct24a/IO.ino	YACCS-OLD/YACC1A/deprecated/Old/sketch_oct24a/IO.ino	0ef50e0dc928a1ca9be9e6f7dbdd4e82
archive	archive/gen1-2015-2018/YACC1A/deprecated/Old/sketch_oct24a/Loop1.ino	YACCS-OLD/YACC1A/deprecated/Old/sketch_oct24a/Loop1.ino	3fdcd0c388f554b4b49edeff40e60471
archive	archive/gen1-2015-2018/YACC1A/deprecated/Old/sketch_oct24a/download.ino	YACCS-OLD/YACC1A/deprecated/Old/sketch_oct24a/download.ino	04456e53594228bef5fd54c8592a34a1
archive	archive/gen1-2015-2018/YACC1A/deprecated/Old/sketch_oct24a/sketch_oct24a.ino	YACCS-OLD/YACC1A/deprecated/Old/sketch_oct24a/sketch_oct24a.ino	2079f9ed36f6d5627587634c7f8a4532
manifest	archive/gen1-2015-2018/YACC1A/deprecated/Presetations/yacc1.pdf	YACCS-OLD/YACC1A/deprecated/Presetations/yacc1.pdf	cec4e9439f992fe45d0e02e1ba5a4e3e
manifest	archive/gen1-2015-2018/YACC1A/deprecated/Presetations/yacc1.pptx	YACCS-OLD/YACC1A/deprecated/Presetations/yacc1.pptx	2267844cc39379af487779ee878b2421
archive	archive/gen1-2015-2018/YACC1A/deprecated/Software/BUS V1.21/bus-monitor/YACC_Common_header.h	YACCS-OLD/YACC1A/deprecated/Software/BUS V1.21/bus-monitor/YACC_Common_header.h	6d903a3fa131c5b51dbb8f3cddc3b161
archive	archive/gen1-2015-2018/YACC1A/deprecated/Software/BUS V1.21/bus-monitor/bus-monitor.ino	YACCS-OLD/YACC1A/deprecated/Software/BUS V1.21/bus-monitor/bus-monitor.ino	6449a40fa84c3bb9d7d1704785a01ca5
archive	archive/gen1-2015-2018/YACC1A/deprecated/Software/BUS V1.21/bus-test/bus-test.ino	YACCS-OLD/YACC1A/deprecated/Software/BUS V1.21/bus-test/bus-test.ino	7d3558cd7da9f1ea0533b451579cca39
archive	archive/gen1-2015-2018/YACC1A/deprecated/Software/BUS V1.21/test_monitor-2/test_monitor-2.ino	YACCS-OLD/YACC1A/deprecated/Software/BUS V1.21/test_monitor-2/test_monitor-2.ino	6fb9b13c75423ea26045382560a34687
archive	archive/gen1-2015-2018/YACC1A/deprecated/Software/simple-microcode_sender/simple_microcode_sender.pde	YACCS-OLD/YACC1A/deprecated/Software/simple-microcode_sender/simple_microcode_sender.pde	dac1bcb5c03acce9a10805124649e8a2
archive	archive/gen1-2015-2018/YACC1A/deprecated/Software/uCode-Generator/main.c	YACCS-OLD/YACC1A/deprecated/Software/uCode-Generator/main.c	ceb010e07c6efc7d978f32d18b358fdb
archive	archive/gen1-2015-2018/YACC1A/deprecated/Software/uCode-Generator/nbproject/Makefile-Debug.mk	YACCS-OLD/YACC1A/deprecated/Software/uCode-Generator/nbproject/Makefile-Debug.mk	7f1e4459f9c025cc1525b2c9804d36b3
archive	archive/gen1-2015-2018/YACC1A/deprecated/Software/uCode-Generator/nbproject/Makefile-Release.mk	YACCS-OLD/YACC1A/deprecated/Software/uCode-Generator/nbproject/Makefile-Release.mk	464b9250a426a7fe165810f29a81b136
archive	archive/gen1-2015-2018/YACC1A/deprecated/Software/uCode-Generator/nbproject/project.xml	YACCS-OLD/YACC1A/deprecated/Software/uCode-Generator/nbproject/project.xml	ff4e50aed8087761bfa807f87c38b4ae
archive	archive/gen1-2015-2018/YACC1A/deprecated/Software/uCode-Generator/test.123	YACCS-OLD/YACC1A/deprecated/Software/uCode-Generator/test.123	df5f25cd9b8be3131bc55aabbcf6631c
archive	archive/gen1-2015-2018/YACC1A/deprecated/Software/uCode-Generator/test.hex	YACCS-OLD/YACC1A/deprecated/Software/uCode-Generator/test.hex	3760138dcde993c241d54818ad4deef5
archive	archive/gen1-2015-2018/YACC1A/deprecated/Software/uCode-Generator/test.hexz	YACCS-OLD/YACC1A/deprecated/Software/uCode-Generator/test.hexz	366ac453478f7bcd3ef8d4d942339466
archive	archive/gen1-2015-2018/YACC1A/eagle-old/YACC1-OSHPark-4layer.dru	YACCS-OLD/YACC1A/eagle-old/YACC1-OSHPark-4layer.dru	8b28defccf6e7eacc3a1cd9d0783b342
archive	archive/gen1-2015-2018/YACC1A/tinyBasic/1802tbasic/1802reg.asm	YACCS-OLD/YACC1A/tinyBasic/1802tbasic/1802reg.asm	317fff3aba5eb9aa729d755e23ffc811
archive	archive/gen1-2015-2018/YACC1A/tinyBasic/1802tbasic/readme.txt	YACCS-OLD/YACC1A/tinyBasic/1802tbasic/readme.txt	79143429d629987c5e94b5ae5055066b
archive	archive/gen1-2015-2018/YACC1A/tinyBasic/1802tbasic/tb0.asm	YACCS-OLD/YACC1A/tinyBasic/1802tbasic/tb0.asm	1db4190dc654a8a03b0ee9fc022eea02
archive	archive/gen1-2015-2018/YACC1A/tinyBasic/1802tbasic/tb0.hex	YACCS-OLD/YACC1A/tinyBasic/1802tbasic/tb0.hex	5f5154db6eec1477bbd7d8765a3e4517
archive	archive/gen1-2015-2018/YACC1A/tinyBasic/1802tbasic/tb0.prn	YACCS-OLD/YACC1A/tinyBasic/1802tbasic/tb0.prn	cfe836685d4ba4d2939fdcf5e7c8d2b1
archive	archive/gen1-2015-2018/YACC1A/tinyBasic/1802tbasic/tbsourcep.txt	YACCS-OLD/YACC1A/tinyBasic/1802tbasic/tbsourcep.txt	43e434037def09ad3c7cbdcc5c2670bc
archive	archive/gen1-2015-2018/YACC1A/tinyBasic/1802tbasic/tbsummaryp.txt	YACCS-OLD/YACC1A/tinyBasic/1802tbasic/tbsummaryp.txt	2389752a4d4cb8e54351477472f713af
archive	archive/gen1-2015-2018/YACC1A/tinyBasic/rca_tiny_basic/1802reg.asm	YACCS-OLD/YACC1A/tinyBasic/rca_tiny_basic/1802reg.asm	7d245f171d9f52da3c9d5090f0a80f98
archive	archive/gen1-2015-2018/YACC1A/tinyBasic/rca_tiny_basic/18S020_TinyBASIC_edit.rtf	YACCS-OLD/YACC1A/tinyBasic/rca_tiny_basic/18S020_TinyBASIC_edit.rtf	f2e1e1a8ab0b6fdcd070ba61e983ec55
archive	archive/gen1-2015-2018/YACC1A/tinyBasic/rca_tiny_basic/18S020_TinyBASIC_edit.txt	YACCS-OLD/YACC1A/tinyBasic/rca_tiny_basic/18S020_TinyBASIC_edit.txt	b70366620dc815e65ffb4b4be0c7b0ca
archive	archive/gen1-2015-2018/YACC1A/tinyBasic/rca_tiny_basic/chuck_TB_relocate.html	YACCS-OLD/YACC1A/tinyBasic/rca_tiny_basic/chuck_TB_relocate.html	44626eb1488136e3fe381fdbe6a4c45f
archive	archive/gen1-2015-2018/YACC1A/tinyBasic/rca_tiny_basic/hart_TB_IL.txt	YACCS-OLD/YACC1A/tinyBasic/rca_tiny_basic/hart_TB_IL.txt	f2a1f02e18eeeda980e03484daa99475
archive	archive/gen1-2015-2018/YACC1A/tinyBasic/rca_tiny_basic/lee_vs_rca.txt	YACCS-OLD/YACC1A/tinyBasic/rca_tiny_basic/lee_vs_rca.txt	b55a0d5e9d0a63482ba9ef938f4a0817
archive	archive/gen1-2015-2018/YACC1A/tinyBasic/rca_tiny_basic/rca.asm	YACCS-OLD/YACC1A/tinyBasic/rca_tiny_basic/rca.asm	214829fc943f2eba1781b94c7e38a149
archive	archive/gen1-2015-2018/YACC1A/tinyBasic/rca_tiny_basic/rca.hex	YACCS-OLD/YACC1A/tinyBasic/rca_tiny_basic/rca.hex	1c71d5e488eaacc12f7f62b78c197e95
archive	archive/gen1-2015-2018/YACC1A/tinyBasic/rca_tiny_basic/rca.lst	YACCS-OLD/YACC1A/tinyBasic/rca_tiny_basic/rca.lst	3f03b133d0a2a41d7d64f6d7755af70a
archive	archive/gen1-2015-2018/YACC1A/tinyBasic/rca_tiny_basic/readme.txt	YACCS-OLD/YACC1A/tinyBasic/rca_tiny_basic/readme.txt	a9bb317902861a032a4d9fdc093989c9
archive	archive/gen1-2015-2018/YACC1A/tinyBasic/rca_tiny_basic/tb_pittman.txt	YACCS-OLD/YACC1A/tinyBasic/rca_tiny_basic/tb_pittman.txt	b3995418eb670ca6e5d84a0635788de9
archive	archive/gen1-2015-2018/YACC1A/tinyBasic/rca_tiny_basic/tb_speedup_1802.asm	YACCS-OLD/YACC1A/tinyBasic/rca_tiny_basic/tb_speedup_1802.asm	93d83adf9d7f94917a7524baf4276074
archive	archive/gen1-2015-2018/YACC1A/tinyBasic/rca_tiny_basic/tb_speedup_1802.hex	YACCS-OLD/YACC1A/tinyBasic/rca_tiny_basic/tb_speedup_1802.hex	0f6c8ccce1d4b70a4e890bf35dbf761d
archive	archive/gen1-2015-2018/YACC1A/tinyBasic/rca_tiny_basic/tb_speedup_1802.lst	YACCS-OLD/YACC1A/tinyBasic/rca_tiny_basic/tb_speedup_1802.lst	f3e1d4d7b58788a244f35341e0c5bb53
archive	archive/gen1-2015-2018/YACC1A/tinyBasic/rca_tiny_basic/tb_speedup_1802.txt	YACCS-OLD/YACC1A/tinyBasic/rca_tiny_basic/tb_speedup_1802.txt	0d0868c3ad7a371f1ac9c63896ae73e0
archive	archive/gen1-2015-2018/YACC1A/tinyBasic/rca_tiny_basic/tb_yakym_cold.asm	YACCS-OLD/YACC1A/tinyBasic/rca_tiny_basic/tb_yakym_cold.asm	b0e06bdf4d8d95a483e3c558e105cc8a
archive	archive/gen1-2015-2018/YACC1A/tinyBasic/rca_tiny_basic/tb_yakym_cold.hex	YACCS-OLD/YACC1A/tinyBasic/rca_tiny_basic/tb_yakym_cold.hex	23fe45e950778ec024ca819278c443cc
archive	archive/gen1-2015-2018/YACC1A/tinyBasic/rca_tiny_basic/tb_yakym_cold.lst	YACCS-OLD/YACC1A/tinyBasic/rca_tiny_basic/tb_yakym_cold.lst	d9182973c72787a5a2a8419d8600c01c
archive	archive/gen1-2015-2018/YACC1A/tinyBasic/rca_tiny_basic/tinybasic_1.jpg	YACCS-OLD/YACC1A/tinyBasic/rca_tiny_basic/tinybasic_1.jpg	5ed45d69230c47250f9906b81faae408
archive	archive/gen1-2015-2018/YACC1A/tinyBasic/rca_tiny_basic/tinybasic_2.jpg	YACCS-OLD/YACC1A/tinyBasic/rca_tiny_basic/tinybasic_2.jpg	c7241bfcd779349c09e90a0b979f9afa
archive	archive/gen1-2015-2018/YACC1A/tinyBasic/rca_tiny_basic/tmsi_vs_tb.txt	YACCS-OLD/YACC1A/tinyBasic/rca_tiny_basic/tmsi_vs_tb.txt	572a28a59f135adec28ca3d62f959b40
archive	archive/gen1-2015-2018/YACC1A/tinyBasic/tcbasic-master/AUTHORS	YACCS-OLD/YACC1A/tinyBasic/tcbasic-master/AUTHORS	8eaf310d6e9f3cc19da92f73a7b0a5fb
archive	archive/gen1-2015-2018/YACC1A/tinyBasic/tcbasic-master/CONTRIBUTING.md	YACCS-OLD/YACC1A/tinyBasic/tcbasic-master/CONTRIBUTING.md	ed6d1464f465cb003b94a402588e1611
archive	archive/gen1-2015-2018/YACC1A/tinyBasic/tcbasic-master/ChangeLog	YACCS-OLD/YACC1A/tinyBasic/tcbasic-master/ChangeLog	c84c780daaf9b466b908a54e926d9b04
archive	archive/gen1-2015-2018/YACC1A/tinyBasic/tcbasic-master/HACKING.md	YACCS-OLD/YACC1A/tinyBasic/tcbasic-master/HACKING.md	67068d3792bc11148586b4793dd9decd
archive	archive/gen1-2015-2018/YACC1A/tinyBasic/tcbasic-master/Makefile.am	YACCS-OLD/YACC1A/tinyBasic/tcbasic-master/Makefile.am	bfa3e023350d52f871b2754f1c4aaea0
archive	archive/gen1-2015-2018/YACC1A/tinyBasic/tcbasic-master/README.md	YACCS-OLD/YACC1A/tinyBasic/tcbasic-master/README.md	a44b3bcb45b7583da017145f968da718
archive	archive/gen1-2015-2018/YACC1A/tinyBasic/tcbasic-master/TODO	YACCS-OLD/YACC1A/tinyBasic/tcbasic-master/TODO	c1f7452094698ce6e2e80a219d4f1422
archive	archive/gen1-2015-2018/YACC1A/tinyBasic/tcbasic-master/abs.bas	YACCS-OLD/YACC1A/tinyBasic/tcbasic-master/abs.bas	7b4dce7b6c850d5094840607e11917b9
archive	archive/gen1-2015-2018/YACC1A/tinyBasic/tcbasic-master/abs.c	YACCS-OLD/YACC1A/tinyBasic/tcbasic-master/abs.c	56287b44ac32785d3b8b26560fd30e47
archive	archive/gen1-2015-2018/YACC1A/tinyBasic/tcbasic-master/abs.ex	YACCS-OLD/YACC1A/tinyBasic/tcbasic-master/abs.ex	6a9d32d6715a4f92eb145d4550f6bdaa
archive	archive/gen1-2015-2018/YACC1A/tinyBasic/tcbasic-master/abs.h	YACCS-OLD/YACC1A/tinyBasic/tcbasic-master/abs.h	fb85a02d51962c2496a2618b3e14ef14
archive	archive/gen1-2015-2018/YACC1A/tinyBasic/tcbasic-master/abs.sh	YACCS-OLD/YACC1A/tinyBasic/tcbasic-master/abs.sh	c5e7db91843e07e9e621a5834f5ae85f
archive	archive/gen1-2015-2018/YACC1A/tinyBasic/tcbasic-master/addop.c	YACCS-OLD/YACC1A/tinyBasic/tcbasic-master/addop.c	08e3b325c9c6b5df3bf56a6f6c5ba360
archive	archive/gen1-2015-2018/YACC1A/tinyBasic/tcbasic-master/addop.h	YACCS-OLD/YACC1A/tinyBasic/tcbasic-master/addop.h	4e95515cf7a5714f6a578b97fcb53f37
archive	archive/gen1-2015-2018/YACC1A/tinyBasic/tcbasic-master/atn.c	YACCS-OLD/YACC1A/tinyBasic/tcbasic-master/atn.c	aaf3dd7810ecb148ecd6a4ea493d2442
archive	archive/gen1-2015-2018/YACC1A/tinyBasic/tcbasic-master/atn.h	YACCS-OLD/YACC1A/tinyBasic/tcbasic-master/atn.h	4de80689b2a91e15d2dd4a145159e335
archive	archive/gen1-2015-2018/YACC1A/tinyBasic/tcbasic-master/autogen	YACCS-OLD/YACC1A/tinyBasic/tcbasic-master/autogen	20b0fe75a1642d3cf495758f755fd4c1
archive	archive/gen1-2015-2018/YACC1A/tinyBasic/tcbasic-master/buffer.c	YACCS-OLD/YACC1A/tinyBasic/tcbasic-master/buffer.c	72edcd04bd172846fed7cb62a294e427
archive	archive/gen1-2015-2018/YACC1A/tinyBasic/tcbasic-master/buffer.h	YACCS-OLD/YACC1A/tinyBasic/tcbasic-master/buffer.h	9196558fa2a28783cd0ac77f392550da
archive	archive/gen1-2015-2018/YACC1A/tinyBasic/tcbasic-master/coinflip.bas	YACCS-OLD/YACC1A/tinyBasic/tcbasic-master/coinflip.bas	f104a2b3e21402b550f5e7ad3666065e
archive	archive/gen1-2015-2018/YACC1A/tinyBasic/tcbasic-master/coinflip.ex	YACCS-OLD/YACC1A/tinyBasic/tcbasic-master/coinflip.ex	84827edf0bb1c4df8488f251d9a29f0f
archive	archive/gen1-2015-2018/YACC1A/tinyBasic/tcbasic-master/coinflip.sh	YACCS-OLD/YACC1A/tinyBasic/tcbasic-master/coinflip.sh	cbeb994ebe9834b9fe60a04e5b6a25ae
archive	archive/gen1-2015-2018/YACC1A/tinyBasic/tcbasic-master/command.c	YACCS-OLD/YACC1A/tinyBasic/tcbasic-master/command.c	fa95987b5951af682dfc0c9e1d108872
archive	archive/gen1-2015-2018/YACC1A/tinyBasic/tcbasic-master/command.h	YACCS-OLD/YACC1A/tinyBasic/tcbasic-master/command.h	39bcc00b5172a44873a2dd8efdaf3d3f
archive	archive/gen1-2015-2018/YACC1A/tinyBasic/tcbasic-master/compat.c	YACCS-OLD/YACC1A/tinyBasic/tcbasic-master/compat.c	6d32d2d8ef23a47580ad62060e5bea86
archive	archive/gen1-2015-2018/YACC1A/tinyBasic/tcbasic-master/compat.h	YACCS-OLD/YACC1A/tinyBasic/tcbasic-master/compat.h	a7c09590560e683508719f168bf2f03b
archive	archive/gen1-2015-2018/YACC1A/tinyBasic/tcbasic-master/configure.ac	YACCS-OLD/YACC1A/tinyBasic/tcbasic-master/configure.ac	5ce3524b2d79098bd2a12f19e6b026fe
archive	archive/gen1-2015-2018/YACC1A/tinyBasic/tcbasic-master/cos.c	YACCS-OLD/YACC1A/tinyBasic/tcbasic-master/cos.c	f4a4c885f54110fae1a7950851c5100a
archive	archive/gen1-2015-2018/YACC1A/tinyBasic/tcbasic-master/cos.h	YACCS-OLD/YACC1A/tinyBasic/tcbasic-master/cos.h	f138b8977813dd2de25a00ed41767323
archive	archive/gen1-2015-2018/YACC1A/tinyBasic/tcbasic-master/cot.c	YACCS-OLD/YACC1A/tinyBasic/tcbasic-master/cot.c	51d7c2c3e9c1f73514b1555e6999beaf
archive	archive/gen1-2015-2018/YACC1A/tinyBasic/tcbasic-master/cot.h	YACCS-OLD/YACC1A/tinyBasic/tcbasic-master/cot.h	01b30565294e57ddfc6b79d5411f8609
archive	archive/gen1-2015-2018/YACC1A/tinyBasic/tcbasic-master/cppcheck.sh	YACCS-OLD/YACC1A/tinyBasic/tcbasic-master/cppcheck.sh	58db3b14f2dbf1df548256cdda794d85
archive	archive/gen1-2015-2018/YACC1A/tinyBasic/tcbasic-master/driver.c	YACCS-OLD/YACC1A/tinyBasic/tcbasic-master/driver.c	ddb84fe4d17f2e174027b83da0d48d1e
archive	archive/gen1-2015-2018/YACC1A/tinyBasic/tcbasic-master/eval.c	YACCS-OLD/YACC1A/tinyBasic/tcbasic-master/eval.c	c18b88c08e910ea8627d6cddc804ad74
archive	archive/gen1-2015-2018/YACC1A/tinyBasic/tcbasic-master/eval.h	YACCS-OLD/YACC1A/tinyBasic/tcbasic-master/eval.h	3eb9bba6abd441b9f042218a7786295f
archive	archive/gen1-2015-2018/YACC1A/tinyBasic/tcbasic-master/exp.c	YACCS-OLD/YACC1A/tinyBasic/tcbasic-master/exp.c	7fd3ac92e7443cb4af1db764f7f6af94
archive	archive/gen1-2015-2018/YACC1A/tinyBasic/tcbasic-master/exp.h	YACCS-OLD/YACC1A/tinyBasic/tcbasic-master/exp.h	7399e279a334253331cf7a6413fe7727
archive	archive/gen1-2015-2018/YACC1A/tinyBasic/tcbasic-master/expr_item.c	YACCS-OLD/YACC1A/tinyBasic/tcbasic-master/expr_item.c	73b3398a1a330af4c2f41d25f06b2eed
archive	archive/gen1-2015-2018/YACC1A/tinyBasic/tcbasic-master/expr_item.h	YACCS-OLD/YACC1A/tinyBasic/tcbasic-master/expr_item.h	70d1bd838db1288d7902dc11532dfe28
archive	archive/gen1-2015-2018/YACC1A/tinyBasic/tcbasic-master/expr_list.c	YACCS-OLD/YACC1A/tinyBasic/tcbasic-master/expr_list.c	c1f0293062b966bda96d9292bf75cf83
archive	archive/gen1-2015-2018/YACC1A/tinyBasic/tcbasic-master/expr_list.h	YACCS-OLD/YACC1A/tinyBasic/tcbasic-master/expr_list.h	76c751ee7f429633801c284204dc0b65
archive	archive/gen1-2015-2018/YACC1A/tinyBasic/tcbasic-master/expression.c	YACCS-OLD/YACC1A/tinyBasic/tcbasic-master/expression.c	feefa1f269191247607b9cf3e5d365d0
archive	archive/gen1-2015-2018/YACC1A/tinyBasic/tcbasic-master/expression.h	YACCS-OLD/YACC1A/tinyBasic/tcbasic-master/expression.h	009a47637d6d75064f0cef380cc40f13
archive	archive/gen1-2015-2018/YACC1A/tinyBasic/tcbasic-master/factor.c	YACCS-OLD/YACC1A/tinyBasic/tcbasic-master/factor.c	95dc606be1eadee6272dbf782c713790
archive	archive/gen1-2015-2018/YACC1A/tinyBasic/tcbasic-master/factor.h	YACCS-OLD/YACC1A/tinyBasic/tcbasic-master/factor.h	76c58fda35842095f6feee22bb3d550d
archive	archive/gen1-2015-2018/YACC1A/tinyBasic/tcbasic-master/fib.bas	YACCS-OLD/YACC1A/tinyBasic/tcbasic-master/fib.bas	80177b4afe85abcf84f5a37613e2a3b8
archive	archive/gen1-2015-2018/YACC1A/tinyBasic/tcbasic-master/fib.ex	YACCS-OLD/YACC1A/tinyBasic/tcbasic-master/fib.ex	8cf478ccdecd74e358a73857922d0bc0
archive	archive/gen1-2015-2018/YACC1A/tinyBasic/tcbasic-master/fib.sh	YACCS-OLD/YACC1A/tinyBasic/tcbasic-master/fib.sh	90d00337fd8c0f0d0a5ea9abb0af84f3
archive	archive/gen1-2015-2018/YACC1A/tinyBasic/tcbasic-master/functions.bas	YACCS-OLD/YACC1A/tinyBasic/tcbasic-master/functions.bas	ce2c8e9e2ba2a5be8c9a76f69820671f
archive	archive/gen1-2015-2018/YACC1A/tinyBasic/tcbasic-master/functions.ex	YACCS-OLD/YACC1A/tinyBasic/tcbasic-master/functions.ex	654a875cafbe72f813765d22da714afe
archive	archive/gen1-2015-2018/YACC1A/tinyBasic/tcbasic-master/functions.sh	YACCS-OLD/YACC1A/tinyBasic/tcbasic-master/functions.sh	2464c1a53f2264c93ad098a9aa871483
archive	archive/gen1-2015-2018/YACC1A/tinyBasic/tcbasic-master/hello.bas	YACCS-OLD/YACC1A/tinyBasic/tcbasic-master/hello.bas	263d6a4dcb4a7aa1c2934df257336bc3
archive	archive/gen1-2015-2018/YACC1A/tinyBasic/tcbasic-master/hello.ex	YACCS-OLD/YACC1A/tinyBasic/tcbasic-master/hello.ex	09f7e02f1290be211da707a266f153b3
archive	archive/gen1-2015-2018/YACC1A/tinyBasic/tcbasic-master/hello.sh	YACCS-OLD/YACC1A/tinyBasic/tcbasic-master/hello.sh	75c48a555757350ed2ed40fcd3aa299e
archive	archive/gen1-2015-2018/YACC1A/tinyBasic/tcbasic-master/line.c	YACCS-OLD/YACC1A/tinyBasic/tcbasic-master/line.c	3d8bfa6aaaddead01c3e4d2b5f8bee67
archive	archive/gen1-2015-2018/YACC1A/tinyBasic/tcbasic-master/line.h	YACCS-OLD/YACC1A/tinyBasic/tcbasic-master/line.h	225f65fc9550cd9c35c4c832177f8644
archive	archive/gen1-2015-2018/YACC1A/tinyBasic/tcbasic-master/log.c	YACCS-OLD/YACC1A/tinyBasic/tcbasic-master/log.c	3b7cda6122cf3d6fcd9414cf6bc98e24
archive	archive/gen1-2015-2018/YACC1A/tinyBasic/tcbasic-master/log.h	YACCS-OLD/YACC1A/tinyBasic/tcbasic-master/log.h	de72d600f21979d6d659d0352121a256
archive	archive/gen1-2015-2018/YACC1A/tinyBasic/tcbasic-master/mod.bas	YACCS-OLD/YACC1A/tinyBasic/tcbasic-master/mod.bas	5e48ca4cf8d4545da82b25b93d90c7ab
archive	archive/gen1-2015-2018/YACC1A/tinyBasic/tcbasic-master/mod.ex	YACCS-OLD/YACC1A/tinyBasic/tcbasic-master/mod.ex	0b6f09c03236441445ad91b6cd80009d
archive	archive/gen1-2015-2018/YACC1A/tinyBasic/tcbasic-master/mod.sh	YACCS-OLD/YACC1A/tinyBasic/tcbasic-master/mod.sh	a78cad4a416dff8d68ca09f38b03706c
archive	archive/gen1-2015-2018/YACC1A/tinyBasic/tcbasic-master/mulop.c	YACCS-OLD/YACC1A/tinyBasic/tcbasic-master/mulop.c	6a2fac8aed8357deeb1f6835eb3c57e9
archive	archive/gen1-2015-2018/YACC1A/tinyBasic/tcbasic-master/mulop.h	YACCS-OLD/YACC1A/tinyBasic/tcbasic-master/mulop.h	67631a2ca0c40297bfa48d4ed2380dff
archive	archive/gen1-2015-2018/YACC1A/tinyBasic/tcbasic-master/newton.bas	YACCS-OLD/YACC1A/tinyBasic/tcbasic-master/newton.bas	925256a86a1a7269d9e439cf82f48ec7
archive	archive/gen1-2015-2018/YACC1A/tinyBasic/tcbasic-master/newton.ex	YACCS-OLD/YACC1A/tinyBasic/tcbasic-master/newton.ex	219c8286f0a258d6e7523036ac09124a
archive	archive/gen1-2015-2018/YACC1A/tinyBasic/tcbasic-master/newton.sh	YACCS-OLD/YACC1A/tinyBasic/tcbasic-master/newton.sh	13af5dfa81d1e9ba9639eab668afd391
archive	archive/gen1-2015-2018/YACC1A/tinyBasic/tcbasic-master/number.c	YACCS-OLD/YACC1A/tinyBasic/tcbasic-master/number.c	20567a3d5ad713e932c36cf8797eb755
archive	archive/gen1-2015-2018/YACC1A/tinyBasic/tcbasic-master/number.h	YACCS-OLD/YACC1A/tinyBasic/tcbasic-master/number.h	839f05e31f2d9e3ac6c034ff71abfa4e
archive	archive/gen1-2015-2018/YACC1A/tinyBasic/tcbasic-master/prng.c	YACCS-OLD/YACC1A/tinyBasic/tcbasic-master/prng.c	ae86e8c5cc4027826d468da50e2bee3d
archive	archive/gen1-2015-2018/YACC1A/tinyBasic/tcbasic-master/prng.h	YACCS-OLD/YACC1A/tinyBasic/tcbasic-master/prng.h	3a5435a08f6358b6b17d8fd6a3019040
archive	archive/gen1-2015-2018/YACC1A/tinyBasic/tcbasic-master/readaline.c	YACCS-OLD/YACC1A/tinyBasic/tcbasic-master/readaline.c	6cf0f9bff348e05fd756324ba2dd19f1
archive	archive/gen1-2015-2018/YACC1A/tinyBasic/tcbasic-master/readaline.h	YACCS-OLD/YACC1A/tinyBasic/tcbasic-master/readaline.h	57745a70defb204c392660d966262de7
archive	archive/gen1-2015-2018/YACC1A/tinyBasic/tcbasic-master/relop.c	YACCS-OLD/YACC1A/tinyBasic/tcbasic-master/relop.c	3ec2363ada3b196d62f8ff56e898f4d8
archive	archive/gen1-2015-2018/YACC1A/tinyBasic/tcbasic-master/relop.h	YACCS-OLD/YACC1A/tinyBasic/tcbasic-master/relop.h	fde320099c1ca5381a3d541cd90d47cb
archive	archive/gen1-2015-2018/YACC1A/tinyBasic/tcbasic-master/rem.c	YACCS-OLD/YACC1A/tinyBasic/tcbasic-master/rem.c	59ae48b37eebbb49f357d6ad71e61793
archive	archive/gen1-2015-2018/YACC1A/tinyBasic/tcbasic-master/rem.h	YACCS-OLD/YACC1A/tinyBasic/tcbasic-master/rem.h	d298cb434cb2eb42566c871d98ecf86b
archive	archive/gen1-2015-2018/YACC1A/tinyBasic/tcbasic-master/remainder.bas	YACCS-OLD/YACC1A/tinyBasic/tcbasic-master/remainder.bas	c2ddb1c280787112826957d95e64355a
archive	archive/gen1-2015-2018/YACC1A/tinyBasic/tcbasic-master/remainder.ex	YACCS-OLD/YACC1A/tinyBasic/tcbasic-master/remainder.ex	24c4f085de60d7c0c6ea3fc6bca28a9b
archive	archive/gen1-2015-2018/YACC1A/tinyBasic/tcbasic-master/remainder.sh	YACCS-OLD/YACC1A/tinyBasic/tcbasic-master/remainder.sh	60b207df573464d481bf35bcd59b5592
archive	archive/gen1-2015-2018/YACC1A/tinyBasic/tcbasic-master/rnd.c	YACCS-OLD/YACC1A/tinyBasic/tcbasic-master/rnd.c	5d3ef29282955f8cdfb8c07f0303a92e
archive	archive/gen1-2015-2018/YACC1A/tinyBasic/tcbasic-master/rnd.h	YACCS-OLD/YACC1A/tinyBasic/tcbasic-master/rnd.h	02e9bf081715d420f2958d5dc5bb4f8a
archive	archive/gen1-2015-2018/YACC1A/tinyBasic/tcbasic-master/runtime.c	YACCS-OLD/YACC1A/tinyBasic/tcbasic-master/runtime.c	10812f4542209155a0b719a6abdabd56
archive	archive/gen1-2015-2018/YACC1A/tinyBasic/tcbasic-master/runtime.h	YACCS-OLD/YACC1A/tinyBasic/tcbasic-master/runtime.h	f9333a6432343d5dd3399a452351fb8b
archive	archive/gen1-2015-2018/YACC1A/tinyBasic/tcbasic-master/sample.bas	YACCS-OLD/YACC1A/tinyBasic/tcbasic-master/sample.bas	b75219a2f1e4b774471b1b6cd9d373e0
archive	archive/gen1-2015-2018/YACC1A/tinyBasic/tcbasic-master/sgn.c	YACCS-OLD/YACC1A/tinyBasic/tcbasic-master/sgn.c	577b722808f26c7b80a9d46d84f9d338
archive	archive/gen1-2015-2018/YACC1A/tinyBasic/tcbasic-master/sgn.h	YACCS-OLD/YACC1A/tinyBasic/tcbasic-master/sgn.h	e0187b86920ea592f7d20f24f3804b93
archive	archive/gen1-2015-2018/YACC1A/tinyBasic/tcbasic-master/sin.c	YACCS-OLD/YACC1A/tinyBasic/tcbasic-master/sin.c	69f05183767fa3ffc05bd84afe1c3956
archive	archive/gen1-2015-2018/YACC1A/tinyBasic/tcbasic-master/sin.h	YACCS-OLD/YACC1A/tinyBasic/tcbasic-master/sin.h	e88f489de5068282fee9ebfdc84a95bd
archive	archive/gen1-2015-2018/YACC1A/tinyBasic/tcbasic-master/sqr.c	YACCS-OLD/YACC1A/tinyBasic/tcbasic-master/sqr.c	9d7148559d7b9cedd9d09ea1d88e6f6e
archive	archive/gen1-2015-2018/YACC1A/tinyBasic/tcbasic-master/sqr.h	YACCS-OLD/YACC1A/tinyBasic/tcbasic-master/sqr.h	67d58b88933ea3edfb2b857aa24e16ed
archive	archive/gen1-2015-2018/YACC1A/tinyBasic/tcbasic-master/statement.c	YACCS-OLD/YACC1A/tinyBasic/tcbasic-master/statement.c	097049ef18b1ac09bcb3c818c5f701b7
archive	archive/gen1-2015-2018/YACC1A/tinyBasic/tcbasic-master/statement.h	YACCS-OLD/YACC1A/tinyBasic/tcbasic-master/statement.h	c6bcdfd11d7e23265e969a969e3b2c78
archive	archive/gen1-2015-2018/YACC1A/tinyBasic/tcbasic-master/str.c	YACCS-OLD/YACC1A/tinyBasic/tcbasic-master/str.c	094b3e03b831ae7b5c2c6aa807ef7c40
archive	archive/gen1-2015-2018/YACC1A/tinyBasic/tcbasic-master/str.h	YACCS-OLD/YACC1A/tinyBasic/tcbasic-master/str.h	cd2cbb5006971e0feb1957d373809588
archive	archive/gen1-2015-2018/YACC1A/tinyBasic/tcbasic-master/tan.c	YACCS-OLD/YACC1A/tinyBasic/tcbasic-master/tan.c	cd82d74e30981da2d342faab74d5fb49
archive	archive/gen1-2015-2018/YACC1A/tinyBasic/tcbasic-master/tan.h	YACCS-OLD/YACC1A/tinyBasic/tcbasic-master/tan.h	8b022b8ae8625fa5cf6da7109d4a7f72
archive	archive/gen1-2015-2018/YACC1A/tinyBasic/tcbasic-master/tcbasic.1.in	YACCS-OLD/YACC1A/tinyBasic/tcbasic-master/tcbasic.1.in	9c998f45a20e80cd7f233a52d5e79964
archive	archive/gen1-2015-2018/YACC1A/tinyBasic/tcbasic-master/term.c	YACCS-OLD/YACC1A/tinyBasic/tcbasic-master/term.c	aea5815768b99c438d14761850f28ef0
archive	archive/gen1-2015-2018/YACC1A/tinyBasic/tcbasic-master/term.h	YACCS-OLD/YACC1A/tinyBasic/tcbasic-master/term.h	33dc448e78a256012660164b85f8cc11
archive	archive/gen1-2015-2018/YACC1A/tinyBasic/tcbasic-master/test-runner.sh	YACCS-OLD/YACC1A/tinyBasic/tcbasic-master/test-runner.sh	eb11492ff0b31101899d15da3694ee78
archive	archive/gen1-2015-2018/YACC1A/tinyBasic/tcbasic-master/time_.c	YACCS-OLD/YACC1A/tinyBasic/tcbasic-master/time_.c	8ea1f2489ecf48d4cc5fac2ee1d03bbc
archive	archive/gen1-2015-2018/YACC1A/tinyBasic/tcbasic-master/time_.h	YACCS-OLD/YACC1A/tinyBasic/tcbasic-master/time_.h	5ebc195128b3135fc1a84f2208b3de49
archive	archive/gen1-2015-2018/YACC1A/tinyBasic/tcbasic-master/tokenizer.c	YACCS-OLD/YACC1A/tinyBasic/tcbasic-master/tokenizer.c	bad76f73e699dc0e216a5f64ae2b47cf
archive	archive/gen1-2015-2018/YACC1A/tinyBasic/tcbasic-master/tokenizer.h	YACCS-OLD/YACC1A/tinyBasic/tcbasic-master/tokenizer.h	31a0a42c2d13cae5d96d431201af74a5
archive	archive/gen1-2015-2018/YACC1A/tinyBasic/tcbasic-master/var.c	YACCS-OLD/YACC1A/tinyBasic/tcbasic-master/var.c	bbdc200efe8be5fab20d329c13b1c559
archive	archive/gen1-2015-2018/YACC1A/tinyBasic/tcbasic-master/var.h	YACCS-OLD/YACC1A/tinyBasic/tcbasic-master/var.h	228f8dc3877d141a6de61cd8b83765a1
archive	archive/gen1-2015-2018/YACC1A/tinyBasic/tcbasic-master/var_list.c	YACCS-OLD/YACC1A/tinyBasic/tcbasic-master/var_list.c	833000cc1c9492d496f417e570c1c82b
archive	archive/gen1-2015-2018/YACC1A/tinyBasic/tcbasic-master/var_list.h	YACCS-OLD/YACC1A/tinyBasic/tcbasic-master/var_list.h	1086091ddf6d80ced13be6e037945444
archive	archive/gen1-2015-2018/YACC1A1/Build notes and revisions.rtf	YACCS-OLD/YACC1A1/Build notes and revisions.rtf	7808ee8b56e5a1013242b4a1096e420b
archive	archive/gen1-2015-2018/YACC1A1/Compilier/m1.md	YACCS-OLD/YACC1A1/Compilier/m1.md	ec16ec41b3ac1132ca31f15c02f37540
archive	archive/gen1-2015-2018/YACC1A1/Data Sheets/16-Bit Addition - 8052.com.pdf	YACCS-OLD/YACC1A1/Data Sheets/16-Bit Addition - 8052.com.pdf	a8fd4ac91c6c57a6b612a4892067b14b
archive	archive/gen1-2015-2018/YACC1A1/Data Sheets/A Short Course In Programming by Tom Pittman | COSMAC ELF.pdf	YACCS-OLD/YACC1A1/Data Sheets/A Short Course In Programming by Tom Pittman | COSMAC ELF.pdf	580b43c088efdce8454ba9aa1020788c
archive	archive/gen1-2015-2018/YACC1A1/Doc/YACC/CPU copy.key/Data/110809_FamilyChineseOahu_EN_00317_2040x1360-small-12.jpg	YACCS-OLD/YACC1A1/Doc/YACC/CPU copy.key/Data/110809_FamilyChineseOahu_EN_00317_2040x1360-small-12.jpg	0584e7162c9d804cd30f6938ee6485a9
archive	archive/gen1-2015-2018/YACC1A1/Doc/YACC/CPU copy.key/Data/110809_FamilyChineseOahu_EN_02016_981x654-small-14.jpg	YACCS-OLD/YACC1A1/Doc/YACC/CPU copy.key/Data/110809_FamilyChineseOahu_EN_02016_981x654-small-14.jpg	9f1b98d60e4668770e01e3aa56a1e172
archive	archive/gen1-2015-2018/YACC1A1/Doc/YACC/CPU copy.key/Data/110809_FamilyChineseOahu_EN_02390_2880x1921-small-10.jpg	YACCS-OLD/YACC1A1/Doc/YACC/CPU copy.key/Data/110809_FamilyChineseOahu_EN_02390_2880x1921-small-10.jpg	5b39cc97aeeeaac624c2a82b7e749c23
archive	archive/gen1-2015-2018/YACC1A1/Doc/YACC/CPU copy.key/Data/mt10@2x-87.jpg	YACCS-OLD/YACC1A1/Doc/YACC/CPU copy.key/Data/mt10@2x-87.jpg	49f0f5a153a61c8b713d8f90a1fdf0b9
archive	archive/gen1-2015-2018/YACC1A1/Doc/YACC/CPU copy.key/Data/mt1@2x-78.jpg	YACCS-OLD/YACC1A1/Doc/YACC/CPU copy.key/Data/mt1@2x-78.jpg	62a9ebed4d79ca2c7e28cd08e42aebf3
archive	archive/gen1-2015-2018/YACC1A1/Doc/YACC/CPU copy.key/Data/mt2@2x-79.jpg	YACCS-OLD/YACC1A1/Doc/YACC/CPU copy.key/Data/mt2@2x-79.jpg	f3a8dff0c47442e269238a6f7427dd87
archive	archive/gen1-2015-2018/YACC1A1/Doc/YACC/CPU copy.key/Data/mt3@2x-80.jpg	YACCS-OLD/YACC1A1/Doc/YACC/CPU copy.key/Data/mt3@2x-80.jpg	20d28881bec7cfdcab2aea97d95b24ef
archive	archive/gen1-2015-2018/YACC1A1/Doc/YACC/CPU copy.key/Data/mt4@2x-81.jpg	YACCS-OLD/YACC1A1/Doc/YACC/CPU copy.key/Data/mt4@2x-81.jpg	464bbff0ebf7efe1b7b3e152dfe9cdda
archive	archive/gen1-2015-2018/YACC1A1/Doc/YACC/CPU copy.key/Data/mt5@2x-82.jpg	YACCS-OLD/YACC1A1/Doc/YACC/CPU copy.key/Data/mt5@2x-82.jpg	2c6375b399f29a1e3fe855c5daac055b
archive	archive/gen1-2015-2018/YACC1A1/Doc/YACC/CPU copy.key/Data/mt6@2x-83.jpg	YACCS-OLD/YACC1A1/Doc/YACC/CPU copy.key/Data/mt6@2x-83.jpg	cfe096e7eb8451242e65e3c3243f9584
archive	archive/gen1-2015-2018/YACC1A1/Doc/YACC/CPU copy.key/Data/mt7@2x-84.jpg	YACCS-OLD/YACC1A1/Doc/YACC/CPU copy.key/Data/mt7@2x-84.jpg	ef17c9442d8fd4021ef5860b6c738341
archive	archive/gen1-2015-2018/YACC1A1/Doc/YACC/CPU copy.key/Data/mt8@2x-85.jpg	YACCS-OLD/YACC1A1/Doc/YACC/CPU copy.key/Data/mt8@2x-85.jpg	c7744ffd1b8b181f046de3ef32ec91ae
archive	archive/gen1-2015-2018/YACC1A1/Doc/YACC/CPU copy.key/Data/mt9@2x-86.jpg	YACCS-OLD/YACC1A1/Doc/YACC/CPU copy.key/Data/mt9@2x-86.jpg	fc49426be07e13933f2aa5f936aa21b5
archive	archive/gen1-2015-2018/YACC1A1/Doc/YACC/CPU copy.key/Data/st0-473.jpg	YACCS-OLD/YACC1A1/Doc/YACC/CPU copy.key/Data/st0-473.jpg	0cf19608cab94603f04b5925703f80b1
archive	archive/gen1-2015-2018/YACC1A1/Doc/YACC/CPU copy.key/Data/st1-967.jpg	YACCS-OLD/YACC1A1/Doc/YACC/CPU copy.key/Data/st1-967.jpg	8791b492032da7810d9c5fcfdde0aa29
archive	archive/gen1-2015-2018/YACC1A1/Doc/YACC/CPU copy.key/Data/st2-714.jpg	YACCS-OLD/YACC1A1/Doc/YACC/CPU copy.key/Data/st2-714.jpg	b55f75ef8e5747cc8076c006a6f1177b
archive	archive/gen1-2015-2018/YACC1A1/Doc/YACC/CPU copy.key/Data/st3-717.jpg	YACCS-OLD/YACC1A1/Doc/YACC/CPU copy.key/Data/st3-717.jpg	1d160c2c8465da78bca95dece80d215c
archive	archive/gen1-2015-2018/YACC1A1/Doc/YACC/CPU copy.key/Data/st4-719.jpg	YACCS-OLD/YACC1A1/Doc/YACC/CPU copy.key/Data/st4-719.jpg	cb7186422454f31af8283241f81a7302
archive	archive/gen1-2015-2018/YACC1A1/Doc/YACC/CPU copy.key/Data/st5-720.jpg	YACCS-OLD/YACC1A1/Doc/YACC/CPU copy.key/Data/st5-720.jpg	8e017bf8e5163c3538f28415badc98ec
archive	archive/gen1-2015-2018/YACC1A1/Doc/YACC/CPU copy.key/Index.zip	YACCS-OLD/YACC1A1/Doc/YACC/CPU copy.key/Index.zip	beb67967c3276e9b5bfac0f7a6bf2ed6
archive	archive/gen1-2015-2018/YACC1A1/Doc/YACC/CPU copy.key/Metadata/BuildVersionHistory.plist	YACCS-OLD/YACC1A1/Doc/YACC/CPU copy.key/Metadata/BuildVersionHistory.plist	618cf021d976763c323d0aa0f89134b2
archive	archive/gen1-2015-2018/YACC1A1/Doc/YACC/CPU copy.key/Metadata/DocumentIdentifier	YACCS-OLD/YACC1A1/Doc/YACC/CPU copy.key/Metadata/DocumentIdentifier	8e21362ab01f048371bb0871f9630b52
archive	archive/gen1-2015-2018/YACC1A1/Doc/YACC/CPU copy.key/Metadata/Properties.plist	YACCS-OLD/YACC1A1/Doc/YACC/CPU copy.key/Metadata/Properties.plist	0e8591f300dc10e7ac0d65ce2b158b6e
archive	archive/gen1-2015-2018/YACC1A1/Doc/YACC/CPU copy.key/preview-micro.jpg	YACCS-OLD/YACC1A1/Doc/YACC/CPU copy.key/preview-micro.jpg	be3704586aaabee8222e75a3914d2591
archive	archive/gen1-2015-2018/YACC1A1/Doc/YACC/CPU copy.key/preview-web.jpg	YACCS-OLD/YACC1A1/Doc/YACC/CPU copy.key/preview-web.jpg	d0cb9408649cbbc18b25a63ec0e35e6d
archive	archive/gen1-2015-2018/YACC1A1/Doc/YACC/CPU copy.key/preview.jpg	YACCS-OLD/YACC1A1/Doc/YACC/CPU copy.key/preview.jpg	d1da166416c7ea0c3ef06ca039e6c21d
archive	archive/gen1-2015-2018/YACC1A1/Doc/YACC/CPU-v1.key	YACCS-OLD/YACC1A1/Doc/YACC/CPU-v1.key	f7bbb247ba183b09352fbf6ddbaca19d
archive	archive/gen1-2015-2018/YACC1A1/Doc/YACC/CPU-v1/CPU-v1.001.jpg	YACCS-OLD/YACC1A1/Doc/YACC/CPU-v1/CPU-v1.001.jpg	7d5f747903ac61ea443450158d43c3e2
archive	archive/gen1-2015-2018/YACC1A1/Doc/YACC/CPU-v1/CPU-v1.002.jpg	YACCS-OLD/YACC1A1/Doc/YACC/CPU-v1/CPU-v1.002.jpg	19855de183e43885a682a04f0c2ca4bf
archive	archive/gen1-2015-2018/YACC1A1/Doc/YACC/CPU-v1/CPU-v1.003.jpg	YACCS-OLD/YACC1A1/Doc/YACC/CPU-v1/CPU-v1.003.jpg	c02229e9b1008e295ec577c9c4f1dd3e
archive	archive/gen1-2015-2018/YACC1A1/Doc/YACC/CPU-v1/CPU-v1.004.jpg	YACCS-OLD/YACC1A1/Doc/YACC/CPU-v1/CPU-v1.004.jpg	22a82168f57f58f317dc2d50d1382dea
archive	archive/gen1-2015-2018/YACC1A1/Doc/YACC/CPU-v1/CPU-v1.005.jpg	YACCS-OLD/YACC1A1/Doc/YACC/CPU-v1/CPU-v1.005.jpg	5df4bc92a62b3d653a7f9857296289af
archive	archive/gen1-2015-2018/YACC1A1/Doc/YACC/CPU-v1/CPU-v1.006.jpg	YACCS-OLD/YACC1A1/Doc/YACC/CPU-v1/CPU-v1.006.jpg	0c97c6c86e6c802142b71df4884dc45c
archive	archive/gen1-2015-2018/YACC1A1/Doc/YACC/CPU-v1/CPU-v1.007.jpg	YACCS-OLD/YACC1A1/Doc/YACC/CPU-v1/CPU-v1.007.jpg	7e977e7841f5b2b4e06ba1b6f2d6198b
archive	archive/gen1-2015-2018/YACC1A1/Doc/YACC/CPU-v1/CPU-v1.008.jpg	YACCS-OLD/YACC1A1/Doc/YACC/CPU-v1/CPU-v1.008.jpg	89927ec959f3f61cdd776ba21891b4bd
archive	archive/gen1-2015-2018/YACC1A1/Doc/YACC/CPU-v1/CPU-v1.009.jpg	YACCS-OLD/YACC1A1/Doc/YACC/CPU-v1/CPU-v1.009.jpg	46631d4681ac8ce882c17ef66ebb4199
archive	archive/gen1-2015-2018/YACC1A1/Doc/YACC/CPU.005.jpg	YACCS-OLD/YACC1A1/Doc/YACC/CPU.005.jpg	5dc5e56bb7a0a41a4942bed92cbe11af
archive	archive/gen1-2015-2018/YACC1A1/Doc/YACC/CPU.006.jpg	YACCS-OLD/YACC1A1/Doc/YACC/CPU.006.jpg	a624a928ee98b650d3086ed859dcd375
archive	archive/gen1-2015-2018/YACC1A1/Doc/YACC/CPU.007.jpg	YACCS-OLD/YACC1A1/Doc/YACC/CPU.007.jpg	8f32387936012181a30c2d58e13f7d0e
archive	archive/gen1-2015-2018/YACC1A1/Doc/YACC/CPU.key copy.pdf	YACCS-OLD/YACC1A1/Doc/YACC/CPU.key copy.pdf	c59310101a98be3feacc441af198de22
archive	archive/gen1-2015-2018/YACC1A1/Doc/YACC/CPU.key/Data/st1-1704.jpg	YACCS-OLD/YACC1A1/Doc/YACC/CPU.key/Data/st1-1704.jpg	daa12a34bd9f5307f6a43c0a9428867d
archive	archive/gen1-2015-2018/YACC1A1/Doc/YACC/CPU.key/Data/st2-1709.jpg	YACCS-OLD/YACC1A1/Doc/YACC/CPU.key/Data/st2-1709.jpg	a36095e98f43550047720a91950ba416
archive	archive/gen1-2015-2018/YACC1A1/Doc/YACC/CPU.key/Data/st3-1714.jpg	YACCS-OLD/YACC1A1/Doc/YACC/CPU.key/Data/st3-1714.jpg	e22355850a2ccbcc1834eadca9adeda9
archive	archive/gen1-2015-2018/YACC1A1/Doc/YACC/CPU.key/Data/st4-1718.jpg	YACCS-OLD/YACC1A1/Doc/YACC/CPU.key/Data/st4-1718.jpg	8c0372dd216d3f1c6a956c7e41547af1
archive	archive/gen1-2015-2018/YACC1A1/Doc/YACC/CPU.key/Data/st5-1722.jpg	YACCS-OLD/YACC1A1/Doc/YACC/CPU.key/Data/st5-1722.jpg	00ab94aadd9eeb012888aede5cab0dfe
archive	archive/gen1-2015-2018/YACC1A1/Doc/YACC/CPU.key/Data/st6-1697.jpg	YACCS-OLD/YACC1A1/Doc/YACC/CPU.key/Data/st6-1697.jpg	f4175bb936780ecc20f9680dcd56b924
archive	archive/gen1-2015-2018/YACC1A1/Doc/YACC/CPU.key/Data/st7-1970.jpg	YACCS-OLD/YACC1A1/Doc/YACC/CPU.key/Data/st7-1970.jpg	66193a835f57f47a8498a01039e7e7e0
archive	archive/gen1-2015-2018/YACC1A1/Doc/YACC/CPU.key/Index.zip	YACCS-OLD/YACC1A1/Doc/YACC/CPU.key/Index.zip	cdb05e34668e95499c29233e90ba1c5a
archive	archive/gen1-2015-2018/YACC1A1/Doc/YACC/CPU.key/Metadata/DocumentIdentifier	YACCS-OLD/YACC1A1/Doc/YACC/CPU.key/Metadata/DocumentIdentifier	88e754a835bb5d3dafd294f7c66311e8
archive	archive/gen1-2015-2018/YACC1A1/Doc/YACC/CPU.key/Metadata/Properties.plist	YACCS-OLD/YACC1A1/Doc/YACC/CPU.key/Metadata/Properties.plist	aa58a7a63bf47db86b4b2a2c4f1298f4
archive	archive/gen1-2015-2018/YACC1A1/Doc/YACC/CPU/CPU.001.jpg	YACCS-OLD/YACC1A1/Doc/YACC/CPU/CPU.001.jpg	dc67c53ab3ea7f2a7997426d31a7a650
archive	archive/gen1-2015-2018/YACC1A1/Doc/YACC/CPU/CPU.002.jpg	YACCS-OLD/YACC1A1/Doc/YACC/CPU/CPU.002.jpg	24589a9c90a95745374f209ff403f181
archive	archive/gen1-2015-2018/YACC1A1/Doc/YACC/CPU/CPU.003.jpg	YACCS-OLD/YACC1A1/Doc/YACC/CPU/CPU.003.jpg	998cc6fb8e70d0bba4f22c2b7ead4c02
archive	archive/gen1-2015-2018/YACC1A1/Doc/YACC/CPU/CPU.004.jpg	YACCS-OLD/YACC1A1/Doc/YACC/CPU/CPU.004.jpg	dd0966323dc8a593867c7266fdd4b48a
archive	archive/gen1-2015-2018/YACC1A1/External Resources/0135038952_pp3a.ppt	YACCS-OLD/YACC1A1/External Resources/0135038952_pp3a.ppt	a686b1a695e68a0db3a4363ad379c736
archive	archive/gen1-2015-2018/YACC1A1/External Resources/06-cpu-i.pptx	YACCS-OLD/YACC1A1/External Resources/06-cpu-i.pptx	1820a4e1b1cd96991d892ba31aeb9a05
archive	archive/gen1-2015-2018/YACC1A1/External Resources/74121.gif	YACCS-OLD/YACC1A1/External Resources/74121.gif	17c73c8931ddaf4e2b170033645fde89
archive	archive/gen1-2015-2018/YACC1A1/External Resources/CT213_ProcessorDesign_InstructionSet-2.ppt	YACCS-OLD/YACC1A1/External Resources/CT213_ProcessorDesign_InstructionSet-2.ppt	8bf44d060af45514c34651cf4c76c7bd
archive	archive/gen1-2015-2018/YACC1A1/External Resources/CT213_ProcessorDesign_InstructionSet.ppt	YACCS-OLD/YACC1A1/External Resources/CT213_ProcessorDesign_InstructionSet.ppt	7a8c472dbba71ca75468814de4c0f0d1
archive	archive/gen1-2015-2018/YACC1A1/External Resources/Magic1.pdf	YACCS-OLD/YACC1A1/External Resources/Magic1.pdf	a37dc061cd409a2bf08e3472ea4102d2
archive	archive/gen1-2015-2018/YACC1A1/External Resources/eec289q_presentation.ppt	YACCS-OLD/YACC1A1/External Resources/eec289q_presentation.ppt	6f0028dc2e36105aee4ce3a31664505f
archive	archive/gen1-2015-2018/YACC1A1/Layout Specs.pdf	YACCS-OLD/YACC1A1/Layout Specs.pdf	ff571046c51a7672889d85febbd79a06
archive	archive/gen1-2015-2018/YACC1A1/Old/2 reg with inc-dec/registers2a.brd	YACCS-OLD/YACC1A1/Old/2 reg with inc:dec/registers2a.brd	442885b1ce19f81a013767bf750a7dca
archive	archive/gen1-2015-2018/YACC1A1/Old/2 reg with inc-dec/registers2a.sch	YACCS-OLD/YACC1A1/Old/2 reg with inc:dec/registers2a.sch	f662b5f1585fb5e6cd9e0f94253ce613
archive	archive/gen1-2015-2018/YACC1A1/Old/4 reg no inc-dec - 4 layers/regsimple2addfp.brd	YACCS-OLD/YACC1A1/Old/4 reg no inc:dec - 4 layers/regsimple2addfp.brd	ba0af3bfab0af9a0bd1a19adc970ab4a
archive	archive/gen1-2015-2018/YACC1A1/Old/4 reg no inc-dec - 4 layers/regsimple2addfp.pro	YACCS-OLD/YACC1A1/Old/4 reg no inc:dec - 4 layers/regsimple2addfp.pro	a2bbbc91eafcd7328129ece7a55cab9b
archive	archive/gen1-2015-2018/YACC1A1/Old/4 reg no inc-dec - 4 layers/regsimple2addfp.sch	YACCS-OLD/YACC1A1/Old/4 reg no inc:dec - 4 layers/regsimple2addfp.sch	aff0b36f19c54d0552efda50a29cb208
archive	archive/gen1-2015-2018/YACC1A1/Old/4 reg no inc-dec - 4 layers/regsimple2addfp_00.job	YACCS-OLD/YACC1A1/Old/4 reg no inc:dec - 4 layers/regsimple2addfp_00.job	f77850b53fcc69ce35d3930300b7711c
archive	archive/gen1-2015-2018/YACC1A1/Old/4 reg no inc-dec - 4 layers/regsimple2addfp_01.job	YACCS-OLD/YACC1A1/Old/4 reg no inc:dec - 4 layers/regsimple2addfp_01.job	254eada0d820eb56e4fa6055eae4079c
archive	archive/gen1-2015-2018/YACC1A1/Old/4 reg no inc-dec - 4 layers/regsimple2addfp_02.job	YACCS-OLD/YACC1A1/Old/4 reg no inc:dec - 4 layers/regsimple2addfp_02.job	72cd202ef0e14820d1834597fb07954d
archive	archive/gen1-2015-2018/YACC1A1/Old/4 reg no inc-dec - 4 layers/regsimple2addfp_03.job	YACCS-OLD/YACC1A1/Old/4 reg no inc:dec - 4 layers/regsimple2addfp_03.job	87fe067584f4884bdf7007d6b0648b48
archive	archive/gen1-2015-2018/YACC1A1/Old/4 reg no inc-dec - 4 layers/regsimple2addfp_04.job	YACCS-OLD/YACC1A1/Old/4 reg no inc:dec - 4 layers/regsimple2addfp_04.job	f7876893088fdb0040385600c21dadb4
archive	archive/gen1-2015-2018/YACC1A1/Old/4 reg no inc-dec - 4 layers/regsimple2addfp_05.job	YACCS-OLD/YACC1A1/Old/4 reg no inc:dec - 4 layers/regsimple2addfp_05.job	01f2cb173e3d0aac71ec8d42ca1b5b3c
archive	archive/gen1-2015-2018/YACC1A1/Old/4 reg no inc-dec - 4 layers/regsimple2addfp_06.job	YACCS-OLD/YACC1A1/Old/4 reg no inc:dec - 4 layers/regsimple2addfp_06.job	e5ccb91e7b928a24b3708aeebf5c408c
archive	archive/gen1-2015-2018/YACC1A1/Old/4 reg no inc-dec - 4 layers/regsimple2addfp_07.job	YACCS-OLD/YACC1A1/Old/4 reg no inc:dec - 4 layers/regsimple2addfp_07.job	ef98aacd42fe7b138980293feb0a5546
archive	archive/gen1-2015-2018/YACC1A1/Old/4 reg no inc-dec - 4 layers/regsimple2addfp_08.job	YACCS-OLD/YACC1A1/Old/4 reg no inc:dec - 4 layers/regsimple2addfp_08.job	b939c630ff01663954e7f30c30bf0279
archive	archive/gen1-2015-2018/YACC1A1/Old/4 reg no inc-dec - 4 layers/regsimple2addfp_09.job	YACCS-OLD/YACC1A1/Old/4 reg no inc:dec - 4 layers/regsimple2addfp_09.job	c4bee56c53c6190dd0c072b7af8cfebc
archive	archive/gen1-2015-2018/YACC1A1/Old/4 reg no inc-dec - 4 layers/regsimple2addfp_10.job	YACCS-OLD/YACC1A1/Old/4 reg no inc:dec - 4 layers/regsimple2addfp_10.job	5b1bb74e6e12e360fce59e86a524040b
archive	archive/gen1-2015-2018/YACC1A1/Old/4 reg no inc-dec - 4 layers/regsimple2addfp_11.job	YACCS-OLD/YACC1A1/Old/4 reg no inc:dec - 4 layers/regsimple2addfp_11.job	c1552fb5ac9c60599515b5d080e40cac
archive	archive/gen1-2015-2018/YACC1A1/Old/4 reg no inc-dec - 4 layers/regsimple2addfp_12.job	YACCS-OLD/YACC1A1/Old/4 reg no inc:dec - 4 layers/regsimple2addfp_12.job	21682bd0849442a94886f2d3792976db
archive	archive/gen1-2015-2018/YACC1A1/Old/4 reg no inc-dec - 4 layers/regsimple2addfp_13.job	YACCS-OLD/YACC1A1/Old/4 reg no inc:dec - 4 layers/regsimple2addfp_13.job	7c95ad6f6074ccb1f7a0397588e1a3b9
archive	archive/gen1-2015-2018/YACC1A1/Old/4 reg no inc-dec - 4 layers/regsimple2addfp_14.job	YACCS-OLD/YACC1A1/Old/4 reg no inc:dec - 4 layers/regsimple2addfp_14.job	b04826cc23574e7cdf2172be0e1c16da
archive	archive/gen1-2015-2018/YACC1A1/Old/4 reg no inc-dec - 4 layers/regsimple2addfp_15.job	YACCS-OLD/YACC1A1/Old/4 reg no inc:dec - 4 layers/regsimple2addfp_15.job	d681d9c7ca495b44399ce746349f9b0e
archive	archive/gen1-2015-2018/YACC1A1/Old/4 reg no inc-dec - 4 layers/regsimple2addfp_16.job	YACCS-OLD/YACC1A1/Old/4 reg no inc:dec - 4 layers/regsimple2addfp_16.job	e18e1f42cfbfc2a3d1920d37efa77f29
archive	archive/gen1-2015-2018/YACC1A1/Old/4 reg no inc-dec - 4 layers/regsimple2addfp_17.job	YACCS-OLD/YACC1A1/Old/4 reg no inc:dec - 4 layers/regsimple2addfp_17.job	42cd4d9061383799addf4a287769fbc7
archive	archive/gen1-2015-2018/YACC1A1/Old/4 reg no inc-dec - 4 layers/regsimple2addfp_18.job	YACCS-OLD/YACC1A1/Old/4 reg no inc:dec - 4 layers/regsimple2addfp_18.job	b4957bfef43034b7bfbaad74257457b3
archive	archive/gen1-2015-2018/YACC1A1/Old/4 reg no inc-dec - 4 layers/regsimple2addfp_19.job	YACCS-OLD/YACC1A1/Old/4 reg no inc:dec - 4 layers/regsimple2addfp_19.job	3f0ab722908080064038f7aadd02604a
archive	archive/gen1-2015-2018/YACC1A1/Old/4 reg no inc-dec - 4 layers/regsimple2addfp_20.job	YACCS-OLD/YACC1A1/Old/4 reg no inc:dec - 4 layers/regsimple2addfp_20.job	c29f9329ee86390ca710a0315e1d6869
archive	archive/gen1-2015-2018/YACC1A1/Old/4 reg no inc-dec - 4 layers/regsimple2addfp_21.job	YACCS-OLD/YACC1A1/Old/4 reg no inc:dec - 4 layers/regsimple2addfp_21.job	05f470de50a73ec13b7df56ddd4c77d3
archive	archive/gen1-2015-2018/YACC1A1/Old/4 reg no inc-dec-PROD-V1.1/regsimple test.circ	YACCS-OLD/YACC1A1/Old/4 reg no inc:dec-PROD-V1.1/regsimple test.circ	6f272cbce60d1e985621c9c398680599
archive	archive/gen1-2015-2018/YACC1A1/Old/4 reg no inc-dec-PROD-V1.1/regsimple2addfp copy.brd	YACCS-OLD/YACC1A1/Old/4 reg no inc:dec-PROD-V1.1/regsimple2addfp copy.brd	7ae86418f248eaf1ab850bfcf8ccec63
archive	archive/gen1-2015-2018/YACC1A1/Old/4 reg no inc-dec-PROD-V1.1/regsimple2addfp copy.pro	YACCS-OLD/YACC1A1/Old/4 reg no inc:dec-PROD-V1.1/regsimple2addfp copy.pro	12f80e29ad104a16c7f10934814c7b5c
archive	archive/gen1-2015-2018/YACC1A1/Old/4 reg no inc-dec-PROD-V1.1/regsimple2addfp copy.sch	YACCS-OLD/YACC1A1/Old/4 reg no inc:dec-PROD-V1.1/regsimple2addfp copy.sch	c26bae8d01f60a23a61fe26a10c01885
archive	archive/gen1-2015-2018/YACC1A1/Old/4 reg no inc-dec-PROD-V1.1/regsimple2addfp-bom.txt	YACCS-OLD/YACC1A1/Old/4 reg no inc:dec-PROD-V1.1/regsimple2addfp-bom.txt	bdcf717f32f9d506e6bb71fc222da87c
archive	archive/gen1-2015-2018/YACC1A1/Old/4 reg no inc-dec-PROD-V1.1/regsimple2addfp-brd.pdf	YACCS-OLD/YACC1A1/Old/4 reg no inc:dec-PROD-V1.1/regsimple2addfp-brd.pdf	576ca14226ada4a391f021a18bf7d934
archive	archive/gen1-2015-2018/YACC1A1/Old/4 reg no inc-dec-PROD-V1.1/regsimple2addfp-sch.pdf	YACCS-OLD/YACC1A1/Old/4 reg no inc:dec-PROD-V1.1/regsimple2addfp-sch.pdf	482d91a05d52d7bfc692cc7bfd2e89bb
archive	archive/gen1-2015-2018/YACC1A1/Old/4 reg no inc-dec-PROD-V1.1/regsimple2addfp.brd	YACCS-OLD/YACC1A1/Old/4 reg no inc:dec-PROD-V1.1/regsimple2addfp.brd	e89fda52d7e8996d17f4295f9f5b98c6
archive	archive/gen1-2015-2018/YACC1A1/Old/4 reg no inc-dec-PROD-V1.1/regsimple2addfp.csv	YACCS-OLD/YACC1A1/Old/4 reg no inc:dec-PROD-V1.1/regsimple2addfp.csv	2297c30b5672514082b46b5365e8db14
archive	archive/gen1-2015-2018/YACC1A1/Old/4 reg no inc-dec-PROD-V1.1/regsimple2addfp.pro	YACCS-OLD/YACC1A1/Old/4 reg no inc:dec-PROD-V1.1/regsimple2addfp.pro	0a04e084954bb8ef5b5c72254e7e84da
archive	archive/gen1-2015-2018/YACC1A1/Old/4 reg no inc-dec-PROD-V1.1/regsimple2addfp.sch	YACCS-OLD/YACC1A1/Old/4 reg no inc:dec-PROD-V1.1/regsimple2addfp.sch	5b9c4eb312f069d4aa806bb429c63849
archive	archive/gen1-2015-2018/YACC1A1/Old/4 reg no inc-dec/regsimple2addfp.brd	YACCS-OLD/YACC1A1/Old/4 reg no inc:dec/regsimple2addfp.brd	5c8cb0e0b61dba9233ba17c4f70a562d
archive	archive/gen1-2015-2018/YACC1A1/Old/4 reg no inc-dec/regsimple2addfp.pro	YACCS-OLD/YACC1A1/Old/4 reg no inc:dec/regsimple2addfp.pro	6c19f00153351b0fd1b9eb09068c55c0
archive	archive/gen1-2015-2018/YACC1A1/Old/4 reg no inc-dec/regsimple2addfp.sch	YACCS-OLD/YACC1A1/Old/4 reg no inc:dec/regsimple2addfp.sch	568c7300bc0fd4091f5d943b193adcdf
archive	archive/gen1-2015-2018/YACC1A1/Old/4 reg with inc-dec/registers2-4a.brd	YACCS-OLD/YACC1A1/Old/4 reg with inc:dec/registers2-4a.brd	ce9f7078b14b677c8978fb022de3a2c3
archive	archive/gen1-2015-2018/YACC1A1/Old/4 reg with inc-dec/registers2-4a.sch	YACCS-OLD/YACC1A1/Old/4 reg with inc:dec/registers2-4a.sch	69b86513f82b3b4b254a56cc1d43733c
archive	archive/gen1-2015-2018/YACC1A1/Old/Bus Definition V1.1.sch	YACCS-OLD/YACC1A1/Old/Bus Definition V1.1.sch	a7bdffb13eda4061b01cb17eb32e45e5
archive	archive/gen1-2015-2018/YACC1A1/Old/Bus/yacc1buss 2.brd	YACCS-OLD/YACC1A1/Old/Bus/yacc1buss 2.brd	e9007ce7fa8e73da19e0caf07db3caee
archive	archive/gen1-2015-2018/YACC1A1/Old/Bus/yacc1buss.brd	YACCS-OLD/YACC1A1/Old/Bus/yacc1buss.brd	166542cd764c6f2118b6e33b3705e7ab
archive	archive/gen1-2015-2018/YACC1A1/Old/Bus/yacc1buss.sch	YACCS-OLD/YACC1A1/Old/Bus/yacc1buss.sch	73815dd1d0f90a3648002806e56cde03
archive	archive/gen1-2015-2018/YACC1A1/Old/SP-PC/SP-PC copy.sch	YACCS-OLD/YACC1A1/Old/SP:PC/SP:PC copy.sch	a6a63ac4bda2f1b86e8842774788e26c
archive	archive/gen1-2015-2018/YACC1A1/Old/SP-PC/SP-PC.brd	YACCS-OLD/YACC1A1/Old/SP:PC/SP:PC.brd	53d77ba6a6f13e77f59b1e514ae9fb66
archive	archive/gen1-2015-2018/YACC1A1/Old/SP-PC/SP-PC.pro	YACCS-OLD/YACC1A1/Old/SP:PC/SP:PC.pro	aa17e1c2772a391128c096a0dcacc347
archive	archive/gen1-2015-2018/YACC1A1/Old/SP-PC/SP-PC.sch	YACCS-OLD/YACC1A1/Old/SP:PC/SP:PC.sch	d2aa79bdfca08a33f599a2f5533996bd
archive	archive/gen1-2015-2018/YACC1A1/Old/alu conv accum to shift/OSHPark-4layer.dru	YACCS-OLD/YACC1A1/Old/alu conv accum to shift/OSHPark-4layer.dru	015da187adc50489a9acde6cba13a457
archive	archive/gen1-2015-2018/YACC1A1/Old/alu conv accum to shift/alu.brd	YACCS-OLD/YACC1A1/Old/alu conv accum to shift/alu.brd	5b3190de999e7c7d8be39e843306e47a
archive	archive/gen1-2015-2018/YACC1A1/Old/alu conv accum to shift/alu.pro	YACCS-OLD/YACC1A1/Old/alu conv accum to shift/alu.pro	78027b90519f2d86d4e498a91cd36e79
archive	archive/gen1-2015-2018/YACC1A1/Old/alu conv accum to shift/alu.sch	YACCS-OLD/YACC1A1/Old/alu conv accum to shift/alu.sch	4ea3f853aa76f7b2a96548008a5d746d
archive	archive/gen1-2015-2018/YACC1A1/Old/alu conv accum to shift/alu2 2.brd	YACCS-OLD/YACC1A1/Old/alu conv accum to shift/alu2 2.brd	acfc98787e29b1f671cd6acd42806a14
archive	archive/gen1-2015-2018/YACC1A1/Old/alu conv accum to shift/alu2 3.brd	YACCS-OLD/YACC1A1/Old/alu conv accum to shift/alu2 3.brd	d0bdcef162c0fd77434cc9d8a422fdbe
archive	archive/gen1-2015-2018/YACC1A1/Old/alu conv accum to shift/alu2-bom.txt	YACCS-OLD/YACC1A1/Old/alu conv accum to shift/alu2-bom.txt	0d676b7bc37b4eb6f5e95964a3971c83
archive	archive/gen1-2015-2018/YACC1A1/Old/alu conv accum to shift/alu2-brd.pdf	YACCS-OLD/YACC1A1/Old/alu conv accum to shift/alu2-brd.pdf	f33ae55ffb198e903ef1e707c1be6dba
archive	archive/gen1-2015-2018/YACC1A1/Old/alu conv accum to shift/alu2-sch.pdf	YACCS-OLD/YACC1A1/Old/alu conv accum to shift/alu2-sch.pdf	a8c5778de058e3c1b8b7e26ffc68e32e
archive	archive/gen1-2015-2018/YACC1A1/Old/alu conv accum to shift/alu2.brd	YACCS-OLD/YACC1A1/Old/alu conv accum to shift/alu2.brd	9bd75567218b1ca4fb8ad6f08ee6b821
archive	archive/gen1-2015-2018/YACC1A1/Old/alu conv accum to shift/alu2.crc	YACCS-OLD/YACC1A1/Old/alu conv accum to shift/alu2.crc	10cef41d4403c35733dff00f020e7b02
archive	archive/gen1-2015-2018/YACC1A1/Old/alu conv accum to shift/alu2.dpv	YACCS-OLD/YACC1A1/Old/alu conv accum to shift/alu2.dpv	5cd645af32b06681b53d01075efa70c9
archive	archive/gen1-2015-2018/YACC1A1/Old/alu conv accum to shift/alu2.drd	YACCS-OLD/YACC1A1/Old/alu conv accum to shift/alu2.drd	918ccf1c42c27e4abdf4b046d313ce6a
archive	archive/gen1-2015-2018/YACC1A1/Old/alu conv accum to shift/alu2.dri	YACCS-OLD/YACC1A1/Old/alu conv accum to shift/alu2.dri	8808d34fac5f56ca6e704ad18db9cc09
archive	archive/gen1-2015-2018/YACC1A1/Old/alu conv accum to shift/alu2.gpi	YACCS-OLD/YACC1A1/Old/alu conv accum to shift/alu2.gpi	09653fe16de21f7573b87dc2eb89b9de
archive	archive/gen1-2015-2018/YACC1A1/Old/alu conv accum to shift/alu2.pdf	YACCS-OLD/YACC1A1/Old/alu conv accum to shift/alu2.pdf	3422cccf85094aa4d6ef5c30a87c98b7
archive	archive/gen1-2015-2018/YACC1A1/Old/alu conv accum to shift/alu2.pro	YACCS-OLD/YACC1A1/Old/alu conv accum to shift/alu2.pro	7c7818155e32100925088e97d494fc54
archive	archive/gen1-2015-2018/YACC1A1/Old/alu conv accum to shift/alu2.sch	YACCS-OLD/YACC1A1/Old/alu conv accum to shift/alu2.sch	42635ed04eadc823a99fde7ae8e2b644
archive	archive/gen1-2015-2018/YACC1A1/Old/alu conv accum to shift/alu3.brd	YACCS-OLD/YACC1A1/Old/alu conv accum to shift/alu3.brd	f481ec46d9199d51024ff4e2e4270009
archive	archive/gen1-2015-2018/YACC1A1/Old/alu conv accum to shift/alu3.pro	YACCS-OLD/YACC1A1/Old/alu conv accum to shift/alu3.pro	737f7fc05ff402fea198203fe84224e5
archive	archive/gen1-2015-2018/YACC1A1/Old/alu conv accum to shift/alu3.sch	YACCS-OLD/YACC1A1/Old/alu conv accum to shift/alu3.sch	dc6b1bfbd6a718e603c31e96b7afbcad
archive	archive/gen1-2015-2018/YACC1A1/Old/alu conv accum to shift/untitled folder/Archive.zip	YACCS-OLD/YACC1A1/Old/alu conv accum to shift/untitled folder/Archive.zip	87bd4b0c124e2c55b5062b5b7ce06d5d
archive	archive/gen1-2015-2018/YACC1A1/Old/alu conv accum to shift/untitled folder/alu2.cmp	YACCS-OLD/YACC1A1/Old/alu conv accum to shift/untitled folder/alu2.cmp	fd3ade0855dd51dee83af2b5d094c029
archive	archive/gen1-2015-2018/YACC1A1/Old/alu conv accum to shift/untitled folder/alu2.drh	YACCS-OLD/YACC1A1/Old/alu conv accum to shift/untitled folder/alu2.drh	c1a69e8404ef1bced30a7cf3b5eb13a4
archive	archive/gen1-2015-2018/YACC1A1/Old/alu conv accum to shift/untitled folder/alu2.plc	YACCS-OLD/YACC1A1/Old/alu conv accum to shift/untitled folder/alu2.plc	b73337f5410382690ea225f24f0952a8
archive	archive/gen1-2015-2018/YACC1A1/Old/alu conv accum to shift/untitled folder/alu2.sol	YACCS-OLD/YACC1A1/Old/alu conv accum to shift/untitled folder/alu2.sol	edaee4632aa2e90bfbd5c7851ead512a
archive	archive/gen1-2015-2018/YACC1A1/Old/alu conv accum to shift/untitled folder/alu2.stc	YACCS-OLD/YACC1A1/Old/alu conv accum to shift/untitled folder/alu2.stc	2dfd64cc7b5ab876372348985db9b99d
archive	archive/gen1-2015-2018/YACC1A1/Old/alu/alu3 2.brd	YACCS-OLD/YACC1A1/Old/alu/alu3 2.brd	a7a9bbfee8c87539b7e9043818f0c71c
archive	archive/gen1-2015-2018/YACC1A1/Old/alu/alu3 2.sch	YACCS-OLD/YACC1A1/Old/alu/alu3 2.sch	ba4b4c9592669ee7e6e910878c43a9d7
archive	archive/gen1-2015-2018/YACC1A1/Old/alu/alu3.brd	YACCS-OLD/YACC1A1/Old/alu/alu3.brd	227fd78c9c9ab23003b9db1267622077
archive	archive/gen1-2015-2018/YACC1A1/Old/alu/alu3.sch	YACCS-OLD/YACC1A1/Old/alu/alu3.sch	62cc68d1eeb5cc2323ae88e93e9343dd
archive	archive/gen1-2015-2018/YACC1A1/Old/alu/alu3_00.job	YACCS-OLD/YACC1A1/Old/alu/alu3_00.job	3efce3b61dd4c0916aa32d1743540698
archive	archive/gen1-2015-2018/YACC1A1/Old/alu/alu3_00.pro	YACCS-OLD/YACC1A1/Old/alu/alu3_00.pro	93fc88dd0001251c3cd63eab5b58e8f2
archive	archive/gen1-2015-2018/YACC1A1/Old/alu/alu3_01.job	YACCS-OLD/YACC1A1/Old/alu/alu3_01.job	b92c73dc1fad9978f7ae1963245704b5
archive	archive/gen1-2015-2018/YACC1A1/Old/alu/alu3_01.pro	YACCS-OLD/YACC1A1/Old/alu/alu3_01.pro	7256bd3fd37fdd8a8ee8a2953e974347
archive	archive/gen1-2015-2018/YACC1A1/Old/alu/alu3_02.job	YACCS-OLD/YACC1A1/Old/alu/alu3_02.job	f80e9766448f95bc875816213bd6dcc8
archive	archive/gen1-2015-2018/YACC1A1/Old/alu/alu3_02.pro	YACCS-OLD/YACC1A1/Old/alu/alu3_02.pro	ecfbc14dbb3e10f932878961dc1c85cf
archive	archive/gen1-2015-2018/YACC1A1/Old/alu/alu3_03.job	YACCS-OLD/YACC1A1/Old/alu/alu3_03.job	555b730b095fbad858a1d15fca67f680
archive	archive/gen1-2015-2018/YACC1A1/Old/alu/alu3_03.pro	YACCS-OLD/YACC1A1/Old/alu/alu3_03.pro	f3056f3f7c377163556fe98fcc3d4a7a
archive	archive/gen1-2015-2018/YACC1A1/Old/connector/connector.sch	YACCS-OLD/YACC1A1/Old/connector/connector.sch	6b7b052a4ad5b83b1c554676aea4dc33
archive	archive/gen1-2015-2018/YACC1A1/Old/opcodes/YACC1 Connector - A1.1.csv	YACCS-OLD/YACC1A1/Old/opcodes/YACC1 Connector - A1.1.csv	6709c22b126271e454d70bc33299f469
archive	archive/gen1-2015-2018/YACC1A1/Old/opcodes/YACC1 Connector - B1.1.csv	YACCS-OLD/YACC1A1/Old/opcodes/YACC1 Connector - B1.1.csv	bbc143d13650fb8b61363550d919f5ea
archive	archive/gen1-2015-2018/YACC1A1/Old/opcodes/YACC1 Connector - C1.1.csv	YACCS-OLD/YACC1A1/Old/opcodes/YACC1 Connector - C1.1.csv	a00cd485f1020b17b0a7e9868eaff9f7
archive	archive/gen1-2015-2018/YACC1A1/Old/opcodes/ops	YACCS-OLD/YACC1A1/Old/opcodes/ops	0b81d3f8a9344db3a2cd5a0fbadd91cc
archive	archive/gen1-2015-2018/YACC1A1/Old/tester-code V1.0/test_monitor/test_monitor.ino	YACCS-OLD/YACC1A1/Old/tester-code V1.0/test_monitor/test_monitor.ino	bc1e3f46c0abdd417fecf7107ca6e132
archive	archive/gen1-2015-2018/YACC1A1/Old/tester/Blink2/Blink2.ino	YACCS-OLD/YACC1A1/Old/tester/Blink2/Blink2.ino	71a63c13f56d79158523e72973e15928
archive	archive/gen1-2015-2018/YACC1A1/Old/tester/test_monitor/test_monitor.ino	YACCS-OLD/YACC1A1/Old/tester/test_monitor/test_monitor.ino	cc3dcf41184209518b587efa6da8a230
archive	archive/gen1-2015-2018/YACC1A1/Old/tester/tester.brd	YACCS-OLD/YACC1A1/Old/tester/tester.brd	fea0bdbfc09aa693ca58f5cda46fc82c
archive	archive/gen1-2015-2018/YACC1A1/Old/tester/tester.pro	YACCS-OLD/YACC1A1/Old/tester/tester.pro	109857c0efe771be862190b0d5f354bd
archive	archive/gen1-2015-2018/YACC1A1/Old/tester/tester.sch	YACCS-OLD/YACC1A1/Old/tester/tester.sch	6992ea9ce5243bd42f7bab27e9dab354
archive	archive/gen1-2015-2018/YACC1A1/PRODUCTION/ALU-PROD-V1.0/alu4 2.pdf	YACCS-OLD/YACC1A1/PRODUCTION/ALU-PROD-V1.0/alu4 2.pdf	53639c4a305ee5fb47a88c8d574d2f10
archive	archive/gen1-2015-2018/YACC1A1/PRODUCTION/ALU-PROD-V1.0/alu4.brd	YACCS-OLD/YACC1A1/PRODUCTION/ALU-PROD-V1.0/alu4.brd	757b48089afc0d7e47a4e3dad47a0ac6
archive	archive/gen1-2015-2018/YACC1A1/PRODUCTION/ALU-PROD-V1.0/alu4.crc	YACCS-OLD/YACC1A1/PRODUCTION/ALU-PROD-V1.0/alu4.crc	7ba4567d338bce2b856f857b216f756f
archive	archive/gen1-2015-2018/YACC1A1/PRODUCTION/ALU-PROD-V1.0/alu4.gpi	YACCS-OLD/YACC1A1/PRODUCTION/ALU-PROD-V1.0/alu4.gpi	8d2126e649ec3b9a0fad8f08414057d3
archive	archive/gen1-2015-2018/YACC1A1/PRODUCTION/ALU-PROD-V1.0/alu4.pdf	YACCS-OLD/YACC1A1/PRODUCTION/ALU-PROD-V1.0/alu4.pdf	ba67dcf2d61e79013b3cd308f1536c95
archive	archive/gen1-2015-2018/YACC1A1/PRODUCTION/ALU-PROD-V1.0/alu4.pls	YACCS-OLD/YACC1A1/PRODUCTION/ALU-PROD-V1.0/alu4.pls	36ada8cee784d4a64871e32e6ce073be
archive	archive/gen1-2015-2018/YACC1A1/PRODUCTION/ALU-PROD-V1.0/alu4.pro	YACCS-OLD/YACC1A1/PRODUCTION/ALU-PROD-V1.0/alu4.pro	c9237924ead692ae61a806e51b7784db
archive	archive/gen1-2015-2018/YACC1A1/PRODUCTION/ALU-PROD-V1.0/alu4.sch	YACCS-OLD/YACC1A1/PRODUCTION/ALU-PROD-V1.0/alu4.sch	c6d95c91c873c23ba5b0d11eb9f380ea
archive	archive/gen1-2015-2018/YACC1A1/PRODUCTION/ALU-PROD-V1.0/alu4_00.job	YACCS-OLD/YACC1A1/PRODUCTION/ALU-PROD-V1.0/alu4_00.job	0dad1786efc596eb49ae1617cd1be060
archive	archive/gen1-2015-2018/YACC1A1/PRODUCTION/ALU-PROD-V1.0/alu4_01.job	YACCS-OLD/YACC1A1/PRODUCTION/ALU-PROD-V1.0/alu4_01.job	55080ce92218bfcd465d2cbf340eed13
archive	archive/gen1-2015-2018/YACC1A1/PRODUCTION/ALU-PROD-V1.0/alu4_02.job	YACCS-OLD/YACC1A1/PRODUCTION/ALU-PROD-V1.0/alu4_02.job	5972b46d58934386d8d04039d62a91b2
archive	archive/gen1-2015-2018/YACC1A1/PRODUCTION/ALU-PROD-V1.0/alu4_03.job	YACCS-OLD/YACC1A1/PRODUCTION/ALU-PROD-V1.0/alu4_03.job	1afbfdc4cf11e287062d843e1a028458
archive	archive/gen1-2015-2018/YACC1A1/PRODUCTION/ALU-PROD-V1.0/alu4_04.job	YACCS-OLD/YACC1A1/PRODUCTION/ALU-PROD-V1.0/alu4_04.job	aff0eea6ec812a9b7853d9a46047c575
archive	archive/gen1-2015-2018/YACC1A1/PRODUCTION/ALU-PROD-V1.0/alu4_05.job	YACCS-OLD/YACC1A1/PRODUCTION/ALU-PROD-V1.0/alu4_05.job	5c585cfa6c4e245cf83caf8cb1955bfc
archive	archive/gen1-2015-2018/YACC1A1/PRODUCTION/ALU-PROD-V1.0/alu4_06.job	YACCS-OLD/YACC1A1/PRODUCTION/ALU-PROD-V1.0/alu4_06.job	4b288bb2aab949e57a0a500fb0fe0bf2
archive	archive/gen1-2015-2018/YACC1A1/PRODUCTION/ALU-PROD-V1.0/alu4_07.job	YACCS-OLD/YACC1A1/PRODUCTION/ALU-PROD-V1.0/alu4_07.job	cee997249f2be2603568a65dd279a26a
archive	archive/gen1-2015-2018/YACC1A1/PRODUCTION/ALU-PROD-V1.0/alu4_08.job	YACCS-OLD/YACC1A1/PRODUCTION/ALU-PROD-V1.0/alu4_08.job	1e2fec3b74b8381501103a732553559f
archive	archive/gen1-2015-2018/YACC1A1/PRODUCTION/ALU-PROD-V1.0/gerbers.zip	YACCS-OLD/YACC1A1/PRODUCTION/ALU-PROD-V1.0/gerbers.zip	ce80bd3b31d9790aeb08454c62bb84e8
archive	archive/gen1-2015-2018/YACC1A1/PRODUCTION/ALU-PROD-V1.0/gerbers/alu4.l15	YACCS-OLD/YACC1A1/PRODUCTION/ALU-PROD-V1.0/gerbers/alu4.l15	a612ba1f7e8df8f9c1ba5e177d63f1c3
archive	archive/gen1-2015-2018/YACC1A1/PRODUCTION/ALU-PROD-V1.0/gerbers/alu4.ly2	YACCS-OLD/YACC1A1/PRODUCTION/ALU-PROD-V1.0/gerbers/alu4.ly2	8b7ee8866e9fc260eb48612773a2ceb2
archive	archive/gen1-2015-2018/YACC1A1/PRODUCTION/BUS-JUMPER-PROD-V1.0/new - bus 1.21/Bus Definition V1.2.brd	YACCS-OLD/YACC1A1/PRODUCTION/BUS-JUMPER-PROD-V1.0/new - bus 1.21/Bus Definition V1.2.brd	2bd0c156d90875b9f7c210b38fe5772e
archive	archive/gen1-2015-2018/YACC1A1/PRODUCTION/BUS-JUMPER-PROD-V1.0/new - bus 1.21/Bus Definition V1.2.dri	YACCS-OLD/YACC1A1/PRODUCTION/BUS-JUMPER-PROD-V1.0/new - bus 1.21/Bus Definition V1.2.dri	1cfb43dc3d788abc15db645e74a22e87
archive	archive/gen1-2015-2018/YACC1A1/PRODUCTION/BUS-JUMPER-PROD-V1.0/new - bus 1.21/Bus Definition V1.2.gpi	YACCS-OLD/YACC1A1/PRODUCTION/BUS-JUMPER-PROD-V1.0/new - bus 1.21/Bus Definition V1.2.gpi	a4ba82605e0d17a32803440b5f11b4d1
archive	archive/gen1-2015-2018/YACC1A1/PRODUCTION/BUS-JUMPER-PROD-V1.0/new - bus 1.21/Bus Definition V1.2.pdf	YACCS-OLD/YACC1A1/PRODUCTION/BUS-JUMPER-PROD-V1.0/new - bus 1.21/Bus Definition V1.2.pdf	527ade45ba86ec540198c170256f3f4d
archive	archive/gen1-2015-2018/YACC1A1/PRODUCTION/BUS-JUMPER-PROD-V1.0/new - bus 1.21/Bus Definition V1.2.pro	YACCS-OLD/YACC1A1/PRODUCTION/BUS-JUMPER-PROD-V1.0/new - bus 1.21/Bus Definition V1.2.pro	e54f3d8722aecd5f9d4f28c4523a0320
archive	archive/gen1-2015-2018/YACC1A1/PRODUCTION/BUS-JUMPER-PROD-V1.0/new - bus 1.21/Bus Definition V1.2.sch	YACCS-OLD/YACC1A1/PRODUCTION/BUS-JUMPER-PROD-V1.0/new - bus 1.21/Bus Definition V1.2.sch	204990b07cc998fd5aa7ab3dfd3ad36e
archive	archive/gen1-2015-2018/YACC1A1/PRODUCTION/BUS-JUMPER-PROD-V1.0/new - bus 1.21/Bus Definition V1.2_00.pro	YACCS-OLD/YACC1A1/PRODUCTION/BUS-JUMPER-PROD-V1.0/new - bus 1.21/Bus Definition V1.2_00.pro	a39461b8234214633a310cacb646aaec
archive	archive/gen1-2015-2018/YACC1A1/PRODUCTION/BUS-JUMPER-PROD-V1.0/new - bus 1.21/Bus Definition V1.2_01.pro	YACCS-OLD/YACC1A1/PRODUCTION/BUS-JUMPER-PROD-V1.0/new - bus 1.21/Bus Definition V1.2_01.pro	0bc42698e51d9af2f801026677a8ceb3
archive	archive/gen1-2015-2018/YACC1A1/PRODUCTION/BUS-JUMPER-PROD-V1.0/new - bus 1.21/Bus Definition V1.2_02.pro	YACCS-OLD/YACC1A1/PRODUCTION/BUS-JUMPER-PROD-V1.0/new - bus 1.21/Bus Definition V1.2_02.pro	8f12d59d5d4d8d49bf6b00786de63a3e
archive	archive/gen1-2015-2018/YACC1A1/PRODUCTION/BUS-JUMPER-PROD-V1.0/new - bus 1.21/Bus Definition V1.2_03.pro	YACCS-OLD/YACC1A1/PRODUCTION/BUS-JUMPER-PROD-V1.0/new - bus 1.21/Bus Definition V1.2_03.pro	e7ac34de75d0c91cbd3c74d8cfb5cbf6
archive	archive/gen1-2015-2018/YACC1A1/PRODUCTION/BUS-JUMPER-PROD-V1.0/new - bus 1.21/Bus Definition V1.2_04.pro	YACCS-OLD/YACC1A1/PRODUCTION/BUS-JUMPER-PROD-V1.0/new - bus 1.21/Bus Definition V1.2_04.pro	2dc807ebdfc4740bef541e2680ee9bbd
archive	archive/gen1-2015-2018/YACC1A1/PRODUCTION/BUS-JUMPER-PROD-V1.0/new - bus 1.21/gerbers.zip	YACCS-OLD/YACC1A1/PRODUCTION/BUS-JUMPER-PROD-V1.0/new - bus 1.21/gerbers.zip	a418b7f0570785a66706bbd5fe7031e7
archive	archive/gen1-2015-2018/YACC1A1/PRODUCTION/BUS-JUMPER-PROD-V1.0/new - bus 1.21/gerbers/Bus Definition V1.2.cmp	YACCS-OLD/YACC1A1/PRODUCTION/BUS-JUMPER-PROD-V1.0/new - bus 1.21/gerbers/Bus Definition V1.2.cmp	76261d295158e9b14de65382d36d07a5
archive	archive/gen1-2015-2018/YACC1A1/PRODUCTION/BUS-JUMPER-PROD-V1.0/new - bus 1.21/gerbers/Bus Definition V1.2.drd	YACCS-OLD/YACC1A1/PRODUCTION/BUS-JUMPER-PROD-V1.0/new - bus 1.21/gerbers/Bus Definition V1.2.drd	fc78552a31e23df8f50322adb1c2fb54
archive	archive/gen1-2015-2018/YACC1A1/PRODUCTION/BUS-JUMPER-PROD-V1.0/new - bus 1.21/gerbers/Bus Definition V1.2.plc	YACCS-OLD/YACC1A1/PRODUCTION/BUS-JUMPER-PROD-V1.0/new - bus 1.21/gerbers/Bus Definition V1.2.plc	5abcfc32a00749643b27185744629b5b
archive	archive/gen1-2015-2018/YACC1A1/PRODUCTION/BUS-JUMPER-PROD-V1.0/new - bus 1.21/gerbers/Bus Definition V1.2.sol	YACCS-OLD/YACC1A1/PRODUCTION/BUS-JUMPER-PROD-V1.0/new - bus 1.21/gerbers/Bus Definition V1.2.sol	82762be70b9c8e892f2ec001e8fd15c9
archive	archive/gen1-2015-2018/YACC1A1/PRODUCTION/BUS-JUMPER-PROD-V1.0/new - bus 1.21/gerbers/Bus Definition V1.2.stc	YACCS-OLD/YACC1A1/PRODUCTION/BUS-JUMPER-PROD-V1.0/new - bus 1.21/gerbers/Bus Definition V1.2.stc	65f413c7a8b802d9910c5a04513923aa
archive	archive/gen1-2015-2018/YACC1A1/PRODUCTION/BUS-JUMPER-PROD-V1.0/orig - bus 1.20/Bus Definition V1.2.brd	YACCS-OLD/YACC1A1/PRODUCTION/BUS-JUMPER-PROD-V1.0/orig - bus 1.20/Bus Definition V1.2.brd	e81e8bae5e9286414f22c25c3a2458b9
archive	archive/gen1-2015-2018/YACC1A1/PRODUCTION/BUS-JUMPER-PROD-V1.0/orig - bus 1.20/Bus Definition V1.2.sch	YACCS-OLD/YACC1A1/PRODUCTION/BUS-JUMPER-PROD-V1.0/orig - bus 1.20/Bus Definition V1.2.sch	d665c5e9e6c2602f1d279809f9d53781
archive	archive/gen1-2015-2018/YACC1A1/PRODUCTION/Old/BUS-PROD-V1.0/yacc2buss-brd.pdf	YACCS-OLD/YACC1A1/PRODUCTION/Old/BUS-PROD-V1.0/yacc2buss-brd.pdf	65945a75a809ca96879d956a624b0d02
archive	archive/gen1-2015-2018/YACC1A1/PRODUCTION/Old/BUS-PROD-V1.0/yacc2buss.brd	YACCS-OLD/YACC1A1/PRODUCTION/Old/BUS-PROD-V1.0/yacc2buss.brd	e0324da39100f42c1ae85d7d33fa0c84
archive	archive/gen1-2015-2018/YACC1A1/PRODUCTION/Old/BUS-PROD-V1.0/yacc2buss.pdf	YACCS-OLD/YACC1A1/PRODUCTION/Old/BUS-PROD-V1.0/yacc2buss.pdf	91421573ec4d8ad0d4d880567e2de40f
archive	archive/gen1-2015-2018/YACC1A1/PRODUCTION/Old/BUS-PROD-V1.0/yacc2buss.sch	YACCS-OLD/YACC1A1/PRODUCTION/Old/BUS-PROD-V1.0/yacc2buss.sch	b6a440750393ee33007b09503c334b5f
archive	archive/gen1-2015-2018/YACC1A1/PRODUCTION/Old/RESGISTER-PROD-V1.0/regsimple2addfp.brd	YACCS-OLD/YACC1A1/PRODUCTION/Old/RESGISTER-PROD-V1.0/regsimple2addfp.brd	c64ba105f8ca492b180a56e2b34ceb70
archive	archive/gen1-2015-2018/YACC1A1/PRODUCTION/Old/RESGISTER-PROD-V1.0/regsimple2addfp.pdf	YACCS-OLD/YACC1A1/PRODUCTION/Old/RESGISTER-PROD-V1.0/regsimple2addfp.pdf	2bc0766fba99a8edbc3b5f06fb375b99
archive	archive/gen1-2015-2018/YACC1A1/PRODUCTION/Old/RESGISTER-PROD-V1.0/regsimple2addfp.pro	YACCS-OLD/YACC1A1/PRODUCTION/Old/RESGISTER-PROD-V1.0/regsimple2addfp.pro	3b87eaf200b7c055143a794b9aef9c1a
archive	archive/gen1-2015-2018/YACC1A1/PRODUCTION/Old/RESGISTER-PROD-V1.0/regsimple2addfp.sch	YACCS-OLD/YACC1A1/PRODUCTION/Old/RESGISTER-PROD-V1.0/regsimple2addfp.sch	4a91ed7766ae5a8fb131906faf3d74db
archive	archive/gen1-2015-2018/YACC1A1/PRODUCTION/Old/TESTER-PROD-V1.0/tester-brd.pdf	YACCS-OLD/YACC1A1/PRODUCTION/Old/TESTER-PROD-V1.0/tester-brd.pdf	5b5a452ea4782b29dd77f1519f9bd275
archive	archive/gen1-2015-2018/YACC1A1/PRODUCTION/Old/TESTER-PROD-V1.0/tester-sch.pdf	YACCS-OLD/YACC1A1/PRODUCTION/Old/TESTER-PROD-V1.0/tester-sch.pdf	45432998cd5564ec81142dbc9853eb86
archive	archive/gen1-2015-2018/YACC1A1/PRODUCTION/Old/TESTER-PROD-V1.0/tester.brd	YACCS-OLD/YACC1A1/PRODUCTION/Old/TESTER-PROD-V1.0/tester.brd	42dad69adaada61aa9a27b5b848ea118
archive	archive/gen1-2015-2018/YACC1A1/PRODUCTION/Old/TESTER-PROD-V1.0/tester.pdf	YACCS-OLD/YACC1A1/PRODUCTION/Old/TESTER-PROD-V1.0/tester.pdf	5a021c8807e22882ae0cad0a27917b47
archive	archive/gen1-2015-2018/YACC1A1/PRODUCTION/Old/TESTER-PROD-V1.0/tester.sch	YACCS-OLD/YACC1A1/PRODUCTION/Old/TESTER-PROD-V1.0/tester.sch	e66a57b86ab09609572f26cb1c844cb4
archive	archive/gen1-2015-2018/YACC1A1/PRODUCTION/REGISTER-PROD-V1.2/MODS/MODS .rtf	YACCS-OLD/YACC1A1/PRODUCTION/REGISTER-PROD-V1.2/MODS/MODS .rtf	761c806e71a59c5fe28afee57e3b6a01
archive	archive/gen1-2015-2018/YACC1A1/PRODUCTION/REGISTER-PROD-V1.2/MODS/gerbers.zip	YACCS-OLD/YACC1A1/PRODUCTION/REGISTER-PROD-V1.2/MODS/gerbers.zip	bd078286ca336466f1abde462873e9dc
archive	archive/gen1-2015-2018/YACC1A1/PRODUCTION/REGISTER-PROD-V1.2/MODS/gerbers/reg-board.cmp	YACCS-OLD/YACC1A1/PRODUCTION/REGISTER-PROD-V1.2/MODS/gerbers/reg-board.cmp	b577dde6efcf384f6be59dc62e17917d
archive	archive/gen1-2015-2018/YACC1A1/PRODUCTION/REGISTER-PROD-V1.2/MODS/gerbers/reg-board.drd	YACCS-OLD/YACC1A1/PRODUCTION/REGISTER-PROD-V1.2/MODS/gerbers/reg-board.drd	c6c363d9eaa3fbb9cf4d84b39534c9b8
archive	archive/gen1-2015-2018/YACC1A1/PRODUCTION/REGISTER-PROD-V1.2/MODS/gerbers/reg-board.plc	YACCS-OLD/YACC1A1/PRODUCTION/REGISTER-PROD-V1.2/MODS/gerbers/reg-board.plc	2301bf5f5947632ce326d84b345ec4f9
archive	archive/gen1-2015-2018/YACC1A1/PRODUCTION/REGISTER-PROD-V1.2/MODS/gerbers/reg-board.sol	YACCS-OLD/YACC1A1/PRODUCTION/REGISTER-PROD-V1.2/MODS/gerbers/reg-board.sol	9ee667e99ca5c780cf8ef7c0406572e8
archive	archive/gen1-2015-2018/YACC1A1/PRODUCTION/REGISTER-PROD-V1.2/MODS/gerbers/reg-board.stc	YACCS-OLD/YACC1A1/PRODUCTION/REGISTER-PROD-V1.2/MODS/gerbers/reg-board.stc	a9763e7916e1318c8ee0780d3291a997
archive	archive/gen1-2015-2018/YACC1A1/PRODUCTION/REGISTER-PROD-V1.2/MODS/reg-board-1.brd	YACCS-OLD/YACC1A1/PRODUCTION/REGISTER-PROD-V1.2/MODS/reg-board-1.brd	1906cdf2e35db542e1e6c4b4de794c43
archive	archive/gen1-2015-2018/YACC1A1/PRODUCTION/REGISTER-PROD-V1.2/MODS/reg-board-1.pro	YACCS-OLD/YACC1A1/PRODUCTION/REGISTER-PROD-V1.2/MODS/reg-board-1.pro	3edec5c688aedac859cc64e7e85cb507
archive	archive/gen1-2015-2018/YACC1A1/PRODUCTION/REGISTER-PROD-V1.2/MODS/reg-board-1.sch	YACCS-OLD/YACC1A1/PRODUCTION/REGISTER-PROD-V1.2/MODS/reg-board-1.sch	d47c840620f1a6913d516d7b71032135
archive	archive/gen1-2015-2018/YACC1A1/PRODUCTION/REGISTER-PROD-V1.2/MODS/reg-board.brd	YACCS-OLD/YACC1A1/PRODUCTION/REGISTER-PROD-V1.2/MODS/reg-board.brd	78b271183bef7307ebda7935320d8c0e
archive	archive/gen1-2015-2018/YACC1A1/PRODUCTION/REGISTER-PROD-V1.2/MODS/reg-board.dri	YACCS-OLD/YACC1A1/PRODUCTION/REGISTER-PROD-V1.2/MODS/reg-board.dri	b6adfb26c8744f4e5e6d90fd5e49809e
archive	archive/gen1-2015-2018/YACC1A1/PRODUCTION/REGISTER-PROD-V1.2/MODS/reg-board.gpi	YACCS-OLD/YACC1A1/PRODUCTION/REGISTER-PROD-V1.2/MODS/reg-board.gpi	53cc11f9900fa4cc8fef0680505c7cf5
archive	archive/gen1-2015-2018/YACC1A1/PRODUCTION/REGISTER-PROD-V1.2/MODS/reg-board.pro	YACCS-OLD/YACC1A1/PRODUCTION/REGISTER-PROD-V1.2/MODS/reg-board.pro	85c75ccbb6dbf2991684b51610643819
archive	archive/gen1-2015-2018/YACC1A1/PRODUCTION/REGISTER-PROD-V1.2/MODS/reg-board.sch	YACCS-OLD/YACC1A1/PRODUCTION/REGISTER-PROD-V1.2/MODS/reg-board.sch	0bb6d4d815d6ce2477b6cd1c146db8a3
archive	archive/gen1-2015-2018/YACC1A1/PRODUCTION/REGISTER-PROD-V1.2/reg-board.brd	YACCS-OLD/YACC1A1/PRODUCTION/REGISTER-PROD-V1.2/reg-board.brd	50e0c5e3b5e66b09a8aa6c5c1ad65a0c
archive	archive/gen1-2015-2018/YACC1A1/PRODUCTION/REGISTER-PROD-V1.2/reg-board.pro	YACCS-OLD/YACC1A1/PRODUCTION/REGISTER-PROD-V1.2/reg-board.pro	c06162e7d5f5c5a96d7db7e78ed655c6
archive	archive/gen1-2015-2018/YACC1A1/PRODUCTION/REGISTER-PROD-V1.2/reg-board.sch	YACCS-OLD/YACC1A1/PRODUCTION/REGISTER-PROD-V1.2/reg-board.sch	4e90631afdbcf1633b513e1477d05296
archive	archive/gen1-2015-2018/YACC1A1/PRODUCTION/SEQUENCER-LOGIC-V1.0/Sequencer-Logic-Prod-V1.0-1_03.job	YACCS-OLD/YACC1A1/PRODUCTION/SEQUENCER-LOGIC-V1.0/Sequencer-Logic-Prod-V1.0-1_03.job	b13899e2fbfc4a19982cdd37bb1a15c3
archive	archive/gen1-2015-2018/YACC1A1/PRODUCTION/SEQUENCER-LOGIC-V1.0/Sequencer-Logic-Prod-V1.0-3.brd	YACCS-OLD/YACC1A1/PRODUCTION/SEQUENCER-LOGIC-V1.0/Sequencer-Logic-Prod-V1.0-3.brd	f7d12d72a407eca85c588f9d8a133a29
archive	archive/gen1-2015-2018/YACC1A1/PRODUCTION/SEQUENCER-LOGIC-V1.0/Sequencer-Logic-Prod-V1.0-3.pro	YACCS-OLD/YACC1A1/PRODUCTION/SEQUENCER-LOGIC-V1.0/Sequencer-Logic-Prod-V1.0-3.pro	2caedc76984615828c73e398bc99988a
archive	archive/gen1-2015-2018/YACC1A1/PRODUCTION/SEQUENCER-LOGIC-V1.0/Sequencer-Logic-Prod-V1.0-3.sch	YACCS-OLD/YACC1A1/PRODUCTION/SEQUENCER-LOGIC-V1.0/Sequencer-Logic-Prod-V1.0-3.sch	4aad9d19c816450c1ba4ec5e05996f95
archive	archive/gen1-2015-2018/YACC1A1/PRODUCTION/SEQUENCER-LOGIC-V1.0/gerbers.zip	YACCS-OLD/YACC1A1/PRODUCTION/SEQUENCER-LOGIC-V1.0/gerbers.zip	41c4da08813a025d6136357ae06ec282
archive	archive/gen1-2015-2018/YACC1A1/PRODUCTION/SEQUENCER-LOGIC-V1.0/gerbers/Sequencer-Logic-Prod-V1.0-3.cmp	YACCS-OLD/YACC1A1/PRODUCTION/SEQUENCER-LOGIC-V1.0/gerbers/Sequencer-Logic-Prod-V1.0-3.cmp	714b7d0368c6d4fcb8eb0a67aba0031e
archive	archive/gen1-2015-2018/YACC1A1/PRODUCTION/SEQUENCER-LOGIC-V1.0/gerbers/Sequencer-Logic-Prod-V1.0-3.drd	YACCS-OLD/YACC1A1/PRODUCTION/SEQUENCER-LOGIC-V1.0/gerbers/Sequencer-Logic-Prod-V1.0-3.drd	1e9764d4e3c50e126b8c39e122f91724
archive	archive/gen1-2015-2018/YACC1A1/PRODUCTION/SEQUENCER-LOGIC-V1.0/gerbers/Sequencer-Logic-Prod-V1.0-3.dri	YACCS-OLD/YACC1A1/PRODUCTION/SEQUENCER-LOGIC-V1.0/gerbers/Sequencer-Logic-Prod-V1.0-3.dri	e4c939ed4992c00706c6193b35b87afd
archive	archive/gen1-2015-2018/YACC1A1/PRODUCTION/SEQUENCER-LOGIC-V1.0/gerbers/Sequencer-Logic-Prod-V1.0-3.l15	YACCS-OLD/YACC1A1/PRODUCTION/SEQUENCER-LOGIC-V1.0/gerbers/Sequencer-Logic-Prod-V1.0-3.l15	94336d0912ae5be6966e312b0fdb4ba6
archive	archive/gen1-2015-2018/YACC1A1/PRODUCTION/SEQUENCER-LOGIC-V1.0/gerbers/Sequencer-Logic-Prod-V1.0-3.ly2	YACCS-OLD/YACC1A1/PRODUCTION/SEQUENCER-LOGIC-V1.0/gerbers/Sequencer-Logic-Prod-V1.0-3.ly2	c9250f8749507b7d0f50db816e8c597c
archive	archive/gen1-2015-2018/YACC1A1/PRODUCTION/SEQUENCER-LOGIC-V1.0/gerbers/Sequencer-Logic-Prod-V1.0-3.plc	YACCS-OLD/YACC1A1/PRODUCTION/SEQUENCER-LOGIC-V1.0/gerbers/Sequencer-Logic-Prod-V1.0-3.plc	7dac45a9f7c6e4706c1a6c6a29e1777d
archive	archive/gen1-2015-2018/YACC1A1/PRODUCTION/SEQUENCER-LOGIC-V1.0/gerbers/Sequencer-Logic-Prod-V1.0-3.sol	YACCS-OLD/YACC1A1/PRODUCTION/SEQUENCER-LOGIC-V1.0/gerbers/Sequencer-Logic-Prod-V1.0-3.sol	5ecf8ac118b1a2986f05a7c9b6f68fee
archive	archive/gen1-2015-2018/YACC1A1/PRODUCTION/SEQUENCER-LOGIC-V1.0/gerbers/Sequencer-Logic-Prod-V1.0-3.stc	YACCS-OLD/YACC1A1/PRODUCTION/SEQUENCER-LOGIC-V1.0/gerbers/Sequencer-Logic-Prod-V1.0-3.stc	16908303018033544363bdd0f2e4d358
archive	archive/gen1-2015-2018/YACC1A1/PRODUCTION/SEQUENCER-LOGIC-V1.0/gerbers/Sequencer-Logic-Prod-V1.0-3.sts	YACCS-OLD/YACC1A1/PRODUCTION/SEQUENCER-LOGIC-V1.0/gerbers/Sequencer-Logic-Prod-V1.0-3.sts	b03c95f44253b34a2471bbcbd44ca6cf
archive	archive/gen1-2015-2018/YACC1A1/PRODUCTION/SEQUENCER-MEMORY-Prod-V1.0/new - bus 1.21/Sequencer-Memory-V1.0-3.brd	YACCS-OLD/YACC1A1/PRODUCTION/SEQUENCER-MEMORY-Prod-V1.0/new - bus 1.21/Sequencer-Memory-V1.0-3.brd	5d22a0f05900be6909a4463a29b946af
archive	archive/gen1-2015-2018/YACC1A1/PRODUCTION/SEQUENCER-MEMORY-Prod-V1.0/new - bus 1.21/Sequencer-Memory-V1.0-3.dri	YACCS-OLD/YACC1A1/PRODUCTION/SEQUENCER-MEMORY-Prod-V1.0/new - bus 1.21/Sequencer-Memory-V1.0-3.dri	66c43e0da1351215bb2621177dec4ea9
archive	archive/gen1-2015-2018/YACC1A1/PRODUCTION/SEQUENCER-MEMORY-Prod-V1.0/new - bus 1.21/Sequencer-Memory-V1.0-3.gpi	YACCS-OLD/YACC1A1/PRODUCTION/SEQUENCER-MEMORY-Prod-V1.0/new - bus 1.21/Sequencer-Memory-V1.0-3.gpi	c2074846b28166e5261f09c743044806
archive	archive/gen1-2015-2018/YACC1A1/PRODUCTION/SEQUENCER-MEMORY-Prod-V1.0/new - bus 1.21/Sequencer-Memory-V1.0-3.pro	YACCS-OLD/YACC1A1/PRODUCTION/SEQUENCER-MEMORY-Prod-V1.0/new - bus 1.21/Sequencer-Memory-V1.0-3.pro	008a6c8c64de26d00a1e80573bab541d
archive	archive/gen1-2015-2018/YACC1A1/PRODUCTION/SEQUENCER-MEMORY-Prod-V1.0/new - bus 1.21/Sequencer-Memory-V1.0-3.sch	YACCS-OLD/YACC1A1/PRODUCTION/SEQUENCER-MEMORY-Prod-V1.0/new - bus 1.21/Sequencer-Memory-V1.0-3.sch	19cf9c7c15e56279c4f97126a5e9bcd5
archive	archive/gen1-2015-2018/YACC1A1/PRODUCTION/SEQUENCER-MEMORY-Prod-V1.0/new - bus 1.21/gerbers.zip	YACCS-OLD/YACC1A1/PRODUCTION/SEQUENCER-MEMORY-Prod-V1.0/new - bus 1.21/gerbers.zip	f6f5601c06c96d60eb0d3431bd3b0268
archive	archive/gen1-2015-2018/YACC1A1/PRODUCTION/SEQUENCER-MEMORY-Prod-V1.0/new - bus 1.21/gerbers/Sequencer-Memory-V1.0-3.cmp	YACCS-OLD/YACC1A1/PRODUCTION/SEQUENCER-MEMORY-Prod-V1.0/new - bus 1.21/gerbers/Sequencer-Memory-V1.0-3.cmp	c88196bfa8d337a8b9535a0b92fff5ee
archive	archive/gen1-2015-2018/YACC1A1/PRODUCTION/SEQUENCER-MEMORY-Prod-V1.0/new - bus 1.21/gerbers/Sequencer-Memory-V1.0-3.drd	YACCS-OLD/YACC1A1/PRODUCTION/SEQUENCER-MEMORY-Prod-V1.0/new - bus 1.21/gerbers/Sequencer-Memory-V1.0-3.drd	f6d1db48cae8af2dca97449a350f7730
archive	archive/gen1-2015-2018/YACC1A1/PRODUCTION/SEQUENCER-MEMORY-Prod-V1.0/new - bus 1.21/gerbers/Sequencer-Memory-V1.0-3.plc	YACCS-OLD/YACC1A1/PRODUCTION/SEQUENCER-MEMORY-Prod-V1.0/new - bus 1.21/gerbers/Sequencer-Memory-V1.0-3.plc	2ddbd921de70e77605d2887c7f75fab8
archive	archive/gen1-2015-2018/YACC1A1/PRODUCTION/SEQUENCER-MEMORY-Prod-V1.0/new - bus 1.21/gerbers/Sequencer-Memory-V1.0-3.sol	YACCS-OLD/YACC1A1/PRODUCTION/SEQUENCER-MEMORY-Prod-V1.0/new - bus 1.21/gerbers/Sequencer-Memory-V1.0-3.sol	64048a6046f62c02220325083b7529ad
archive	archive/gen1-2015-2018/YACC1A1/PRODUCTION/SEQUENCER-MEMORY-Prod-V1.0/new - bus 1.21/gerbers/Sequencer-Memory-V1.0-3.stc	YACCS-OLD/YACC1A1/PRODUCTION/SEQUENCER-MEMORY-Prod-V1.0/new - bus 1.21/gerbers/Sequencer-Memory-V1.0-3.stc	ac892057492b3bb6ea3362982872d25e
archive	archive/gen1-2015-2018/YACC1A1/PRODUCTION/SEQUENCER-MEMORY-Prod-V1.0/new - bus 1.21/gerbers/Sequencer-Memory-V1.0-3.sts	YACCS-OLD/YACC1A1/PRODUCTION/SEQUENCER-MEMORY-Prod-V1.0/new - bus 1.21/gerbers/Sequencer-Memory-V1.0-3.sts	3b60c20daf2eaa236850c017e0f33eef
archive	archive/gen1-2015-2018/YACC1A1/PRODUCTION/SEQUENCER-MEMORY-Prod-V1.0/orig - bus 1.20/Sequencer-Memory-V1.0-1.brd	YACCS-OLD/YACC1A1/PRODUCTION/SEQUENCER-MEMORY-Prod-V1.0/orig - bus 1.20/Sequencer-Memory-V1.0-1.brd	2ff71dd43c2e2cf8b6ac35b44a32b2b2
archive	archive/gen1-2015-2018/YACC1A1/PRODUCTION/SEQUENCER-MEMORY-Prod-V1.0/orig - bus 1.20/Sequencer-Memory-V1.0-1.pro	YACCS-OLD/YACC1A1/PRODUCTION/SEQUENCER-MEMORY-Prod-V1.0/orig - bus 1.20/Sequencer-Memory-V1.0-1.pro	853fb22a01baa3726b66e8344d66e1a2
archive	archive/gen1-2015-2018/YACC1A1/PRODUCTION/SEQUENCER-MEMORY-Prod-V1.0/orig - bus 1.20/Sequencer-Memory-V1.0-1.sch	YACCS-OLD/YACC1A1/PRODUCTION/SEQUENCER-MEMORY-Prod-V1.0/orig - bus 1.20/Sequencer-Memory-V1.0-1.sch	a68db3b0191addab8d1cdcbf8bdccb2e
archive	archive/gen1-2015-2018/YACC1A1/PRODUCTION/SEQUENCER-MEMORY-Prod-V1.0/orig - bus 1.20/Sequencer-Memory-V1.0-2.brd	YACCS-OLD/YACC1A1/PRODUCTION/SEQUENCER-MEMORY-Prod-V1.0/orig - bus 1.20/Sequencer-Memory-V1.0-2.brd	153ffa2ce116cf3bcfe9e3648bb00116
archive	archive/gen1-2015-2018/YACC1A1/PRODUCTION/SEQUENCER-MEMORY-Prod-V1.0/orig - bus 1.20/Sequencer-Memory-V1.0-2.pro	YACCS-OLD/YACC1A1/PRODUCTION/SEQUENCER-MEMORY-Prod-V1.0/orig - bus 1.20/Sequencer-Memory-V1.0-2.pro	1984d1cffef410694c8d47ed70580055
archive	archive/gen1-2015-2018/YACC1A1/PRODUCTION/SEQUENCER-MEMORY-Prod-V1.0/orig - bus 1.20/Sequencer-Memory-V1.0-2.sch	YACCS-OLD/YACC1A1/PRODUCTION/SEQUENCER-MEMORY-Prod-V1.0/orig - bus 1.20/Sequencer-Memory-V1.0-2.sch	74c2e07aabc72bcf4e215afb674b0aaf
archive	archive/gen1-2015-2018/YACC1A1/PRODUCTION/SEQUENCER-MEMORY-Prod-V1.0/orig - bus 1.20/Sequencer-Memory-V1.0-3 2.brd	YACCS-OLD/YACC1A1/PRODUCTION/SEQUENCER-MEMORY-Prod-V1.0/orig - bus 1.20/Sequencer-Memory-V1.0-3 2.brd	aace8e82fd202b467b67509a665f4990
archive	archive/gen1-2015-2018/YACC1A1/PRODUCTION/SEQUENCER-MEMORY-Prod-V1.0/orig - bus 1.20/Sequencer-Memory-V1.0-3.brd	YACCS-OLD/YACC1A1/PRODUCTION/SEQUENCER-MEMORY-Prod-V1.0/orig - bus 1.20/Sequencer-Memory-V1.0-3.brd	720eba957917053f3d42160ee9758109
archive	archive/gen1-2015-2018/YACC1A1/PRODUCTION/SEQUENCER-MEMORY-Prod-V1.0/orig - bus 1.20/Sequencer-Memory-V1.0-3.sch	YACCS-OLD/YACC1A1/PRODUCTION/SEQUENCER-MEMORY-Prod-V1.0/orig - bus 1.20/Sequencer-Memory-V1.0-3.sch	1298d740739558e59ee0ae9c074a027c
archive	archive/gen1-2015-2018/YACC1A1/PRODUCTION/SEQUENCER-MEMORY-Prod-V1.0/orig - bus 1.20/Sequencer-Memory-V1.0.sch	YACCS-OLD/YACC1A1/PRODUCTION/SEQUENCER-MEMORY-Prod-V1.0/orig - bus 1.20/Sequencer-Memory-V1.0.sch	e04a727f86d0373041b4f2f22473b400
archive	archive/gen1-2015-2018/YACC1A1/PRODUCTION/SEQUENCER-MEMORY-Prod-V1.0/untitled folder/Sequencer-Memory-V1.0-3.brd	YACCS-OLD/YACC1A1/PRODUCTION/SEQUENCER-MEMORY-Prod-V1.0/untitled folder/Sequencer-Memory-V1.0-3.brd	446ea191507855906fe9a70c9563b022
archive	archive/gen1-2015-2018/YACC1A1/PRODUCTION/SEQUENCER-MEMORY-Prod-V1.0/untitled folder/Sequencer-Memory-V1.0-3.pro	YACCS-OLD/YACC1A1/PRODUCTION/SEQUENCER-MEMORY-Prod-V1.0/untitled folder/Sequencer-Memory-V1.0-3.pro	bf1ae1ef4777b79e1fd7eb4ca814d1af
archive	archive/gen1-2015-2018/YACC1A1/PRODUCTION/SEQUENCER-MEMORY-Prod-V1.0/untitled folder/Sequencer-Memory-V1.0-3.sch	YACCS-OLD/YACC1A1/PRODUCTION/SEQUENCER-MEMORY-Prod-V1.0/untitled folder/Sequencer-Memory-V1.0-3.sch	322295e6fb21674232c47e0a5de4b97a
archive	archive/gen1-2015-2018/YACC1A1/PRODUCTION/SP-PC-PROD-V1.0/SP-PC.brd	YACCS-OLD/YACC1A1/PRODUCTION/SP-PC-PROD-V1.0/SP:PC.brd	48f8de774d71c04c9c4ee06ba1620fa9
archive	archive/gen1-2015-2018/YACC1A1/PRODUCTION/SP-PC-PROD-V1.0/SP-PC.pdf	YACCS-OLD/YACC1A1/PRODUCTION/SP-PC-PROD-V1.0/SP:PC.pdf	f7d78c38e6ac8967b951d2a3d76d7bf7
archive	archive/gen1-2015-2018/YACC1A1/PRODUCTION/SP-PC-PROD-V1.0/SP-PC.pro	YACCS-OLD/YACC1A1/PRODUCTION/SP-PC-PROD-V1.0/SP:PC.pro	a0f611ee21bad107787bdc0b7f1f3f26
archive	archive/gen1-2015-2018/YACC1A1/PRODUCTION/SP-PC-PROD-V1.0/SP-PC.sch	YACCS-OLD/YACC1A1/PRODUCTION/SP-PC-PROD-V1.0/SP:PC.sch	68614f120baa9f39a21e35629a961e63
archive	archive/gen1-2015-2018/YACC1A1/PRODUCTION/SP-PC-PROD-V1.0/gerbers.zip	YACCS-OLD/YACC1A1/PRODUCTION/SP-PC-PROD-V1.0/gerbers.zip	55ac4dfdea224cfcde630ffaacf92f66
archive	archive/gen1-2015-2018/YACC1A1/PRODUCTION/SP-PC-PROD-V1.0/gerbers/SP-PC.GBL	YACCS-OLD/YACC1A1/PRODUCTION/SP-PC-PROD-V1.0/gerbers/SP:PC.GBL	2f5527bf5d8f94927f06dd312778c26f
archive	archive/gen1-2015-2018/YACC1A1/PRODUCTION/SP-PC-PROD-V1.0/gerbers/SP-PC.GBS	YACCS-OLD/YACC1A1/PRODUCTION/SP-PC-PROD-V1.0/gerbers/SP:PC.GBS	3a100a1295b680aa5f3e278c4d6f96e8
archive	archive/gen1-2015-2018/YACC1A1/PRODUCTION/SP-PC-PROD-V1.0/gerbers/SP-PC.GTL	YACCS-OLD/YACC1A1/PRODUCTION/SP-PC-PROD-V1.0/gerbers/SP:PC.GTL	2f5849ee44489f94cb9b078798a12faf
archive	archive/gen1-2015-2018/YACC1A1/PRODUCTION/SP-PC-PROD-V1.0/gerbers/SP-PC.GTO	YACCS-OLD/YACC1A1/PRODUCTION/SP-PC-PROD-V1.0/gerbers/SP:PC.GTO	d23ac5ce6ff8daa08f7ca30702a62852
archive	archive/gen1-2015-2018/YACC1A1/PRODUCTION/SP-PC-PROD-V1.0/gerbers/SP-PC.TXT	YACCS-OLD/YACC1A1/PRODUCTION/SP-PC-PROD-V1.0/gerbers/SP:PC.TXT	0bd5ebcf4a95edc17db8180c43bf36a0
archive	archive/gen1-2015-2018/YACC1A1/PRODUCTION/SP-PC-PROD-V1.0/unused gerbers/SP-PC.GTP	YACCS-OLD/YACC1A1/PRODUCTION/SP-PC-PROD-V1.0/unused gerbers/SP:PC.GTP	8247c0dafbb4cfab4235d87d377b8c97
archive	archive/gen1-2015-2018/YACC1A1/PRODUCTION/SP-PC-PROD-V1.0/unused gerbers/SP-PC.dri	YACCS-OLD/YACC1A1/PRODUCTION/SP-PC-PROD-V1.0/unused gerbers/SP:PC.dri	f51481a834f840eb464a09a9d11ddbcc
archive	archive/gen1-2015-2018/YACC1A1/PRODUCTION/SP-PC-PROD-V1.0/unused gerbers/SP-PC.gpi	YACCS-OLD/YACC1A1/PRODUCTION/SP-PC-PROD-V1.0/unused gerbers/SP:PC.gpi	296612b6fbd45df92a04b8091766cf45
archive	archive/gen1-2015-2018/YACC1A1/PRODUCTION/TESTER-PROD-V1.1/new - 1.21 bus/INCORRECTLY ADJUSTED/tester.brd	YACCS-OLD/YACC1A1/PRODUCTION/TESTER-PROD-V1.1/new - 1.21 bus/INCORRECTLY ADJUSTED/tester.brd	3124925fc7f6d8c7c2a58dc024842ab8
archive	archive/gen1-2015-2018/YACC1A1/PRODUCTION/TESTER-PROD-V1.1/new - 1.21 bus/INCORRECTLY ADJUSTED/tester.pro	YACCS-OLD/YACC1A1/PRODUCTION/TESTER-PROD-V1.1/new - 1.21 bus/INCORRECTLY ADJUSTED/tester.pro	934ffd277f6caeea40fc579981c83fc5
archive	archive/gen1-2015-2018/YACC1A1/PRODUCTION/TESTER-PROD-V1.1/new - 1.21 bus/INCORRECTLY ADJUSTED/tester.sch	YACCS-OLD/YACC1A1/PRODUCTION/TESTER-PROD-V1.1/new - 1.21 bus/INCORRECTLY ADJUSTED/tester.sch	c2df8a5b43fedc1769652b28fbd2cb09
archive	archive/gen1-2015-2018/YACC1A1/PRODUCTION/TESTER-PROD-V1.1/new - 1.21 bus/INCORRECTLY ADJUSTED/tester~renumsch.scr	YACCS-OLD/YACC1A1/PRODUCTION/TESTER-PROD-V1.1/new - 1.21 bus/INCORRECTLY ADJUSTED/tester~renumsch.scr	63051c20eac69e735df735e71773ec7c
archive	archive/gen1-2015-2018/YACC1A1/PRODUCTION/TESTER-PROD-V1.1/new - 1.21 bus/changes.rtf	YACCS-OLD/YACC1A1/PRODUCTION/TESTER-PROD-V1.1/new - 1.21 bus/changes.rtf	7705d3de4e2d2ad480216ed8128270d1
archive	archive/gen1-2015-2018/YACC1A1/PRODUCTION/TESTER-PROD-V1.1/new - 1.21 bus/tester.brd	YACCS-OLD/YACC1A1/PRODUCTION/TESTER-PROD-V1.1/new - 1.21 bus/tester.brd	180ac50f86a98d20edd8d711a0fb2ea7
archive	archive/gen1-2015-2018/YACC1A1/PRODUCTION/TESTER-PROD-V1.1/new - 1.21 bus/tester.sch	YACCS-OLD/YACC1A1/PRODUCTION/TESTER-PROD-V1.1/new - 1.21 bus/tester.sch	17278815ca3d186e2eed2dca90455e8e
archive	archive/gen1-2015-2018/YACC1A1/PRODUCTION/TESTER-PROD-V1.1/orig - 1.20 bus/tester.brd	YACCS-OLD/YACC1A1/PRODUCTION/TESTER-PROD-V1.1/orig - 1.20 bus/tester.brd	1ca561babdb4ddd15e4e2b9abe07fae3
archive	archive/gen1-2015-2018/YACC1A1/PRODUCTION/TESTER-PROD-V1.1/orig - 1.20 bus/tester.sch	YACCS-OLD/YACC1A1/PRODUCTION/TESTER-PROD-V1.1/orig - 1.20 bus/tester.sch	53995c78967f446fc22e2009ee7097ba
archive	archive/gen1-2015-2018/YACC1A1/Processing/command_gui/command_gui.pde	YACCS-OLD/YACC1A1/Processing/command_gui/command_gui.pde	6144cefda757eadb0a4565ec25dc4068
archive	archive/gen1-2015-2018/YACC1A1/Processing/command_sender/command_sender.pde	YACCS-OLD/YACC1A1/Processing/command_sender/command_sender.pde	e90b4dbe821bcb96788f99b450dc27c2
archive	archive/gen1-2015-2018/YACC1A1/Processing/gui_test/gui_test.pde	YACCS-OLD/YACC1A1/Processing/gui_test/gui_test.pde	9b959e15935e31d0c74ed66b5ad74c0e
archive	archive/gen1-2015-2018/YACC1A1/Processing/libraries/controlP5/examples/controllers/ControlP5accordion/ControlP5accordion.pde	YACCS-OLD/YACC1A1/Processing/libraries/controlP5/examples/controllers/ControlP5accordion/ControlP5accordion.pde	00c8f89d55c5f572cabee0171ae0b2f8
archive	archive/gen1-2015-2018/YACC1A1/Processing/libraries/controlP5/examples/controllers/ControlP5background/ControlP5background.pde	YACCS-OLD/YACC1A1/Processing/libraries/controlP5/examples/controllers/ControlP5background/ControlP5background.pde	b071d9557fa0ee93fe8bb11eb5c1780e
archive	archive/gen1-2015-2018/YACC1A1/Processing/libraries/controlP5/examples/controllers/ControlP5background/sketch.properties	YACCS-OLD/YACC1A1/Processing/libraries/controlP5/examples/controllers/ControlP5background/sketch.properties	ab5057e8b695cb245135161833dd4209
archive	archive/gen1-2015-2018/YACC1A1/Processing/libraries/controlP5/examples/controllers/ControlP5bang/ControlP5bang.pde	YACCS-OLD/YACC1A1/Processing/libraries/controlP5/examples/controllers/ControlP5bang/ControlP5bang.pde	52bcf0291e8219cc108566ca7a8a752e
archive	archive/gen1-2015-2018/YACC1A1/Processing/libraries/controlP5/examples/controllers/ControlP5button/ControlP5button.pde	YACCS-OLD/YACC1A1/Processing/libraries/controlP5/examples/controllers/ControlP5button/ControlP5button.pde	d428dafe95693fdaa7ce113993deec42
archive	archive/gen1-2015-2018/YACC1A1/Processing/libraries/controlP5/examples/controllers/ControlP5button/data/button_a.png	YACCS-OLD/YACC1A1/Processing/libraries/controlP5/examples/controllers/ControlP5button/data/button_a.png	6980d20a01aff0c01995a057ebf89134
archive	archive/gen1-2015-2018/YACC1A1/Processing/libraries/controlP5/examples/controllers/ControlP5button/data/button_b.png	YACCS-OLD/YACC1A1/Processing/libraries/controlP5/examples/controllers/ControlP5button/data/button_b.png	c7845deea5852bce23482e56341f892b
archive	archive/gen1-2015-2018/YACC1A1/Processing/libraries/controlP5/examples/controllers/ControlP5button/data/button_c.png	YACCS-OLD/YACC1A1/Processing/libraries/controlP5/examples/controllers/ControlP5button/data/button_c.png	dd3a12d73d4b0493430d2dce01766390
archive	archive/gen1-2015-2018/YACC1A1/Processing/libraries/controlP5/examples/controllers/ControlP5buttonBar/ControlP5buttonBar.pde	YACCS-OLD/YACC1A1/Processing/libraries/controlP5/examples/controllers/ControlP5buttonBar/ControlP5buttonBar.pde	85da8bbbea0e8e1b3cc7a71faca449b2
archive	archive/gen1-2015-2018/YACC1A1/Processing/libraries/controlP5/examples/controllers/ControlP5canvas/ControlP5canvas.pde	YACCS-OLD/YACC1A1/Processing/libraries/controlP5/examples/controllers/ControlP5canvas/ControlP5canvas.pde	8afdaa0e9a5dba04c4bc1c1e80f70134
archive	archive/gen1-2015-2018/YACC1A1/Processing/libraries/controlP5/examples/controllers/ControlP5chart/ControlP5chart.pde	YACCS-OLD/YACC1A1/Processing/libraries/controlP5/examples/controllers/ControlP5chart/ControlP5chart.pde	a1bc8c33af83cb27d75368548b3d5684
archive	archive/gen1-2015-2018/YACC1A1/Processing/libraries/controlP5/examples/controllers/ControlP5checkBox/ControlP5checkBox.pde	YACCS-OLD/YACC1A1/Processing/libraries/controlP5/examples/controllers/ControlP5checkBox/ControlP5checkBox.pde	054417d79f3e3581509a721201056ee3
archive	archive/gen1-2015-2018/YACC1A1/Processing/libraries/controlP5/examples/controllers/ControlP5colorPicker/ControlP5colorPicker.pde	YACCS-OLD/YACC1A1/Processing/libraries/controlP5/examples/controllers/ControlP5colorPicker/ControlP5colorPicker.pde	4254eb689f76c3427a35621efe5dd0da
archive	archive/gen1-2015-2018/YACC1A1/Processing/libraries/controlP5/examples/controllers/ControlP5colorWheel/ControlP5colorWheel.pde	YACCS-OLD/YACC1A1/Processing/libraries/controlP5/examples/controllers/ControlP5colorWheel/ControlP5colorWheel.pde	54c445ce4de51df9e07ea73d04316f8d
archive	archive/gen1-2015-2018/YACC1A1/Processing/libraries/controlP5/examples/controllers/ControlP5controlTimer/ControlP5controlTimer.pde	YACCS-OLD/YACC1A1/Processing/libraries/controlP5/examples/controllers/ControlP5controlTimer/ControlP5controlTimer.pde	df4eda8617a40e420580669a1f92bee5
archive	archive/gen1-2015-2018/YACC1A1/Processing/libraries/controlP5/examples/controllers/ControlP5controllerProperties/ControlP5controllerProperties.pde	YACCS-OLD/YACC1A1/Processing/libraries/controlP5/examples/controllers/ControlP5controllerProperties/ControlP5controllerProperties.pde	43e96f3344af1ab293698faa85fe8ed8
archive	archive/gen1-2015-2018/YACC1A1/Processing/libraries/controlP5/examples/controllers/ControlP5controllerProperties/hello.properties.json	YACCS-OLD/YACC1A1/Processing/libraries/controlP5/examples/controllers/ControlP5controllerProperties/hello.properties.json	1c8113b981bd1a2142e92438418fdfe7
archive	archive/gen1-2015-2018/YACC1A1/Processing/libraries/controlP5/examples/controllers/ControlP5dropdownList/ControlP5dropdownList.pde	YACCS-OLD/YACC1A1/Processing/libraries/controlP5/examples/controllers/ControlP5dropdownList/ControlP5dropdownList.pde	e372869d8b4e15866dc8a9a1d66c10a0
archive	archive/gen1-2015-2018/YACC1A1/Processing/libraries/controlP5/examples/controllers/ControlP5group/ControlP5group.pde	YACCS-OLD/YACC1A1/Processing/libraries/controlP5/examples/controllers/ControlP5group/ControlP5group.pde	f8424c0eaeea10676662b7b6ec454ab4
archive	archive/gen1-2015-2018/YACC1A1/Processing/libraries/controlP5/examples/controllers/ControlP5icon/ControlP5icon.pde	YACCS-OLD/YACC1A1/Processing/libraries/controlP5/examples/controllers/ControlP5icon/ControlP5icon.pde	6698f9b79745c06cb7381e32a5b95a68
archive	archive/gen1-2015-2018/YACC1A1/Processing/libraries/controlP5/examples/controllers/ControlP5icon/fontawesome-webfont.ttf	YACCS-OLD/YACC1A1/Processing/libraries/controlP5/examples/controllers/ControlP5icon/fontawesome-webfont.ttf	c4668ed2440df82d3fd2f8be9d31d07d
archive	archive/gen1-2015-2018/YACC1A1/Processing/libraries/controlP5/examples/controllers/ControlP5knob/ControlP5knob.pde	YACCS-OLD/YACC1A1/Processing/libraries/controlP5/examples/controllers/ControlP5knob/ControlP5knob.pde	3b11e5f64b6d289951a40328fbc25ea9
archive	archive/gen1-2015-2018/YACC1A1/Processing/libraries/controlP5/examples/controllers/ControlP5listBox/ControlP5listBox.pde	YACCS-OLD/YACC1A1/Processing/libraries/controlP5/examples/controllers/ControlP5listBox/ControlP5listBox.pde	7ec9736e6538e0955027b7f101bae60f
archive	archive/gen1-2015-2018/YACC1A1/Processing/libraries/controlP5/examples/controllers/ControlP5matrix/ControlP5matrix.pde	YACCS-OLD/YACC1A1/Processing/libraries/controlP5/examples/controllers/ControlP5matrix/ControlP5matrix.pde	cd68af737d2f48b600392bd905a637ee
archive	archive/gen1-2015-2018/YACC1A1/Processing/libraries/controlP5/examples/controllers/ControlP5multilist/ControlP5multiList.pde	YACCS-OLD/YACC1A1/Processing/libraries/controlP5/examples/controllers/ControlP5multilist/ControlP5multiList.pde	6db66c4b5aaf2632081b7af0a1db665f
archive	archive/gen1-2015-2018/YACC1A1/Processing/libraries/controlP5/examples/controllers/ControlP5numberbox/ControlP5numberbox.pde	YACCS-OLD/YACC1A1/Processing/libraries/controlP5/examples/controllers/ControlP5numberbox/ControlP5numberbox.pde	19d37e5eccc8ad775b33066d874518ef
archive	archive/gen1-2015-2018/YACC1A1/Processing/libraries/controlP5/examples/controllers/ControlP5radioButton/ControlP5radioButton.pde	YACCS-OLD/YACC1A1/Processing/libraries/controlP5/examples/controllers/ControlP5radioButton/ControlP5radioButton.pde	8260806321080728154b36f6d5975f3a
archive	archive/gen1-2015-2018/YACC1A1/Processing/libraries/controlP5/examples/controllers/ControlP5range/ControlP5range.pde	YACCS-OLD/YACC1A1/Processing/libraries/controlP5/examples/controllers/ControlP5range/ControlP5range.pde	bac95408180524d0e914302e37d4ac0e
archive	archive/gen1-2015-2018/YACC1A1/Processing/libraries/controlP5/examples/controllers/ControlP5scrollableList/ControlP5scrollableList.pde	YACCS-OLD/YACC1A1/Processing/libraries/controlP5/examples/controllers/ControlP5scrollableList/ControlP5scrollableList.pde	d5e07493b42245199862f1b08bbcdd2b
archive	archive/gen1-2015-2018/YACC1A1/Processing/libraries/controlP5/examples/controllers/ControlP5slider/ControlP5slider.pde	YACCS-OLD/YACC1A1/Processing/libraries/controlP5/examples/controllers/ControlP5slider/ControlP5slider.pde	b7e132c305dee5ceb5e744d5b2030a55
archive	archive/gen1-2015-2018/YACC1A1/Processing/libraries/controlP5/examples/controllers/ControlP5slider2D/ControlP5slider2D.pde	YACCS-OLD/YACC1A1/Processing/libraries/controlP5/examples/controllers/ControlP5slider2D/ControlP5slider2D.pde	82effb42be7552e369fb61dcdc003652
archive	archive/gen1-2015-2018/YACC1A1/Processing/libraries/controlP5/examples/controllers/ControlP5tab/ControlP5tab.pde	YACCS-OLD/YACC1A1/Processing/libraries/controlP5/examples/controllers/ControlP5tab/ControlP5tab.pde	94d3d3323fae14fb26e006db61c87f0f
archive	archive/gen1-2015-2018/YACC1A1/Processing/libraries/controlP5/examples/controllers/ControlP5textarea/ControlP5textarea.pde	YACCS-OLD/YACC1A1/Processing/libraries/controlP5/examples/controllers/ControlP5textarea/ControlP5textarea.pde	53f7cb703e59d3efa8caf4d4660bec18
archive	archive/gen1-2015-2018/YACC1A1/Processing/libraries/controlP5/examples/controllers/ControlP5textfield/ControlP5textfield.pde	YACCS-OLD/YACC1A1/Processing/libraries/controlP5/examples/controllers/ControlP5textfield/ControlP5textfield.pde	bc4d37a9d89130273114a94ddf06c973
archive	archive/gen1-2015-2018/YACC1A1/Processing/libraries/controlP5/examples/controllers/ControlP5textlabel/ControlP5textlabel.pde	YACCS-OLD/YACC1A1/Processing/libraries/controlP5/examples/controllers/ControlP5textlabel/ControlP5textlabel.pde	708f5a27facf52c4563f7631bef13e9b
archive	archive/gen1-2015-2018/YACC1A1/Processing/libraries/controlP5/examples/controllers/ControlP5toggle/ControlP5toggle.pde	YACCS-OLD/YACC1A1/Processing/libraries/controlP5/examples/controllers/ControlP5toggle/ControlP5toggle.pde	88a449a77b4fb6bdd934e7d31958a70a
archive	archive/gen1-2015-2018/YACC1A1/Processing/libraries/controlP5/examples/controllers/ControlP5tooltip/ControlP5tooltip.pde	YACCS-OLD/YACC1A1/Processing/libraries/controlP5/examples/controllers/ControlP5tooltip/ControlP5tooltip.pde	d732149184b394f3338d8e41e0c6997f
archive	archive/gen1-2015-2018/YACC1A1/Processing/libraries/controlP5/examples/controllers/ControlP5window/ControlP5window.pde	YACCS-OLD/YACC1A1/Processing/libraries/controlP5/examples/controllers/ControlP5window/ControlP5window.pde	a233eadacf76832139fae13992bd019d
archive	archive/gen1-2015-2018/YACC1A1/Processing/libraries/controlP5/examples/experimental/ControlP5CustomMatrix/ControlP5CustomMatrix.pde	YACCS-OLD/YACC1A1/Processing/libraries/controlP5/examples/experimental/ControlP5CustomMatrix/ControlP5CustomMatrix.pde	07a8d976d57b5fc317fbaa169f384012
archive	archive/gen1-2015-2018/YACC1A1/Processing/libraries/controlP5/examples/experimental/ControlP5MenuList/ControlP5MenuList.pde	YACCS-OLD/YACC1A1/Processing/libraries/controlP5/examples/experimental/ControlP5MenuList/ControlP5MenuList.pde	59642697793eff7c5526928af46bc744
archive	archive/gen1-2015-2018/YACC1A1/Processing/libraries/controlP5/examples/experimental/ControlP5SliderList/ControlP5SliderList.pde	YACCS-OLD/YACC1A1/Processing/libraries/controlP5/examples/experimental/ControlP5SliderList/ControlP5SliderList.pde	0c65e9a398e6c3671dd5bb5d4e023846
archive	archive/gen1-2015-2018/YACC1A1/Processing/libraries/controlP5/examples/experimental/ControlP5editableNumberbox/ControlP5editableNumberbox.pde	YACCS-OLD/YACC1A1/Processing/libraries/controlP5/examples/experimental/ControlP5editableNumberbox/ControlP5editableNumberbox.pde	741afc55d3c3b024b261ba3d3e1ed121
archive	archive/gen1-2015-2018/YACC1A1/Processing/libraries/controlP5/examples/experimental/ControlP5graphics/ControlP5graphics.pde	YACCS-OLD/YACC1A1/Processing/libraries/controlP5/examples/experimental/ControlP5graphics/ControlP5graphics.pde	53a6ef26149c126ed69fdf2fdafe5d2b
archive	archive/gen1-2015-2018/YACC1A1/Processing/libraries/controlP5/examples/experimental/MidiMapper/MidiMapper.pde	YACCS-OLD/YACC1A1/Processing/libraries/controlP5/examples/experimental/MidiMapper/MidiMapper.pde	12c3642399251416ec9590dbdee21a26
archive	archive/gen1-2015-2018/YACC1A1/Processing/libraries/controlP5/examples/experimental/MidiMapper/MidiSimple.java	YACCS-OLD/YACC1A1/Processing/libraries/controlP5/examples/experimental/MidiMapper/MidiSimple.java	1627a5cf4b46fabff3d143f7c83364f3
archive	archive/gen1-2015-2018/YACC1A1/Processing/libraries/controlP5/examples/extra/ControlP5AutoDetectFields/ControlP5AutoDetectFields.pde	YACCS-OLD/YACC1A1/Processing/libraries/controlP5/examples/extra/ControlP5AutoDetectFields/ControlP5AutoDetectFields.pde	3d4b96c5752a3c0a4cb3c2093ea7fc0b
archive	archive/gen1-2015-2018/YACC1A1/Processing/libraries/controlP5/examples/extra/ControlP5ControllerInsideClass/ControlP5ControllerInsideClass.pde	YACCS-OLD/YACC1A1/Processing/libraries/controlP5/examples/extra/ControlP5ControllerInsideClass/ControlP5ControllerInsideClass.pde	88ebd9990cdbdc16f315e3123c95f034
archive	archive/gen1-2015-2018/YACC1A1/Processing/libraries/controlP5/examples/extra/ControlP5canvasDrawIntoCanvas/ControlP5canvasDrawIntoCanvas.pde	YACCS-OLD/YACC1A1/Processing/libraries/controlP5/examples/extra/ControlP5canvasDrawIntoCanvas/ControlP5canvasDrawIntoCanvas.pde	31b96ca8000b2693daaa8d9e2e3a33ac
archive	archive/gen1-2015-2018/YACC1A1/Processing/libraries/controlP5/examples/extra/ControlP5chartsCombined/ControlP5chartsCombined.pde	YACCS-OLD/YACC1A1/Processing/libraries/controlP5/examples/extra/ControlP5chartsCombined/ControlP5chartsCombined.pde	35a56aa458d4bbd7c513523f0688f921
archive	archive/gen1-2015-2018/YACC1A1/Processing/libraries/controlP5/examples/extra/ControlP5console/ControlP5console.pde	YACCS-OLD/YACC1A1/Processing/libraries/controlP5/examples/extra/ControlP5console/ControlP5console.pde	9ac5b2553dbf3495367be9bb956556ce
archive	archive/gen1-2015-2018/YACC1A1/Processing/libraries/controlP5/examples/extra/ControlP5controllerOnTop3D/ControlP5controllerOnTop3D.pde	YACCS-OLD/YACC1A1/Processing/libraries/controlP5/examples/extra/ControlP5controllerOnTop3D/ControlP5controllerOnTop3D.pde	f3eda027843c5ce8806f7c03e94a623c
archive	archive/gen1-2015-2018/YACC1A1/Processing/libraries/controlP5/examples/extra/ControlP5frame/ControlP5frame.pde	YACCS-OLD/YACC1A1/Processing/libraries/controlP5/examples/extra/ControlP5frame/ControlP5frame.pde	10f90c194465b7f43a2bfa53cc24bfc0
archive	archive/gen1-2015-2018/YACC1A1/Processing/libraries/controlP5/examples/extra/ControlP5frameRate/ControlP5frameRate.pde	YACCS-OLD/YACC1A1/Processing/libraries/controlP5/examples/extra/ControlP5frameRate/ControlP5frameRate.pde	55dfcd9b0df35ba23059f947eb77dbf0
archive	archive/gen1-2015-2018/YACC1A1/Processing/libraries/controlP5/examples/extra/ControlP5frames/ControlP5frames.pde	YACCS-OLD/YACC1A1/Processing/libraries/controlP5/examples/extra/ControlP5frames/ControlP5frames.pde	9fc2117dd419f7b228df870a8e17d893
archive	archive/gen1-2015-2018/YACC1A1/Processing/libraries/controlP5/examples/extra/ControlP5groupCanvas/ControlP5groupCanvas.pde	YACCS-OLD/YACC1A1/Processing/libraries/controlP5/examples/extra/ControlP5groupCanvas/ControlP5groupCanvas.pde	f38c75ca4552eb11c5224836e3524d67
archive	archive/gen1-2015-2018/YACC1A1/Processing/libraries/controlP5/examples/extra/ControlP5imageButton/ControlP5imageButton.pde	YACCS-OLD/YACC1A1/Processing/libraries/controlP5/examples/extra/ControlP5imageButton/ControlP5imageButton.pde	dfc07b6ccca385fb1d8a674aa8e24468
archive	archive/gen1-2015-2018/YACC1A1/Processing/libraries/controlP5/examples/extra/ControlP5imageButton/data/Arrow-Left.png	YACCS-OLD/YACC1A1/Processing/libraries/controlP5/examples/extra/ControlP5imageButton/data/Arrow-Left.png	671a2188a24b154b7d8c11cb2071fc33
archive	archive/gen1-2015-2018/YACC1A1/Processing/libraries/controlP5/examples/extra/ControlP5imageButton/data/Arrow-Right.png	YACCS-OLD/YACC1A1/Processing/libraries/controlP5/examples/extra/ControlP5imageButton/data/Arrow-Right.png	22475fb34bb363258c52fe06a50addac
archive	archive/gen1-2015-2018/YACC1A1/Processing/libraries/controlP5/examples/extra/ControlP5imageButton/data/Refresh.png	YACCS-OLD/YACC1A1/Processing/libraries/controlP5/examples/extra/ControlP5imageButton/data/Refresh.png	d7bbaf817ea1129171fc7b76b8a835bb
archive	archive/gen1-2015-2018/YACC1A1/Processing/libraries/controlP5/examples/extra/ControlP5key/ControlP5key.pde	YACCS-OLD/YACC1A1/Processing/libraries/controlP5/examples/extra/ControlP5key/ControlP5key.pde	b78f13faf7c66d7573d46256a12b2b51
archive	archive/gen1-2015-2018/YACC1A1/Processing/libraries/controlP5/examples/extra/ControlP5listBoxClear/ControlP5listBoxClear.pde	YACCS-OLD/YACC1A1/Processing/libraries/controlP5/examples/extra/ControlP5listBoxClear/ControlP5listBoxClear.pde	988e732796e052a8bc83a7dc912607a1
archive	archive/gen1-2015-2018/YACC1A1/Processing/libraries/controlP5/examples/extra/ControlP5mouseWheel/ControlP5mouseWheel.pde	YACCS-OLD/YACC1A1/Processing/libraries/controlP5/examples/extra/ControlP5mouseWheel/ControlP5mouseWheel.pde	b86cdca44ad350605db99d5279602555
archive	archive/gen1-2015-2018/YACC1A1/Processing/libraries/controlP5/examples/extra/ControlP5pointer/ControlP5pointer.pde	YACCS-OLD/YACC1A1/Processing/libraries/controlP5/examples/extra/ControlP5pointer/ControlP5pointer.pde	1349f65c67e2af2022c89dfc36ae54c3
archive	archive/gen1-2015-2018/YACC1A1/Processing/libraries/controlP5/examples/extra/ControlP5propertiesSets/ControlP5propertiesSets.pde	YACCS-OLD/YACC1A1/Processing/libraries/controlP5/examples/extra/ControlP5propertiesSets/ControlP5propertiesSets.pde	2ac000ebd21cbd8752cddc0e01d142b3
archive	archive/gen1-2015-2018/YACC1A1/Processing/libraries/controlP5/examples/extra/ControlP5propertiesSets/default.json	YACCS-OLD/YACC1A1/Processing/libraries/controlP5/examples/extra/ControlP5propertiesSets/default.json	2953094a9e695c1ea818d32fa19e07d8
archive	archive/gen1-2015-2018/YACC1A1/Processing/libraries/controlP5/examples/extra/ControlP5propertiesSets/setA.json	YACCS-OLD/YACC1A1/Processing/libraries/controlP5/examples/extra/ControlP5propertiesSets/setA.json	35e96555886210f13a21c11207aff712
archive	archive/gen1-2015-2018/YACC1A1/Processing/libraries/controlP5/examples/extra/ControlP5renderIntoPGraphics/ControlP5renderIntoPGraphics.pde	YACCS-OLD/YACC1A1/Processing/libraries/controlP5/examples/extra/ControlP5renderIntoPGraphics/ControlP5renderIntoPGraphics.pde	46838780d2815d32cef86face0b5b78c
archive	archive/gen1-2015-2018/YACC1A1/Processing/libraries/controlP5/examples/extra/ControlP5style/ControlP5style.pde	YACCS-OLD/YACC1A1/Processing/libraries/controlP5/examples/extra/ControlP5style/ControlP5style.pde	c016d6f644a3aa049631f61b186f8c3e
archive	archive/gen1-2015-2018/YACC1A1/Processing/libraries/controlP5/examples/extra/ControlP5textfieldAdvanced/ControlP5textfieldAdvanced.pde	YACCS-OLD/YACC1A1/Processing/libraries/controlP5/examples/extra/ControlP5textfieldAdvanced/ControlP5textfieldAdvanced.pde	51b40567a5243eae420bc7b03aa1374a
archive	archive/gen1-2015-2018/YACC1A1/Processing/libraries/controlP5/examples/extra/ControlP5withPeasyCam/ControlP5withPeasyCam.pde	YACCS-OLD/YACC1A1/Processing/libraries/controlP5/examples/extra/ControlP5withPeasyCam/ControlP5withPeasyCam.pde	0887b3f0a8ce70eace0f0f0323c15cd7
archive	archive/gen1-2015-2018/YACC1A1/Processing/libraries/controlP5/examples/use/ControlP5annotation/ControlP5annotation.pde	YACCS-OLD/YACC1A1/Processing/libraries/controlP5/examples/use/ControlP5annotation/ControlP5annotation.pde	497a7914571c90496d400e0e666a1111
archive	archive/gen1-2015-2018/YACC1A1/Processing/libraries/controlP5/examples/use/ControlP5basics/ControlP5basics.pde	YACCS-OLD/YACC1A1/Processing/libraries/controlP5/examples/use/ControlP5basics/ControlP5basics.pde	0ac45764a89b3afbe91074e44a824b8a
archive	archive/gen1-2015-2018/YACC1A1/Processing/libraries/controlP5/examples/use/ControlP5beginEnd/ControlP5beginEnd.pde	YACCS-OLD/YACC1A1/Processing/libraries/controlP5/examples/use/ControlP5beginEnd/ControlP5beginEnd.pde	f7b474783b0f03a39a440a2d31df8578
archive	archive/gen1-2015-2018/YACC1A1/Processing/libraries/controlP5/examples/use/ControlP5behavior/ControlP5behavior.pde	YACCS-OLD/YACC1A1/Processing/libraries/controlP5/examples/use/ControlP5behavior/ControlP5behavior.pde	7f22db801a0a99738c9a07a2a6c61d1a
archive	archive/gen1-2015-2018/YACC1A1/Processing/libraries/controlP5/examples/use/ControlP5bringToFront/ControlP5bringToFront.pde	YACCS-OLD/YACC1A1/Processing/libraries/controlP5/examples/use/ControlP5bringToFront/ControlP5bringToFront.pde	edaf2bad999ef4d6a5804a09b22d33e3
archive	archive/gen1-2015-2018/YACC1A1/Processing/libraries/controlP5/examples/use/ControlP5callback/ControlP5callback.pde	YACCS-OLD/YACC1A1/Processing/libraries/controlP5/examples/use/ControlP5callback/ControlP5callback.pde	9bebc7d8a9e3a51cd2c45411657ce825
archive	archive/gen1-2015-2018/YACC1A1/Processing/libraries/controlP5/examples/use/ControlP5controlEvent/ControlP5controlEvent.pde	YACCS-OLD/YACC1A1/Processing/libraries/controlP5/examples/use/ControlP5controlEvent/ControlP5controlEvent.pde	d945014800d1f571ed9de56f8e4dde9a
archive	archive/gen1-2015-2018/YACC1A1/Processing/libraries/controlP5/examples/use/ControlP5controlFont/ControlP5controlFont.pde	YACCS-OLD/YACC1A1/Processing/libraries/controlP5/examples/use/ControlP5controlFont/ControlP5controlFont.pde	7c119e215a6cad8782df83c59c87c275
archive	archive/gen1-2015-2018/YACC1A1/Processing/libraries/controlP5/examples/use/ControlP5customView/ControlP5customView.pde	YACCS-OLD/YACC1A1/Processing/libraries/controlP5/examples/use/ControlP5customView/ControlP5customView.pde	2379dfd9fe617b82ad5c5df0c87fedd7
archive	archive/gen1-2015-2018/YACC1A1/Processing/libraries/controlP5/examples/use/ControlP5extendController/ControlP5extendController.pde	YACCS-OLD/YACC1A1/Processing/libraries/controlP5/examples/use/ControlP5extendController/ControlP5extendController.pde	e0edaf1f1ab6aa6fbbff7817e5ad3fcb
archive	archive/gen1-2015-2018/YACC1A1/Processing/libraries/controlP5/examples/use/ControlP5listenerForSingleController/ControlP5listenerForSingleController.pde	YACCS-OLD/YACC1A1/Processing/libraries/controlP5/examples/use/ControlP5listenerForSingleController/ControlP5listenerForSingleController.pde	a757704b3d630cdb3533d7ffef579f04
archive	archive/gen1-2015-2018/YACC1A1/Processing/libraries/controlP5/examples/use/ControlP5mouseover/ControlP5mouseover.pde	YACCS-OLD/YACC1A1/Processing/libraries/controlP5/examples/use/ControlP5mouseover/ControlP5mouseover.pde	41e6668033a2876fc9ab9e2adceaa068
archive	archive/gen1-2015-2018/YACC1A1/Processing/libraries/controlP5/examples/use/ControlP5plugTo/ControlP5plugTo.pde	YACCS-OLD/YACC1A1/Processing/libraries/controlP5/examples/use/ControlP5plugTo/ControlP5plugTo.pde	0a44f99a63f6bdf1d822af175e9a98db
archive	archive/gen1-2015-2018/YACC1A1/Processing/libraries/controlP5/examples/use/ControlP5propertiesCustom/ControlP5propertiesCustom.pde	YACCS-OLD/YACC1A1/Processing/libraries/controlP5/examples/use/ControlP5propertiesCustom/ControlP5propertiesCustom.pde	5cbb35a0a536471e4eff6031e0a1c72e
archive	archive/gen1-2015-2018/YACC1A1/Processing/libraries/controlP5/examples/use/ControlP5propertiesCustom/hello.json	YACCS-OLD/YACC1A1/Processing/libraries/controlP5/examples/use/ControlP5propertiesCustom/hello.json	16924ace74adb72691d8b9d797868511
archive	archive/gen1-2015-2018/YACC1A1/Processing/libraries/controlP5/examples/use/ControlP5quick/ControlP5quick.pde	YACCS-OLD/YACC1A1/Processing/libraries/controlP5/examples/use/ControlP5quick/ControlP5quick.pde	63a9558f3a400fb852a8c149d09e0d77
archive	archive/gen1-2015-2018/YACC1A1/Processing/libraries/controlP5/examples/use/ControlP5sliderSetValue/ControlP5sliderSetValue.pde	YACCS-OLD/YACC1A1/Processing/libraries/controlP5/examples/use/ControlP5sliderSetValue/ControlP5sliderSetValue.pde	4ea0e1b1393adc3509831e5ad4d0a5b5
archive	archive/gen1-2015-2018/YACC1A1/Processing/libraries/controlP5/examples/use/ControlP5snapshot/ControlP5snapshot.pde	YACCS-OLD/YACC1A1/Processing/libraries/controlP5/examples/use/ControlP5snapshot/ControlP5snapshot.pde	35e358f7045d6af21caec732da84f38a
archive	archive/gen1-2015-2018/YACC1A1/Processing/libraries/controlP5/examples/use/ControlP5workingWithIDs/ControlP5workingWithIDs.pde	YACCS-OLD/YACC1A1/Processing/libraries/controlP5/examples/use/ControlP5workingWithIDs/ControlP5workingWithIDs.pde	997889dc9adc0dd41406caba73a1b67e
archive	archive/gen1-2015-2018/YACC1A1/Processing/libraries/controlP5/library.properties	YACCS-OLD/YACC1A1/Processing/libraries/controlP5/library.properties	99d31c2a0a884e80bdf67710d032fb8a
archive	archive/gen1-2015-2018/YACC1A1/Processing/libraries/controlP5/library/controlP5.jar	YACCS-OLD/YACC1A1/Processing/libraries/controlP5/library/controlP5.jar	b887b5f7fa2ecc05828ed6f8555d41f3
archive	archive/gen1-2015-2018/YACC1A1/Processing/libraries/controlP5/reference/allclasses-frame.html	YACCS-OLD/YACC1A1/Processing/libraries/controlP5/reference/allclasses-frame.html	7f5adcac523ea60dae228142b6196878
archive	archive/gen1-2015-2018/YACC1A1/Processing/libraries/controlP5/reference/allclasses-noframe.html	YACCS-OLD/YACC1A1/Processing/libraries/controlP5/reference/allclasses-noframe.html	89e14800483a6229142d314df0400ad7
archive	archive/gen1-2015-2018/YACC1A1/Processing/libraries/controlP5/reference/constant-values.html	YACCS-OLD/YACC1A1/Processing/libraries/controlP5/reference/constant-values.html	42e3fd7f8c2f6078275b6814b6c0c3e9
archive	archive/gen1-2015-2018/YACC1A1/Processing/libraries/controlP5/reference/controlP5/Accordion.html	YACCS-OLD/YACC1A1/Processing/libraries/controlP5/reference/controlP5/Accordion.html	f232af9eca0097bbfc733d670875e456
archive	archive/gen1-2015-2018/YACC1A1/Processing/libraries/controlP5/reference/controlP5/Background.html	YACCS-OLD/YACC1A1/Processing/libraries/controlP5/reference/controlP5/Background.html	938ee1f5abd5ab028f475e62a9ce5bab
archive	archive/gen1-2015-2018/YACC1A1/Processing/libraries/controlP5/reference/controlP5/Bang.html	YACCS-OLD/YACC1A1/Processing/libraries/controlP5/reference/controlP5/Bang.html	b4e8a7ebfa64a8d2d5a28baf1e1327a0
archive	archive/gen1-2015-2018/YACC1A1/Processing/libraries/controlP5/reference/controlP5/BitFont.html	YACCS-OLD/YACC1A1/Processing/libraries/controlP5/reference/controlP5/BitFont.html	38d8970c68f7a06a49bf3a0a3bcb9e92
archive	archive/gen1-2015-2018/YACC1A1/Processing/libraries/controlP5/reference/controlP5/BoundingBox.html	YACCS-OLD/YACC1A1/Processing/libraries/controlP5/reference/controlP5/BoundingBox.html	42794cb6b3c7498d1029fed1bcbe72b9
archive	archive/gen1-2015-2018/YACC1A1/Processing/libraries/controlP5/reference/controlP5/Button.html	YACCS-OLD/YACC1A1/Processing/libraries/controlP5/reference/controlP5/Button.html	442b7e838611e9bec28692eeac89d586
archive	archive/gen1-2015-2018/YACC1A1/Processing/libraries/controlP5/reference/controlP5/ButtonBar.html	YACCS-OLD/YACC1A1/Processing/libraries/controlP5/reference/controlP5/ButtonBar.html	305137924061246e25929c810beaade2
archive	archive/gen1-2015-2018/YACC1A1/Processing/libraries/controlP5/reference/controlP5/CColor.html	YACCS-OLD/YACC1A1/Processing/libraries/controlP5/reference/controlP5/CColor.html	c7966741ae0712d2f089de64d9328b9b
archive	archive/gen1-2015-2018/YACC1A1/Processing/libraries/controlP5/reference/controlP5/CDrawable.html	YACCS-OLD/YACC1A1/Processing/libraries/controlP5/reference/controlP5/CDrawable.html	254e06848124f1322e153b5fb90412c3
archive	archive/gen1-2015-2018/YACC1A1/Processing/libraries/controlP5/reference/controlP5/CP.html	YACCS-OLD/YACC1A1/Processing/libraries/controlP5/reference/controlP5/CP.html	d285c707b5e969eab189fa3d40d5772f
archive	archive/gen1-2015-2018/YACC1A1/Processing/libraries/controlP5/reference/controlP5/CallbackEvent.html	YACCS-OLD/YACC1A1/Processing/libraries/controlP5/reference/controlP5/CallbackEvent.html	010d9af403ed14dbd4ca4b54d6c67986
archive	archive/gen1-2015-2018/YACC1A1/Processing/libraries/controlP5/reference/controlP5/CallbackListener.html	YACCS-OLD/YACC1A1/Processing/libraries/controlP5/reference/controlP5/CallbackListener.html	1da508bebbee3680969fe0b4ec6ba339
archive	archive/gen1-2015-2018/YACC1A1/Processing/libraries/controlP5/reference/controlP5/Canvas.html	YACCS-OLD/YACC1A1/Processing/libraries/controlP5/reference/controlP5/Canvas.html	75897e2437af58045b8609cc7bd2e0c3
archive	archive/gen1-2015-2018/YACC1A1/Processing/libraries/controlP5/reference/controlP5/Chart.ChartViewArea.html	YACCS-OLD/YACC1A1/Processing/libraries/controlP5/reference/controlP5/Chart.ChartViewArea.html	9981ecb4ed4d3d7037e51d15e0e8f2a4
archive	archive/gen1-2015-2018/YACC1A1/Processing/libraries/controlP5/reference/controlP5/Chart.ChartViewBar.html	YACCS-OLD/YACC1A1/Processing/libraries/controlP5/reference/controlP5/Chart.ChartViewBar.html	be518560d115f7b68319eef1252cb1d7
archive	archive/gen1-2015-2018/YACC1A1/Processing/libraries/controlP5/reference/controlP5/Chart.ChartViewBarCentered.html	YACCS-OLD/YACC1A1/Processing/libraries/controlP5/reference/controlP5/Chart.ChartViewBarCentered.html	14439757fdfcce4331f80fc0864db5a4
archive	archive/gen1-2015-2018/YACC1A1/Processing/libraries/controlP5/reference/controlP5/Chart.ChartViewLine.html	YACCS-OLD/YACC1A1/Processing/libraries/controlP5/reference/controlP5/Chart.ChartViewLine.html	bb0c99ead171bebb17d125cae948d3a9
archive	archive/gen1-2015-2018/YACC1A1/Processing/libraries/controlP5/reference/controlP5/Chart.ChartViewPie.html	YACCS-OLD/YACC1A1/Processing/libraries/controlP5/reference/controlP5/Chart.ChartViewPie.html	1c273fbed35aea3d3c8a768f5f9b0558
archive	archive/gen1-2015-2018/YACC1A1/Processing/libraries/controlP5/reference/controlP5/Chart.html	YACCS-OLD/YACC1A1/Processing/libraries/controlP5/reference/controlP5/Chart.html	76a1a4d85d9eac0f46493c2624704518
archive	archive/gen1-2015-2018/YACC1A1/Processing/libraries/controlP5/reference/controlP5/ChartData.html	YACCS-OLD/YACC1A1/Processing/libraries/controlP5/reference/controlP5/ChartData.html	314706c43c1e130ed7aef37170a58c7e
archive	archive/gen1-2015-2018/YACC1A1/Processing/libraries/controlP5/reference/controlP5/ChartDataSet.html	YACCS-OLD/YACC1A1/Processing/libraries/controlP5/reference/controlP5/ChartDataSet.html	0d8712ee63a3264ff9a399109b8734ce
archive	archive/gen1-2015-2018/YACC1A1/Processing/libraries/controlP5/reference/controlP5/CheckBox.html	YACCS-OLD/YACC1A1/Processing/libraries/controlP5/reference/controlP5/CheckBox.html	615e77edfb3dca2777b69a003a7d0c23
archive	archive/gen1-2015-2018/YACC1A1/Processing/libraries/controlP5/reference/controlP5/ColorPicker.html	YACCS-OLD/YACC1A1/Processing/libraries/controlP5/reference/controlP5/ColorPicker.html	34afb6139268e007ff4af8c6faa5090e
archive	archive/gen1-2015-2018/YACC1A1/Processing/libraries/controlP5/reference/controlP5/ColorWheel.html	YACCS-OLD/YACC1A1/Processing/libraries/controlP5/reference/controlP5/ColorWheel.html	f8415ceebb8fd77f111ecaaee7ce222e
archive	archive/gen1-2015-2018/YACC1A1/Processing/libraries/controlP5/reference/controlP5/ControlBehavior.html	YACCS-OLD/YACC1A1/Processing/libraries/controlP5/reference/controlP5/ControlBehavior.html	4e7d77bf3494a2fd8e111c05117eed3b
archive	archive/gen1-2015-2018/YACC1A1/Processing/libraries/controlP5/reference/controlP5/ControlBroadcaster.html	YACCS-OLD/YACC1A1/Processing/libraries/controlP5/reference/controlP5/ControlBroadcaster.html	6178d1a40c2d0c9b4aa9d0560e517306
archive	archive/gen1-2015-2018/YACC1A1/Processing/libraries/controlP5/reference/controlP5/ControlElement.html	YACCS-OLD/YACC1A1/Processing/libraries/controlP5/reference/controlP5/ControlElement.html	32d1581832d445bbff6c2239363d399e
archive	archive/gen1-2015-2018/YACC1A1/Processing/libraries/controlP5/reference/controlP5/ControlEvent.html	YACCS-OLD/YACC1A1/Processing/libraries/controlP5/reference/controlP5/ControlEvent.html	55e24fd6bdadf773255f1693de59e34f
archive	archive/gen1-2015-2018/YACC1A1/Processing/libraries/controlP5/reference/controlP5/ControlFont.html	YACCS-OLD/YACC1A1/Processing/libraries/controlP5/reference/controlP5/ControlFont.html	6ab1084504c42ee6ce2d89c2e41730e2
archive	archive/gen1-2015-2018/YACC1A1/Processing/libraries/controlP5/reference/controlP5/ControlGroup.html	YACCS-OLD/YACC1A1/Processing/libraries/controlP5/reference/controlP5/ControlGroup.html	63ce1cb7f31cb80ea37ac632361c3286
archive	archive/gen1-2015-2018/YACC1A1/Processing/libraries/controlP5/reference/controlP5/ControlKey.html	YACCS-OLD/YACC1A1/Processing/libraries/controlP5/reference/controlP5/ControlKey.html	f5f23066d05a79a04d54a9e35b6a2969
archive	archive/gen1-2015-2018/YACC1A1/Processing/libraries/controlP5/reference/controlP5/ControlListener.html	YACCS-OLD/YACC1A1/Processing/libraries/controlP5/reference/controlP5/ControlListener.html	99aa7a34d394bea061fcf415bb3e0552
archive	archive/gen1-2015-2018/YACC1A1/Processing/libraries/controlP5/reference/controlP5/ControlP5.html	YACCS-OLD/YACC1A1/Processing/libraries/controlP5/reference/controlP5/ControlP5.html	83da5c6f3ceb1eb74b748707babfeef3
archive	archive/gen1-2015-2018/YACC1A1/Processing/libraries/controlP5/reference/controlP5/ControlP5Base.html	YACCS-OLD/YACC1A1/Processing/libraries/controlP5/reference/controlP5/ControlP5Base.html	94f6bf27aef77bccc331074c4cdb1a2a
archive	archive/gen1-2015-2018/YACC1A1/Processing/libraries/controlP5/reference/controlP5/ControlP5Constants.html	YACCS-OLD/YACC1A1/Processing/libraries/controlP5/reference/controlP5/ControlP5Constants.html	ba7396162168bbd5c6d7356c94e77045
archive	archive/gen1-2015-2018/YACC1A1/Processing/libraries/controlP5/reference/controlP5/ControlP5Legacy.html	YACCS-OLD/YACC1A1/Processing/libraries/controlP5/reference/controlP5/ControlP5Legacy.html	a27ce596f08601fa7665e66c866b5ab2
archive	archive/gen1-2015-2018/YACC1A1/Processing/libraries/controlP5/reference/controlP5/ControlTimer.html	YACCS-OLD/YACC1A1/Processing/libraries/controlP5/reference/controlP5/ControlTimer.html	dbfa5fd846e6fe3be1044bcdf4d1878c
archive	archive/gen1-2015-2018/YACC1A1/Processing/libraries/controlP5/reference/controlP5/ControlWindow.Pointer.html	YACCS-OLD/YACC1A1/Processing/libraries/controlP5/reference/controlP5/ControlWindow.Pointer.html	ad484d38fa997cb4555f0b725ad1f06e
archive	archive/gen1-2015-2018/YACC1A1/Processing/libraries/controlP5/reference/controlP5/ControlWindow.html	YACCS-OLD/YACC1A1/Processing/libraries/controlP5/reference/controlP5/ControlWindow.html	935db1ce3cc8094717cb1767ded596a1
archive	archive/gen1-2015-2018/YACC1A1/Processing/libraries/controlP5/reference/controlP5/Controller.html	YACCS-OLD/YACC1A1/Processing/libraries/controlP5/reference/controlP5/Controller.html	e8ee9c88b282169d8ce302a09c1f001d
archive	archive/gen1-2015-2018/YACC1A1/Processing/libraries/controlP5/reference/controlP5/ControllerGroup.html	YACCS-OLD/YACC1A1/Processing/libraries/controlP5/reference/controlP5/ControllerGroup.html	d905a81376dbc6424a69d94d66106d3d
archive	archive/gen1-2015-2018/YACC1A1/Processing/libraries/controlP5/reference/controlP5/ControllerInterface.html	YACCS-OLD/YACC1A1/Processing/libraries/controlP5/reference/controlP5/ControllerInterface.html	d0206371261fb7c29701cd2f42d20ff5
archive	archive/gen1-2015-2018/YACC1A1/Processing/libraries/controlP5/reference/controlP5/ControllerList.html	YACCS-OLD/YACC1A1/Processing/libraries/controlP5/reference/controlP5/ControllerList.html	8a88f17c95dbf9e76665103c6dd8124b
archive	archive/gen1-2015-2018/YACC1A1/Processing/libraries/controlP5/reference/controlP5/ControllerPlug.html	YACCS-OLD/YACC1A1/Processing/libraries/controlP5/reference/controlP5/ControllerPlug.html	d76ac1402b53b4c87fa8e229b4423aab
archive	archive/gen1-2015-2018/YACC1A1/Processing/libraries/controlP5/reference/controlP5/ControllerProperties.JSONFormat.html	YACCS-OLD/YACC1A1/Processing/libraries/controlP5/reference/controlP5/ControllerProperties.JSONFormat.html	473d5cfa79244c4df309f977b47890c3
archive	archive/gen1-2015-2018/YACC1A1/Processing/libraries/controlP5/reference/controlP5/ControllerProperties.SerializedFormat.html	YACCS-OLD/YACC1A1/Processing/libraries/controlP5/reference/controlP5/ControllerProperties.SerializedFormat.html	8cb78b7324529669fc01d3f05c489a1d
archive	archive/gen1-2015-2018/YACC1A1/Processing/libraries/controlP5/reference/controlP5/ControllerProperties.html	YACCS-OLD/YACC1A1/Processing/libraries/controlP5/reference/controlP5/ControllerProperties.html	3ae4bfde9a0f0bcf8ac5fcb3966e6845
archive	archive/gen1-2015-2018/YACC1A1/Processing/libraries/controlP5/reference/controlP5/ControllerProperty.html	YACCS-OLD/YACC1A1/Processing/libraries/controlP5/reference/controlP5/ControllerProperty.html	4ed326b76f7638adfc339b2b57b0c4bd
archive	archive/gen1-2015-2018/YACC1A1/Processing/libraries/controlP5/reference/controlP5/ControllerStyle.html	YACCS-OLD/YACC1A1/Processing/libraries/controlP5/reference/controlP5/ControllerStyle.html	38fe93329b97d5cc09c55f204b595544
archive	archive/gen1-2015-2018/YACC1A1/Processing/libraries/controlP5/reference/controlP5/ControllerView.html	YACCS-OLD/YACC1A1/Processing/libraries/controlP5/reference/controlP5/ControllerView.html	26b1c6ea927e9106db72f70cd0ae4e69
archive	archive/gen1-2015-2018/YACC1A1/Processing/libraries/controlP5/reference/controlP5/DropdownList.DropdownListView.html	YACCS-OLD/YACC1A1/Processing/libraries/controlP5/reference/controlP5/DropdownList.DropdownListView.html	2f2ded7b27047cb550321524e696a66b
archive	archive/gen1-2015-2018/YACC1A1/Processing/libraries/controlP5/reference/controlP5/DropdownList.html	YACCS-OLD/YACC1A1/Processing/libraries/controlP5/reference/controlP5/DropdownList.html	5281ed83be1a6798583a20d689257e50
archive	archive/gen1-2015-2018/YACC1A1/Processing/libraries/controlP5/reference/controlP5/FrameRate.html	YACCS-OLD/YACC1A1/Processing/libraries/controlP5/reference/controlP5/FrameRate.html	90634219fe6bf10e207b096823bccf6b
archive	archive/gen1-2015-2018/YACC1A1/Processing/libraries/controlP5/reference/controlP5/Group.html	YACCS-OLD/YACC1A1/Processing/libraries/controlP5/reference/controlP5/Group.html	ac6f093ce3349d4702fe94b7d8681ab6
archive	archive/gen1-2015-2018/YACC1A1/Processing/libraries/controlP5/reference/controlP5/Icon.html	YACCS-OLD/YACC1A1/Processing/libraries/controlP5/reference/controlP5/Icon.html	e1619841d8a1472c579cfbd428a97f73
archive	archive/gen1-2015-2018/YACC1A1/Processing/libraries/controlP5/reference/controlP5/Knob.html	YACCS-OLD/YACC1A1/Processing/libraries/controlP5/reference/controlP5/Knob.html	c6e1df2e1fbdcc90e6615c9948d1b210
archive	archive/gen1-2015-2018/YACC1A1/Processing/libraries/controlP5/reference/controlP5/Label.html	YACCS-OLD/YACC1A1/Processing/libraries/controlP5/reference/controlP5/Label.html	4cf7d198141223488d23bfbb32c8f7ab
archive	archive/gen1-2015-2018/YACC1A1/Processing/libraries/controlP5/reference/controlP5/ListBox.ListBoxView.html	YACCS-OLD/YACC1A1/Processing/libraries/controlP5/reference/controlP5/ListBox.ListBoxView.html	022a0931d399b759eff58602297efb88
archive	archive/gen1-2015-2018/YACC1A1/Processing/libraries/controlP5/reference/controlP5/ListBox.html	YACCS-OLD/YACC1A1/Processing/libraries/controlP5/reference/controlP5/ListBox.html	b4140f0fdfde4645f2b93ce7637641d2
archive	archive/gen1-2015-2018/YACC1A1/Processing/libraries/controlP5/reference/controlP5/ListBoxItem.html	YACCS-OLD/YACC1A1/Processing/libraries/controlP5/reference/controlP5/ListBoxItem.html	653be9c76b864c6679aeae56695e9e82
archive	archive/gen1-2015-2018/YACC1A1/Processing/libraries/controlP5/reference/controlP5/Matrix.html	YACCS-OLD/YACC1A1/Processing/libraries/controlP5/reference/controlP5/Matrix.html	45fc2d90533006449dfb0b76d05afe6a
archive	archive/gen1-2015-2018/YACC1A1/Processing/libraries/controlP5/reference/controlP5/MultiList.html	YACCS-OLD/YACC1A1/Processing/libraries/controlP5/reference/controlP5/MultiList.html	4dec2e7abb09a134300138115b3f5a83
archive	archive/gen1-2015-2018/YACC1A1/Processing/libraries/controlP5/reference/controlP5/MultiListButton.html	YACCS-OLD/YACC1A1/Processing/libraries/controlP5/reference/controlP5/MultiListButton.html	7deabc7544e556a5d7a3d3e5e59e5028
archive	archive/gen1-2015-2018/YACC1A1/Processing/libraries/controlP5/reference/controlP5/Numberbox.html	YACCS-OLD/YACC1A1/Processing/libraries/controlP5/reference/controlP5/Numberbox.html	fef9463504328cfd1baaefcd8a791f1f
archive	archive/gen1-2015-2018/YACC1A1/Processing/libraries/controlP5/reference/controlP5/Pointer.html	YACCS-OLD/YACC1A1/Processing/libraries/controlP5/reference/controlP5/Pointer.html	195bc0d0b7a66af7817056be44b9f771
archive	archive/gen1-2015-2018/YACC1A1/Processing/libraries/controlP5/reference/controlP5/Println.html	YACCS-OLD/YACC1A1/Processing/libraries/controlP5/reference/controlP5/Println.html	5c8978157d5d5e7b79fe4ea4c0a096fc
archive	archive/gen1-2015-2018/YACC1A1/Processing/libraries/controlP5/reference/controlP5/Radio.html	YACCS-OLD/YACC1A1/Processing/libraries/controlP5/reference/controlP5/Radio.html	a32c51278ab02cabd83655fc338c66a9
archive	archive/gen1-2015-2018/YACC1A1/Processing/libraries/controlP5/reference/controlP5/RadioButton.html	YACCS-OLD/YACC1A1/Processing/libraries/controlP5/reference/controlP5/RadioButton.html	e76457aafa374ab2b3be611d11e9ad38
archive	archive/gen1-2015-2018/YACC1A1/Processing/libraries/controlP5/reference/controlP5/Range.html	YACCS-OLD/YACC1A1/Processing/libraries/controlP5/reference/controlP5/Range.html	7e47f86054903493eb8b9bf43ad95144
archive	archive/gen1-2015-2018/YACC1A1/Processing/libraries/controlP5/reference/controlP5/ScrollableList.ScrollableListView.html	YACCS-OLD/YACC1A1/Processing/libraries/controlP5/reference/controlP5/ScrollableList.ScrollableListView.html	a6631c01e86c7e24d38e079a673f1640
archive	archive/gen1-2015-2018/YACC1A1/Processing/libraries/controlP5/reference/controlP5/ScrollableList.html	YACCS-OLD/YACC1A1/Processing/libraries/controlP5/reference/controlP5/ScrollableList.html	7fc0f2f03f01948bf5192f0fa035bd3b
archive	archive/gen1-2015-2018/YACC1A1/Processing/libraries/controlP5/reference/controlP5/Slider.html	YACCS-OLD/YACC1A1/Processing/libraries/controlP5/reference/controlP5/Slider.html	1a3eba4b23a7e58632241a870efa3497
archive	archive/gen1-2015-2018/YACC1A1/Processing/libraries/controlP5/reference/controlP5/Slider2D.html	YACCS-OLD/YACC1A1/Processing/libraries/controlP5/reference/controlP5/Slider2D.html	a992a715e179a6cb26a7329192a3d1e0
archive	archive/gen1-2015-2018/YACC1A1/Processing/libraries/controlP5/reference/controlP5/Spacer.html	YACCS-OLD/YACC1A1/Processing/libraries/controlP5/reference/controlP5/Spacer.html	b0b8efad7741b66b3583354255722155
archive	archive/gen1-2015-2018/YACC1A1/Processing/libraries/controlP5/reference/controlP5/Tab.html	YACCS-OLD/YACC1A1/Processing/libraries/controlP5/reference/controlP5/Tab.html	9730c044cc5875e89614fb5bc254ff7b
archive	archive/gen1-2015-2018/YACC1A1/Processing/libraries/controlP5/reference/controlP5/Textarea.html	YACCS-OLD/YACC1A1/Processing/libraries/controlP5/reference/controlP5/Textarea.html	c10871908eea0eb9c2c119d34ec679b8
archive	archive/gen1-2015-2018/YACC1A1/Processing/libraries/controlP5/reference/controlP5/Textfield.InputFilter.html	YACCS-OLD/YACC1A1/Processing/libraries/controlP5/reference/controlP5/Textfield.InputFilter.html	68d21c9dc0eb034578d4c9b18a83915a
archive	archive/gen1-2015-2018/YACC1A1/Processing/libraries/controlP5/reference/controlP5/Textfield.html	YACCS-OLD/YACC1A1/Processing/libraries/controlP5/reference/controlP5/Textfield.html	7d8ad93f43ee9006f301530f308f2a93
archive	archive/gen1-2015-2018/YACC1A1/Processing/libraries/controlP5/reference/controlP5/Textlabel.html	YACCS-OLD/YACC1A1/Processing/libraries/controlP5/reference/controlP5/Textlabel.html	74eed956d47ca83e8b788cae074c831f
archive	archive/gen1-2015-2018/YACC1A1/Processing/libraries/controlP5/reference/controlP5/TickMark.html	YACCS-OLD/YACC1A1/Processing/libraries/controlP5/reference/controlP5/TickMark.html	77392e5be8f95f6532f5e171be918482
archive	archive/gen1-2015-2018/YACC1A1/Processing/libraries/controlP5/reference/controlP5/Toggle.html	YACCS-OLD/YACC1A1/Processing/libraries/controlP5/reference/controlP5/Toggle.html	2621168849b7ad8a488da5b9f9593e4a
archive	archive/gen1-2015-2018/YACC1A1/Processing/libraries/controlP5/reference/controlP5/Tooltip.html	YACCS-OLD/YACC1A1/Processing/libraries/controlP5/reference/controlP5/Tooltip.html	8242fc984069ccd6af44cac0cb214acf
archive	archive/gen1-2015-2018/YACC1A1/Processing/libraries/controlP5/reference/controlP5/package-frame.html	YACCS-OLD/YACC1A1/Processing/libraries/controlP5/reference/controlP5/package-frame.html	96a4dec86eaaaeae7f6a7957dedd8fcc
archive	archive/gen1-2015-2018/YACC1A1/Processing/libraries/controlP5/reference/controlP5/package-summary.html	YACCS-OLD/YACC1A1/Processing/libraries/controlP5/reference/controlP5/package-summary.html	b3854601075a6d3367afca254704da2a
archive	archive/gen1-2015-2018/YACC1A1/Processing/libraries/controlP5/reference/controlP5/package-tree.html	YACCS-OLD/YACC1A1/Processing/libraries/controlP5/reference/controlP5/package-tree.html	c0ec2c639f136f13ea2054165ee7555f
archive	archive/gen1-2015-2018/YACC1A1/Processing/libraries/controlP5/reference/help-doc.html	YACCS-OLD/YACC1A1/Processing/libraries/controlP5/reference/help-doc.html	e7d140ac1e3dbc0ae986ab1624d1c559
archive	archive/gen1-2015-2018/YACC1A1/Processing/libraries/controlP5/reference/index-all.html	YACCS-OLD/YACC1A1/Processing/libraries/controlP5/reference/index-all.html	8caf1760ef2bc3e739a873be1fc21f3a
archive	archive/gen1-2015-2018/YACC1A1/Processing/libraries/controlP5/reference/index.html	YACCS-OLD/YACC1A1/Processing/libraries/controlP5/reference/index.html	3b8b62f97a32cb64bf6abfda44aa4684
archive	archive/gen1-2015-2018/YACC1A1/Processing/libraries/controlP5/reference/overview-tree.html	YACCS-OLD/YACC1A1/Processing/libraries/controlP5/reference/overview-tree.html	aa341d9a2c63957eb5c6a2a2c3a801fa
archive	archive/gen1-2015-2018/YACC1A1/Processing/libraries/controlP5/reference/package-list	YACCS-OLD/YACC1A1/Processing/libraries/controlP5/reference/package-list	a4520f78fc8a9cd722846e48fdfcf614
archive	archive/gen1-2015-2018/YACC1A1/Processing/libraries/controlP5/reference/resources/background.gif	YACCS-OLD/YACC1A1/Processing/libraries/controlP5/reference/resources/background.gif	1585f724123802e311ffda9fe3daec1d
archive	archive/gen1-2015-2018/YACC1A1/Processing/libraries/controlP5/reference/resources/tab.gif	YACCS-OLD/YACC1A1/Processing/libraries/controlP5/reference/resources/tab.gif	104b9cce4c6e7939d704a3622f3af134
archive	archive/gen1-2015-2018/YACC1A1/Processing/libraries/controlP5/reference/resources/titlebar.gif	YACCS-OLD/YACC1A1/Processing/libraries/controlP5/reference/resources/titlebar.gif	ffafa018717176c6a8dcc231cfb737e6
archive	archive/gen1-2015-2018/YACC1A1/Processing/libraries/controlP5/reference/resources/titlebar_end.gif	YACCS-OLD/YACC1A1/Processing/libraries/controlP5/reference/resources/titlebar_end.gif	afc6e5230ea7870c515dddb0bc48486d
archive	archive/gen1-2015-2018/YACC1A1/Processing/libraries/controlP5/reference/script.js	YACCS-OLD/YACC1A1/Processing/libraries/controlP5/reference/script.js	4a010b8264c9873452f055748133bb29
archive	archive/gen1-2015-2018/YACC1A1/Processing/libraries/controlP5/reference/serialized-form.html	YACCS-OLD/YACC1A1/Processing/libraries/controlP5/reference/serialized-form.html	4d5acc5c5db7bfe0af35589410f14d72
archive	archive/gen1-2015-2018/YACC1A1/Processing/libraries/controlP5/reference/stylesheet.css	YACCS-OLD/YACC1A1/Processing/libraries/controlP5/reference/stylesheet.css	93ff8befe3afe0ac60b3c3c0228b305f
archive	archive/gen1-2015-2018/YACC1A1/Processing/libraries/controlP5/src/controlP5/Accordion.java	YACCS-OLD/YACC1A1/Processing/libraries/controlP5/src/controlP5/Accordion.java	62a2d5db0766d8c51d08af9f2549992b
archive	archive/gen1-2015-2018/YACC1A1/Processing/libraries/controlP5/src/controlP5/Background.java	YACCS-OLD/YACC1A1/Processing/libraries/controlP5/src/controlP5/Background.java	624b8b09041454feb03e97d2d8a9e84e
archive	archive/gen1-2015-2018/YACC1A1/Processing/libraries/controlP5/src/controlP5/Bang.java	YACCS-OLD/YACC1A1/Processing/libraries/controlP5/src/controlP5/Bang.java	da9647e9fa08814a861f62a1ca269641
archive	archive/gen1-2015-2018/YACC1A1/Processing/libraries/controlP5/src/controlP5/BitFont.java	YACCS-OLD/YACC1A1/Processing/libraries/controlP5/src/controlP5/BitFont.java	6f8481eccaeca2054835b81932e8f8c8
archive	archive/gen1-2015-2018/YACC1A1/Processing/libraries/controlP5/src/controlP5/Button.java	YACCS-OLD/YACC1A1/Processing/libraries/controlP5/src/controlP5/Button.java	ced4a31d2ceea89ae4c187836c961b51
archive	archive/gen1-2015-2018/YACC1A1/Processing/libraries/controlP5/src/controlP5/ButtonBar.java	YACCS-OLD/YACC1A1/Processing/libraries/controlP5/src/controlP5/ButtonBar.java	20f85dfc8539ca7ac8e139310d9e7a33
archive	archive/gen1-2015-2018/YACC1A1/Processing/libraries/controlP5/src/controlP5/CColor.java	YACCS-OLD/YACC1A1/Processing/libraries/controlP5/src/controlP5/CColor.java	e64bbc28817d1e9e0034105b6c9503da
archive	archive/gen1-2015-2018/YACC1A1/Processing/libraries/controlP5/src/controlP5/CDrawable.java	YACCS-OLD/YACC1A1/Processing/libraries/controlP5/src/controlP5/CDrawable.java	c20a2fd1c546e54cb9ada6f25612da1e
archive	archive/gen1-2015-2018/YACC1A1/Processing/libraries/controlP5/src/controlP5/CP.java	YACCS-OLD/YACC1A1/Processing/libraries/controlP5/src/controlP5/CP.java	f5fa8d5d1f61536964b865a2618f7da1
archive	archive/gen1-2015-2018/YACC1A1/Processing/libraries/controlP5/src/controlP5/CallbackEvent.java	YACCS-OLD/YACC1A1/Processing/libraries/controlP5/src/controlP5/CallbackEvent.java	1220a429fc3820e3a2ee9a7582261ccd
archive	archive/gen1-2015-2018/YACC1A1/Processing/libraries/controlP5/src/controlP5/CallbackListener.java	YACCS-OLD/YACC1A1/Processing/libraries/controlP5/src/controlP5/CallbackListener.java	c333fccecfee3431c9d69147355cd98a
archive	archive/gen1-2015-2018/YACC1A1/Processing/libraries/controlP5/src/controlP5/Canvas.java	YACCS-OLD/YACC1A1/Processing/libraries/controlP5/src/controlP5/Canvas.java	353ba24702b4608c2987b4948f3a7259
archive	archive/gen1-2015-2018/YACC1A1/Processing/libraries/controlP5/src/controlP5/Chart.java	YACCS-OLD/YACC1A1/Processing/libraries/controlP5/src/controlP5/Chart.java	303ee5ef17bc3b8e12e03321657ed669
archive	archive/gen1-2015-2018/YACC1A1/Processing/libraries/controlP5/src/controlP5/ChartData.java	YACCS-OLD/YACC1A1/Processing/libraries/controlP5/src/controlP5/ChartData.java	f0ae3dbfc74404bdc344bde09cd2d393
archive	archive/gen1-2015-2018/YACC1A1/Processing/libraries/controlP5/src/controlP5/ChartDataSet.java	YACCS-OLD/YACC1A1/Processing/libraries/controlP5/src/controlP5/ChartDataSet.java	0ac4f0d7cd4fc3219ae55b8b68b06647
archive	archive/gen1-2015-2018/YACC1A1/Processing/libraries/controlP5/src/controlP5/CheckBox.java	YACCS-OLD/YACC1A1/Processing/libraries/controlP5/src/controlP5/CheckBox.java	c015aa4e8019c42f9c4c2645b91bdeba
archive	archive/gen1-2015-2018/YACC1A1/Processing/libraries/controlP5/src/controlP5/ColorPalette.java	YACCS-OLD/YACC1A1/Processing/libraries/controlP5/src/controlP5/ColorPalette.java	6dc7af65ea641d5719a79f1a3f33e202
archive	archive/gen1-2015-2018/YACC1A1/Processing/libraries/controlP5/src/controlP5/ColorPicker.java	YACCS-OLD/YACC1A1/Processing/libraries/controlP5/src/controlP5/ColorPicker.java	d0dfa5ca29b0cd6b0fc5b6431180ef2b
archive	archive/gen1-2015-2018/YACC1A1/Processing/libraries/controlP5/src/controlP5/ColorWheel.java	YACCS-OLD/YACC1A1/Processing/libraries/controlP5/src/controlP5/ColorWheel.java	2cada78716ad3707f95937fac2fe37a2
archive	archive/gen1-2015-2018/YACC1A1/Processing/libraries/controlP5/src/controlP5/ControlBehavior.java	YACCS-OLD/YACC1A1/Processing/libraries/controlP5/src/controlP5/ControlBehavior.java	46f92931ea8315a7d59ff14d4aee6ca1
archive	archive/gen1-2015-2018/YACC1A1/Processing/libraries/controlP5/src/controlP5/ControlBroadcaster.java	YACCS-OLD/YACC1A1/Processing/libraries/controlP5/src/controlP5/ControlBroadcaster.java	712390a5d952c916d7396e98fbcd0320
archive	archive/gen1-2015-2018/YACC1A1/Processing/libraries/controlP5/src/controlP5/ControlElement.java	YACCS-OLD/YACC1A1/Processing/libraries/controlP5/src/controlP5/ControlElement.java	928ce4f4fa45585efa9b0da3c603eafd
archive	archive/gen1-2015-2018/YACC1A1/Processing/libraries/controlP5/src/controlP5/ControlEvent.java	YACCS-OLD/YACC1A1/Processing/libraries/controlP5/src/controlP5/ControlEvent.java	87338bf861e55e92fdc207e81879fd09
archive	archive/gen1-2015-2018/YACC1A1/Processing/libraries/controlP5/src/controlP5/ControlFont.java	YACCS-OLD/YACC1A1/Processing/libraries/controlP5/src/controlP5/ControlFont.java	0bb9fe054d64ec916478dea3e492aed6
archive	archive/gen1-2015-2018/YACC1A1/Processing/libraries/controlP5/src/controlP5/ControlGroup.java	YACCS-OLD/YACC1A1/Processing/libraries/controlP5/src/controlP5/ControlGroup.java	d869cae08d72f9773c19bbdac4103107
archive	archive/gen1-2015-2018/YACC1A1/Processing/libraries/controlP5/src/controlP5/ControlKey.java	YACCS-OLD/YACC1A1/Processing/libraries/controlP5/src/controlP5/ControlKey.java	522465bc36083bd28aa4dd4baadedebe
archive	archive/gen1-2015-2018/YACC1A1/Processing/libraries/controlP5/src/controlP5/ControlListener.java	YACCS-OLD/YACC1A1/Processing/libraries/controlP5/src/controlP5/ControlListener.java	2105dce4cb03baef9e6a59fb33923fc6
archive	archive/gen1-2015-2018/YACC1A1/Processing/libraries/controlP5/src/controlP5/ControlP5.java	YACCS-OLD/YACC1A1/Processing/libraries/controlP5/src/controlP5/ControlP5.java	4c4063d7ef5eea8b8864c8f315748b93
archive	archive/gen1-2015-2018/YACC1A1/Processing/libraries/controlP5/src/controlP5/ControlP5Base.java	YACCS-OLD/YACC1A1/Processing/libraries/controlP5/src/controlP5/ControlP5Base.java	91c65a0b51d4a067677a4c03a56d4656
archive	archive/gen1-2015-2018/YACC1A1/Processing/libraries/controlP5/src/controlP5/ControlP5Constants.java	YACCS-OLD/YACC1A1/Processing/libraries/controlP5/src/controlP5/ControlP5Constants.java	33ed4c918211d73e1ff2c51647ffc2d4
archive	archive/gen1-2015-2018/YACC1A1/Processing/libraries/controlP5/src/controlP5/ControlP5Legacy.java	YACCS-OLD/YACC1A1/Processing/libraries/controlP5/src/controlP5/ControlP5Legacy.java	89ff81a2e3bf77baf6ef268e0b46be0b
archive	archive/gen1-2015-2018/YACC1A1/Processing/libraries/controlP5/src/controlP5/ControlTimer.java	YACCS-OLD/YACC1A1/Processing/libraries/controlP5/src/controlP5/ControlTimer.java	96fec20be704703958d84bd7224040b8
archive	archive/gen1-2015-2018/YACC1A1/Processing/libraries/controlP5/src/controlP5/ControlWindow.java	YACCS-OLD/YACC1A1/Processing/libraries/controlP5/src/controlP5/ControlWindow.java	4c69ea40a2fbab4dc3f14cd4ea135f94
archive	archive/gen1-2015-2018/YACC1A1/Processing/libraries/controlP5/src/controlP5/ControlWindowCanvas.java	YACCS-OLD/YACC1A1/Processing/libraries/controlP5/src/controlP5/ControlWindowCanvas.java	176bc7827e13a27fb523f47e4e7f163f
archive	archive/gen1-2015-2018/YACC1A1/Processing/libraries/controlP5/src/controlP5/Controller.java	YACCS-OLD/YACC1A1/Processing/libraries/controlP5/src/controlP5/Controller.java	f061d0603adfabf28abf3106105f2f6e
archive	archive/gen1-2015-2018/YACC1A1/Processing/libraries/controlP5/src/controlP5/ControllerAutomator.java	YACCS-OLD/YACC1A1/Processing/libraries/controlP5/src/controlP5/ControllerAutomator.java	bca0d300d490f271389e3ad22319c8c4
archive	archive/gen1-2015-2018/YACC1A1/Processing/libraries/controlP5/src/controlP5/ControllerDisplay.java	YACCS-OLD/YACC1A1/Processing/libraries/controlP5/src/controlP5/ControllerDisplay.java	d92d3f85b789351ccbef930a41d4efa7
archive	archive/gen1-2015-2018/YACC1A1/Processing/libraries/controlP5/src/controlP5/ControllerGroup.java	YACCS-OLD/YACC1A1/Processing/libraries/controlP5/src/controlP5/ControllerGroup.java	6caa3adb95602c86a51c44090dbb22c8
archive	archive/gen1-2015-2018/YACC1A1/Processing/libraries/controlP5/src/controlP5/ControllerInterface.java	YACCS-OLD/YACC1A1/Processing/libraries/controlP5/src/controlP5/ControllerInterface.java	e5f9f125e554828aa11994963c9ad3d7
archive	archive/gen1-2015-2018/YACC1A1/Processing/libraries/controlP5/src/controlP5/ControllerLayout.java	YACCS-OLD/YACC1A1/Processing/libraries/controlP5/src/controlP5/ControllerLayout.java	45cb90b0ebec81b7d787ea4d3d51006c
archive	archive/gen1-2015-2018/YACC1A1/Processing/libraries/controlP5/src/controlP5/ControllerLayoutElement.java	YACCS-OLD/YACC1A1/Processing/libraries/controlP5/src/controlP5/ControllerLayoutElement.java	0536f7195538366825968bad75daec49
archive	archive/gen1-2015-2018/YACC1A1/Processing/libraries/controlP5/src/controlP5/ControllerList.java	YACCS-OLD/YACC1A1/Processing/libraries/controlP5/src/controlP5/ControllerList.java	91d6f43168531055da3ee280250cb99a
archive	archive/gen1-2015-2018/YACC1A1/Processing/libraries/controlP5/src/controlP5/ControllerPlug.java	YACCS-OLD/YACC1A1/Processing/libraries/controlP5/src/controlP5/ControllerPlug.java	0dded25f5ea250ee5531519110eca2e3
archive	archive/gen1-2015-2018/YACC1A1/Processing/libraries/controlP5/src/controlP5/ControllerProperties.java	YACCS-OLD/YACC1A1/Processing/libraries/controlP5/src/controlP5/ControllerProperties.java	1a4ebc12614e232f1125657cacdf4c34
archive	archive/gen1-2015-2018/YACC1A1/Processing/libraries/controlP5/src/controlP5/ControllerProperty.java	YACCS-OLD/YACC1A1/Processing/libraries/controlP5/src/controlP5/ControllerProperty.java	120f2d33b048c21279e31d1ff8f2aa91
archive	archive/gen1-2015-2018/YACC1A1/Processing/libraries/controlP5/src/controlP5/ControllerStyle.java	YACCS-OLD/YACC1A1/Processing/libraries/controlP5/src/controlP5/ControllerStyle.java	076065504ac17dac8e65c068c4d43592
archive	archive/gen1-2015-2018/YACC1A1/Processing/libraries/controlP5/src/controlP5/ControllerView.java	YACCS-OLD/YACC1A1/Processing/libraries/controlP5/src/controlP5/ControllerView.java	1338f082ca7ef596d66198b0803dff30
archive	archive/gen1-2015-2018/YACC1A1/Processing/libraries/controlP5/src/controlP5/DropdownList.java	YACCS-OLD/YACC1A1/Processing/libraries/controlP5/src/controlP5/DropdownList.java	4e055982878775e7cc5fe64c2ae9ae0b
archive	archive/gen1-2015-2018/YACC1A1/Processing/libraries/controlP5/src/controlP5/FieldChangedListener.java	YACCS-OLD/YACC1A1/Processing/libraries/controlP5/src/controlP5/FieldChangedListener.java	96b59226162907f418095fee16146f7c
archive	archive/gen1-2015-2018/YACC1A1/Processing/libraries/controlP5/src/controlP5/FrameRate.java	YACCS-OLD/YACC1A1/Processing/libraries/controlP5/src/controlP5/FrameRate.java	2038ffae99cf0ea4734200afa081a79c
archive	archive/gen1-2015-2018/YACC1A1/Processing/libraries/controlP5/src/controlP5/Group.java	YACCS-OLD/YACC1A1/Processing/libraries/controlP5/src/controlP5/Group.java	26cca9eca5bcf623958fa8ff658ee16f
archive	archive/gen1-2015-2018/YACC1A1/Processing/libraries/controlP5/src/controlP5/Icon.java	YACCS-OLD/YACC1A1/Processing/libraries/controlP5/src/controlP5/Icon.java	9659f5fe6687d3c2316d5092c52c48b8
archive	archive/gen1-2015-2018/YACC1A1/Processing/libraries/controlP5/src/controlP5/Knob.java	YACCS-OLD/YACC1A1/Processing/libraries/controlP5/src/controlP5/Knob.java	ed94fbb1b025da973825a5a7a146561d
archive	archive/gen1-2015-2018/YACC1A1/Processing/libraries/controlP5/src/controlP5/Label.java	YACCS-OLD/YACC1A1/Processing/libraries/controlP5/src/controlP5/Label.java	415a9953594d81dd04f8735d3de8395d
archive	archive/gen1-2015-2018/YACC1A1/Processing/libraries/controlP5/src/controlP5/ListBox.java	YACCS-OLD/YACC1A1/Processing/libraries/controlP5/src/controlP5/ListBox.java	a271b6a51c216b9576b1848c6697de03
archive	archive/gen1-2015-2018/YACC1A1/Processing/libraries/controlP5/src/controlP5/Matrix.java	YACCS-OLD/YACC1A1/Processing/libraries/controlP5/src/controlP5/Matrix.java	92c2cb5cfa7acee14f5bbb3d6a0e184d
archive	archive/gen1-2015-2018/YACC1A1/Processing/libraries/controlP5/src/controlP5/MultiList.java	YACCS-OLD/YACC1A1/Processing/libraries/controlP5/src/controlP5/MultiList.java	1ce773aa01ac3a3c3b0623aee87caee6
archive	archive/gen1-2015-2018/YACC1A1/Processing/libraries/controlP5/src/controlP5/MultiListButton.java	YACCS-OLD/YACC1A1/Processing/libraries/controlP5/src/controlP5/MultiListButton.java	53c331e52c7dab1020f7acd29cfbc40c
archive	archive/gen1-2015-2018/YACC1A1/Processing/libraries/controlP5/src/controlP5/MultiListInterface.java	YACCS-OLD/YACC1A1/Processing/libraries/controlP5/src/controlP5/MultiListInterface.java	06c866ba53a4c19bf3f5972b6a6ca734
archive	archive/gen1-2015-2018/YACC1A1/Processing/libraries/controlP5/src/controlP5/Numberbox.java	YACCS-OLD/YACC1A1/Processing/libraries/controlP5/src/controlP5/Numberbox.java	f6800e02da0aeac5f72de5460b7b4bc9
archive	archive/gen1-2015-2018/YACC1A1/Processing/libraries/controlP5/src/controlP5/Pad.java	YACCS-OLD/YACC1A1/Processing/libraries/controlP5/src/controlP5/Pad.java	c1ae620744a56269e74d215125f90895
archive	archive/gen1-2015-2018/YACC1A1/Processing/libraries/controlP5/src/controlP5/Pointer.java	YACCS-OLD/YACC1A1/Processing/libraries/controlP5/src/controlP5/Pointer.java	543a3472ddaea9488f9f2141cee8b4e6
archive	archive/gen1-2015-2018/YACC1A1/Processing/libraries/controlP5/src/controlP5/Println.java	YACCS-OLD/YACC1A1/Processing/libraries/controlP5/src/controlP5/Println.java	c505a65ab846758f3beb4820e3a2a10e
archive	archive/gen1-2015-2018/YACC1A1/Processing/libraries/controlP5/src/controlP5/Radio.java	YACCS-OLD/YACC1A1/Processing/libraries/controlP5/src/controlP5/Radio.java	1585320a334be1fdf09d6c9e00701b35
archive	archive/gen1-2015-2018/YACC1A1/Processing/libraries/controlP5/src/controlP5/RadioButton.java	YACCS-OLD/YACC1A1/Processing/libraries/controlP5/src/controlP5/RadioButton.java	997c5f75dda590f2f5153141d965098b
archive	archive/gen1-2015-2018/YACC1A1/Processing/libraries/controlP5/src/controlP5/Range.java	YACCS-OLD/YACC1A1/Processing/libraries/controlP5/src/controlP5/Range.java	24aa029f2ac4bf6704d43309f08d0a62
archive	archive/gen1-2015-2018/YACC1A1/Processing/libraries/controlP5/src/controlP5/ScrollableList.java	YACCS-OLD/YACC1A1/Processing/libraries/controlP5/src/controlP5/ScrollableList.java	eb02436812e9ebbcac375924fb95d5f9
archive	archive/gen1-2015-2018/YACC1A1/Processing/libraries/controlP5/src/controlP5/Slider.java	YACCS-OLD/YACC1A1/Processing/libraries/controlP5/src/controlP5/Slider.java	be56d5d546abae7eab9a9ee5b5b08f1e
archive	archive/gen1-2015-2018/YACC1A1/Processing/libraries/controlP5/src/controlP5/Slider2D.java	YACCS-OLD/YACC1A1/Processing/libraries/controlP5/src/controlP5/Slider2D.java	490938c31a0041bf62ae62335875c186
archive	archive/gen1-2015-2018/YACC1A1/Processing/libraries/controlP5/src/controlP5/Spacer.java	YACCS-OLD/YACC1A1/Processing/libraries/controlP5/src/controlP5/Spacer.java	13e601e02d349295e434d4b78a883d30
archive	archive/gen1-2015-2018/YACC1A1/Processing/libraries/controlP5/src/controlP5/TODO	YACCS-OLD/YACC1A1/Processing/libraries/controlP5/src/controlP5/TODO	d1e63ba042fef4ae420b571f1e0cb08f
archive	archive/gen1-2015-2018/YACC1A1/Processing/libraries/controlP5/src/controlP5/Tab.java	YACCS-OLD/YACC1A1/Processing/libraries/controlP5/src/controlP5/Tab.java	7dbf51aa8f1ea6afb6e4454e931f9dd0
archive	archive/gen1-2015-2018/YACC1A1/Processing/libraries/controlP5/src/controlP5/Textarea.java	YACCS-OLD/YACC1A1/Processing/libraries/controlP5/src/controlP5/Textarea.java	e67c0acb5db27369a8874cf3ac422e0a
archive	archive/gen1-2015-2018/YACC1A1/Processing/libraries/controlP5/src/controlP5/Textfield.java	YACCS-OLD/YACC1A1/Processing/libraries/controlP5/src/controlP5/Textfield.java	1885a4579c3e40f996ca7be25909a17e
archive	archive/gen1-2015-2018/YACC1A1/Processing/libraries/controlP5/src/controlP5/Textlabel.java	YACCS-OLD/YACC1A1/Processing/libraries/controlP5/src/controlP5/Textlabel.java	717d3daa0dd398d738612d13cf52a485
archive	archive/gen1-2015-2018/YACC1A1/Processing/libraries/controlP5/src/controlP5/TickMark.java	YACCS-OLD/YACC1A1/Processing/libraries/controlP5/src/controlP5/TickMark.java	c79236709705fa96783881e07c0b3baa
archive	archive/gen1-2015-2018/YACC1A1/Processing/libraries/controlP5/src/controlP5/Toggle.java	YACCS-OLD/YACC1A1/Processing/libraries/controlP5/src/controlP5/Toggle.java	8d6c7d213310c317ac57666ac19cf26c
archive	archive/gen1-2015-2018/YACC1A1/Processing/libraries/controlP5/src/controlP5/Tooltip.java	YACCS-OLD/YACC1A1/Processing/libraries/controlP5/src/controlP5/Tooltip.java	a6a9fe09670e8b9ab3c675bccd780cb9
archive	archive/gen1-2015-2018/YACC1A1/Processing/libraries/controlP5/src/controlP5/changeLog.txt	YACCS-OLD/YACC1A1/Processing/libraries/controlP5/src/controlP5/changeLog.txt	bf3bbd5746a15ad9a59a799ab2c78d37
archive	archive/gen1-2015-2018/YACC1A1/Processing/libraries/controlP5/src/controlP5/package.html	YACCS-OLD/YACC1A1/Processing/libraries/controlP5/src/controlP5/package.html	acda9041d2fc1933f346f2716b73b221
archive	archive/gen1-2015-2018/YACC1A1/Processing/microcode_sender/microcode_sender.pde	YACCS-OLD/YACC1A1/Processing/microcode_sender/microcode_sender.pde	893f1d2acbe34ded981a7e255bc8b6bc
archive	archive/gen1-2015-2018/YACC1A1/Processing/sketch_160718a/sketch_160718a.pde	YACCS-OLD/YACC1A1/Processing/sketch_160718a/sketch_160718a.pde	8eb748771dc1db99b3205033f891ca84
archive	archive/gen1-2015-2018/YACC1A1/Simulation/Libraries/7400-lib.circ	YACCS-OLD/YACC1A1/Simulation/Libraries/7400-lib.circ	d4a1cba5546c43b6ec01502f01de0b1a
archive	archive/gen1-2015-2018/YACC1A1/Simulation/Libraries/7400-series-rev1.circ	YACCS-OLD/YACC1A1/Simulation/Libraries/7400-series-rev1.circ	4b0e8365dcb855373f0c6aaae5c4cad7
archive	archive/gen1-2015-2018/YACC1A1/Simulation/Libraries/74x/74109.circ	YACCS-OLD/YACC1A1/Simulation/Libraries/74x/74109.circ	6fd9885bd03733ef7914922334ed91b2
archive	archive/gen1-2015-2018/YACC1A1/Simulation/Libraries/74x/74138.circ	YACCS-OLD/YACC1A1/Simulation/Libraries/74x/74138.circ	0b86d2f2b01367e4d17deadde400c7b1
archive	archive/gen1-2015-2018/YACC1A1/Simulation/Libraries/74x/74147.circ	YACCS-OLD/YACC1A1/Simulation/Libraries/74x/74147.circ	f6e3a5795f15e05d71942c68e8b4c265
archive	archive/gen1-2015-2018/YACC1A1/Simulation/Libraries/74x/74148.circ	YACCS-OLD/YACC1A1/Simulation/Libraries/74x/74148.circ	d25499ab4c477809b37edace189f4252
archive	archive/gen1-2015-2018/YACC1A1/Simulation/Libraries/74x/74151.circ	YACCS-OLD/YACC1A1/Simulation/Libraries/74x/74151.circ	51be9d1977d81cfb11ef51731ac4f07b
archive	archive/gen1-2015-2018/YACC1A1/Simulation/Libraries/74x/74154.circ	YACCS-OLD/YACC1A1/Simulation/Libraries/74x/74154.circ	44ab8aab25111b46309a2921871f04cd
archive	archive/gen1-2015-2018/YACC1A1/Simulation/Libraries/74x/74157.circ	YACCS-OLD/YACC1A1/Simulation/Libraries/74x/74157.circ	f5a74e8fae9bad52b45a48adf7dea3a6
archive	archive/gen1-2015-2018/YACC1A1/Simulation/Libraries/74x/74160.circ	YACCS-OLD/YACC1A1/Simulation/Libraries/74x/74160.circ	8c125154866141a92ffb4c2dba5901f4
archive	archive/gen1-2015-2018/YACC1A1/Simulation/Libraries/74x/74163.circ	YACCS-OLD/YACC1A1/Simulation/Libraries/74x/74163.circ	23a6e5090d6bf335e80943931977c420
archive	archive/gen1-2015-2018/YACC1A1/Simulation/Libraries/74x/74163v2.circ	YACCS-OLD/YACC1A1/Simulation/Libraries/74x/74163v2.circ	349f906ac0e058faaf499884cebfe3db
archive	archive/gen1-2015-2018/YACC1A1/Simulation/Libraries/74x/74164.circ	YACCS-OLD/YACC1A1/Simulation/Libraries/74x/74164.circ	05c8ecfb054f24090c0665c59bc76600
archive	archive/gen1-2015-2018/YACC1A1/Simulation/Libraries/74x/74165.circ	YACCS-OLD/YACC1A1/Simulation/Libraries/74x/74165.circ	cee157131e9cb0f03d0dc3e625f45b66
archive	archive/gen1-2015-2018/YACC1A1/Simulation/Libraries/74x/74166.circ	YACCS-OLD/YACC1A1/Simulation/Libraries/74x/74166.circ	223ab9f754e1b3abea12b005eabb9333
archive	archive/gen1-2015-2018/YACC1A1/Simulation/Libraries/74x/74173.circ	YACCS-OLD/YACC1A1/Simulation/Libraries/74x/74173.circ	b46513ca56b8691cd618a9aa327cc08a
archive	archive/gen1-2015-2018/YACC1A1/Simulation/Libraries/74x/74181/74181 v2.circ	YACCS-OLD/YACC1A1/Simulation/Libraries/74x/74181/74181 v2.circ	5b8a0ee2523f443beffe33483c24ed35
archive	archive/gen1-2015-2018/YACC1A1/Simulation/Libraries/74x/74181/74181 v3.circ	YACCS-OLD/YACC1A1/Simulation/Libraries/74x/74181/74181 v3.circ	24a9f3645548b0647114abeed70f10bf
archive	archive/gen1-2015-2018/YACC1A1/Simulation/Libraries/74x/74181/74181.circ	YACCS-OLD/YACC1A1/Simulation/Libraries/74x/74181/74181.circ	4cb3a88decd32a1eede94949f316187a
archive	archive/gen1-2015-2018/YACC1A1/Simulation/Libraries/74x/74181/test 74181.circ	YACCS-OLD/YACC1A1/Simulation/Libraries/74x/74181/test 74181.circ	e3709097870dc51180f3cd69e0d085a8
archive	archive/gen1-2015-2018/YACC1A1/Simulation/Libraries/74x/74182/74182.circ	YACCS-OLD/YACC1A1/Simulation/Libraries/74x/74182/74182.circ	4a1ed99000e66d29171bfdec55da460f
archive	archive/gen1-2015-2018/YACC1A1/Simulation/Libraries/74x/74182/test 74182.circ	YACCS-OLD/YACC1A1/Simulation/Libraries/74x/74182/test 74182.circ	4582865491821f39a441ba2a0d0d899a
archive	archive/gen1-2015-2018/YACC1A1/Simulation/Libraries/74x/74193.circ	YACCS-OLD/YACC1A1/Simulation/Libraries/74x/74193.circ	6bd25ee344094dbd8f82d04e1cd49aec
archive	archive/gen1-2015-2018/YACC1A1/Simulation/Libraries/74x/74273.circ	YACCS-OLD/YACC1A1/Simulation/Libraries/74x/74273.circ	23f54809e3ea9e09914876727e5b5ad7
archive	archive/gen1-2015-2018/YACC1A1/Simulation/Libraries/74x/74374.circ	YACCS-OLD/YACC1A1/Simulation/Libraries/74x/74374.circ	318b5a953d7f2da6805e5489115a76e3
archive	archive/gen1-2015-2018/YACC1A1/Simulation/Libraries/74x/74385.circ	YACCS-OLD/YACC1A1/Simulation/Libraries/74x/74385.circ	6f49f4b394c9090e2b7a4d40fecfdffb
archive	archive/gen1-2015-2018/YACC1A1/Simulation/Libraries/74x/7442.circ	YACCS-OLD/YACC1A1/Simulation/Libraries/74x/7442.circ	63fe189c49756fb0c472070313dc79a8
archive	archive/gen1-2015-2018/YACC1A1/Simulation/Libraries/74x/7442v2.circ	YACCS-OLD/YACC1A1/Simulation/Libraries/74x/7442v2.circ	f8a842ab2f609bf867b77836d218fa96
archive	archive/gen1-2015-2018/YACC1A1/Simulation/Libraries/74x/7451.circ	YACCS-OLD/YACC1A1/Simulation/Libraries/74x/7451.circ	8b6aea1a687691f5c48a0703974b1b22
archive	archive/gen1-2015-2018/YACC1A1/Simulation/Libraries/74x/74670.circ	YACCS-OLD/YACC1A1/Simulation/Libraries/74x/74670.circ	e4ed56bc77d16fdd2b4fe9560fbda396
archive	archive/gen1-2015-2018/YACC1A1/Simulation/Libraries/74x/7474.circ	YACCS-OLD/YACC1A1/Simulation/Libraries/74x/7474.circ	e87ab31f5beab383bfdd1b7b690e358a
archive	archive/gen1-2015-2018/YACC1A1/Simulation/Libraries/74x/7476.circ	YACCS-OLD/YACC1A1/Simulation/Libraries/74x/7476.circ	6d3bca41b6d2cc936458f9f23df080cb
archive	archive/gen1-2015-2018/YACC1A1/Simulation/Libraries/74x/readme.txt	YACCS-OLD/YACC1A1/Simulation/Libraries/74x/readme.txt	2ac44e19cc141d46f6cc0b013c83347c
archive	archive/gen1-2015-2018/YACC1A1/Simulation/Yacc1-Assembler/.idea/Yacc1-Assembler.iml	YACCS-OLD/YACC1A1/Simulation/Yacc1-Assembler/.idea/Yacc1-Assembler.iml	3699fa6737e48a82f725e5d6a04cc9c7
archive	archive/gen1-2015-2018/YACC1A1/Simulation/Yacc1-Assembler/.idea/encodings.xml	YACCS-OLD/YACC1A1/Simulation/Yacc1-Assembler/.idea/encodings.xml	f1c5edfa5b1a67aabcb9e41674afa252
archive	archive/gen1-2015-2018/YACC1A1/Simulation/Yacc1-Assembler/.idea/misc.xml	YACCS-OLD/YACC1A1/Simulation/Yacc1-Assembler/.idea/misc.xml	99723b9b937f9270c5d670fc1db9cde9
archive	archive/gen1-2015-2018/YACC1A1/Simulation/Yacc1-Assembler/.idea/modules.xml	YACCS-OLD/YACC1A1/Simulation/Yacc1-Assembler/.idea/modules.xml	54d815886778e52f98da1412ed1c1ba4
archive	archive/gen1-2015-2018/YACC1A1/Simulation/Yacc1-Assembler/.idea/other.xml	YACCS-OLD/YACC1A1/Simulation/Yacc1-Assembler/.idea/other.xml	c6cea60dcaeb98e6f411db27e63fd468
archive	archive/gen1-2015-2018/YACC1A1/Simulation/Yacc1-Assembler/.idea/scopes/scope_settings.xml	YACCS-OLD/YACC1A1/Simulation/Yacc1-Assembler/.idea/scopes/scope_settings.xml	3d0b1957d39aa5636904788c54e654cf
archive	archive/gen1-2015-2018/YACC1A1/Simulation/Yacc1-Assembler/.idea/testrunner.xml	YACCS-OLD/YACC1A1/Simulation/Yacc1-Assembler/.idea/testrunner.xml	e69bd69c8f52f921daec9f7c8d2f2054
archive	archive/gen1-2015-2018/YACC1A1/Simulation/Yacc1-Assembler/.idea/vcs.xml	YACCS-OLD/YACC1A1/Simulation/Yacc1-Assembler/.idea/vcs.xml	4a7d0ea947afc9c670605caf27a39144
archive	archive/gen1-2015-2018/YACC1A1/Simulation/Yacc1-Assembler/.idea/workspace.xml	YACCS-OLD/YACC1A1/Simulation/Yacc1-Assembler/.idea/workspace.xml	f56fad551fde04c9746faac51617e3cf
archive	archive/gen1-2015-2018/YACC1A1/Simulation/Yacc1-Assembler/loadrom	YACCS-OLD/YACC1A1/Simulation/Yacc1-Assembler/loadrom	5ef76422f37929dcbdac0d2c876fe3d9
archive	archive/gen1-2015-2018/YACC1A1/Simulation/Yacc1-Assembler/main.py	YACCS-OLD/YACC1A1/Simulation/Yacc1-Assembler/main.py	c7c70762bd56b11869e016ccc2b292e1
archive	archive/gen1-2015-2018/YACC1A1/Simulation/Yacc1-Assembler/workfile.asm	YACCS-OLD/YACC1A1/Simulation/Yacc1-Assembler/workfile.asm	95c9fadcd33584fb4322e249c6549f3f
archive	archive/gen1-2015-2018/YACC1A1/Simulation/Yacc1-Assembler/workfile2.asm	YACCS-OLD/YACC1A1/Simulation/Yacc1-Assembler/workfile2.asm	01c4d4acb9db443ca08323cd8cb0edeb
archive	archive/gen1-2015-2018/YACC1A1/Simulation/Yacc1-Assembler/workfile2.lst	YACCS-OLD/YACC1A1/Simulation/Yacc1-Assembler/workfile2.lst	34dcd5bfdb5068b1c95a1c88e2334684
archive	archive/gen1-2015-2018/YACC1A1/Simulation/yacc1 micro code rom creator/.idea/modules.xml	YACCS-OLD/YACC1A1/Simulation/yacc1 micro code rom creator/.idea/modules.xml	f80e2f1504463f76bdcce7853bd5d967
archive	archive/gen1-2015-2018/YACC1A1/Simulation/yacc1 micro code rom creator/.idea/workspace.xml	YACCS-OLD/YACC1A1/Simulation/yacc1 micro code rom creator/.idea/workspace.xml	909754f8ca33e81b6c2edc3754d3d91a
archive	archive/gen1-2015-2018/YACC1A1/Simulation/yacc1 micro code rom creator/codefile	YACCS-OLD/YACC1A1/Simulation/yacc1 micro code rom creator/codefile	8f4f892e19e5eb4b3d23d29f4c08b0bc
archive	archive/gen1-2015-2018/YACC1A1/Simulation/yacc1 micro code rom creator/main.py	YACCS-OLD/YACC1A1/Simulation/yacc1 micro code rom creator/main.py	a721a7709afef0bd46e878b6552143a9
archive	archive/gen1-2015-2018/YACC1A1/Simulation/yacc1 micro code rom creator/testfile	YACCS-OLD/YACC1A1/Simulation/yacc1 micro code rom creator/testfile	b1801497ebbea4cc6a46abeb2915d0f7
archive	archive/gen1-2015-2018/YACC1A1/Simulation/z-old/Opcodes Yacc1 - Sheet1.pdf	YACCS-OLD/YACC1A1/Simulation/z-old/Opcodes Yacc1 - Sheet1.pdf	8e5fc12371dc1bb443028e4875be499c
archive	archive/gen1-2015-2018/YACC1A1/Simulation/z-old/README.md	YACCS-OLD/YACC1A1/Simulation/z-old/README.md	d514bdb8c5f7daee252daf9260415377
archive	archive/gen1-2015-2018/YACC1A1/Simulation/z-old/Yacc1-Assembler/.idea/workspace.xml	YACCS-OLD/YACC1A1/Simulation/z-old/Yacc1-Assembler/.idea/workspace.xml	6f804dd68e0fd038689a8d2bfd343875
archive	archive/gen1-2015-2018/YACC1A1/Simulation/z-old/Yacc1-Circuit/rom	YACCS-OLD/YACC1A1/Simulation/z-old/Yacc1-Circuit/rom	5e35361f6a5e2c39b5f3a2da9c59f477
archive	archive/gen1-2015-2018/YACC1A1/Simulation/z-old/Yacc1-Circuit/test4.circ	YACCS-OLD/YACC1A1/Simulation/z-old/Yacc1-Circuit/test4.circ	7a3af5b7f66af8d6254572f2d9fb1fd8
archive	archive/gen1-2015-2018/YACC1A1/Simulation/z-old/Yacc1-Circuit/test5.circ	YACCS-OLD/YACC1A1/Simulation/z-old/Yacc1-Circuit/test5.circ	44fdefdaa3134d9e3a8eb0880ca5934f
archive	archive/gen1-2015-2018/YACC1A1/Simulation/z-old/Yacc1-Circuit/test6.circ	YACCS-OLD/YACC1A1/Simulation/z-old/Yacc1-Circuit/test6.circ	e89e3a73092947b13913290e91c0ea97
archive	archive/gen1-2015-2018/YACC1A1/Simulation/z-old/Yacc1-Circuit/test7.circ	YACCS-OLD/YACC1A1/Simulation/z-old/Yacc1-Circuit/test7.circ	41b8930d8215e294b3a38311b83c6561
archive	archive/gen1-2015-2018/YACC1A1/Simulation/z-old/Yacc1-Circuit/test8.circ	YACCS-OLD/YACC1A1/Simulation/z-old/Yacc1-Circuit/test8.circ	f850dc81c64dfedc6ba7d8e03a3f6f6a
archive	archive/gen1-2015-2018/YACC1A1/Simulation/z-old/yacc1 micro code rom creator/.idea/workspace.xml	YACCS-OLD/YACC1A1/Simulation/z-old/yacc1 micro code rom creator/.idea/workspace.xml	9a2093a7833dc96ad3f8eee18e557482
archive	archive/gen1-2015-2018/YACC1A1/Software/BUS V1.1/test_monitor-a/test_monitor-a.ino	YACCS-OLD/YACC1A1/Software/BUS V1.1/test_monitor-a/test_monitor-a.ino	d1f4df6301f5383453fb0c8b36b36483
archive	archive/gen1-2015-2018/YACC1A1/Software/BUS V1.1/test_monitor/test_monitor.ino	YACCS-OLD/YACC1A1/Software/BUS V1.1/test_monitor/test_monitor.ino	c40316f636e6275bd79a5e171baf5aca
archive	archive/gen1-2015-2018/YACC1A1/Software/BUS V1.21/test_monitor-2/test_monitor-2.ino	YACCS-OLD/YACC1A1/Software/BUS V1.21/test_monitor-2/test_monitor-2.ino	d81fa7ffd8d0309106f3271fc2aa82f6
archive	archive/gen1-2015-2018/YACC1A1/Software/BUS V1.21/test_monitor/test_monitor.ino	YACCS-OLD/YACC1A1/Software/BUS V1.21/test_monitor/test_monitor.ino	52de28adafb1b593cbee16dd597be795
archive	archive/gen1-2015-2018/YACC1A1/Software/test_monitor/BUS V1.21/test_monitor/test_monitor.ino	YACCS-OLD/YACC1A1/Software/test_monitor/BUS V1.21/test_monitor/test_monitor.ino	3985678ec4615256b29452dd4cda9068
archive	archive/gen1-2015-2018/YACC1A1/Tests/ALU/and	YACCS-OLD/YACC1A1/Tests/ALU/and	81abdf3fb6a9c86b04020855ceba10f4
archive	archive/gen1-2015-2018/YACC1A1/Tests/CodeGen/a.out	YACCS-OLD/YACC1A1/Tests/CodeGen/a.out	1924e64ebd34966ee4bac6cc253cd0fa
archive	archive/gen1-2015-2018/YACC1A1/Tests/CodeGen/codegen.c	YACCS-OLD/YACC1A1/Tests/CodeGen/codegen.c	43a89127924be37c76ecc08d66ffd525
archive	archive/gen1-2015-2018/YACC1A1/Tests/commands.txt	YACCS-OLD/YACC1A1/Tests/commands.txt	687cdef6cd6289630131f83f7ab4e2d3
archive	archive/gen1-2015-2018/YACC1A1/UPDATE to 1.21.rtf	YACCS-OLD/YACC1A1/UPDATE to 1.21.rtf	97c384c4ad765fb58fb56fe32d336d76
archive	archive/gen1-2015-2018/YACC1A1/Very Old/4 reg no inc-dec-V1.1/reg-board.brd	YACCS-OLD/YACC1A1/Very Old /4 reg no inc:dec-V1.1/reg-board.brd	f87642e1a8f120b4cf1704367355c211
archive	archive/gen1-2015-2018/YACC1A1/Very Old/4 reg no inc-dec-V1.1/reg-board.pdf	YACCS-OLD/YACC1A1/Very Old /4 reg no inc:dec-V1.1/reg-board.pdf	ab31d2b6c9a9665e4359e77041f466d7
archive	archive/gen1-2015-2018/YACC1A1/Very Old/4 reg no inc-dec-V1.1/reg-board.pro	YACCS-OLD/YACC1A1/Very Old /4 reg no inc:dec-V1.1/reg-board.pro	85b21982f0db4b463db6d0d56f14760f
archive	archive/gen1-2015-2018/YACC1A1/Very Old/4 reg no inc-dec-V1.1/reg-board.sch	YACCS-OLD/YACC1A1/Very Old /4 reg no inc:dec-V1.1/reg-board.sch	8785f090dd5c13d2611470f3ed4de671
archive	archive/gen1-2015-2018/YACC1A1/Very Old/README.md	YACCS-OLD/YACC1A1/Very Old /README.md	29d6e08ccb8b002c0fc9ec3973b104aa
archive	archive/gen1-2015-2018/YACC1A1/Very Old/board2.brd	YACCS-OLD/YACC1A1/Very Old /board2.brd	b96c543d223360ac5440e7380ea5b58e
archive	archive/gen1-2015-2018/YACC1A1/Very Old/board2.pro	YACCS-OLD/YACC1A1/Very Old /board2.pro	c8894861625f78571d8316588e177059
archive	archive/gen1-2015-2018/YACC1A1/Very Old/board2.sch	YACCS-OLD/YACC1A1/Very Old /board2.sch	c513ae5fc6776fe866019bf5b8fc599f
archive	archive/gen1-2015-2018/YACC1A1/Very Old/controlbus.xlsx	YACCS-OLD/YACC1A1/Very Old /controlbus.xlsx	5f36cef2c6b8b94a1dbf1558c7a0c17a
archive	archive/gen1-2015-2018/YACC1A1/Very Old/eagle.epf	YACCS-OLD/YACC1A1/Very Old /eagle.epf	079fdf7166d992e3fd10f7730e1e4d35
archive	archive/gen1-2015-2018/YACC1A1/Very Old/yacc1.brd	YACCS-OLD/YACC1A1/Very Old /yacc1.brd	e29530c38f62e94a4e9e047857348e60
archive	archive/gen1-2015-2018/YACC1A1/Very Old/yacc1.job	YACCS-OLD/YACC1A1/Very Old /yacc1.job	4fc4c69b1c6c34e30c3918ca5f513805
archive	archive/gen1-2015-2018/YACC1A1/Very Old/yacc1.pro	YACCS-OLD/YACC1A1/Very Old /yacc1.pro	d7f4176d90fe6490fb512a06dbb96859
archive	archive/gen1-2015-2018/YACC1A1/Very Old/yacc1.sch	YACCS-OLD/YACC1A1/Very Old /yacc1.sch	b21b7f3512b00017798651b4af89d2c5
archive	archive/gen1-2015-2018/YACC1A1/Working/ALU-V1.1/alu3.brd	YACCS-OLD/YACC1A1/Working/ALU-V1.1/alu3.brd	fc5c870374b03c0cc7cc2c2680c1494d
archive	archive/gen1-2015-2018/YACC1A1/Working/ALU-V1.1/alu3.sch	YACCS-OLD/YACC1A1/Working/ALU-V1.1/alu3.sch	53e450db460aea4839c8c2cf70ef3d0a
archive	archive/gen1-2015-2018/YACC1A1/Working/Basic Memory/untitled.brd	YACCS-OLD/YACC1A1/Working/Basic Memory/untitled.brd	be9f3e91d1b6549e4260569641f57457
archive	archive/gen1-2015-2018/YACC1A1/Working/Basic Memory/untitled.pro	YACCS-OLD/YACC1A1/Working/Basic Memory/untitled.pro	89e2901025cd8e7d1493cf8d19a04d89
archive	archive/gen1-2015-2018/YACC1A1/Working/Basic Memory/untitled.sch	YACCS-OLD/YACC1A1/Working/Basic Memory/untitled.sch	88ba91bac1bd2ec6ec2a975748a7f748
archive	archive/gen1-2015-2018/YACC1A1/Working/Bus Template and Definition/V1.1/Bus Definition V1.1.brd	YACCS-OLD/YACC1A1/Working/Bus Template and Definition/V1.1/Bus Definition V1.1.brd	51468ac0c730a490789af4afee699f72
archive	archive/gen1-2015-2018/YACC1A1/Working/Bus Template and Definition/V1.1/Bus Definition V1.1.pro	YACCS-OLD/YACC1A1/Working/Bus Template and Definition/V1.1/Bus Definition V1.1.pro	7e145d2d649f28406882a17c5f3919e4
archive	archive/gen1-2015-2018/YACC1A1/Working/Bus Template and Definition/V1.1/Bus Definition V1.1.sch	YACCS-OLD/YACC1A1/Working/Bus Template and Definition/V1.1/Bus Definition V1.1.sch	0d236e1b9771f9d46542c1e0bafbc6b3
archive	archive/gen1-2015-2018/YACC1A1/Working/Bus Template and Definition/V1.1/YACC1 Connector - YACC 1.1.pdf	YACCS-OLD/YACC1A1/Working/Bus Template and Definition/V1.1/YACC1 Connector - YACC 1.1.pdf	0a38a89c234ae761d080fe0f9dabfa60
archive	archive/gen1-2015-2018/YACC1A1/Working/Bus Template and Definition/V1.2/Bus Definition V1.2.brd	YACCS-OLD/YACC1A1/Working/Bus Template and Definition/V1.2/Bus Definition V1.2.brd	acbda35f41f1952581be34ff5aae0a82
archive	archive/gen1-2015-2018/YACC1A1/Working/Bus Template and Definition/V1.2/Bus Definition V1.2.pro	YACCS-OLD/YACC1A1/Working/Bus Template and Definition/V1.2/Bus Definition V1.2.pro	383738b8f703cfee71595d88939489c1
archive	archive/gen1-2015-2018/YACC1A1/Working/Bus Template and Definition/V1.2/Bus Definition V1.2.sch	YACCS-OLD/YACC1A1/Working/Bus Template and Definition/V1.2/Bus Definition V1.2.sch	f2ca4283583c41aefa0df82ac396e1a6
archive	archive/gen1-2015-2018/YACC1A1/Working/Bus Template and Definition/V1.21/Bus Definition V1.21.brd	YACCS-OLD/YACC1A1/Working/Bus Template and Definition/V1.21/Bus Definition V1.21.brd	5d5e394dc6a9acbb4c71e70fd63a9e84
archive	archive/gen1-2015-2018/YACC1A1/Working/Bus Template and Definition/V1.21/Bus Definition V1.21.sch	YACCS-OLD/YACC1A1/Working/Bus Template and Definition/V1.21/Bus Definition V1.21.sch	50205748719c081422aa91691bf8456c
archive	archive/gen1-2015-2018/YACC1A1/Working/Bus Template and Definition/V1.22/Bus Definition V1.22.brd	YACCS-OLD/YACC1A1/Working/Bus Template and Definition/V1.22/Bus Definition V1.22.brd	1e3fec3bf81481eda599957f1369f7c2
archive	archive/gen1-2015-2018/YACC1A1/Working/Bus Template and Definition/V1.22/Bus Definition V1.22.sch	YACCS-OLD/YACC1A1/Working/Bus Template and Definition/V1.22/Bus Definition V1.22.sch	87bdc2ceaa3d0c2f2a484ce8ce7ba715
archive	archive/gen1-2015-2018/YACC1A1/Working/SP-PC-V1.1/SP-PC-A.pro	YACCS-OLD/YACC1A1/Working/SP-PC-V1.1/SP:PC-A.pro	7d2c9ab737423f57ec18b2325ac5c6cf
archive	archive/gen1-2015-2018/YACC1A1/Working/SP-PC-V1.1/SP-PC.brd	YACCS-OLD/YACC1A1/Working/SP-PC-V1.1/SP:PC.brd	1d4587c233f70ef720bee7c6c7e0a62b
archive	archive/gen1-2015-2018/YACC1A1/Working/SP-PC-V1.1/SP-PC.pdf	YACCS-OLD/YACC1A1/Working/SP-PC-V1.1/SP:PC.pdf	e3487241a572ea555e95653eae3e6281
archive	archive/gen1-2015-2018/YACC1A1/Working/SP-PC-V1.1/SP-PC.pro	YACCS-OLD/YACC1A1/Working/SP-PC-V1.1/SP:PC.pro	f0b521989f3be54357bca8d2ae1ea7ab
archive	archive/gen1-2015-2018/YACC1A1/Working/SP-PC-V1.1/SP-PC.sch	YACCS-OLD/YACC1A1/Working/SP-PC-V1.1/SP:PC.sch	384cc8096c72937d0ae11730076c3c66
archive	archive/gen1-2015-2018/YACC1A1/Working/Sequencer-Logic-v1.0/Sequencer-Logic-Prod-V1.0-3 2.pdf	YACCS-OLD/YACC1A1/Working/Sequencer-Logic-v1.0/Sequencer-Logic-Prod-V1.0-3 2.pdf	cff296988ce154145887496cf92ef591
archive	archive/gen1-2015-2018/YACC1A1/Working/Sequencer-Logic-v1.0/Sequencer-Logic-Prod-V1.0-3-BOM.txt	YACCS-OLD/YACC1A1/Working/Sequencer-Logic-v1.0/Sequencer-Logic-Prod-V1.0-3-BOM.txt	236721aa0c387c4d69baa3f56fcd1809
archive	archive/gen1-2015-2018/YACC1A1/Working/Sequencer-Logic-v1.0/Sequencer-Logic-Prod-V1.0-3-bom.csv	YACCS-OLD/YACC1A1/Working/Sequencer-Logic-v1.0/Sequencer-Logic-Prod-V1.0-3-bom.csv	7bc564de2731a855b88eb86cf2964247
archive	archive/gen1-2015-2018/YACC1A1/Working/Sequencer-Logic-v1.0/Sequencer-Logic-Prod-V1.0-3.pdf	YACCS-OLD/YACC1A1/Working/Sequencer-Logic-v1.0/Sequencer-Logic-Prod-V1.0-3.pdf	fb908859e5162ff3c5abcc36401dbb75
archive	archive/gen1-2015-2018/YACC1A1/Working/Sequencer-Memory-V1.1/Sequencer-Memory-V1.0-3 3.brd	YACCS-OLD/YACC1A1/Working/Sequencer-Memory-V1.1/Sequencer-Memory-V1.0-3 3.brd	7f094bcad28ec1d86dd86323a15f52a4
archive	archive/gen1-2015-2018/YACC1A1/Working/Sequencer-Memory-V1.1/Sequencer-Memory-V1.0-3.brd	YACCS-OLD/YACC1A1/Working/Sequencer-Memory-V1.1/Sequencer-Memory-V1.0-3.brd	eef2c629c06f037906af47a05eb933b8
archive	archive/gen1-2015-2018/YACC1A1/Working/Sequencer-Memory-V1.1/Sequencer-Memory-V1.0-3.pdf	YACCS-OLD/YACC1A1/Working/Sequencer-Memory-V1.1/Sequencer-Memory-V1.0-3.pdf	81378635d1b7f8ff2ff6cab80b7b6d2a
archive	archive/gen1-2015-2018/YACC1A1/Working/Sequencer-Memory-V1.1/Sequencer-Memory-V1.0-3.sch	YACCS-OLD/YACC1A1/Working/Sequencer-Memory-V1.1/Sequencer-Memory-V1.0-3.sch	613881467dad9f0bd618f19fbb008047
archive	archive/gen1-2015-2018/YACC1A1/eagle/74100D5FC9.key	YACCS-OLD/YACC1A1/eagle/74100D5FC9.key	fb632036a97dcd1b05e93e23da030b35
archive	archive/gen1-2015-2018/YACC1A1/eagle/LaenPCBOrder.dru	YACCS-OLD/YACC1A1/eagle/LaenPCBOrder.dru	9c4caf053352afe0159f6af1aa49a692
archive	archive/gen1-2015-2018/YACC1A1/eagle/Libraries/E14_Arduino.lbr	YACCS-OLD/YACC1A1/eagle/Libraries/E14_Arduino.lbr	8ef9660673409533e3b82ad54cbbc2d0
archive	archive/gen1-2015-2018/YACC1A1/eagle/Libraries/JNHuaMao.lbr	YACCS-OLD/YACC1A1/eagle/Libraries/JNHuaMao.lbr	763523b08608f869793a3661e7bc7f07
archive	archive/gen1-2015-2018/YACC1A1/eagle/Libraries/SparkFun-Eagle-Libraries-master/GeekAmmo.lbr	YACCS-OLD/YACC1A1/eagle/Libraries/SparkFun-Eagle-Libraries-master/GeekAmmo.lbr	8e90220422a34b1b07d85bb3031328dc
archive	archive/gen1-2015-2018/YACC1A1/eagle/Libraries/SparkFun-Eagle-Libraries-master/LilyPad-Wearables.lbr	YACCS-OLD/YACC1A1/eagle/Libraries/SparkFun-Eagle-Libraries-master/LilyPad-Wearables.lbr	17c08c6491e47fc77f1ae75eb198c909
archive	archive/gen1-2015-2018/YACC1A1/eagle/Libraries/SparkFun-Eagle-Libraries-master/SparkFun-Aesthetics.lbr	YACCS-OLD/YACC1A1/eagle/Libraries/SparkFun-Eagle-Libraries-master/SparkFun-Aesthetics.lbr	f7d9209ed27c6b94ffebaf84c8eb1c23
archive	archive/gen1-2015-2018/YACC1A1/eagle/Libraries/SparkFun-Eagle-Libraries-master/SparkFun-AnalogIC.lbr	YACCS-OLD/YACC1A1/eagle/Libraries/SparkFun-Eagle-Libraries-master/SparkFun-AnalogIC.lbr	b251a1f01c3773797cdaa19223c386b3
archive	archive/gen1-2015-2018/YACC1A1/eagle/Libraries/SparkFun-Eagle-Libraries-master/SparkFun-Boards.lbr	YACCS-OLD/YACC1A1/eagle/Libraries/SparkFun-Eagle-Libraries-master/SparkFun-Boards.lbr	af3b9819e42d5fdf5292ea7a54e5d9fa
archive	archive/gen1-2015-2018/YACC1A1/eagle/Libraries/SparkFun-Eagle-Libraries-master/SparkFun-Capacitors.lbr	YACCS-OLD/YACC1A1/eagle/Libraries/SparkFun-Eagle-Libraries-master/SparkFun-Capacitors.lbr	990b7f5cacfb210cfff3130cc6d05552
archive	archive/gen1-2015-2018/YACC1A1/eagle/Libraries/SparkFun-Eagle-Libraries-master/SparkFun-Connectors.lbr	YACCS-OLD/YACC1A1/eagle/Libraries/SparkFun-Eagle-Libraries-master/SparkFun-Connectors.lbr	a69a1d7b6c3441268928aef4544c4027
archive	archive/gen1-2015-2018/YACC1A1/eagle/Libraries/SparkFun-Eagle-Libraries-master/SparkFun-DigitalIC.lbr	YACCS-OLD/YACC1A1/eagle/Libraries/SparkFun-Eagle-Libraries-master/SparkFun-DigitalIC.lbr	0fb0cf88fa6a76f6ceef78398a27b70f
archive	archive/gen1-2015-2018/YACC1A1/eagle/Libraries/SparkFun-Eagle-Libraries-master/SparkFun-DiscreteSemi.lbr	YACCS-OLD/YACC1A1/eagle/Libraries/SparkFun-Eagle-Libraries-master/SparkFun-DiscreteSemi.lbr	1ccbbbe12f13dfb985dd6cfb8f5f2d08
archive	archive/gen1-2015-2018/YACC1A1/eagle/Libraries/SparkFun-Eagle-Libraries-master/SparkFun-Displays.lbr	YACCS-OLD/YACC1A1/eagle/Libraries/SparkFun-Eagle-Libraries-master/SparkFun-Displays.lbr	3e945c6a1d409ee813b6edefa8f0edc6
archive	archive/gen1-2015-2018/YACC1A1/eagle/Libraries/SparkFun-Eagle-Libraries-master/SparkFun-Electromechanical.lbr	YACCS-OLD/YACC1A1/eagle/Libraries/SparkFun-Eagle-Libraries-master/SparkFun-Electromechanical.lbr	4e3846b7ba232cbcd857b5db942edca1
archive	archive/gen1-2015-2018/YACC1A1/eagle/Libraries/SparkFun-Eagle-Libraries-master/SparkFun-FreqCtrl.lbr	YACCS-OLD/YACC1A1/eagle/Libraries/SparkFun-Eagle-Libraries-master/SparkFun-FreqCtrl.lbr	c13c7191bf040dd5cd27c43abd0a9028
archive	archive/gen1-2015-2018/YACC1A1/eagle/Libraries/SparkFun-Eagle-Libraries-master/SparkFun-LED.lbr	YACCS-OLD/YACC1A1/eagle/Libraries/SparkFun-Eagle-Libraries-master/SparkFun-LED.lbr	85124b0f0d3f35984575cafd7852197a
archive	archive/gen1-2015-2018/YACC1A1/eagle/Libraries/SparkFun-Eagle-Libraries-master/SparkFun-Passives.lbr	YACCS-OLD/YACC1A1/eagle/Libraries/SparkFun-Eagle-Libraries-master/SparkFun-Passives.lbr	87c0bab45579f758a5a327f385b1fe74
archive	archive/gen1-2015-2018/YACC1A1/eagle/Libraries/SparkFun-Eagle-Libraries-master/SparkFun-PowerIC.lbr	YACCS-OLD/YACC1A1/eagle/Libraries/SparkFun-Eagle-Libraries-master/SparkFun-PowerIC.lbr	476c17d2fcdbec25dc8a006158baaf5c
archive	archive/gen1-2015-2018/YACC1A1/eagle/Libraries/SparkFun-Eagle-Libraries-master/SparkFun-RF.lbr	YACCS-OLD/YACC1A1/eagle/Libraries/SparkFun-Eagle-Libraries-master/SparkFun-RF.lbr	20bcbefb2c4cc91d21f9ae93adf41c89
archive	archive/gen1-2015-2018/YACC1A1/eagle/Libraries/SparkFun-Eagle-Libraries-master/SparkFun-Resistors.lbr	YACCS-OLD/YACC1A1/eagle/Libraries/SparkFun-Eagle-Libraries-master/SparkFun-Resistors.lbr	3c4eabd361d3deb27269b4630d05c229
archive	archive/gen1-2015-2018/YACC1A1/eagle/Libraries/SparkFun-Eagle-Libraries-master/SparkFun-Retired.lbr	YACCS-OLD/YACC1A1/eagle/Libraries/SparkFun-Eagle-Libraries-master/SparkFun-Retired.lbr	2ecd67d210b311df7d8a4b8232f24168
archive	archive/gen1-2015-2018/YACC1A1/eagle/Libraries/SparkFun-Eagle-Libraries-master/SparkFun-Sensors.lbr	YACCS-OLD/YACC1A1/eagle/Libraries/SparkFun-Eagle-Libraries-master/SparkFun-Sensors.lbr	67e11473393536ac6168cb5cfa37716e
archive	archive/gen1-2015-2018/YACC1A1/eagle/Libraries/SparkFun-Eagle-Libraries-master/User-Submitted.lbr	YACCS-OLD/YACC1A1/eagle/Libraries/SparkFun-Eagle-Libraries-master/User-Submitted.lbr	42a7fb9a9ea06f75a23e3f63e3af6a6d
archive	archive/gen1-2015-2018/YACC1A1/eagle/Libraries/SparkFun-Eagle-Libraries-master/readme.md	YACCS-OLD/YACC1A1/eagle/Libraries/SparkFun-Eagle-Libraries-master/readme.md	33077eced26e0c896a3352d468c1a7dc
archive	archive/gen1-2015-2018/YACC1A1/eagle/Libraries/dp_devices.lbr	YACCS-OLD/YACC1A1/eagle/Libraries/dp_devices.lbr	d8ca8ff9998752a92c439b8842c90937
archive	archive/gen1-2015-2018/YACC1A1/eagle/Libraries/ken.lbr	YACCS-OLD/YACC1A1/eagle/Libraries/ken.lbr	d68bd96446a5fcaa2b0e2158bedcc395
archive	archive/gen1-2015-2018/YACC1A1/eagle/Libraries/led_rgb.lbr	YACCS-OLD/YACC1A1/eagle/Libraries/led_rgb.lbr	28a0c97412c73f7ea204b2a8b65496b3
archive	archive/gen1-2015-2018/YACC1A1/eagle/Libraries/wicked-device.lbr	YACCS-OLD/YACC1A1/eagle/Libraries/wicked-device.lbr	313cba2a755458b7e4583b21ddac88da
archive	archive/gen1-2015-2018/YACC1A1/test mem/test mem.ino	YACCS-OLD/YACC1A1/test mem/test mem.ino	09dc66efcc9d404d24c7b062fbb8b8cd
archive	archive/gen1-2015-2018/YACC1B/PCB/Working/Blank-V-3.0/blank.brd	YACCS-OLD/YACC1B/PCB/Working/Blank-V-3.0/blank.brd	2d7842d5569717ca000732c7b9486b9c
archive	archive/gen1-2015-2018/YACC1B/PCB/Working/Blank-V-3.0/blank.pro	YACCS-OLD/YACC1B/PCB/Working/Blank-V-3.0/blank.pro	7259a68ee3e4feedd32be39750d87400
archive	archive/gen1-2015-2018/YACC1B/PCB/Working/Blank-V-3.0/blank.sch	YACCS-OLD/YACC1B/PCB/Working/Blank-V-3.0/blank.sch	bf18dc4699e06e8ac2f681952a54a294
archive	archive/gen1-2015-2018/YACC1B/PCB/Working/Bus Jumper V3.0/CAMOutputs/Assembly/Jumper Board V3.0.txt	YACCS-OLD/YACC1B/PCB/Working/Bus Jumper V3.0/CAMOutputs/Assembly/Jumper Board V3.0.txt	2c7edf4b26e1c1892b0a47f63723afb8
archive	archive/gen1-2015-2018/YACC1B/PCB/Working/Bus Jumper V3.0/CAMOutputs/DrillFiles/drill_1_16.xln	YACCS-OLD/YACC1B/PCB/Working/Bus Jumper V3.0/CAMOutputs/DrillFiles/drill_1_16.xln	66e69d5c76807f2f0b59b88c85b149db
archive	archive/gen1-2015-2018/YACC1B/PCB/Working/Bus Jumper V3.0/CAMOutputs/GerberFiles/gerber_job.gbrjob	YACCS-OLD/YACC1B/PCB/Working/Bus Jumper V3.0/CAMOutputs/GerberFiles/gerber_job.gbrjob	42435908b585821b91a4b677dc33c99b
archive	archive/gen1-2015-2018/YACC1B/PCB/Working/Bus Jumper V3.0/Jumper Board V3.0.brd	YACCS-OLD/YACC1B/PCB/Working/Bus Jumper V3.0/Jumper Board V3.0.brd	b7cc17753041bb200057c642679d5984
archive	archive/gen1-2015-2018/YACC1B/PCB/Working/Bus Jumper V3.0/Jumper Board V3.0.pro	YACCS-OLD/YACC1B/PCB/Working/Bus Jumper V3.0/Jumper Board V3.0.pro	17d642241f0b4159bb39c1ce6644d147
archive	archive/gen1-2015-2018/YACC1B/PCB/Working/Bus Jumper V3.0/Jumper Board V3.0.sch	YACCS-OLD/YACC1B/PCB/Working/Bus Jumper V3.0/Jumper Board V3.0.sch	fe9d936a16a00e5716d48f07106e612c
archive	archive/gen1-2015-2018/YACC1B/PCB/Working/Bus Jumper V3.0/Jumper Board V3.0_00.pro	YACCS-OLD/YACC1B/PCB/Working/Bus Jumper V3.0/Jumper Board V3.0_00.pro	638269d04e522d8499aec384d05554e2
archive	archive/gen1-2015-2018/YACC1B/PCB/Working/Bus Jumper V3.0/Jumper Board V3.0_01.pro	YACCS-OLD/YACC1B/PCB/Working/Bus Jumper V3.0/Jumper Board V3.0_01.pro	a20fa578b7172c230a322cbd74712919
archive	archive/gen1-2015-2018/YACC1B/PCB/Working/Bus Jumper V3.0/Jumper Board V3.0_02.pro	YACCS-OLD/YACC1B/PCB/Working/Bus Jumper V3.0/Jumper Board V3.0_02.pro	f0301c9baffd894826653b341f3cc384
archive	archive/gen1-2015-2018/YACC1B/PCB/Working/Bus Template V3.0/Bus V3.0.sch	YACCS-OLD/YACC1B/PCB/Working/Bus Template V3.0/Bus V3.0.sch	b0624d6d47f30bd1dafc8a2e82ff2bcf
archive	archive/gen1-2015-2018/YACC1B/PCB/Working/Register-4-V3.0/readme.rtf	YACCS-OLD/YACC1B/PCB/Working/Register-4-V3.0/readme.rtf	cd05d39dc781160950f37960764573dc
archive	archive/gen1-2015-2018/YACC1B/PCB/Working/Register-4-V3.0/reg-board.bcream.bcream.gpi	YACCS-OLD/YACC1B/PCB/Working/Register-4-V3.0/reg-board.bcream.bcream.gpi	2a2fa3cdf16a6fbad95103907bf52907
archive	archive/gen1-2015-2018/YACC1B/PCB/Working/Register-4-V3.0/reg-board.boardoutline.boardoutline.ger	YACCS-OLD/YACC1B/PCB/Working/Register-4-V3.0/reg-board.boardoutline.boardoutline.ger	09a23c9a3b455aeea4d5abf565827010
archive	archive/gen1-2015-2018/YACC1B/PCB/Working/Register-4-V3.0/reg-board.boardoutline.boardoutline.gpi	YACCS-OLD/YACC1B/PCB/Working/Register-4-V3.0/reg-board.boardoutline.boardoutline.gpi	4e138b4c3f653bb6dce6888e31cadf8c
archive	archive/gen1-2015-2018/YACC1B/PCB/Working/Register-4-V3.0/reg-board.bottomlayer.bottomlayer.ger	YACCS-OLD/YACC1B/PCB/Working/Register-4-V3.0/reg-board.bottomlayer.bottomlayer.ger	ec40964dfa44b551ef5f8e4f93cc782b
archive	archive/gen1-2015-2018/YACC1B/PCB/Working/Register-4-V3.0/reg-board.bottomlayer.bottomlayer.gpi	YACCS-OLD/YACC1B/PCB/Working/Register-4-V3.0/reg-board.bottomlayer.bottomlayer.gpi	b510ce5ae17a4d652e46c4e106bb359f
archive	archive/gen1-2015-2018/YACC1B/PCB/Working/Register-4-V3.0/reg-board.bottomsilkscreen.bottomsilkscreen.gpi	YACCS-OLD/YACC1B/PCB/Working/Register-4-V3.0/reg-board.bottomsilkscreen.bottomsilkscreen.gpi	2ed257395449bef004f9cc4cb86d1a6f
archive	archive/gen1-2015-2018/YACC1B/PCB/Working/Register-4-V3.0/reg-board.bottomsoldermask.bottomsoldermask.ger	YACCS-OLD/YACC1B/PCB/Working/Register-4-V3.0/reg-board.bottomsoldermask.bottomsoldermask.ger	5a13798311b10f83e18a8e5ed74d53da
archive	archive/gen1-2015-2018/YACC1B/PCB/Working/Register-4-V3.0/reg-board.bottomsoldermask.bottomsoldermask.gpi	YACCS-OLD/YACC1B/PCB/Working/Register-4-V3.0/reg-board.bottomsoldermask.bottomsoldermask.gpi	38b94db5b9f2c4cbdfbc1e63bdc05175
archive	archive/gen1-2015-2018/YACC1B/PCB/Working/Register-4-V3.0/reg-board.brd	YACCS-OLD/YACC1B/PCB/Working/Register-4-V3.0/reg-board.brd	cfe4d5c3540945345473a7c95d3269d2
archive	archive/gen1-2015-2018/YACC1B/PCB/Working/Register-4-V3.0/reg-board.drills.drills.dri	YACCS-OLD/YACC1B/PCB/Working/Register-4-V3.0/reg-board.drills.drills.dri	e88917c2746c43e5976282e7d8b392c5
archive	archive/gen1-2015-2018/YACC1B/PCB/Working/Register-4-V3.0/reg-board.drills.drills.xln	YACCS-OLD/YACC1B/PCB/Working/Register-4-V3.0/reg-board.drills.drills.xln	ae5b844e0826abc09949464995ea1cf1
archive	archive/gen1-2015-2018/YACC1B/PCB/Working/Register-4-V3.0/reg-board.pro	YACCS-OLD/YACC1B/PCB/Working/Register-4-V3.0/reg-board.pro	2459bf9add9883451bb78fa39309bfa5
archive	archive/gen1-2015-2018/YACC1B/PCB/Working/Register-4-V3.0/reg-board.sch	YACCS-OLD/YACC1B/PCB/Working/Register-4-V3.0/reg-board.sch	c5d33382db5747687e55f67302c7476e
archive	archive/gen1-2015-2018/YACC1B/PCB/Working/Register-4-V3.0/reg-board.tcream.tcream.gpi	YACCS-OLD/YACC1B/PCB/Working/Register-4-V3.0/reg-board.tcream.tcream.gpi	ac19648be5bf7cafcc1fa6ae6cd4d737
archive	archive/gen1-2015-2018/YACC1B/PCB/Working/Register-4-V3.0/reg-board.toplayer.toplayer.ger	YACCS-OLD/YACC1B/PCB/Working/Register-4-V3.0/reg-board.toplayer.toplayer.ger	8be64f517db58fff3ad32e334aab96e3
archive	archive/gen1-2015-2018/YACC1B/PCB/Working/Register-4-V3.0/reg-board.toplayer.toplayer.gpi	YACCS-OLD/YACC1B/PCB/Working/Register-4-V3.0/reg-board.toplayer.toplayer.gpi	27d5298b10da1079764af28031673568
archive	archive/gen1-2015-2018/YACC1B/PCB/Working/Register-4-V3.0/reg-board.topsilkscreen.topsilkscreen.ger	YACCS-OLD/YACC1B/PCB/Working/Register-4-V3.0/reg-board.topsilkscreen.topsilkscreen.ger	f584b08a92281cfa0f80f7c2efb00d8e
archive	archive/gen1-2015-2018/YACC1B/PCB/Working/Register-4-V3.0/reg-board.topsilkscreen.topsilkscreen.gpi	YACCS-OLD/YACC1B/PCB/Working/Register-4-V3.0/reg-board.topsilkscreen.topsilkscreen.gpi	f64ad5cd3b2977ad3154fbd2b9cd54d1
archive	archive/gen1-2015-2018/YACC1B/PCB/Working/Register-4-V3.0/reg-board.topsoldermask.topsoldermask.gpi	YACCS-OLD/YACC1B/PCB/Working/Register-4-V3.0/reg-board.topsoldermask.topsoldermask.gpi	c971b9477ead76b37841e66470a709a5
archive	archive/gen1-2015-2018/YACC1B/PCB/Working/Register-8-V3.0/reg-board.brd	YACCS-OLD/YACC1B/PCB/Working/Register-8-V3.0/reg-board.brd	43e9076eb54a2e9dc66f43946440bec7
archive	archive/gen1-2015-2018/YACC1B/PCB/Working/Register-8-V3.0/reg-board.pro	YACCS-OLD/YACC1B/PCB/Working/Register-8-V3.0/reg-board.pro	479d96777e9be0e578b8b5713ef247de
archive	archive/gen1-2015-2018/YACC1B/PCB/Working/Register-8-V3.0/reg-board.sch	YACCS-OLD/YACC1B/PCB/Working/Register-8-V3.0/reg-board.sch	3a426ddd50cfd435b480fa89faeebd56
archive	archive/gen1-2015-2018/YACC1B/PCB/Working/SP-PC-V3.0/SP-PC-V3.0 2.pro	YACCS-OLD/YACC1B/PCB/Working/SP-PC-V3.0/SP:PC-V3.0 2.pro	2c7a20f9de106b62a85c8bf560abbf4c
archive	archive/gen1-2015-2018/YACC1B/PCB/Working/SP-PC-V3.0/SP-PC-V3.0.brd	YACCS-OLD/YACC1B/PCB/Working/SP-PC-V3.0/SP:PC-V3.0.brd	5c3c8ab7600d040f5c44e3a71963ce43
archive	archive/gen1-2015-2018/YACC1B/PCB/Working/SP-PC-V3.0/SP-PC-V3.0.pro	YACCS-OLD/YACC1B/PCB/Working/SP-PC-V3.0/SP:PC-V3.0.pro	7adfaf8b448bbf8692afe82c8870cd56
archive	archive/gen1-2015-2018/YACC1B/PCB/Working/SP-PC-V3.0/SP-PC-V3.0.sch	YACCS-OLD/YACC1B/PCB/Working/SP-PC-V3.0/SP:PC-V3.0.sch	7516fad765a1ec9f52795413b55fc6aa
archive	archive/superseded-revisions/assembler-port-2020/rcasm-old/8080.def	YACC gitversion/YACC1-2020/Software/Assembler/old/rcasm-old/8080.def	9bcf13dfcde221d6c5d053c8bcfea01f
archive	archive/superseded-revisions/assembler-port-2020/rcasm-old/8080.img	YACC gitversion/YACC1-2020/Software/Assembler/old/rcasm-old/8080.img	3aee42e99a7c670559e22a3212e9ab05
archive	archive/superseded-revisions/assembler-port-2020/rcasm-old/abc	YACC gitversion/YACC1-2020/Software/Assembler/old/rcasm-old/abc	77dfedad7b820e3f0409a8d760fcea17
archive	archive/superseded-revisions/assembler-port-2020/rcasm-old/rcasm.rc	YACC gitversion/YACC1-2020/Software/Assembler/old/rcasm-old/rcasm.rc	f849b63ee53e9a6e594b0bc22814d2ce
archive	archive/superseded-revisions/assembler-port-2020/rcasm-old/temp.asm	YACC gitversion/YACC1-2020/Software/Assembler/old/rcasm-old/temp.asm	fe1b51667da1e1849ce7cdbd67574436
archive	archive/superseded-revisions/assembler-port-2020/rcasm-old/temp.img	YACC gitversion/YACC1-2020/Software/Assembler/old/rcasm-old/temp.img	87e7651ba087dff6f0200cf1643ff571
archive	archive/superseded-revisions/assembler-port-2020/rcasm-old/test18.asm	YACC gitversion/YACC1-2020/Software/Assembler/old/rcasm-old/test18.asm	adf976f6d4fa40ec638dd95229057fe7
archive	archive/superseded-revisions/assembler-port-2020/rcasm-old/test18.img	YACC gitversion/YACC1-2020/Software/Assembler/old/rcasm-old/test18.img	c020c10add5f800dc78e057cdfa017c8
archive	archive/superseded-revisions/assembler-port-2020/rcasm-old/tmp.lst	YACC gitversion/YACC1-2020/Software/Assembler/old/rcasm-old/tmp.lst	848124bd1cc952d91af7402b6f796151
archive	archive/superseded-revisions/assembler-port-2020/rcasm-old/yacc1.def	YACC gitversion/YACC1-2020/Software/Assembler/old/rcasm-old/yacc1.def	2e4ffd5e93e47edbbb04fa747c4a7cc2
archive	archive/superseded-revisions/assembler-port-2020/rcasm-old/yacc1test.asm	YACC gitversion/YACC1-2020/Software/Assembler/old/rcasm-old/yacc1test.asm	710e8c9a191d0d16d88401c36fe718dc
archive	archive/superseded-revisions/assembler-port-2020/rcasm-old/yacc1test.img	YACC gitversion/YACC1-2020/Software/Assembler/old/rcasm-old/yacc1test.img	aadee8d0eef193b8e19693e361ed6e4b
archive	archive/superseded-revisions/assembler-port-2020/rcasm/yacc1.def	YACC gitversion/YACC1-2020/Software/Assembler/old/rcasm/yacc1.def	338ac22692e1bdc69341073c69a263c5
archive	archive/superseded-revisions/assembler-port-2020/rcasm/yacc1test.img	YACC gitversion/YACC1-2020/Software/Assembler/old/rcasm/yacc1test.img	61c1bb75ee1e8e98ef76e37dc5a6e9fd
archive	archive/superseded-revisions/assembler-port-2020/rcasm/yacc1test.prg	YACC gitversion/YACC1-2020/Software/Assembler/old/rcasm/yacc1test.prg	261e3a19798a433206bce277e1113026
archive	archive/superseded-revisions/blank-v1.0/Blank V1.0.brd	YACC gitversion/YACC1-2020/PCB/Working - Under Develolpment/Blank-V1.0/Blank V1.0.brd	a60dcb54d1c6783f4793acee7eb0b297
archive	archive/superseded-revisions/blank-v1.0/Blank V1.0.sch	YACC gitversion/YACC1-2020/PCB/Working - Under Develolpment/Blank-V1.0/Blank V1.0.sch	e3ba2bac96d6cb95ef17e06988f55970
archive	archive/superseded-revisions/bus-template-v3.0/Bus V3.0.sch	YACC gitversion/YACC1-2020/PCB/Working - Under Develolpment/Bus Template V3.0/Bus V3.0.sch	7cb98f77dd88d8bb556f88b5d665a7ac
archive	archive/superseded-revisions/bus-template-v3.1/Bus V3.1.sch	YACC gitversion/YACC1-2020/PCB/Working - Under Develolpment/Bus Template V3.1/Bus V3.1.sch	919e9930e1a6da9e98e1e906e1e8ccd3
archive	archive/superseded-revisions/disasm-v1/nbproject/Makefile-Debug.mk	YACC1-2024/Software/Sequencer Card/disasm/nbproject/Makefile-Debug.mk	82b5d584358e3d82561cae02f196d943
archive	archive/superseded-revisions/disasm-v1/nbproject/Makefile-Release.mk	YACC1-2024/Software/Sequencer Card/disasm/nbproject/Makefile-Release.mk	34d4d5f46062bd61ba2caf676676d600
archive	archive/superseded-revisions/disasm-v1/nbproject/Makefile-impl.mk	YACC1-2024/Software/Sequencer Card/disasm/nbproject/Makefile-impl.mk	a6eb73ea89021d6fada511ddc8772a8e
archive	archive/superseded-revisions/disasm-v1/nbproject/Makefile-variables.mk	YACC1-2024/Software/Sequencer Card/disasm/nbproject/Makefile-variables.mk	02d397c00a62a7af03d38202811cf152
archive	archive/superseded-revisions/disasm-v1/nbproject/Package-Debug.bash	YACC1-2024/Software/Sequencer Card/disasm/nbproject/Package-Debug.bash	3ea048861ce1300d70edac151d9398e0
archive	archive/superseded-revisions/disasm-v1/nbproject/Package-Release.bash	YACC1-2024/Software/Sequencer Card/disasm/nbproject/Package-Release.bash	9f4b12c0466a2562df09906fda2a03c8
archive	archive/superseded-revisions/disasm-v1/nbproject/project.xml	YACC1-2024/Software/Sequencer Card/disasm/nbproject/project.xml	7020a0df531b80b3a05e15417660d481
archive	archive/superseded-revisions/pcb-misc/Working - Under Develolpment/Mem Switch V1.0/Mem Switch V1.0.pro	YACC gitversion/YACC1-2020/PCB/Working - Under Develolpment/Mem Switch V1.0/Mem Switch V1.0.pro	9a0691ba7442514d50dca3bffe49a7a8
archive	archive/superseded-revisions/sequencer-card-old/Sequencer Aug 17 pre cleanup/Sequencer.ino	YACC gitversion/YACC1-2020/Software/Sequencer Card/old & obselete/Sequencer Aug 17 pre cleanup/Sequencer.ino	ad6e6a37d1b7b1184bf43ae99be82fd1
archive	archive/superseded-revisions/sequencer-card-old/Sequencer Aug 17 pre cleanup/download.ino	YACC gitversion/YACC1-2020/Software/Sequencer Card/old & obselete/Sequencer Aug 17 pre cleanup/download.ino	7d005d884b7b1962381322aa6e1d41ca
archive	archive/superseded-revisions/sequencer-card-old/Sequencer Aug 17 pre cleanup/uCodeRAM.ino	YACC gitversion/YACC1-2020/Software/Sequencer Card/old & obselete/Sequencer Aug 17 pre cleanup/uCodeRAM.ino	578347f05d1e08064099ed985d0b9f17
archive	archive/superseded-revisions/sequencer-card-old/Sequencer Aug 17 pre cleanup/uCodeROM.ino	YACC gitversion/YACC1-2020/Software/Sequencer Card/old & obselete/Sequencer Aug 17 pre cleanup/uCodeROM.ino	65dbcb7959031e0a4aa969ad64fb4b40
archive	archive/superseded-revisions/sequencer-card-old/Sequencer copy/IO.ino	YACC gitversion/YACC1-2020/Software/Sequencer Card/old & obselete/Sequencer copy/IO.ino	cd67605328e5f69b370da94a0bec7085
archive	archive/superseded-revisions/sequencer-card-old/Sequencer copy/Sequencer.ino	YACC gitversion/YACC1-2020/Software/Sequencer Card/old & obselete/Sequencer copy/Sequencer.ino	688c98ce3e9427a0d4f5f8e7f67cccfa
archive	archive/superseded-revisions/sequencer-card-old/Sequencer copy/download.ino	YACC gitversion/YACC1-2020/Software/Sequencer Card/old & obselete/Sequencer copy/download.ino	20768d0ea6b6c962b27f3600100938d3
archive	archive/superseded-revisions/sequencer-card-old/Sequencer copy/uCodeRAM.ino	YACC gitversion/YACC1-2020/Software/Sequencer Card/old & obselete/Sequencer copy/uCodeRAM.ino	7966f67bb67a1346db075d840a4c5d04
archive	archive/superseded-revisions/sequencer-card-old/Sequencer copy/uCodeROM.ino	YACC gitversion/YACC1-2020/Software/Sequencer Card/old & obselete/Sequencer copy/uCodeROM.ino	2e1de8f267b9f9ef6a2cdb52e5ef7290
archive	archive/superseded-revisions/sequencer-card-old/uCode-Generator copy/CodeGen.h	YACC gitversion/YACC1-2020/Software/Sequencer Card/old & obselete/uCode-Generator copy/CodeGen.h	e365144fcd5f5ea268530b3a9443805b
archive	archive/superseded-revisions/sequencer-card-old/uCode-Generator copy/code.h	YACC gitversion/YACC1-2020/Software/Sequencer Card/old & obselete/uCode-Generator copy/code.h	a260e7ea7bb4121e1b59799da03cab96
archive	archive/superseded-revisions/sequencer-card-old/uCode-Generator copy/code.h.orig.h	YACC gitversion/YACC1-2020/Software/Sequencer Card/old & obselete/uCode-Generator copy/code.h.orig.h	b2e8eef3e03e6d8d2034c340beed3787
archive	archive/superseded-revisions/sequencer-card-old/uCode-Generator copy/controlLine.c	YACC gitversion/YACC1-2020/Software/Sequencer Card/old & obselete/uCode-Generator copy/controlLine.c	89c45d12eac5cfa8a3eff5e3e0e609cc
archive	archive/superseded-revisions/sequencer-card-old/uCode-Generator copy/main.c	YACC gitversion/YACC1-2020/Software/Sequencer Card/old & obselete/uCode-Generator copy/main.c	4227ada7c64496534bb5a9bb2c49985d
archive	archive/superseded-revisions/sequencer-card-old/uCode-Generator copy/nbproject/Makefile-Debug.mk	YACC gitversion/YACC1-2020/Software/Sequencer Card/old & obselete/uCode-Generator copy/nbproject/Makefile-Debug.mk	f61ce5523738eb09a8fa5d8e3c26b9a1
archive	archive/superseded-revisions/sequencer-card-old/uCode-Generator copy/nbproject/Makefile-Release.mk	YACC gitversion/YACC1-2020/Software/Sequencer Card/old & obselete/uCode-Generator copy/nbproject/Makefile-Release.mk	1b2082cc22bb1f1d11ac3c070034bbe4
archive	archive/superseded-revisions/sequencer-card-old/uCode-Generator copy/nbproject/Makefile-impl.mk	YACC gitversion/YACC1-2020/Software/Sequencer Card/old & obselete/uCode-Generator copy/nbproject/Makefile-impl.mk	7958290995a7cf110968c96e75bb6322
archive	archive/superseded-revisions/sequencer-card-old/uCode-Generator copy/nbproject/Makefile-variables.mk	YACC gitversion/YACC1-2020/Software/Sequencer Card/old & obselete/uCode-Generator copy/nbproject/Makefile-variables.mk	92584c538845d441ac87ca695bb296c3
archive	archive/superseded-revisions/sequencer-card-old/uCode-Generator copy/nbproject/Package-Debug.bash	YACC gitversion/YACC1-2020/Software/Sequencer Card/old & obselete/uCode-Generator copy/nbproject/Package-Debug.bash	6d0f94b6fe441bde8aeb3a274cd385c7
archive	archive/superseded-revisions/sequencer-card-old/uCode-Generator copy/nbproject/Package-Release.bash	YACC gitversion/YACC1-2020/Software/Sequencer Card/old & obselete/uCode-Generator copy/nbproject/Package-Release.bash	9515ed25315268f59265c9d4ee070d92
archive	archive/superseded-revisions/sequencer-card-old/uCode-Generator copy/nbproject/configurations.xml	YACC gitversion/YACC1-2020/Software/Sequencer Card/old & obselete/uCode-Generator copy/nbproject/configurations.xml	ed09eb17a9c298d5c716c57ea9ee85e9
archive	archive/superseded-revisions/sequencer-card-old/uCode-Generator copy/nbproject/project.xml	YACC gitversion/YACC1-2020/Software/Sequencer Card/old & obselete/uCode-Generator copy/nbproject/project.xml	82403d4eef12420d6ecf5cba24296d77
archive	archive/superseded-revisions/sequencer-card-old/uCode-Generator copy/signal.h	YACC gitversion/YACC1-2020/Software/Sequencer Card/old & obselete/uCode-Generator copy/signal.h	d3fc5c1146d3f110f9c185bb10ce08fe
archive	archive/superseded-revisions/sequencer-card-old/uCode-Generator copy/test.123	YACC gitversion/YACC1-2020/Software/Sequencer Card/old & obselete/uCode-Generator copy/test.123	4a2b57eee18962f1fc42bb851e7ddf47
archive	archive/superseded-revisions/sequencer-card-old/uCode-Generator copy/test.hex	YACC gitversion/YACC1-2020/Software/Sequencer Card/old & obselete/uCode-Generator copy/test.hex	20820ef02841e087834e8a8883166f05
archive	archive/superseded-revisions/sequencer-card-old/uCode-Generator copy/test.hex.short.hex	YACC gitversion/YACC1-2020/Software/Sequencer Card/old & obselete/uCode-Generator copy/test.hex.short.hex	34ba0081a896e64ab498e33c7a4cc401
archive	archive/superseded-revisions/sequencer-card-old/uCode-Generator copy/test.hexz	YACC gitversion/YACC1-2020/Software/Sequencer Card/old & obselete/uCode-Generator copy/test.hexz	138806b018a5a77374a57ab2cf4f3ee6
archive	archive/superseded-revisions/snapshot-2020-08-orig/PCB/Unsure - see notes/Bus Tester orig/CAMOutputs/Assembly/BOM.xlsx	YACCS-OLD/YACC1-2020-ORIG/PCB/Unsure - see notes/Bus Tester orig/CAMOutputs/Assembly/BOM.xlsx	cd0776d9c3f933ca2f627f7c6a5b96cd
archive	archive/superseded-revisions/snapshot-2020-08-orig/PCB/Unsure - see notes/Bus Tester orig/CAMOutputs/Assembly/tester.csv	YACCS-OLD/YACC1-2020-ORIG/PCB/Unsure - see notes/Bus Tester orig/CAMOutputs/Assembly/tester.csv	93163cf617fdb962c8acac93a40e7f3f
archive	archive/superseded-revisions/snapshot-2020-08-orig/PCB/Unsure - see notes/Bus Tester orig/CAMOutputs/DrillFiles/drill_1_16.xln	YACCS-OLD/YACC1-2020-ORIG/PCB/Unsure - see notes/Bus Tester orig/CAMOutputs/DrillFiles/drill_1_16.xln	3ebaf7a08de1fb65fcc1edee6b71412d
archive	archive/superseded-revisions/snapshot-2020-08-orig/PCB/Unsure - see notes/Bus Tester orig/CAMOutputs/GerberFiles/copper_bottom.gbr	YACCS-OLD/YACC1-2020-ORIG/PCB/Unsure - see notes/Bus Tester orig/CAMOutputs/GerberFiles/copper_bottom.gbr	95323136a48f223ec3ab9a78bb70018e
archive	archive/superseded-revisions/snapshot-2020-08-orig/PCB/Unsure - see notes/Bus Tester orig/CAMOutputs/GerberFiles/copper_top.gbr	YACCS-OLD/YACC1-2020-ORIG/PCB/Unsure - see notes/Bus Tester orig/CAMOutputs/GerberFiles/copper_top.gbr	d614327c72e32734a075c5d440f6536d
archive	archive/superseded-revisions/snapshot-2020-08-orig/PCB/Unsure - see notes/Bus Tester orig/CAMOutputs/GerberFiles/gerber_job.gbrjob	YACCS-OLD/YACC1-2020-ORIG/PCB/Unsure - see notes/Bus Tester orig/CAMOutputs/GerberFiles/gerber_job.gbrjob	1a2334de72cde4089cf951600ef31f39
archive	archive/superseded-revisions/snapshot-2020-08-orig/PCB/Unsure - see notes/Bus Tester orig/CAMOutputs/GerberFiles/silkscreen_top.gbr	YACCS-OLD/YACC1-2020-ORIG/PCB/Unsure - see notes/Bus Tester orig/CAMOutputs/GerberFiles/silkscreen_top.gbr	fd92955721aa4a3192d0e0c07fd84579
archive	archive/superseded-revisions/snapshot-2020-08-orig/PCB/Unsure - see notes/Bus Tester orig/CAMOutputs/GerberFiles/soldermask_bottom.gbr	YACCS-OLD/YACC1-2020-ORIG/PCB/Unsure - see notes/Bus Tester orig/CAMOutputs/GerberFiles/soldermask_bottom.gbr	3575a28eddbcc292e06821ab884c7162
archive	archive/superseded-revisions/snapshot-2020-08-orig/PCB/Unsure - see notes/Bus Tester orig/CAMOutputs/GerberFiles/soldermask_top.gbr	YACCS-OLD/YACC1-2020-ORIG/PCB/Unsure - see notes/Bus Tester orig/CAMOutputs/GerberFiles/soldermask_top.gbr	afa91b95c4de6d9bee65c1cc76d4a920
archive	archive/superseded-revisions/snapshot-2020-08-orig/PCB/Unsure - see notes/Bus Tester orig/tester.brd	YACCS-OLD/YACC1-2020-ORIG/PCB/Unsure - see notes/Bus Tester orig/tester.brd	4c6072e446576e8b77ab29252ff71ca4
archive	archive/superseded-revisions/snapshot-2020-08-orig/PCB/Unsure - see notes/Bus Tester orig/tester.sch	YACCS-OLD/YACC1-2020-ORIG/PCB/Unsure - see notes/Bus Tester orig/tester.sch	76a477948936bc103203681cc73ca41f
archive	archive/superseded-revisions/snapshot-2020-08-orig/PCB/Working - Under Develolpment/ALU-V3.2/Notes.rtf	YACCS-OLD/YACC1-2020-ORIG/PCB/Working - Under Develolpment/ALU-V3.2/Notes.rtf	b4b474d5813d1f77242fd964cad84327
archive	archive/superseded-revisions/snapshot-2020-08-orig/PCB/Working - Under Develolpment/Index Registers 1.1/Index Registers - 1.1.brd	YACCS-OLD/YACC1-2020-ORIG/PCB/Working - Under Develolpment/Index Registers 1.1/Index Registers - 1.1.brd	0bda9edc180d1f7f84a9e79575debfa4
archive	archive/superseded-revisions/snapshot-2020-08-orig/PCB/Working - Under Develolpment/Index Registers 1.1/Index Registers - 1.1.pro	YACCS-OLD/YACC1-2020-ORIG/PCB/Working - Under Develolpment/Index Registers 1.1/Index Registers - 1.1.pro	a69e1dbe5a5eaa70329d34973e102db6
archive	archive/superseded-revisions/snapshot-2020-08-orig/PCB/Working - Under Develolpment/Index Registers 1.1/Index Registers - 1.1.sch	YACCS-OLD/YACC1-2020-ORIG/PCB/Working - Under Develolpment/Index Registers 1.1/Index Registers - 1.1.sch	6bdedcf6364acb95e8fe87afa6df4902
archive	archive/superseded-revisions/snapshot-2020-08-orig/PCB/Working - Under Develolpment/Memory v1.2/Memory V1.2.brd	YACCS-OLD/YACC1-2020-ORIG/PCB/Working - Under Develolpment/Memory v1.2/Memory V1.2.brd	07ccdd44b7ed76f7dc40568d9bf5965b
archive	archive/superseded-revisions/snapshot-2020-08-orig/PCB/Working - Under Develolpment/Memory v1.2/Memory V1.2.pro	YACCS-OLD/YACC1-2020-ORIG/PCB/Working - Under Develolpment/Memory v1.2/Memory V1.2.pro	d47dcdabf979c4212032cfe9e12078cf
archive	archive/superseded-revisions/snapshot-2020-08-orig/PCB/Working - Under Develolpment/Memory v1.2/Memory V1.2.sch	YACCS-OLD/YACC1-2020-ORIG/PCB/Working - Under Develolpment/Memory v1.2/Memory V1.2.sch	32707436e3694d3e8bddf99ccb6172fa
archive	archive/superseded-revisions/snapshot-2020-08-orig/PCB/Working - Under Develolpment/Sequencer-Logic-v2.0/CAMOutputs/Assembly/Book1.xlsx	YACCS-OLD/YACC1-2020-ORIG/PCB/Working - Under Develolpment/Sequencer-Logic-v2.0/CAMOutputs/Assembly/Book1.xlsx	affe39e5f77963cee1bf5e28e185156e
archive	archive/superseded-revisions/snapshot-2020-08-orig/PCB/Working - Under Develolpment/Sequencer-Logic-v2.0/Notes.rtf	YACCS-OLD/YACC1-2020-ORIG/PCB/Working - Under Develolpment/Sequencer-Logic-v2.0/Notes.rtf	6028c1388df0868c687108ee1178e97a
archive	archive/superseded-revisions/snapshot-2020-08-orig/PCB/Working - Under Develolpment/Sequencer-Logic-v2.0/Sequencer-Logic-Prod-V2.0.brd	YACCS-OLD/YACC1-2020-ORIG/PCB/Working - Under Develolpment/Sequencer-Logic-v2.0/Sequencer-Logic-Prod-V2.0.brd	0c05d090e07381c4ea7a67d45fe344d3
archive	archive/superseded-revisions/snapshot-2020-08-orig/PCB/Working - Under Develolpment/Sequencer-Logic-v2.0/Sequencer-Logic-Prod-V2.0.sch	YACCS-OLD/YACC1-2020-ORIG/PCB/Working - Under Develolpment/Sequencer-Logic-v2.0/Sequencer-Logic-Prod-V2.0.sch	74fadda735f79b01c0b11f36ea21b954
archive	archive/superseded-revisions/snapshot-2020-08-orig/README.md	YACCS-OLD/YACC1-2020-ORIG/README.md	aae24b25a6eeae7ba1b138d814f44b66
archive	archive/superseded-revisions/snapshot-2020-08-orig/Software/Assembler/nbproject/configurations.xml	YACCS-OLD/YACC1-2020-ORIG/Software/Assembler/nbproject/configurations.xml	99e19c3f4fd8e972b9a9623e7a728014
archive	archive/superseded-revisions/snapshot-2020-08-orig/Software/Assembler/yacc1test.asm	YACCS-OLD/YACC1-2020-ORIG/Software/Assembler/yacc1test.asm	c86f83ec33af041ee5fe3fd3a9751030
archive	archive/superseded-revisions/snapshot-2020-08-orig/Software/Assembler/yacc1test.img	YACCS-OLD/YACC1-2020-ORIG/Software/Assembler/yacc1test.img	2c115c0e7a3b90467f154ae224dc0797
archive	archive/superseded-revisions/snapshot-2020-08-orig/Software/Bus Test Card/Command sender/tests/ALU/branch.new	YACCS-OLD/YACC1-2020-ORIG/Software/Bus Test Card/Command sender/tests/ALU/branch.new	d5d2c1976488d2641acdf71db44e8ab1
archive	archive/superseded-revisions/snapshot-2020-08-orig/Software/Bus Test Card/Command sender/tests/Index Register/commands-1 copy.txt	YACCS-OLD/YACC1-2020-ORIG/Software/Bus Test Card/Command sender/tests/Index Register/commands-1 copy.txt	f0d34eb959e690047d414fed61f9978a
archive	archive/superseded-revisions/snapshot-2020-08-orig/Software/Bus Test Card/bus-driver/bus-driver.ino	YACCS-OLD/YACC1-2020-ORIG/Software/Bus Test Card/bus-driver/bus-driver.ino	b1136c465c1268b3171827ec1db94a25
archive	archive/superseded-revisions/snapshot-2020-08-orig/Software/Bus Test Card/bus-test/bus-test.ino	YACCS-OLD/YACC1-2020-ORIG/Software/Bus Test Card/bus-test/bus-test.ino	855699b1bdaa304930e159fdb63cb488
archive	archive/superseded-revisions/snapshot-2020-08-orig/Software/Bus Test Card/led-switch-test/led-switch-test.ino	YACCS-OLD/YACC1-2020-ORIG/Software/Bus Test Card/led-switch-test/led-switch-test.ino	850cb409db99a1fd4aa34b0783dbb85c
archive	archive/superseded-revisions/snapshot-2020-08-orig/Software/Sequencer Card/Sequencer/Sequencer.ino	YACCS-OLD/YACC1-2020-ORIG/Software/Sequencer Card/Sequencer/Sequencer.ino	54b585378e6ba34c78873688e721b43b
archive	archive/superseded-revisions/snapshot-2020-08-orig/Software/Sequencer Card/Sequencer/YACC_Common_headera.h	YACCS-OLD/YACC1-2020-ORIG/Software/Sequencer Card/Sequencer/YACC_Common_headera.h	f535264906fed2814dd6e3cdedc39921
archive	archive/superseded-revisions/snapshot-2020-08-orig/Software/Sequencer Card/Test EEPROM/mem/mem.ino	YACCS-OLD/YACC1-2020-ORIG/Software/Sequencer Card/Test EEPROM/mem/mem.ino	b31bd5d3c6951691798472197536f6da
archive	archive/superseded-revisions/snapshot-2020-08-orig/Software/Sequencer Card/uCode-Generator/CodeGen.h	YACCS-OLD/YACC1-2020-ORIG/Software/Sequencer Card/uCode-Generator/CodeGen.h	09e5b0ee25dffab57a0051f91dc5ff24
archive	archive/superseded-revisions/snapshot-2020-08-orig/Software/Sequencer Card/uCode-Generator/controlLine.c	YACCS-OLD/YACC1-2020-ORIG/Software/Sequencer Card/uCode-Generator/controlLine.c	fc677b1111c8f30a13c0e7c92de3a77b
archive	archive/superseded-revisions/snapshot-2020-08-orig/Software/Sequencer Card/uCode-Generator/main.c	YACCS-OLD/YACC1-2020-ORIG/Software/Sequencer Card/uCode-Generator/main.c	4628ffdd9fc2781675ac833f4da8773b
archive	archive/superseded-revisions/snapshot-2020-08-orig/Software/Sequencer Card/uCode-Generator/nbproject/configurations.xml	YACCS-OLD/YACC1-2020-ORIG/Software/Sequencer Card/uCode-Generator/nbproject/configurations.xml	f5e37c93a5ce7bccc3fbc63b44cb311e
archive	archive/superseded-revisions/snapshot-2020-08-orig/Software/Sequencer Card/uCode-Generator/test.123	YACCS-OLD/YACC1-2020-ORIG/Software/Sequencer Card/uCode-Generator/test.123	812acede59135cf40630220d962bf313
archive	archive/superseded-revisions/snapshot-2020-08-orig/Software/Sequencer Card/uCode-Generator/test.hex	YACCS-OLD/YACC1-2020-ORIG/Software/Sequencer Card/uCode-Generator/test.hex	fb7de51d5b09522f9c7c7af926b1ce33
archive	archive/superseded-revisions/snapshot-2020-08-orig/Software/Sequencer Card/uCode-Generator/test.hexz	YACCS-OLD/YACC1-2020-ORIG/Software/Sequencer Card/uCode-Generator/test.hexz	64aae389a212dfada710fcf7c9b77878
archive	archive/superseded-revisions/snapshot-2020-08-orig/Software/TinyBasicC/TBout.txt	YACCS-OLD/YACC1-2020-ORIG/Software/TinyBasicC/TBout.txt	09174982aa9330f08e7c98cc566184f6
archive	archive/superseded-revisions/snapshot-2020-08-orig/Software/TinyBasicC/nbproject/Makefile-Debug.mk	YACCS-OLD/YACC1-2020-ORIG/Software/TinyBasicC/nbproject/Makefile-Debug.mk	e58a071c3ed07985eb448d1ba1230548
archive	archive/superseded-revisions/snapshot-2020-08-orig/Software/TinyBasicC/nbproject/Makefile-Release.mk	YACCS-OLD/YACC1-2020-ORIG/Software/TinyBasicC/nbproject/Makefile-Release.mk	b48b03f137dabbad28bfc9077c962cb9
archive	archive/superseded-revisions/snapshot-2020-08-orig/Software/TinyBasicC/nbproject/Makefile-impl.mk	YACCS-OLD/YACC1-2020-ORIG/Software/TinyBasicC/nbproject/Makefile-impl.mk	4e83423d57585c246c02bc9fd7c3a57d
archive	archive/superseded-revisions/snapshot-2020-08-orig/Software/TinyBasicC/nbproject/Makefile-variables.mk	YACCS-OLD/YACC1-2020-ORIG/Software/TinyBasicC/nbproject/Makefile-variables.mk	2b78ab99fad4dea923ee6d514ebab9a4
archive	archive/superseded-revisions/snapshot-2020-08-orig/Software/TinyBasicC/nbproject/Package-Debug.bash	YACCS-OLD/YACC1-2020-ORIG/Software/TinyBasicC/nbproject/Package-Debug.bash	16a3382b4d8e7dd05729729eba170ec6
archive	archive/superseded-revisions/snapshot-2020-08-orig/Software/TinyBasicC/nbproject/Package-Release.bash	YACCS-OLD/YACC1-2020-ORIG/Software/TinyBasicC/nbproject/Package-Release.bash	b4db75ad5ec38a699cb8ddbb7c3ab674
archive	archive/superseded-revisions/snapshot-2020-08-orig/Software/TinyBasicC/nbproject/configurations.xml	YACCS-OLD/YACC1-2020-ORIG/Software/TinyBasicC/nbproject/configurations.xml	339f01ece0ea21c5c8758acc683eb697
archive	archive/superseded-revisions/snapshot-2020-08-orig/Software/TinyBasicC/nbproject/project.xml	YACCS-OLD/YACC1-2020-ORIG/Software/TinyBasicC/nbproject/project.xml	0509e260d33fc38c712bd3183c27d84b
archive	archive/superseded-revisions/snapshot-2020-08-orig/Software/TinyBasicC/old/tb/TBout.txt	YACCS-OLD/YACC1-2020-ORIG/Software/TinyBasicC/old/tb/TBout.txt	a0fd79476190c96dee7cd77b01ffa754
archive	archive/superseded-revisions/snapshot-2020-08-orig/Software/TinyBasicC/old/tb/a.out	YACCS-OLD/YACC1-2020-ORIG/Software/TinyBasicC/old/tb/a.out	16ea5ab9a138d5ff726a2a89d83cda3d
archive	archive/superseded-revisions/snapshot-2020-08-orig/Software/TinyBasicC/old/tb/tb.c	YACCS-OLD/YACC1-2020-ORIG/Software/TinyBasicC/old/tb/tb.c	fc173fa9c6bbda8f79dd4be7e27e6969
archive	archive/superseded-revisions/snapshot-2020-08-orig/Software/TinyBasicC/old/tb/tb/main.c	YACCS-OLD/YACC1-2020-ORIG/Software/TinyBasicC/old/tb/tb/main.c	9655dd710467d0a401581139fbedcfcd
archive	archive/superseded-revisions/snapshot-2020-08-orig/Software/TinyBasicC/old/tb/tb/nbproject/Makefile-Debug.mk	YACCS-OLD/YACC1-2020-ORIG/Software/TinyBasicC/old/tb/tb/nbproject/Makefile-Debug.mk	820ee13b23d0a33fd719b4a5be98e711
archive	archive/superseded-revisions/snapshot-2020-08-orig/Software/TinyBasicC/old/tb/tb/nbproject/Makefile-Release.mk	YACCS-OLD/YACC1-2020-ORIG/Software/TinyBasicC/old/tb/tb/nbproject/Makefile-Release.mk	b7dd0c41129901bfab25598c2a8966cc
archive	archive/superseded-revisions/snapshot-2020-08-orig/Software/TinyBasicC/old/tb/tb/nbproject/Makefile-impl.mk	YACCS-OLD/YACC1-2020-ORIG/Software/TinyBasicC/old/tb/tb/nbproject/Makefile-impl.mk	ad43b8ed89cc5a150d84f9c3fb90a87e
archive	archive/superseded-revisions/snapshot-2020-08-orig/Software/TinyBasicC/old/tb/tb/nbproject/Makefile-variables.mk	YACCS-OLD/YACC1-2020-ORIG/Software/TinyBasicC/old/tb/tb/nbproject/Makefile-variables.mk	25ed0189ab291e7fb3162f534384bc00
archive	archive/superseded-revisions/snapshot-2020-08-orig/Software/TinyBasicC/old/tb/tb/nbproject/Package-Debug.bash	YACCS-OLD/YACC1-2020-ORIG/Software/TinyBasicC/old/tb/tb/nbproject/Package-Debug.bash	cc7c8e583c1a62fe893328dae7305783
archive	archive/superseded-revisions/snapshot-2020-08-orig/Software/TinyBasicC/old/tb/tb/nbproject/Package-Release.bash	YACCS-OLD/YACC1-2020-ORIG/Software/TinyBasicC/old/tb/tb/nbproject/Package-Release.bash	94eb495318380c4607353f96fb1ace20
archive	archive/superseded-revisions/snapshot-2020-08-orig/Software/TinyBasicC/old/tb/tb/nbproject/project.xml	YACCS-OLD/YACC1-2020-ORIG/Software/TinyBasicC/old/tb/tb/nbproject/project.xml	cb157b5014bca2d0130beea76f1fd09c
archive	archive/superseded-revisions/snapshot-2020-08-orig/Software/TinyBasicC/tb.c	YACCS-OLD/YACC1-2020-ORIG/Software/TinyBasicC/tb.c	7d37df8fd1a5877245be47656aafff86
archive	archive/superseded-revisions/snapshot-2020-08-orig/Software/disasm/main.c	YACCS-OLD/YACC1-2020-ORIG/Software/disasm/main.c	1d91a27eb95c2fbd3217aa88603ef91e
archive	archive/superseded-revisions/snapshot-2020-08-orig/Software/disasm/test.123	YACCS-OLD/YACC1-2020-ORIG/Software/disasm/test.123	d8ede260506109d71fad3cb2db0ed080
archive	archive/superseded-revisions/snapshot-2020-08-orig/Software/opcodes.h	YACCS-OLD/YACC1-2020-ORIG/Software/opcodes.h	1b936d30930ad6e6177b07e24927bc46
archive	archive/superseded-revisions/snapshot-2021-01-old/README.md	YACCS-OLD/YACC1-2020-OLD/README.md	b16c25d7af593813b2a3dbd1857772fa
archive	archive/superseded-revisions/snapshot-2021-07/README.md	YACCS-OLD/YACC1-2020 July 2021 backup/README.md	b58a402125feecfb6fa1138fe8ab89aa
archive	archive/superseded-revisions/snapshot-2021-07/Software/Assembler/asm.c	YACCS-OLD/YACC1-2020 July 2021 backup/Software/Assembler/asm.c	a03b983ed8a39c69cb2d907978dd4944
archive	archive/superseded-revisions/snapshot-2021-07/Software/Assembler/basic.img	YACCS-OLD/YACC1-2020 July 2021 backup/Software/Assembler/basic.img	d14aa9884ffd127ab7126dd4fc84995c
archive	archive/superseded-revisions/snapshot-2021-07/Software/Assembler/basic.lst	YACCS-OLD/YACC1-2020 July 2021 backup/Software/Assembler/basic.lst	11a7e6cafc6d880e943c754fc84067d5
archive	archive/superseded-revisions/snapshot-2021-07/Software/Assembler/monitor.img	YACCS-OLD/YACC1-2020 July 2021 backup/Software/Assembler/monitor.img	d81daac3332eb93b2d595eb846fee673
archive	archive/superseded-revisions/snapshot-2021-07/Software/Assembler/monitor.lst	YACCS-OLD/YACC1-2020 July 2021 backup/Software/Assembler/monitor.lst	5184077b7bc0ab9fe3ecbb1c12378d10
archive	archive/superseded-revisions/snapshot-2021-07/Software/Assembler/rom	YACCS-OLD/YACC1-2020 July 2021 backup/Software/Assembler/rom	b088d7a77a90d926bd0dee9dc0b91c3d
archive	archive/superseded-revisions/snapshot-2021-07/Software/Sequencer Card/Sequencer3/Sequencer3.ino	YACCS-OLD/YACC1-2020 July 2021 backup/Software/Sequencer Card/Sequencer3/Sequencer3.ino	822611c79d3c8acc2ec78a6773040e03
archive	archive/superseded-revisions/snapshot-2021-07/Software/Sequencer Card/disasm/test.123	YACCS-OLD/YACC1-2020 July 2021 backup/Software/Sequencer Card/disasm/test.123	148e281809b9b7a84deb169459a0bc2f
archive	archive/superseded-revisions/snapshot-2021-07/Software/Sequencer Card/uCode-Generator/test.123	YACCS-OLD/YACC1-2020 July 2021 backup/Software/Sequencer Card/uCode-Generator/test.123	62c24e14a2eafc5480d211293a77cd8b
archive	archive/superseded-revisions/snapshot-2021-07/Software/Sequencer Card/uCode-Generator/test.hex	YACCS-OLD/YACC1-2020 July 2021 backup/Software/Sequencer Card/uCode-Generator/test.hex	0107b6f51e31a02de93fd64b9e86e27e
archive	archive/superseded-revisions/snapshot-2021-07/Software/Sequencer Card/uCode-Generator/test.hexz	YACCS-OLD/YACC1-2020 July 2021 backup/Software/Sequencer Card/uCode-Generator/test.hexz	38781ecdaf7fba93c042db479d4e4899
archive	archive/superseded-revisions/snapshot-2021-07/Software/Sequencer Card/uCode-Generator2/test.hexz orig	YACCS-OLD/YACC1-2020 July 2021 backup/Software/Sequencer Card/uCode-Generator2/test.hexz orig	efa3ba828d5a34f372f1006efd00078d
archive	archive/superseded-revisions/snapshot-2021-07/Software/emulator/main.c	YACCS-OLD/YACC1-2020 July 2021 backup/Software/emulator/main.c	63e8bcbc55ba334b8ebc83322e213e19
archive	archive/superseded-revisions/snapshot-2021-07/Software/emulator/nbproject/Makefile-Debug.mk	YACCS-OLD/YACC1-2020 July 2021 backup/Software/emulator/nbproject/Makefile-Debug.mk	539f24ed8d76c9e00bb43c559d4cd5b4
archive	archive/superseded-revisions/snapshot-2021-07/Software/emulator/nbproject/Makefile-Release.mk	YACCS-OLD/YACC1-2020 July 2021 backup/Software/emulator/nbproject/Makefile-Release.mk	20856745b22fc2d38320f467305f244c
archive	archive/superseded-revisions/snapshot-2021-07/Software/emulator/nbproject/Makefile-impl.mk	YACCS-OLD/YACC1-2020 July 2021 backup/Software/emulator/nbproject/Makefile-impl.mk	8f93349e0bfef9a4d7605b89218ea3ce
archive	archive/superseded-revisions/snapshot-2021-07/Software/emulator/nbproject/project.xml	YACCS-OLD/YACC1-2020 July 2021 backup/Software/emulator/nbproject/project.xml	3c72e2cc3c83213e455d474e836d7854
archive	archive/superseded-revisions/snapshot-2021-07/Software/opcodes.h	YACCS-OLD/YACC1-2020 July 2021 backup/Software/opcodes.h	17291ac6c3ce22feb22fce5cf8b73691
archive	archive/superseded-revisions/snapshot-2021-07/Software/ubasic-master/tokenizer copy.c	YACCS-OLD/YACC1-2020 July 2021 backup/Software/ubasic-master/tokenizer copy.c	28e2ef10d2dccc496b7344500f9d7067
archive	archive/superseded-revisions/snapshot-2021-07/Software/ubasic-master/use-ubasic	YACCS-OLD/YACC1-2020 July 2021 backup/Software/ubasic-master/use-ubasic	5364975d042815a19f3116124ecc89fb
archive	archive/superseded-revisions/software-old-obsolete/Assembler-old/Readme.md	YACC1-2020/Software-vs/Old-obselete/Assembler-old/Readme.md	1d5cb64bc95647602b60d2b7cbb4bcab
archive	archive/superseded-revisions/software-old-obsolete/Assembler-old/a18	YACC1-2020/Software-vs/Old-obselete/Assembler-old/a18	5d38191f26b6cf9e33a5dcc284ee2c8d
archive	archive/superseded-revisions/software-old-obsolete/Assembler-old/asm.c	YACC1-2020/Software-vs/Old-obselete/Assembler-old/asm.c	5814d5031a2bb50ff90db417ace20971
archive	archive/superseded-revisions/software-old-obsolete/Assembler-old/asmcmds.c	YACC1-2020/Software-vs/Old-obselete/Assembler-old/asmcmds.c	0c72ce2035c13bc39519dfa16b63bc56
archive	archive/superseded-revisions/software-old-obsolete/Assembler-old/header.h	YACC1-2020/Software-vs/Old-obselete/Assembler-old/header.h	b292abbc2e56017001aaeb8e12adcb6e
archive	archive/superseded-revisions/software-old-obsolete/Assembler-old/mstrings.c	YACC1-2020/Software-vs/Old-obselete/Assembler-old/mstrings.c	711d8d16e47afc1077428f7423fee30f
archive	archive/superseded-revisions/software-old-obsolete/Assembler-old/support.c	YACC1-2020/Software-vs/Old-obselete/Assembler-old/support.c	28aa3eeac4447d24d1d3d54bc63f5c04
archive	archive/superseded-revisions/software-old-obsolete/Assembler-old/yacc1.def	YACC1-2020/Software-vs/Old-obselete/Assembler-old/yacc1.def	fc8363cf9202089c650b3da07189f667
archive	archive/superseded-revisions/software-old-obsolete/Assembler-old/yacc1test.asm	YACC1-2020/Software-vs/Old-obselete/Assembler-old/yacc1test.asm	fd31dd5a57701f05ca2e31ae09a61206
archive	archive/superseded-revisions/software-old-obsolete/Assembler-old/yacc1test.img	YACC1-2020/Software-vs/Old-obselete/Assembler-old/yacc1test.img	a47ef74569d485d064cfd8ce95b54af5
archive	archive/superseded-revisions/software-old-obsolete/Emulator/insInfo.c	YACC1-2020/Software-vs/Old-obselete/Emulator/insInfo.c	b99dd133548845ce9d0d8ae8a1cd48cd
archive	archive/superseded-revisions/software-old-obsolete/Emulator/intelhex.c	YACC1-2020/Software-vs/Old-obselete/Emulator/intelhex.c	4f12fe321e9462a0c176d830a990e17b
archive	archive/superseded-revisions/software-old-obsolete/Emulator/main.c	YACC1-2020/Software-vs/Old-obselete/Emulator/main.c	e3d66055706b325a021a1d574018338a
archive	archive/superseded-revisions/software-old-obsolete/Emulator/nbproject/Makefile-Debug.mk	YACC1-2020/Software-vs/Old-obselete/Emulator/nbproject/Makefile-Debug.mk	2bbf9395f2eb2a2398da5053349f7845
archive	archive/superseded-revisions/software-old-obsolete/Emulator/nbproject/Makefile-Release.mk	YACC1-2020/Software-vs/Old-obselete/Emulator/nbproject/Makefile-Release.mk	06908406fc1f3b165e684ab33f579a8d
archive	archive/superseded-revisions/software-old-obsolete/Emulator/nbproject/Makefile-impl.mk	YACC1-2020/Software-vs/Old-obselete/Emulator/nbproject/Makefile-impl.mk	42787587149699aa69db2ef62f3f82f6
archive	archive/superseded-revisions/software-old-obsolete/Emulator/nbproject/Makefile-variables.mk	YACC1-2020/Software-vs/Old-obselete/Emulator/nbproject/Makefile-variables.mk	2082fea2f8d74e2f06ef3c1cbc44b50f
archive	archive/superseded-revisions/software-old-obsolete/Emulator/nbproject/Package-Debug.bash	YACC1-2020/Software-vs/Old-obselete/Emulator/nbproject/Package-Debug.bash	c6d6f398ed5454e8f9589da376b5867b
archive	archive/superseded-revisions/software-old-obsolete/Emulator/nbproject/Package-Release.bash	YACC1-2020/Software-vs/Old-obselete/Emulator/nbproject/Package-Release.bash	6fd1189d9a7e95d3b48eaf12db8eab92
archive	archive/superseded-revisions/software-old-obsolete/Emulator/nbproject/configurations.xml	YACC1-2020/Software-vs/Old-obselete/Emulator/nbproject/configurations.xml	1f14ef9ccc774fd6b4cb908de7aa5e59
archive	archive/superseded-revisions/software-old-obsolete/Emulator/nbproject/project.xml	YACC1-2020/Software-vs/Old-obselete/Emulator/nbproject/project.xml	6112b439a9854a15fac3720b25f69f4f
archive	archive/superseded-revisions/software-old-obsolete/Memory Card/test EPROM/eprom.bin	YACC1-2020/Software-vs/Old-obselete/Memory Card/test EPROM/eprom.bin	83fb257e21fec8e0d607d68e87cbe88a
archive	archive/superseded-revisions/software-old-obsolete/Memory Card/test EPROM/main.c	YACC1-2020/Software-vs/Old-obselete/Memory Card/test EPROM/main.c	9ce5a9624539116912400e545950a6f6
archive	archive/superseded-revisions/software-old-obsolete/Memory Card/test EPROM/nbproject/Makefile-Debug.mk	YACC1-2020/Software-vs/Old-obselete/Memory Card/test EPROM/nbproject/Makefile-Debug.mk	6e37d32536e0a2c1333fd55e4089d699
archive	archive/superseded-revisions/software-old-obsolete/Memory Card/test EPROM/nbproject/Makefile-Release.mk	YACC1-2020/Software-vs/Old-obselete/Memory Card/test EPROM/nbproject/Makefile-Release.mk	1e9d6b9411b1575eb9c554ed851c7fe3
archive	archive/superseded-revisions/software-old-obsolete/Memory Card/test EPROM/nbproject/Makefile-impl.mk	YACC1-2020/Software-vs/Old-obselete/Memory Card/test EPROM/nbproject/Makefile-impl.mk	2403c6071e9a9d574c1fc08b4fd97dd6
archive	archive/superseded-revisions/software-old-obsolete/Memory Card/test EPROM/nbproject/Makefile-variables.mk	YACC1-2020/Software-vs/Old-obselete/Memory Card/test EPROM/nbproject/Makefile-variables.mk	3c859e84ef8fcf0cef9380e5cc998a21
archive	archive/superseded-revisions/software-old-obsolete/Memory Card/test EPROM/nbproject/Package-Debug.bash	YACC1-2020/Software-vs/Old-obselete/Memory Card/test EPROM/nbproject/Package-Debug.bash	8905680875de9b503ca70e98d3b4ec72
archive	archive/superseded-revisions/software-old-obsolete/Memory Card/test EPROM/nbproject/Package-Release.bash	YACC1-2020/Software-vs/Old-obselete/Memory Card/test EPROM/nbproject/Package-Release.bash	0eb4634e8c4350f831a09c2ad8004043
archive	archive/superseded-revisions/software-old-obsolete/Memory Card/test EPROM/nbproject/configurations.xml	YACC1-2020/Software-vs/Old-obselete/Memory Card/test EPROM/nbproject/configurations.xml	d78d0498441c5c5d92f74a732964f5f3
archive	archive/superseded-revisions/software-old-obsolete/Memory Card/test EPROM/nbproject/project.xml	YACC1-2020/Software-vs/Old-obselete/Memory Card/test EPROM/nbproject/project.xml	e2d48aaaf75a527a008947ccf642e851
archive	archive/superseded-revisions/software-old-obsolete/Tiny-basic-notused/.github/workflows/c-cpp.yml	YACC1-2020/Software-vs/Old-obselete/Tiny-basic-notused/.github/workflows/c-cpp.yml	d7777132377b68a41a2e74c93fa91173
archive	archive/superseded-revisions/software-old-obsolete/Tiny-basic-notused/LICENSE	YACC1-2020/Software-vs/Old-obselete/Tiny-basic-notused/LICENSE	652b54e279a510b131ab91fe63abba53
archive	archive/superseded-revisions/software-old-obsolete/Tiny-basic-notused/README.md	YACC1-2020/Software-vs/Old-obselete/Tiny-basic-notused/README.md	4f03dd702e1b1481c9d727a9f389007b
archive	archive/superseded-revisions/software-old-obsolete/Tiny-basic-notused/examples/fibonacci.tb	YACC1-2020/Software-vs/Old-obselete/Tiny-basic-notused/examples/fibonacci.tb	86482217ab4c613643d99aaedbc3809b
archive	archive/superseded-revisions/software-old-obsolete/Tiny-basic-notused/examples/helloworld.tb	YACC1-2020/Software-vs/Old-obselete/Tiny-basic-notused/examples/helloworld.tb	a705694698f0e2f71be3ca638d3960e5
archive	archive/superseded-revisions/software-old-obsolete/Tiny-basic-notused/examples/stars.tb	YACC1-2020/Software-vs/Old-obselete/Tiny-basic-notused/examples/stars.tb	068e0df862682612f2ba8fb1b1fa89e8
archive	archive/superseded-revisions/software-old-obsolete/Tiny-basic-notused/grammar.md	YACC1-2020/Software-vs/Old-obselete/Tiny-basic-notused/grammar.md	22041842284bd746e43009edb363c694
archive	archive/superseded-revisions/software-old-obsolete/Tiny-basic-notused/makefile	YACC1-2020/Software-vs/Old-obselete/Tiny-basic-notused/makefile	e90d1cde19048629f96e800da69c0414
archive	archive/superseded-revisions/software-old-obsolete/Tiny-basic-notused/nbproject/configurations.xml	YACC1-2020/Software-vs/Old-obselete/Tiny-basic-notused/nbproject/configurations.xml	bb0a6962bf9828184b89cfd3a7cf0482
archive	archive/superseded-revisions/software-old-obsolete/Tiny-basic-notused/nbproject/project.xml	YACC1-2020/Software-vs/Old-obselete/Tiny-basic-notused/nbproject/project.xml	2520043ac931b7e6a34f07164413badd
archive	archive/superseded-revisions/software-old-obsolete/Tiny-basic-notused/readme.ken	YACC1-2020/Software-vs/Old-obselete/Tiny-basic-notused/readme.ken	f9a1bf0002b7ecff58767e6a83116eef
archive	archive/superseded-revisions/software-old-obsolete/Tiny-basic-notused/src/core.h	YACC1-2020/Software-vs/Old-obselete/Tiny-basic-notused/src/core.h	4f30f125ad64d72e4e932ded9c9a52f7
archive	archive/superseded-revisions/software-old-obsolete/Tiny-basic-notused/src/lexer.c	YACC1-2020/Software-vs/Old-obselete/Tiny-basic-notused/src/lexer.c	391f8cb605a86b5e54b13021415c0310
archive	archive/superseded-revisions/software-old-obsolete/Tiny-basic-notused/src/lexer.h	YACC1-2020/Software-vs/Old-obselete/Tiny-basic-notused/src/lexer.h	6222cddb190e0140cc606d0b35c0b238
archive	archive/superseded-revisions/software-old-obsolete/Tiny-basic-notused/src/parser.c	YACC1-2020/Software-vs/Old-obselete/Tiny-basic-notused/src/parser.c	a63eba78debe7ebbe786cf5679579d48
archive	archive/superseded-revisions/software-old-obsolete/Tiny-basic-notused/src/parserx.c	YACC1-2020/Software-vs/Old-obselete/Tiny-basic-notused/src/parserx.c	9f3e6153ec53ef4c1546ab7d7bc1b8d9
archive	archive/superseded-revisions/software-old-obsolete/Tiny-basic-notused/src/symboltable.c	YACC1-2020/Software-vs/Old-obselete/Tiny-basic-notused/src/symboltable.c	9b1e708197f20d61940c76101f246219
archive	archive/superseded-revisions/software-old-obsolete/Tiny-basic-notused/src/symboltable.h	YACC1-2020/Software-vs/Old-obselete/Tiny-basic-notused/src/symboltable.h	d54a07bfb4699d3241588d1d7509153c
archive	archive/superseded-revisions/software-old-obsolete/Tiny-basic-notused/src/tokens.h	YACC1-2020/Software-vs/Old-obselete/Tiny-basic-notused/src/tokens.h	88daea0b51113c142a449b3987e45d6c
archive	archive/superseded-revisions/software-old-obsolete/disassembler/main.c	YACC1-2020/Software-vs/Old-obselete/disassembler/main.c	8c52e5985cbd7fcdc810b9f2a084bce0
archive	archive/superseded-revisions/software-old-obsolete/disassembler/test.123	YACC1-2020/Software-vs/Old-obselete/disassembler/test.123	0acca02bf1c778dde3bfc0a3c73909cc
archive	archive/superseded-revisions/ucode-generator-v1/CodeGen.h	YACC1-2024/Software/Sequencer Card/uCode-Generator/CodeGen.h	8d3c907e3f2746f58e2b233d4ae61197
archive	archive/superseded-revisions/ucode-generator-v1/accumulator.c	YACC1-2024/Software/Sequencer Card/uCode-Generator/accumulator.c	d1b1bae93a6f0de11de80492e57d64e5
archive	archive/superseded-revisions/ucode-generator-v1/branch.c	YACC1-2024/Software/Sequencer Card/uCode-Generator/branch.c	1446208bae0274ee59f9578c65aacb64
archive	archive/superseded-revisions/ucode-generator-v1/code.h	YACC1-2024/Software/Sequencer Card/uCode-Generator/code.h	ffd85703e10836a0232f72f4969e0fd3
archive	archive/superseded-revisions/ucode-generator-v1/controlLine.c	YACC1-2024/Software/Sequencer Card/uCode-Generator/controlLine.c	72ef3d59ab6003bccd757c5a7d07db8d
archive	archive/superseded-revisions/ucode-generator-v1/io.c	YACC1-2024/Software/Sequencer Card/uCode-Generator/io.c	b1b15e621d164e946db8997b61e784d8
archive	archive/superseded-revisions/ucode-generator-v1/main.c	YACC1-2024/Software/Sequencer Card/uCode-Generator/main.c	b5a57535edc49d4545ce62d9d581f21e
archive	archive/superseded-revisions/ucode-generator-v1/main.c.aug18.c	YACC1-2024/Software/Sequencer Card/uCode-Generator/main.c.aug18.c	1d4d4a8345c52cb2387c38b5b62e7957
archive	archive/superseded-revisions/ucode-generator-v1/memory.c	YACC1-2024/Software/Sequencer Card/uCode-Generator/memory.c	1ef7caaa732d1f2508bd1e876044470d
archive	archive/superseded-revisions/ucode-generator-v1/nbproject/Makefile-Debug.mk	YACC1-2024/Software/Sequencer Card/uCode-Generator/nbproject/Makefile-Debug.mk	3155f82dfcfb39bcc840c28cf73c5c1c
archive	archive/superseded-revisions/ucode-generator-v1/nbproject/Makefile-Release.mk	YACC1-2024/Software/Sequencer Card/uCode-Generator/nbproject/Makefile-Release.mk	50b2d951f124f853f6cd47741d21e4ef
archive	archive/superseded-revisions/ucode-generator-v1/nbproject/configurations.xml	YACC1-2024/Software/Sequencer Card/uCode-Generator/nbproject/configurations.xml	9b45062b99c46f0965571c0187ac10af
archive	archive/superseded-revisions/ucode-generator-v1/on-off-loop	YACC1-2024/Software/Sequencer Card/uCode-Generator/on-off-loop	e2272b2b18ef01841db3f5003887dbf5
archive	archive/superseded-revisions/ucode-generator-v1/register.c	YACC1-2024/Software/Sequencer Card/uCode-Generator/register.c	c1055f68d5170601ed1287ee24f1b0b1
archive	archive/superseded-revisions/ucode-generator-v1/yaccsignal.h.old.h	YACC1-2024/Software/Sequencer Card/uCode-Generator/yaccsignal.h.old.h	54644918fd657bc867e4b2ed33dd07fd
archive	archive/superseded-revisions/ucode-generator-v1/yaccsignaldata.h	YACC1-2024/Software/Sequencer Card/yaccsignaldata.h	2d8275c7110672958d93522df6409abc
archive	archive/superseded-revisions/working-old-and-obsolete/ALU-V3.3-notused/ALU V3.2.brd	YACC gitversion/YACC1-2020/PCB/Working - Under Develolpment/Old and obsolete/ALU-V3.3-notused/ALU V3.2.brd	a15f4c5442f4711bd340f39f5bac969a
archive	archive/superseded-revisions/working-old-and-obsolete/ALU-V3.3-notused/ALU V3.2.pro	YACC gitversion/YACC1-2020/PCB/Working - Under Develolpment/Old and obsolete/ALU-V3.3-notused/ALU V3.2.pro	e70f375454b976fefb9fb0cf4ab96eec
archive	archive/superseded-revisions/working-old-and-obsolete/ALU-V3.3-notused/ALU V3.2.sch	YACC gitversion/YACC1-2020/PCB/Working - Under Develolpment/Old and obsolete/ALU-V3.3-notused/ALU V3.2.sch	50ee1fd81f4ff494ae6edee076db7375
archive	archive/superseded-revisions/working-old-and-obsolete/ALU-V3.3-notused/CAMOutputs/Assembly/ALU V3.2.csv	YACC gitversion/YACC1-2020/PCB/Working - Under Develolpment/Old and obsolete/ALU-V3.3-notused/CAMOutputs/Assembly/ALU V3.2.csv	6820a481e91ef06fa806e61dd8824dce
archive	archive/superseded-revisions/working-old-and-obsolete/ALU-V3.3-notused/CAMOutputs/DrillFiles/drill_15_16.xln	YACC gitversion/YACC1-2020/PCB/Working - Under Develolpment/Old and obsolete/ALU-V3.3-notused/CAMOutputs/DrillFiles/drill_15_16.xln	499944ac9feafc4dcc7422f7d613d656
archive	archive/superseded-revisions/working-old-and-obsolete/ALU-V3.3-notused/CAMOutputs/DrillFiles/drill_1_2.xln	YACC gitversion/YACC1-2020/PCB/Working - Under Develolpment/Old and obsolete/ALU-V3.3-notused/CAMOutputs/DrillFiles/drill_1_2.xln	9c18538785e3b7c8c17ae64780f1323c
archive	archive/superseded-revisions/working-old-and-obsolete/ALU-V3.3-notused/CAMOutputs/GerberFiles/Archive.zip	YACC gitversion/YACC1-2020/PCB/Working - Under Develolpment/Old and obsolete/ALU-V3.3-notused/CAMOutputs/GerberFiles/Archive.zip	bf28705d22f6ad18dc484e434d5d862b
archive	archive/superseded-revisions/working-old-and-obsolete/ALU-V3.3-notused/CAMOutputs/GerberFiles/copper_bottom_l4.gbr	YACC gitversion/YACC1-2020/PCB/Working - Under Develolpment/Old and obsolete/ALU-V3.3-notused/CAMOutputs/GerberFiles/copper_bottom_l4.gbr	e4f5187e68a376d30e04a72c21e9b330
archive	archive/superseded-revisions/working-old-and-obsolete/ALU-V3.3-notused/CAMOutputs/GerberFiles/copper_inner_l2.gbr	YACC gitversion/YACC1-2020/PCB/Working - Under Develolpment/Old and obsolete/ALU-V3.3-notused/CAMOutputs/GerberFiles/copper_inner_l2.gbr	36680835835dd3a334c6513fd7862a33
archive	archive/superseded-revisions/working-old-and-obsolete/ALU-V3.3-notused/CAMOutputs/GerberFiles/copper_inner_l3.gbr	YACC gitversion/YACC1-2020/PCB/Working - Under Develolpment/Old and obsolete/ALU-V3.3-notused/CAMOutputs/GerberFiles/copper_inner_l3.gbr	e070820af281fb1eaa5e3fae5104f10a
archive	archive/superseded-revisions/working-old-and-obsolete/ALU-V3.3-notused/CAMOutputs/GerberFiles/copper_top_l1.gbr	YACC gitversion/YACC1-2020/PCB/Working - Under Develolpment/Old and obsolete/ALU-V3.3-notused/CAMOutputs/GerberFiles/copper_top_l1.gbr	884c618d98f17a9eaca0502d91877b6b
archive	archive/superseded-revisions/working-old-and-obsolete/ALU-V3.3-notused/CAMOutputs/GerberFiles/gerber_job.gbrjob	YACC gitversion/YACC1-2020/PCB/Working - Under Develolpment/Old and obsolete/ALU-V3.3-notused/CAMOutputs/GerberFiles/gerber_job.gbrjob	c18b4146e26db210c12a333be3aa714d
archive	archive/superseded-revisions/working-old-and-obsolete/ALU-V3.3-notused/CAMOutputs/GerberFiles/soldermask_bottom.gbr	YACC gitversion/YACC1-2020/PCB/Working - Under Develolpment/Old and obsolete/ALU-V3.3-notused/CAMOutputs/GerberFiles/soldermask_bottom.gbr	03246f2549aec4c060e35e65e5ce2a7f
archive	archive/superseded-revisions/working-old-and-obsolete/ALU-V3.3-notused/CAMOutputs/GerberFiles/soldermask_top.gbr	YACC gitversion/YACC1-2020/PCB/Working - Under Develolpment/Old and obsolete/ALU-V3.3-notused/CAMOutputs/GerberFiles/soldermask_top.gbr	6c3bd25a09b84975311e425f0bcedd77
archive	archive/third-party/a18-cug149-xcode/a18.xcodeproj/project.pbxproj	YACC gitversion/YACC1-2020/Software/Assembler/old/a18-xcode/a18.xcodeproj/project.pbxproj	05a9c4db56b2f7337d6621639b1ad89e
archive	archive/third-party/a18-cug149-xcode/a18.xcodeproj/project.xcworkspace/contents.xcworkspacedata	YACC gitversion/YACC1-2020/Software/Assembler/old/a18-xcode/a18.xcodeproj/project.xcworkspace/contents.xcworkspacedata	ee21e5abba39aaf076632f5fb6262002
archive	archive/third-party/a18-cug149-xcode/a18.xcodeproj/project.xcworkspace/xcuserdata/ken.xcuserdatad/UserInterfaceState.xcuserstate	YACC gitversion/YACC1-2020/Software/Assembler/old/a18-xcode/a18.xcodeproj/project.xcworkspace/xcuserdata/ken.xcuserdatad/UserInterfaceState.xcuserstate	aa18861ca40cffde1ed18e1e73c5eb23
archive	archive/third-party/a18-cug149-xcode/a18.xcodeproj/xcuserdata/ken.xcuserdatad/xcdebugger/Breakpoints_v2.xcbkptlist	YACC gitversion/YACC1-2020/Software/Assembler/old/a18-xcode/a18.xcodeproj/xcuserdata/ken.xcuserdatad/xcdebugger/Breakpoints_v2.xcbkptlist	083a725f073f8d4d7eb3ad91a48d158a
archive	archive/third-party/a18-cug149-xcode/a18.xcodeproj/xcuserdata/ken.xcuserdatad/xcschemes/a18.xcscheme	YACC gitversion/YACC1-2020/Software/Assembler/old/a18-xcode/a18.xcodeproj/xcuserdata/ken.xcuserdatad/xcschemes/a18.xcscheme	461a33f7427739a7becd79bb8294f225
archive	archive/third-party/a18-cug149-xcode/a18.xcodeproj/xcuserdata/ken.xcuserdatad/xcschemes/xcschememanagement.plist	YACC gitversion/YACC1-2020/Software/Assembler/old/a18-xcode/a18.xcodeproj/xcuserdata/ken.xcuserdatad/xcschemes/xcschememanagement.plist	988e6e47bd8cd213e167eff1f08d9d43
archive	archive/third-party/a18-cug149-xcode/a18/asm.c	YACC gitversion/YACC1-2020/Software/Assembler/old/a18-xcode/a18/asm.c	f6d0d06eed868da1a590096ef240e7fa
archive	archive/third-party/a18-cug149/1802reg.asm	YACC gitversion/YACC1-2020/Software/Assembler/old/a18/1802reg.asm	d0c06600510e2a7f488eb9127bcb9080
archive	archive/third-party/a18-cug149/A18_2014.DOC	YACC gitversion/YACC1-2020/Software/Assembler/old/a18/A18_2014.DOC	c2d346fae45d885599db2d2bcaa0a1b5
archive	archive/third-party/a18-cug149/A18_DOS.EXE	YACC gitversion/YACC1-2020/Software/Assembler/old/a18/A18_DOS.EXE	d82ff12f4426ae170563d485debdf9b8
archive	archive/third-party/a18-cug149/READ.ME	YACC gitversion/YACC1-2020/Software/Assembler/old/a18/READ.ME	d641845118c6bd442f28592e041ee4cb
archive	archive/third-party/a18-cug149/TEST18.ASM	YACC gitversion/YACC1-2020/Software/Assembler/old/a18/TEST18.ASM	86ac517df669a503ac07a648bd7c500e
archive	archive/third-party/a18-cug149/a18.c	YACC gitversion/YACC1-2020/Software/Assembler/old/a18/a18.c	f3a7a5ee46f6232d93a69dfb2d7eeefc
archive	archive/third-party/a18-cug149/a18.h	YACC gitversion/YACC1-2020/Software/Assembler/old/a18/a18.h	1c9314ebc6a7ed84d2e3c1e54881821c
archive	archive/third-party/a18-cug149/a18/main.c	YACC gitversion/YACC1-2020/Software/Assembler/old/a18/a18/main.c	4efae453e6a9811310e65b1728cab5fa
archive	archive/third-party/a18-cug149/a18/nbproject/Makefile-Debug.mk	YACC gitversion/YACC1-2020/Software/Assembler/old/a18/a18/nbproject/Makefile-Debug.mk	bf0bc1a4ba3bb555af06cd94fa1e28a2
archive	archive/third-party/a18-cug149/a18/nbproject/Makefile-Release.mk	YACC gitversion/YACC1-2020/Software/Assembler/old/a18/a18/nbproject/Makefile-Release.mk	4f5eb7857c0df16bdfbf7bd6672fd68b
archive	archive/third-party/a18-cug149/a18/nbproject/Makefile-impl.mk	YACC gitversion/YACC1-2020/Software/Assembler/old/a18/a18/nbproject/Makefile-impl.mk	7e7ab3a387f26da2a6bfafab4a1bf7f1
archive	archive/third-party/a18-cug149/a18/nbproject/Makefile-variables.mk	YACC gitversion/YACC1-2020/Software/Assembler/old/a18/a18/nbproject/Makefile-variables.mk	ea41b78044e4da0fd16b9d1d65c0fccf
archive	archive/third-party/a18-cug149/a18/nbproject/Package-Debug.bash	YACC gitversion/YACC1-2020/Software/Assembler/old/a18/a18/nbproject/Package-Debug.bash	905a8af8339d714fdb351880680cce6d
archive	archive/third-party/a18-cug149/a18/nbproject/Package-Release.bash	YACC gitversion/YACC1-2020/Software/Assembler/old/a18/a18/nbproject/Package-Release.bash	fb7bd4ae8cdf47773494f68cbea13243
archive	archive/third-party/a18-cug149/a18/nbproject/configurations.xml	YACC gitversion/YACC1-2020/Software/Assembler/old/a18/a18/nbproject/configurations.xml	1a6e93d90c3a48ee180ba75e020a838b
archive	archive/third-party/a18-cug149/a18/nbproject/project.xml	YACC gitversion/YACC1-2020/Software/Assembler/old/a18/a18/nbproject/project.xml	569702cd0eddd189194cd484272b1e48
archive	archive/third-party/a18-cug149/a18/newfile.h	YACC gitversion/YACC1-2020/Software/Assembler/old/a18/a18/newfile.h	21848f63aa90ad673eb066ce4587a6a3
archive	archive/third-party/a18-cug149/a18/utils.c	YACC gitversion/YACC1-2020/Software/Assembler/old/a18/a18/utils.c	307c1101d9af8859a0d71a0d96ba274c
archive	archive/third-party/a18-cug149/a18_win.exe	YACC gitversion/YACC1-2020/Software/Assembler/old/a18/a18_win.exe	c117408cfbc6c20c474cefe4e423495f
archive	archive/third-party/a18-cug149/a18eval.c	YACC gitversion/YACC1-2020/Software/Assembler/old/a18/a18eval.c	7d8b40da27209c3650cedacf41261738
archive	archive/third-party/a18-cug149/a18octal.txt	YACC gitversion/YACC1-2020/Software/Assembler/old/a18/a18octal.txt	6bf97458e83fb82a080d2f2edbd50570
archive	archive/third-party/a18-cug149/a18sum.txt	YACC gitversion/YACC1-2020/Software/Assembler/old/a18/a18sum.txt	41cf79ad1b5ddb0077ef798dec43b344
archive	archive/third-party/a18-cug149/a18util.c	YACC gitversion/YACC1-2020/Software/Assembler/old/a18/a18util.c	29eb1445354bae3803f38dd7b70f6027
archive	archive/third-party/a18-cug149/test18.hex	YACC gitversion/YACC1-2020/Software/Assembler/old/a18/test18.hex	075b99f4c98fdd4e09f38520458bf955
archive	archive/third-party/a18-cug149/test18.prn	YACC gitversion/YACC1-2020/Software/Assembler/old/a18/test18.prn	1d019e4bd008834693764556b3ffd0d7
skip	asm.c	YACC1-2020/Software pre vs/Assembler-16/asm.c	1aa8d24e49c2ae372bf9edd958723b01
skip	asm.c	YACC1-2020/Software/Assembler-16/asm.c	1aa8d24e49c2ae372bf9edd958723b01
skip	asm.c	YACC1-2024/Software pre vs/Assembler-16/asm.c	1aa8d24e49c2ae372bf9edd958723b01
skip	asm.c	YACC1-2024/Software/Assembler-16/asm.c	1aa8d24e49c2ae372bf9edd958723b01
skip	asm.doc	YACC1-2020/Software pre vs/Assembler-16/asm.doc	a125780718eda556525b1d9c4a305d74
skip	asm.doc	YACC1-2020/Software/Assembler-16/asm.doc	a125780718eda556525b1d9c4a305d74
skip	asm.doc	YACC1-2024/Software pre vs/Assembler-16/asm.doc	a125780718eda556525b1d9c4a305d74
skip	asm.doc	YACC1-2024/Software/Assembler-16/asm.doc	a125780718eda556525b1d9c4a305d74
skip	asm.txt	YACC1-2020/Software pre vs/Assembler-16/asm.txt	33e29fb73e49a8b265eab66dd498e0c1
skip	asm.txt	YACC1-2020/Software/Assembler-16/asm.txt	33e29fb73e49a8b265eab66dd498e0c1
skip	asm.txt	YACC1-2024/Software pre vs/Assembler-16/asm.txt	33e29fb73e49a8b265eab66dd498e0c1
skip	asm.txt	YACC1-2024/Software/Assembler-16/asm.txt	33e29fb73e49a8b265eab66dd498e0c1
skip	asmcmds.c	YACC1-2020/Software pre vs/Assembler-16/asmcmds.c	0c5bc709b4c31fdd0ed48211184d1038
skip	asmcmds.c	YACC1-2020/Software/Assembler-16/asmcmds.c	0c5bc709b4c31fdd0ed48211184d1038
skip	asmcmds.c	YACC1-2024/Software pre vs/Assembler-16/asmcmds.c	0c5bc709b4c31fdd0ed48211184d1038
skip	asmcmds.c	YACC1-2024/Software/Assembler-16/asmcmds.c	0c5bc709b4c31fdd0ed48211184d1038
skip	basic.asmold.asm	YACC1-2020/Software pre vs/Assembler-16/basic.asmold.asm	a93bbdea021bdef8644a6a2fa8c97bc2
skip	basic.asmold.asm	YACC1-2020/Software/Assembler-16/basic.asmold.asm	a93bbdea021bdef8644a6a2fa8c97bc2
skip	basic.asmold.asm	YACC1-2024/Software pre vs/Assembler-16/basic.asmold.asm	a93bbdea021bdef8644a6a2fa8c97bc2
skip	basic.asmold.asm	YACC1-2024/Software/Assembler-16/basic.asmold.asm	a93bbdea021bdef8644a6a2fa8c97bc2
skip	basic.img	YACC1-2020/Software pre vs/Assembler-16/basic.img	f74da668d552c7d75f2c6b9fa67e0199
skip	basic.img	YACC1-2020/Software/Assembler-16/basic.img	f74da668d552c7d75f2c6b9fa67e0199
skip	basic.img	YACC1-2024/Software pre vs/Assembler-16/basic.img	f74da668d552c7d75f2c6b9fa67e0199
skip	basic.img	YACC1-2024/Software/Assembler-16/basic.img	f74da668d552c7d75f2c6b9fa67e0199
skip	c_standard_headers_indexer.c	YACC1-2020/Software pre vs/Assembler-16/c_standard_headers_indexer.c	57290709f689f75e2a8384582c7caa3d
skip	c_standard_headers_indexer.c	YACC1-2020/Software/Assembler-16/c_standard_headers_indexer.c	57290709f689f75e2a8384582c7caa3d
skip	c_standard_headers_indexer.c	YACC1-2024/Software pre vs/Assembler-16/c_standard_headers_indexer.c	57290709f689f75e2a8384582c7caa3d
skip	c_standard_headers_indexer.c	YACC1-2024/Software/Assembler-16/c_standard_headers_indexer.c	57290709f689f75e2a8384582c7caa3d
copy	docs/datasheets/1802 Microprocessor Instructions.pdf	YACC gitversion/YACC1-2020/Data Sheets/1802 Microprocessor Instructions.pdf	5186a214b1e6188bdd018a13724678b5
copy	docs/datasheets/24lc512.pdf	YACC gitversion/YACC1-2020/Data Sheets/24lc512.pdf	5f243f178eecfb7f692ff5a698c3e681
copy	docs/datasheets/24lc64.pdf	YACC gitversion/YACC1-2020/Data Sheets/24lc64.pdf	39284653603efe9197531fdb9e909a49
copy	docs/datasheets/27c256.pdf	YACC gitversion/YACC1-2020/Data Sheets/27c256.pdf	80f0393109679a8ef4074815a84557cd
copy	docs/datasheets/27c64.pdf	YACC gitversion/YACC1-2020/Data Sheets/27c64.pdf	1126bd21905a46bbffc67cc42804162e
copy	docs/datasheets/28c64.pdf	YACC gitversion/YACC1-2020/Data Sheets/28c64.pdf	7a07ff2282d6a0f3b9647394899d6e5e
copy	docs/datasheets/74139.pdf	YACC gitversion/YACC1-2020/Data Sheets/74139.pdf	d72ea124d397aba9417be0ecdbc963c7
copy	docs/datasheets/74150.pdf	YACC gitversion/YACC1-2020/Data Sheets/74150.pdf	3d8ddbe48e6e66c26562d0e6bda63a5d
copy	docs/datasheets/74192.pdf	YACC gitversion/YACC1-2020/Data Sheets/74192.pdf	a7f3540e08bfc1a2e8b752b3d8016f85
copy	docs/datasheets/74194.pdf	YACC gitversion/YACC1-2020/Data Sheets/74194.pdf	106edfe1a8b9ff3cb70d1fdaff335674
copy	docs/datasheets/74240.pdf	YACC gitversion/YACC1-2020/Data Sheets/74240.pdf	af8c2ebf9422f800c593adc75891b3ce
copy	docs/datasheets/74244.pdf	YACC gitversion/YACC1-2020/Data Sheets/74244.pdf	ba2abd03d36e9bee800eef75f3e084cf
copy	docs/datasheets/74245.pdf	YACC gitversion/YACC1-2020/Data Sheets/74245.pdf	c1ec8518b3e8f2769a2ed50f38e9f2ab
copy	docs/datasheets/74374.pdf	YACC gitversion/YACC1-2020/Data Sheets/74374.pdf	4f43c2a774b0ce0d47908c506eb9f3a9
copy	docs/datasheets/744078.pdf	YACC gitversion/YACC1-2020/Data Sheets/744078.pdf	bdfd65ac5be04f4e5160664ca0363719
copy	docs/datasheets/7474.pdf	YACC gitversion/YACC1-2020/Data Sheets/7474.pdf	282fe9ba51b23caa59cceb9e84488213
copy	docs/datasheets/7483.pdf	YACC gitversion/YACC1-2020/Data Sheets/7483.pdf	956c78c541c0f4bfe8c4224f68699792
copy	docs/datasheets/7485.pdf	YACC gitversion/YACC1-2020/Data Sheets/7485.pdf	ad8d373f6b1eed88a88d3df3ecd8dc1a
copy	docs/datasheets/74HC_HCT04.pdf	YACC gitversion/YACC1-2020/Data Sheets/74HC_HCT04.pdf	88229eb397392b6e8f12f9e035085dd9
copy	docs/datasheets/74ls194 truth table.png	YACC gitversion/YACC1-2020/Data Sheets/74ls194 truth table.png	098e413551ffe7ba9ce149ffe152452f
copy	docs/datasheets/AS6C62256.pdf	YACC gitversion/YACC1-2020/Data Sheets/AS6C62256.pdf	89ae941e07bd9559731d6b8547319276
copy	docs/datasheets/AS6C6264.pdf	YACC gitversion/YACC1-2020/Data Sheets/AS6C6264.pdf	3c2ae7f492e447ea4ed73e254701efc4
copy	docs/datasheets/MAX220-MAX249.pdf	YACC gitversion/YACC1-2020/Data Sheets/MAX220-MAX249.pdf	f963993fef4a3289b12923ea24ce3857
copy	docs/datasheets/MX25L4006E, 3V, 4Mb, v1.6.pdf	YACC gitversion/YACC1-2020/Data Sheets/MX25L4006E, 3V, 4Mb, v1.6.pdf	07f415d0c52fe05501b9604b38b20e45
copy	docs/datasheets/PC16550D.pdf	YACC gitversion/YACC1-2020/Data Sheets/PC16550D.pdf	8f61832f0b9657d4971ae727ba408b5f
copy	docs/datasheets/TIL311-1.pdf	YACC gitversion/YACC1-2020/Data Sheets/TIL311-1.pdf	e63dbc28cede8509d2bf320ae47b46c4
copy	docs/datasheets/UM245R.pdf	YACC gitversion/YACC1-2020/Data Sheets/UM245R.pdf	d14e4ae0f5f32c1792f856f981fddaa7
copy	docs/datasheets/til311.pdf	YACC gitversion/YACC1-2020/Data Sheets/til311.pdf	2c768ae7f687b395980c3495fa7c170f
copy	docs/history/NOTES Jan 2-17 orig.rtf	YACC1-2020/Other-do-not-git/NOTES Jan 2:17 orig.rtf	e1082d0146b28f8c4b15985f6371708e
copy	docs/history/general-notes/NOTES-Update from old project.rtf	YACC gitversion/YACC1-2020/General Notes/NOTES-Update from old project.rtf	2afff5d9cd2d13437621cc07d578fabd
copy	docs/history/general-notes/README.md	YACC gitversion/YACC1-2020/General Notes/README.md	49c33fc785f71e477da6578ba7aa6dfd
copy	docs/history/general-notes/dev notes.rtf	YACC gitversion/YACC1-2020/General Notes/dev notes.rtf	1f776de2742753a163388f9e5e6a6d34
copy	docs/history/pcb-readme-2021.md	YACC gitversion/YACC1-2020/PCB/Readme.md	f78a9e22f58cc692eb84de200979ce9d
manifest	docs/history/presentations/yacc1.pptx	YACC gitversion/YACC1-2020/Presentations/yacc1.pptx	1b077949371ab2626110ebedcc4394e8
copy	docs/history/readme-2021.md	YACC gitversion/YACC1-2020/README.md	281c0c55c308a0ca9721416903cb284a
copy	docs/history/status-2021.md	YACC gitversion/YACC1-2020/Status.md	995856aed3d664d66f1cf7505bd2a4e4
copy	docs/procedures/BUS Driver Commands - Google Docs.pdf	YACC1-2024/Software-vs/Bus Test Card/BUS Driver Commands - Google Docs.pdf	2e58db0703e318eebcde1dc9443c445f
copy	docs/procedures/System Build Notes.rtf	YACC gitversion/YACC1-2020/PCB/System Build Notes.rtf	c4afdbdae2d87022b866fcb28fe6d4b5
copy	docs/references/Division_algorithm.pdf	YACC1-2020/Software pre vs/Division_algorithm.pdf	7de702d0da1004e9e85960a2a63fe84c
copy	docs/references/avrbeginners_04_Jumps_Calls_and_the_Stack_1.0.1.pdf	YACC1-2020/Other-do-not-git/avrbeginners_04_Jumps_Calls_and_the_Stack_1.0.1.pdf	f3b25170695f717b7179a09aad1c48c3
copy	docs/system/YACC1-2020 Opcodes - Sheet1-3.pdf	YACC1-2020/YACC1-2020 Opcodes - Sheet1-3.pdf	f13b3f3f3f3442c0d3a04ea18b90f2a5
copy	docs/system/connector/YACC1 Connector - V3 - June-18-2020.pdf	YACC gitversion/YACC1-2020/PCB/Production/ALU-V3.2/YACC1 Connector - V3 - June-18-2020.pdf	c79dbc95c2224d645e3b3f4d28f3611e
copy	docs/system/connector/YACC1 Connector - V3.1.pdf	YACC gitversion/YACC1-2020/PCB/Production/IO-V-1.1/YACC1 Connector - V3.1.pdf	a8ffbc25664aba5edf21c86c6a84d67e
copy	docs/system/connector/YACC1 Connector - V3.2.pdf	YACC gitversion/YACC1-2020/YACC1 Connector - V3.2.pdf	cc53001f541c44542f4ed05505123099
copy	docs/system/connector/YACC1 Connector - YACC 3.0-old.pdf	YACCS-OLD/YACC1-2020-OLD/PCB/Production/Old & obsolete/ALU-V3.0-2 layer/YACC1 Connector - YACC 3.0-old.pdf	8364569796d62f4bccddef17f891fcff
copy	embedded/bus-tester/Readme.md	YACC1-2024/Software-vs/Bus Test Card/Readme.md	ea9d03fb71691c4d0981e3712335feb1
copy	embedded/bus-tester/bus-driver-mcp23x17-wip/bus-driver.ino	YACC1-2020/Software-vs/Bus Test Card/bus-driver/bus-driver.ino	a72a4ed0627a0edaf9855463bac3a483
copy	embedded/bus-tester/bus-driver/bus-driver.ino	YACC1-2024/Software-vs/Bus Test Card/bus-driver/bus-driver.ino	2ece697dc7d21a57652121492ffdb8b6
copy	embedded/bus-tester/bus-monitor/bus-monitor.ino	YACC1-2024/Software-vs/Bus Test Card/bus-monitor/bus-monitor.ino	2cbffa73fc114965d60430ec676d36a5
copy	embedded/bus-tester/bus-test/bus-test.ino	YACC1-2024/Software-vs/Bus Test Card/bus-test/bus-test.ino	f7affa68c1910d053cf9830008570584
copy	embedded/bus-tester/led-switch-test/led-switch-test.ino	YACC1-2024/Software-vs/Bus Test Card/led-switch-test/led-switch-test.ino	5fa6f1cba887af6a8acbe0911d98e17d
copy	embedded/clocker/clocker.ino	YACC gitversion/YACC1-2020/Utilities/clocker/clocker.ino	b7d986a6c13ea29dc5123cb2ae92dec0
copy	embedded/command-sender/command_sender_8/command_sender_8.pde	YACC gitversion/YACC1-2020/Software/Bus Test Card/Command sender/command_sender_8/command_sender_8.pde	5be28d3e7fe852bdc73d5fa7b6eba427
copy	embedded/command-sender/deprecated/command_sender_5/command_sender_5.pde	YACC gitversion/YACC1-2020/Software/Bus Test Card/Command sender/command_sender_5/command_sender_5.pde	a116cc67cfb5e6da686672c8eae9c988
copy	embedded/command-sender/deprecated/command_sender_6/command_sender_6.pde	YACC gitversion/YACC1-2020/Software/Bus Test Card/Command sender/command_sender_6/command_sender_6.pde	fae1d2e3a818b01774e27d3fb7c45007
copy	embedded/command-sender/deprecated/command_sender_7/command_sender_7.pde	YACC gitversion/YACC1-2020/Software/Bus Test Card/Command sender/command_sender_7/command_sender_7.pde	37b05d24d7cae2568bf2d2edfaf1c34a
copy	embedded/command-sender/deprecated/old/command_sender/Untitled.rtf	YACC gitversion/YACC1-2020/Software/Bus Test Card/Command sender/old/command_sender/Untitled.rtf	c493170a931b6889dc6ac906a3691dab
copy	embedded/command-sender/deprecated/old/command_sender/command_sender.pde	YACC gitversion/YACC1-2020/Software/Bus Test Card/Command sender/old/command_sender/command_sender.pde	bc13992dfcb797c10dca5572197e255e
copy	embedded/command-sender/deprecated/old/command_sender_2/command_sender_2.pde	YACC gitversion/YACC1-2020/Software/Bus Test Card/Command sender/old/command_sender_2/command_sender_2.pde	a59b5b6259b4e31c73767eaf490eb2ae
copy	embedded/command-sender/deprecated/old/command_sender_3/command_sender_3.pde	YACC gitversion/YACC1-2020/Software/Bus Test Card/Command sender/old/command_sender_3/command_sender_3.pde	b6d84aec3a3644bccf4d35d559ad3b90
copy	embedded/command-sender/deprecated/old/command_sender_4/command_sender_4.pde	YACC gitversion/YACC1-2020/Software/Bus Test Card/Command sender/old/command_sender_4/command_sender_4.pde	379eba76d8c6342b52b6e05807a0d85d
copy	embedded/libraries/Readme.md	YACC gitversion/YACC1-2020/Utilities/arduino/Readme.md	44840bd5060b9bc110e1f7b30905c0b8
copy	embedded/sequencer-card/deprecated/microcode-loader/simple_microcode_sender/simple_microcode_sender.pde	YACC1-2024/Software/Sequencer Card/Microcode loader send to sequencer/simple_microcode_sender/simple_microcode_sender.pde	f2752dc16e6c890038cd0c98f667cb8e
copy	embedded/sequencer-card/deprecated/microcode-loader/simple_microcode_sender_2/simple_microcode_sender_2.pde	YACC1-2024/Software/Sequencer Card/Microcode loader send to sequencer/simple_microcode_sender_2/simple_microcode_sender_2.pde	5bb7c45432276f7fdf5e9157c3110998
copy	embedded/sequencer-card/deprecated/sequencer1/EEPROM.ino	YACC1-2024/Software pre vs/Sequencer Card/Sequencer/EEPROM.ino	56d837ceaa8081454be0deef9024e94b
copy	embedded/sequencer-card/deprecated/sequencer1/IO.ino	YACC1-2024/Software pre vs/Sequencer Card/Sequencer/IO.ino	c2aea6ac92b6caf7adae39ef8b374218
copy	embedded/sequencer-card/deprecated/sequencer1/Sequencer.ino	YACC1-2024/Software pre vs/Sequencer Card/Sequencer/Sequencer.ino	25df06dc80c461f9f99e4c8334649a53
copy	embedded/sequencer-card/deprecated/sequencer1/YACC_Common_headera.h	YACC1-2024/Software pre vs/Sequencer Card/Sequencer/YACC_Common_headera.h	42e1c0d484726622c01e438c7fece16f
copy	embedded/sequencer-card/deprecated/sequencer1/download.ino	YACC1-2024/Software pre vs/Sequencer Card/Sequencer/download/download.ino	f5b1fc8326b3056a44c44a290110d1a7
copy	embedded/sequencer-card/deprecated/sequencer1/uCodeRAM.ino	YACC1-2024/Software pre vs/Sequencer Card/Sequencer/uCodeRAM.ino	39a9df77975e4413cb36fea0a9c5d32f
copy	embedded/sequencer-card/deprecated/sequencer1/uCodeROM.ino	YACC1-2024/Software pre vs/Sequencer Card/Sequencer/uCodeROM.ino	8893b400ff3f29eb2890f3c070a1eadd
copy	embedded/sequencer-card/deprecated/sequencer2/download/IO.ino	YACC1-2024/Software/Sequencer Card/Sequencer2/download/IO.ino	02858c55fe755ca68fa6d7b6113d0996
copy	embedded/sequencer-card/deprecated/sequencer2/download/Sequencer2.ino	YACC1-2024/Software/Sequencer Card/Sequencer2/download/Sequencer2.ino	3ce311bb5b92c3f3eafdcde0b2043d81
copy	embedded/sequencer-card/deprecated/sequencer2/download/YACC_Common_headera.h	YACC1-2024/Software/Sequencer Card/Sequencer2/download/YACC_Common_headera.h	275c5b831da29f8f45da9ed43e581692
copy	embedded/sequencer-card/deprecated/sequencer2/download/download.ino	YACC1-2024/Software/Sequencer Card/Sequencer2/download/download.ino	3aa6c9b9ac700b54a6965d8e74633bf1
copy	embedded/sequencer-card/deprecated/sequencer2/download/uCodeRAM.ino	YACC1-2024/Software/Sequencer Card/Sequencer2/download/uCodeRAM.ino	cce60de9ccafe5533e4c758ab82b8e6f
copy	embedded/sequencer-card/deprecated/sequencer2/download/uCodeROM.ino	YACC1-2024/Software/Sequencer Card/Sequencer2/download/uCodeROM.ino	d89a182436f983c20f9f5199473e8744
copy	embedded/sequencer-card/deprecated/sequencer3/EEPROM.ino	YACC1-2024/Software/Sequencer Card/Sequencer3/EEPROM.ino	56d837ceaa8081454be0deef9024e94b
copy	embedded/sequencer-card/deprecated/sequencer3/IO.ino	YACC1-2024/Software/Sequencer Card/Sequencer3/IO.ino	9401a7b545f6e91dc48c17d9e928315c
copy	embedded/sequencer-card/deprecated/sequencer3/Sequencer3.ino	YACC1-2024/Software/Sequencer Card/Sequencer3/Sequencer3.ino	a1a8c0f9625fffefc5afefc9314882a2
copy	embedded/sequencer-card/deprecated/sequencer3/YACC_Common_headera.h	YACC1-2024/Software/Sequencer Card/Sequencer3/YACC_Common_headera.h	7540d65e720dbaa9b78eb226173663fb
copy	embedded/sequencer-card/deprecated/sequencer3/download.ino	YACC1-2024/Software/Sequencer Card/Sequencer3/download.ino	d2bb964a5361347485db0e638e7ce2b1
copy	embedded/sequencer-card/deprecated/sequencer3/uCodeRAM.ino	YACC1-2024/Software/Sequencer Card/Sequencer3/uCodeRAM.ino	39a9df77975e4413cb36fea0a9c5d32f
copy	embedded/sequencer-card/deprecated/sequencer3/uCodeROM.ino	YACC1-2024/Software/Sequencer Card/Sequencer3/uCodeROM.ino	99b06ae8ef7fbbf2b636971861528597
copy	embedded/sequencer-card/deprecated/test-eeprom-2020-09/mem/mem.ino	YACC1-2024/Software-vs/Bus Test Card/Test EEPROM/mem/mem.ino	b637dfff8f687caafb028031bf84a554
copy	embedded/sequencer-card/deprecated/test-eeprom-2020-12/mem/mem.ino	YACC1-2024/Software/Sequencer Card/Test EEPROM/mem/mem.ino	a2516a03bc81ad3c0f56326997518801
copy	embedded/sequencer-card/dumpram/dumpram.ino	YACC1-2024/Software/Sequencer Card/dumpram/dumpram.ino	352047db55e7ff9c3d10f1449a79f070
copy	embedded/sequencer-card/microcode-loader/simple_microcode_sender_64/simple_microcode_sender_64.pde	YACC1-2024/Software/Sequencer Card/Microcode loader send to sequencer/simple_microcode_sender_64/simple_microcode_sender_64.pde	094361c4ecff8ff747486fc8d587e1d0
skip	emulator	YACC1-2020/Software/emulator-16/emulator	f33e2a9cb522e58f0c7b82272eded5f3
skip	emulator	YACC1-2024/Software/emulator-16/emulator	f33e2a9cb522e58f0c7b82272eded5f3
skip	emulator.old	YACC1-2020/Software/emulator-16/emulator.old	a178b4825c82ca5b6058cae2d399b81a
skip	emulator.old	YACC1-2024/Software/emulator-16/emulator.old	a178b4825c82ca5b6058cae2d399b81a
copy	firmware/basic/basic.asm	YACC1-2024/Software-vs/Assembler/basic.asm	7896c6f974ae58cf18eb8d0177e02d0d
copy	firmware/basic/basic.img	YACC1-2024/Software-vs/Assembler/basic.img	19a2f20dc892f46de83b5b71f9521ced
copy	firmware/basic/basic.lst	YACC1-2024/Software-vs/Assembler/basic.lst	82a937b241158a86835c9041e1af7540
copy	firmware/basic/candidates/2020-11-10-port-draft/basic.asmtmp copy	YACC gitversion/YACC1-2020/Software/Assembler/basic.asmtmp copy	4a06cb48479aaf7d747fc49fd5de3b6f
copy	firmware/basic/candidates/2021-09-02-3bcacf3-not-working/basic.asm	newgit/YACC1-2020/Software/Assembler/basic.asm	6a22fb38af29686c9e1fbe96ac756f33
copy	firmware/basic/candidates/2021-09-02-3bcacf3-not-working/basic.img	YACC gitversion/YACC1-2020/Software/Assembler/basic.img	a9d81a99ea67076ab572eba4dd50c133
copy	firmware/basic/candidates/2021-09-02-3bcacf3-not-working/basic.lst	YACC gitversion/YACC1-2020/Software/Assembler/basic.lst	e3132a75182cdecce61e88f26212e36b
copy	firmware/basic/candidates/2021-09-8afde21/basic.asm	YACC1-2024/Software pre vs/Assembler/basic.asm	795915fa2596ed726c495ed3e7035e43
copy	firmware/basic/candidates/basic.asmold.asm	YACC1-2024/Software-vs/Assembler/basic.asmold.asm	a93bbdea021bdef8644a6a2fa8c97bc2
copy	firmware/microcode/ucode-generator2/CodeGen.h	YACC1-2024/Software/Sequencer Card/uCode-Generator2/CodeGen.h	cc41c31a062469100ac2c864c97d6a82
copy	firmware/microcode/ucode-generator2/Makefile.netbeans	YACC1-2024/Software/Sequencer Card/uCode-Generator2/Makefile	a9ed26ab7eaad2726af7a610a26eb390
copy	firmware/microcode/ucode-generator2/accumulator.c	YACC1-2024/Software/Sequencer Card/uCode-Generator2/accumulator.c	3ab8f9dbad92cdf26665e939e503e153
copy	firmware/microcode/ucode-generator2/branch.c	YACC1-2024/Software/Sequencer Card/uCode-Generator2/branch.c	896df6122f959241867b288d1886a0be
copy	firmware/microcode/ucode-generator2/cache	YACC1-2024/Software/Sequencer Card/uCode-Generator2/cache	f42deebffb97cd467e1b6fa3a7f6fa5a
copy	firmware/microcode/ucode-generator2/code.h	YACC1-2024/Software/Sequencer Card/uCode-Generator2/code.h	6fcb53bd1ea9224a09055ac25f34ed0a
copy	firmware/microcode/ucode-generator2/controlLine.c	YACC1-2024/Software/Sequencer Card/uCode-Generator2/controlLine.c	738d6e4c853144b8a02ef4218912071c
copy	firmware/microcode/ucode-generator2/io.c	YACC1-2024/Software/Sequencer Card/uCode-Generator2/io.c	5a2528f6d67be234cb76c7ed2ba89500
copy	firmware/microcode/ucode-generator2/main.c	YACC1-2024/Software/Sequencer Card/uCode-Generator2/main.c	84ecf5f39655c12c96abb0e707f9bf1a
copy	firmware/microcode/ucode-generator2/memory.c	YACC1-2024/Software/Sequencer Card/uCode-Generator2/memory.c	1e0ba5b3bb8bd616d11486f732966acf
copy	firmware/microcode/ucode-generator2/nbproject/Makefile-Debug.mk	YACC1-2024/Software/Sequencer Card/uCode-Generator2/nbproject/Makefile-Debug.mk	3fb01be84a24875e221982e53c319e7d
copy	firmware/microcode/ucode-generator2/nbproject/Makefile-Release.mk	YACC1-2024/Software/Sequencer Card/uCode-Generator2/nbproject/Makefile-Release.mk	9478b58b44a104f2768d4a13abd953ca
copy	firmware/microcode/ucode-generator2/nbproject/Makefile-impl.mk	YACC1-2024/Software/Sequencer Card/uCode-Generator2/nbproject/Makefile-impl.mk	3f4719640ee0bf50dd0cb56ef2628b0f
copy	firmware/microcode/ucode-generator2/nbproject/Makefile-variables.mk	YACC1-2024/Software/Sequencer Card/uCode-Generator2/nbproject/Makefile-variables.mk	7c98413a5353f4713f44e464254f3582
copy	firmware/microcode/ucode-generator2/nbproject/Package-Debug.bash	YACC1-2024/Software/Sequencer Card/uCode-Generator2/nbproject/Package-Debug.bash	ea340f39dad34d31bbe05fec09a4c65f
copy	firmware/microcode/ucode-generator2/nbproject/Package-Release.bash	YACC1-2024/Software/Sequencer Card/uCode-Generator2/nbproject/Package-Release.bash	759eff778884b843b514dc6fed021f0a
copy	firmware/microcode/ucode-generator2/nbproject/configurations.xml	YACC1-2024/Software/Sequencer Card/uCode-Generator2/nbproject/configurations.xml	aa6668ead78fa55823bb3fdf0ac0861c
copy	firmware/microcode/ucode-generator2/nbproject/project.xml	YACC1-2024/Software/Sequencer Card/uCode-Generator2/nbproject/project.xml	76343ec2f0503e23c03b39fb95d331cd
copy	firmware/microcode/ucode-generator2/register.c	YACC1-2024/Software/Sequencer Card/uCode-Generator2/register.c	ea22a5f6dcebf88c110156b9f6b3bbc7
copy	firmware/microcode/ucode-generator2/test.123	YACC1-2024/Software/Sequencer Card/uCode-Generator2/test.123	3d85d753e346b127e2d0de900151ed17
copy	firmware/microcode/ucode-generator2/test.hex	YACC1-2024/Software/Sequencer Card/uCode-Generator2/test.hex	30441b1445ee9cc755041dff0aaa2553
copy	firmware/microcode/ucode-generator2/test.hexz	YACC1-2024/Software/Sequencer Card/uCode-Generator2/test.hexz	30441b1445ee9cc755041dff0aaa2553
copy	firmware/microcode/yaccsignaldata2.h	YACC1-2024/Software/Sequencer Card/yaccsignaldata2.h	9a4bded32826e478c601ce9e46ed213f
copy	firmware/microcode/yaccsignaldefine.h	YACC1-2024/Software/Sequencer Card/yaccsignaldefine.h	e8fe44c2c5802d32a8fa9192e654b9cf
copy	firmware/monitor/candidates/2021-09-02-3bcacf3-not-working/monitor.asm	newgit/YACC1-2020/Software/Assembler/monitor.asm	0b0051d67b98a65df32815ff887b094a
copy	firmware/monitor/candidates/2021-09-02-3bcacf3-not-working/monitor.img	YACC gitversion/YACC1-2020/Software/Assembler/monitor.img	9e12c15d39e0b314c15f725f1995ed07
copy	firmware/monitor/candidates/2021-09-02-3bcacf3-not-working/monitor.lst	YACC gitversion/YACC1-2020/Software/Assembler/monitor.lst	9890089998cd3050b39ff122ea774f38
copy	firmware/monitor/candidates/2021-09-8afde21/monitor.asm	YACC1-2024/Software pre vs/Assembler/monitor.asm	50785cd4692ae5ce7043794006b22455
copy	firmware/monitor/monitor.asm	YACC1-2024/Software-vs/Assembler/monitor.asm	c53e9f5b82c33b30413b2f9b02c6436f
copy	firmware/monitor/monitor.img	YACC1-2024/Software-vs/Assembler/monitor.img	a2672abda7a4b58c553ed59596482955
copy	firmware/monitor/monitor.lst	YACC1-2024/Software-vs/Assembler/monitor.lst	47ae966506f52428018b1635e8d47f53
copy	firmware/monitor/monnew-2025/monnew.asm	YACC1-2020/Software/Assembler/monnew.asm	2c12cf69a6490a24c1b7eb7103e0b851
copy	firmware/monitor/monnew-2025/monnew.img	YACC1-2020/Software/Assembler/monnew.img	1fda02c20bd750a4855102d3eb2983e8
copy	firmware/monitor/monnew-2025/monnew.lst	YACC1-2020/Software/Assembler/xx	fbc9c2ba561a8932f496a7fe1b11f399
copy	firmware/rom/builds/2021-09-02-3bcacf3-not-working/rom	YACC gitversion/YACC1-2020/Software/Assembler/rom	32f36dd80deccef354fe7fed149e6067
copy	firmware/rom/makerom	YACC1-2024/Software-vs/Assembler/makerom	291b73d209620a363d59d3905d33097a
copy	firmware/rom/shipped/rom	YACC1-2024/Software-vs/Assembler/rom	7a129af7713968797a725253e9f9d578
drop	gerbers.zip	YACC gitversion/YACC1-2020/PCB/Production/Sequencer-Memory-V2.1/old-YACC1/gerbers.zip	f6f5601c06c96d60eb0d3431bd3b0268
drop	gerbers.zip	YACC gitversion/YACC1-2020/PCB/Working - Under Develolpment/Sequencer-Logic-v2.1/old-YACC1/gerbers.zip	41c4da08813a025d6136357ae06ec282
drop	gerbers.zip	YACC gitversion/YACC1-2020/PCB/Working - Under Develolpment/Sequencer-Memory-V2.1/old-YACC1/gerbers.zip	f6f5601c06c96d60eb0d3431bd3b0268
drop	gerbers.zip	YACCS-OLD/YACC1-2020-OLD/PCB/Production/Old & obsolete/Sequencer-Logic-v2.0/old-YACC1/gerbers.zip	41c4da08813a025d6136357ae06ec282
drop	gerbers.zip	YACCS-OLD/YACC1-2020-ORIG/PCB/Production/Sequencer-Logic-v2.0/old-YACC1/gerbers.zip	41c4da08813a025d6136357ae06ec282
drop	gerbers.zip	YACCS-OLD/YACC1-2020-ORIG/PCB/Production/Sequencer-Memory-V2.0/old-YACC1/gerbers.zip	f6f5601c06c96d60eb0d3431bd3b0268
copy	hardware/bus/backplane/eagle/deprecated/v1.1/Build Notes.rtf	YACC gitversion/YACC1-2020/PCB/Production/BUS-PROD-V1.1/Build Notes.rtf	f5772498e5a63a3b82add011655f2fa7
copy	hardware/bus/backplane/eagle/deprecated/v1.1/fab/gerbers.zip	YACC gitversion/YACC1-2020/PCB/Production/BUS-PROD-V1.1/gerbers.zip	a490b8f0f1feca3edcdddcf57ec63f58
copy	hardware/bus/backplane/eagle/deprecated/v1.1/fab/yacc2buss.dri	YACC gitversion/YACC1-2020/PCB/Production/BUS-PROD-V1.1/yacc2buss.dri	7eebc6778de6d36b73692c66041fe11d
copy	hardware/bus/backplane/eagle/deprecated/v1.1/fab/yacc2buss.gpi	YACC gitversion/YACC1-2020/PCB/Production/BUS-PROD-V1.1/yacc2buss.gpi	9ae3cb87b63cebf143d0be0b44774a99
copy	hardware/bus/backplane/eagle/deprecated/v1.1/yacc2buss.brd	YACC gitversion/YACC1-2020/PCB/Production/BUS-PROD-V1.1/yacc2buss.brd	9b3ac932e1c36e42e7b21bb6b81abd69
copy	hardware/bus/backplane/eagle/deprecated/v1.1/yacc2buss.pdf	YACC gitversion/YACC1-2020/PCB/Production/BUS-PROD-V1.1/yacc2buss.pdf	986ffce579a69a667068f20b82d9350d
copy	hardware/bus/backplane/eagle/deprecated/v1.1/yacc2buss.pro	YACC gitversion/YACC1-2020/PCB/Production/BUS-PROD-V1.1/yacc2buss.pro	e2cccbf9f4d8f42df1a56eafd6e0c499
copy	hardware/bus/backplane/eagle/deprecated/v1.1/yacc2buss.sch	YACC gitversion/YACC1-2020/PCB/Production/BUS-PROD-V1.1/yacc2buss.sch	f080886c79db33bd51630bde622c4cb8
copy	hardware/bus/backplane/eagle/v2.0/fab/CAMOutputs/Assembly/PnP_yacc2buss_back.txt	YACC gitversion/YACC1-2020/PCB/Production/BUS-PROD-V2.0/CAMOutputs/Assembly/PnP_yacc2buss_back.txt	d41d8cd98f00b204e9800998ecf8427e
copy	hardware/bus/backplane/eagle/v2.0/fab/CAMOutputs/Assembly/PnP_yacc2buss_front.txt	YACC gitversion/YACC1-2020/PCB/Production/BUS-PROD-V2.0/CAMOutputs/Assembly/PnP_yacc2buss_front.txt	d41d8cd98f00b204e9800998ecf8427e
copy	hardware/bus/backplane/eagle/v2.0/fab/CAMOutputs/Assembly/yacc2buss.txt	YACC gitversion/YACC1-2020/PCB/Production/BUS-PROD-V2.0/CAMOutputs/Assembly/yacc2buss.txt	ab308bee6b0ae7095e409658051533fe
copy	hardware/bus/backplane/eagle/v2.0/fab/CAMOutputs/DrillFiles/drill_1_16.xln	YACC gitversion/YACC1-2020/PCB/Production/BUS-PROD-V2.0/CAMOutputs/DrillFiles/drill_1_16.xln	195cb9d0068aa8efae3bd54d600bf2fb
copy	hardware/bus/backplane/eagle/v2.0/fab/CAMOutputs/GerberFiles/Archive.zip	YACC gitversion/YACC1-2020/PCB/Production/BUS-PROD-V2.0/CAMOutputs/GerberFiles/Archive.zip	a7db7af4448bb8761a72d9c8f5d832c4
copy	hardware/bus/backplane/eagle/v2.0/fab/CAMOutputs/GerberFiles/copper_bottom_l4.gbr	YACC gitversion/YACC1-2020/PCB/Production/BUS-PROD-V2.0/CAMOutputs/GerberFiles/copper_bottom_l4.gbr	f1d94268e03ad7e7539601d6aba6ffa1
copy	hardware/bus/backplane/eagle/v2.0/fab/CAMOutputs/GerberFiles/copper_inner_l2.gbr	YACC gitversion/YACC1-2020/PCB/Production/BUS-PROD-V2.0/CAMOutputs/GerberFiles/copper_inner_l2.gbr	41496f21e29f7e5a1f079d343d33b7ca
copy	hardware/bus/backplane/eagle/v2.0/fab/CAMOutputs/GerberFiles/copper_inner_l3.gbr	YACC gitversion/YACC1-2020/PCB/Production/BUS-PROD-V2.0/CAMOutputs/GerberFiles/copper_inner_l3.gbr	1a43d35349d030a9b554c98e23406573
copy	hardware/bus/backplane/eagle/v2.0/fab/CAMOutputs/GerberFiles/copper_top_l1.gbr	YACC gitversion/YACC1-2020/PCB/Production/BUS-PROD-V2.0/CAMOutputs/GerberFiles/copper_top_l1.gbr	d6b09d2e725f08336e0d0fe6e4ce1a76
copy	hardware/bus/backplane/eagle/v2.0/fab/CAMOutputs/GerberFiles/drill_1_16.xln	YACC gitversion/YACC1-2020/PCB/Production/BUS-PROD-V2.0/CAMOutputs/GerberFiles/drill_1_16.xln	195cb9d0068aa8efae3bd54d600bf2fb
copy	hardware/bus/backplane/eagle/v2.0/fab/CAMOutputs/GerberFiles/gerber_job.gbrjob	YACC gitversion/YACC1-2020/PCB/Production/BUS-PROD-V2.0/CAMOutputs/GerberFiles/gerber_job.gbrjob	fe141c53976fbdb23562ab284e5020c6
copy	hardware/bus/backplane/eagle/v2.0/fab/CAMOutputs/GerberFiles/profile.gbr	YACC gitversion/YACC1-2020/PCB/Production/BUS-PROD-V2.0/CAMOutputs/GerberFiles/profile.gbr	24d1aaf596bc37ae5483aabd4bfbb050
copy	hardware/bus/backplane/eagle/v2.0/fab/CAMOutputs/GerberFiles/silkscreen_bottom.gbr	YACC gitversion/YACC1-2020/PCB/Production/BUS-PROD-V2.0/CAMOutputs/GerberFiles/silkscreen_bottom.gbr	f332d9ce0820305226cdd55282cdf24b
copy	hardware/bus/backplane/eagle/v2.0/fab/CAMOutputs/GerberFiles/silkscreen_top.gbr	YACC gitversion/YACC1-2020/PCB/Production/BUS-PROD-V2.0/CAMOutputs/GerberFiles/silkscreen_top.gbr	bce351c299f4e50e4477858becb3475a
copy	hardware/bus/backplane/eagle/v2.0/fab/CAMOutputs/GerberFiles/soldermask_bottom.gbr	YACC gitversion/YACC1-2020/PCB/Production/BUS-PROD-V2.0/CAMOutputs/GerberFiles/soldermask_bottom.gbr	65e41b7c16c21299caebde9e23bf4e97
copy	hardware/bus/backplane/eagle/v2.0/fab/CAMOutputs/GerberFiles/soldermask_top.gbr	YACC gitversion/YACC1-2020/PCB/Production/BUS-PROD-V2.0/CAMOutputs/GerberFiles/soldermask_top.gbr	4a081b42b9e38044910e89a2bd4f4c3e
copy	hardware/bus/backplane/eagle/v2.0/fab/CAMOutputs/GerberFiles/solderpaste_bottom.gbr	YACC gitversion/YACC1-2020/PCB/Production/BUS-PROD-V2.0/CAMOutputs/GerberFiles/solderpaste_bottom.gbr	e7cfbb13c9f0209464e41efff207c85a
copy	hardware/bus/backplane/eagle/v2.0/fab/CAMOutputs/GerberFiles/solderpaste_top.gbr	YACC gitversion/YACC1-2020/PCB/Production/BUS-PROD-V2.0/CAMOutputs/GerberFiles/solderpaste_top.gbr	5b8f24b9c0206ea428f50a073b3296ff
copy	hardware/bus/backplane/eagle/v2.0/yacc2buss.brd	YACC gitversion/YACC1-2020/PCB/Production/BUS-PROD-V2.0/yacc2buss.brd	d440199561edc2dbd8a5f7c8109e3e08
copy	hardware/bus/backplane/eagle/v2.0/yacc2buss.dxf	YACC gitversion/YACC1-2020/PCB/Production/BUS-PROD-V2.0/yacc2buss.dxf	8bef5c5379c3f40230fb89ed606e3de7
copy	hardware/bus/backplane/eagle/v2.0/yacc2buss.pdf	YACC gitversion/YACC1-2020/PCB/Production/BUS-PROD-V2.0/yacc2buss.pdf	b0878db7f9ba95808aab38e359220f3f
copy	hardware/bus/backplane/eagle/v2.0/yacc2buss.pro	YACC gitversion/YACC1-2020/PCB/Production/BUS-PROD-V2.0/yacc2buss.pro	ed747a60d30606359c9cf04bd5b92222
copy	hardware/bus/backplane/eagle/v2.0/yacc2buss.sch	YACC gitversion/YACC1-2020/PCB/Production/BUS-PROD-V2.0/yacc2buss.sch	9fb94b9c60bb7543902f89f2e0c7b07e
copy	hardware/bus/backplane/eagle/v2.0/yacc2buss.svg	YACC gitversion/YACC1-2020/PCB/Production/BUS-PROD-V2.0/yacc2buss.svg	21ca7ee254d37cb27fc96eacc96aa093
copy	hardware/bus/backplane/eagle/v2.0/yacc2buss_brd.pdf	YACC gitversion/YACC1-2020/PCB/Production/BUS-PROD-V2.0/yacc2buss_brd.pdf	467b6375fb20aa479b5aa211208a0a49
copy	hardware/bus/backplane/eagle/v2.0/yacc2buss_brd.svg	YACC gitversion/YACC1-2020/PCB/Production/BUS-PROD-V2.0/yacc2buss_brd.svg	a856eff6372163117b2898443176d15b
copy	hardware/bus/blank-card/eagle/v3.1/Blank V3.1.brd	YACC gitversion/YACC1-2020/PCB/Working - Under Develolpment/Blank-V3.1/Blank V3.1.brd	3b58980432f2469feff8178b67d349b0
copy	hardware/bus/blank-card/eagle/v3.1/Blank V3.1.sch	YACC gitversion/YACC1-2020/PCB/Working - Under Develolpment/Blank-V3.1/Blank V3.1.sch	86b5c8c4c049705f2d9ca119cec369e3
copy	hardware/bus/blank-card/eagle/v3.1/Notes.rtf	YACC gitversion/YACC1-2020/PCB/Working - Under Develolpment/Blank-V3.1/Notes.rtf	1938d70111885d3b280abd3ec866ecbb
copy	hardware/bus/blank-card/eagle/v3.1/fab/Blank V3.1 v5.cam	YACC gitversion/YACC1-2020/PCB/Working - Under Develolpment/Blank-V3.1/Blank V3.1 v5.cam	0a0aa1f468604d4340932ab3e929245a
copy	hardware/bus/blank-card/eagle/v3.1/fab/Blank V3_2025-06-27.zip	YACC gitversion/YACC1-2020/PCB/Working - Under Develolpment/Blank-V3.1/Blank V3_2025-06-27.zip	a8df3df13470b228f43e1228088d69d7
copy	hardware/bus/bus-jumper-horizontal/eagle/deprecated/v3.0/Jumper Board V3.0.brd	YACCS-OLD/YACC1-2020-OLD/PCB/Production/Old & obsolete/Bus Jumper V3.0-horiz/Jumper Board V3.0.brd	41dc43017ab82e53b8513152aaecab03
copy	hardware/bus/bus-jumper-horizontal/eagle/deprecated/v3.0/Jumper Board V3.0.pro	YACCS-OLD/YACC1-2020-OLD/PCB/Production/Old & obsolete/Bus Jumper V3.0-horiz/Jumper Board V3.0.pro	0d5031570fc0b65619777d5e006eb0ff
copy	hardware/bus/bus-jumper-horizontal/eagle/deprecated/v3.0/Jumper Board V3.0.sch	YACCS-OLD/YACC1-2020-OLD/PCB/Production/Old & obsolete/Bus Jumper V3.0-horiz/Jumper Board V3.0.sch	eb125675168e05f528332971fc59b96f
copy	hardware/bus/bus-jumper-horizontal/eagle/deprecated/v3.0/fab/CAMOutputs/Assembly/Jumper Board V3.0.txt	YACCS-OLD/YACC1-2020-OLD/PCB/Production/Old & obsolete/Bus Jumper V3.0-horiz/CAMOutputs/Assembly/Jumper Board V3.0.txt	a34af99d5d66bc5c7c632ebf40ad1426
copy	hardware/bus/bus-jumper-horizontal/eagle/deprecated/v3.0/fab/CAMOutputs/Assembly/PnP_Jumper Board V3.0_back.txt	YACCS-OLD/YACC1-2020-OLD/PCB/Production/Old & obsolete/Bus Jumper V3.0-horiz/CAMOutputs/Assembly/PnP_Jumper Board V3.0_back.txt	d41d8cd98f00b204e9800998ecf8427e
copy	hardware/bus/bus-jumper-horizontal/eagle/deprecated/v3.0/fab/CAMOutputs/Assembly/PnP_Jumper Board V3.0_front.txt	YACCS-OLD/YACC1-2020-OLD/PCB/Production/Old & obsolete/Bus Jumper V3.0-horiz/CAMOutputs/Assembly/PnP_Jumper Board V3.0_front.txt	d41d8cd98f00b204e9800998ecf8427e
copy	hardware/bus/bus-jumper-horizontal/eagle/deprecated/v3.0/fab/CAMOutputs/DrillFiles/drill_1_16.xln	YACCS-OLD/YACC1-2020-OLD/PCB/Production/Old & obsolete/Bus Jumper V3.0-horiz/CAMOutputs/DrillFiles/drill_1_16.xln	fe9387735a8211e1b80d89dd87ba8a1c
copy	hardware/bus/bus-jumper-horizontal/eagle/deprecated/v3.0/fab/CAMOutputs/GerberFiles/Archive.zip	YACCS-OLD/YACC1-2020-OLD/PCB/Production/Old & obsolete/Bus Jumper V3.0-horiz/CAMOutputs/GerberFiles/Archive.zip	ab3659906142d4609a5d8d4fdf67415a
copy	hardware/bus/bus-jumper-horizontal/eagle/deprecated/v3.0/fab/CAMOutputs/GerberFiles/copper_bottom.gbr	YACCS-OLD/YACC1-2020-OLD/PCB/Production/Old & obsolete/Bus Jumper V3.0-horiz/CAMOutputs/GerberFiles/copper_bottom.gbr	5d10a1e1dceff9ba2e595b86cadd286b
copy	hardware/bus/bus-jumper-horizontal/eagle/deprecated/v3.0/fab/CAMOutputs/GerberFiles/copper_top.gbr	YACCS-OLD/YACC1-2020-OLD/PCB/Production/Old & obsolete/Bus Jumper V3.0-horiz/CAMOutputs/GerberFiles/copper_top.gbr	a05ae5457d54f3005dfef60f2f1d0e0f
copy	hardware/bus/bus-jumper-horizontal/eagle/deprecated/v3.0/fab/CAMOutputs/GerberFiles/drill_1_16.xln	YACCS-OLD/YACC1-2020-OLD/PCB/Production/Old & obsolete/Bus Jumper V3.0-horiz/CAMOutputs/GerberFiles/drill_1_16.xln	fe9387735a8211e1b80d89dd87ba8a1c
copy	hardware/bus/bus-jumper-horizontal/eagle/deprecated/v3.0/fab/CAMOutputs/GerberFiles/gerber_job.gbrjob	YACCS-OLD/YACC1-2020-OLD/PCB/Production/Old & obsolete/Bus Jumper V3.0-horiz/CAMOutputs/GerberFiles/gerber_job.gbrjob	b06d143e9c7bcf7ed8be37bb9a0a263a
copy	hardware/bus/bus-jumper-horizontal/eagle/deprecated/v3.0/fab/CAMOutputs/GerberFiles/profile.gbr	YACCS-OLD/YACC1-2020-OLD/PCB/Production/Old & obsolete/Bus Jumper V3.0-horiz/CAMOutputs/GerberFiles/profile.gbr	e1b0ddc072a48f8106a55a8162a4704b
copy	hardware/bus/bus-jumper-horizontal/eagle/deprecated/v3.0/fab/CAMOutputs/GerberFiles/silkscreen_bottom.gbr	YACCS-OLD/YACC1-2020-OLD/PCB/Production/Old & obsolete/Bus Jumper V3.0-horiz/CAMOutputs/GerberFiles/silkscreen_bottom.gbr	f332d9ce0820305226cdd55282cdf24b
copy	hardware/bus/bus-jumper-horizontal/eagle/deprecated/v3.0/fab/CAMOutputs/GerberFiles/silkscreen_top.gbr	YACCS-OLD/YACC1-2020-OLD/PCB/Production/Old & obsolete/Bus Jumper V3.0-horiz/CAMOutputs/GerberFiles/silkscreen_top.gbr	f3a02113c3ff83917ad902ca4d4681e9
copy	hardware/bus/bus-jumper-horizontal/eagle/deprecated/v3.0/fab/CAMOutputs/GerberFiles/soldermask_bottom.gbr	YACCS-OLD/YACC1-2020-OLD/PCB/Production/Old & obsolete/Bus Jumper V3.0-horiz/CAMOutputs/GerberFiles/soldermask_bottom.gbr	cb4a4308104011c29153b43e1ef17869
copy	hardware/bus/bus-jumper-horizontal/eagle/deprecated/v3.0/fab/CAMOutputs/GerberFiles/soldermask_top.gbr	YACCS-OLD/YACC1-2020-OLD/PCB/Production/Old & obsolete/Bus Jumper V3.0-horiz/CAMOutputs/GerberFiles/soldermask_top.gbr	d487985b14d806c849f1b83461a64f1a
copy	hardware/bus/bus-jumper-horizontal/eagle/deprecated/v3.0/fab/CAMOutputs/GerberFiles/solderpaste_bottom.gbr	YACCS-OLD/YACC1-2020-OLD/PCB/Production/Old & obsolete/Bus Jumper V3.0-horiz/CAMOutputs/GerberFiles/solderpaste_bottom.gbr	e7cfbb13c9f0209464e41efff207c85a
copy	hardware/bus/bus-jumper-horizontal/eagle/deprecated/v3.0/fab/CAMOutputs/GerberFiles/solderpaste_top.gbr	YACCS-OLD/YACC1-2020-OLD/PCB/Production/Old & obsolete/Bus Jumper V3.0-horiz/CAMOutputs/GerberFiles/solderpaste_top.gbr	5b8f24b9c0206ea428f50a073b3296ff
copy	hardware/bus/bus-jumper-horizontal/eagle/v3.2/Jumper Board Horizontal V3.1.brd	YACC gitversion/YACC1-2020/PCB/Production/Bus Jumper Horizontal V3.2/Jumper Board Horizontal V3.1.brd	9a197e451c4e878042d9e45f590188f8
copy	hardware/bus/bus-jumper-horizontal/eagle/v3.2/Jumper Board Horizontal V3.1.brd.orig	YACC gitversion/YACC1-2020/PCB/Working - Under Develolpment/Bus Jumper Horizontal V3.2/Jumper Board Horizontal V3.1.brd.orig	cdfca90ac9da355baa191123777b7299
copy	hardware/bus/bus-jumper-horizontal/eagle/v3.2/Jumper Board Horizontal V3.1.pro	YACC gitversion/YACC1-2020/PCB/Production/Bus Jumper Horizontal V3.2/Jumper Board Horizontal V3.1.pro	32f27e59eb944182a54a914fc91964e9
copy	hardware/bus/bus-jumper-horizontal/eagle/v3.2/Jumper Board Horizontal V3.1.sch	YACC gitversion/YACC1-2020/PCB/Production/Bus Jumper Horizontal V3.2/Jumper Board Horizontal V3.1.sch	eb125675168e05f528332971fc59b96f
copy	hardware/bus/bus-jumper-horizontal/eagle/v3.2/Jumper Board Horizontal V3.1_00.pro	YACC gitversion/YACC1-2020/PCB/Production/Bus Jumper Horizontal V3.2/Jumper Board Horizontal V3.1_00.pro	8f500eb0f92bd02e87ab0c243ac8c9fc
copy	hardware/bus/bus-jumper-horizontal/eagle/v3.2/Jumper Board Horizontal V3.1_01.pro	YACC gitversion/YACC1-2020/PCB/Production/Bus Jumper Horizontal V3.2/Jumper Board Horizontal V3.1_01.pro	784376a45091da2b3308a724c73d0e34
copy	hardware/bus/bus-jumper-horizontal/eagle/v3.2/Jumper Board Horizontal V3.1_02.pro	YACC gitversion/YACC1-2020/PCB/Production/Bus Jumper Horizontal V3.2/Jumper Board Horizontal V3.1_02.pro	ba452ad097243e169d6a468e191a5a37
copy	hardware/bus/bus-jumper-horizontal/eagle/v3.2/Jumper Board Horizontal V3.1_03.pro	YACC gitversion/YACC1-2020/PCB/Production/Bus Jumper Horizontal V3.2/Jumper Board Horizontal V3.1_03.pro	2d38f6722bd1efd89292505ca191a24a
copy	hardware/bus/bus-jumper-horizontal/eagle/v3.2/Notes.rtf	YACC gitversion/YACC1-2020/PCB/Production/Bus Jumper Horizontal V3.2/Notes.rtf	aedac6564e0789441d397056a91e0ae8
copy	hardware/bus/bus-jumper-horizontal/eagle/v3.2/fab/CAMOutputs/Assembly/Jumper Board Horizontal V3.1.txt	YACC gitversion/YACC1-2020/PCB/Production/Bus Jumper Horizontal V3.2/CAMOutputs/Assembly/Jumper Board Horizontal V3.1.txt	d15428d3a21ac02264b9b9cc4387c902
copy	hardware/bus/bus-jumper-horizontal/eagle/v3.2/fab/CAMOutputs/Assembly/PnP_Jumper Board Horizontal V3.1_back.txt	YACC gitversion/YACC1-2020/PCB/Production/Bus Jumper Horizontal V3.2/CAMOutputs/Assembly/PnP_Jumper Board Horizontal V3.1_back.txt	d41d8cd98f00b204e9800998ecf8427e
copy	hardware/bus/bus-jumper-horizontal/eagle/v3.2/fab/CAMOutputs/Assembly/PnP_Jumper Board Horizontal V3.1_front.txt	YACC gitversion/YACC1-2020/PCB/Production/Bus Jumper Horizontal V3.2/CAMOutputs/Assembly/PnP_Jumper Board Horizontal V3.1_front.txt	d41d8cd98f00b204e9800998ecf8427e
copy	hardware/bus/bus-jumper-horizontal/eagle/v3.2/fab/CAMOutputs/DrillFiles/drill_1_16.xln	YACC gitversion/YACC1-2020/PCB/Production/Bus Jumper Horizontal V3.2/CAMOutputs/DrillFiles/drill_1_16.xln	f04f2fdee561892d20985dca24fec958
copy	hardware/bus/bus-jumper-horizontal/eagle/v3.2/fab/CAMOutputs/GerberFiles/Archive.zip	YACC gitversion/YACC1-2020/PCB/Production/Bus Jumper Horizontal V3.2/CAMOutputs/GerberFiles/Archive.zip	3d679e79d84eacfe7a2835c863ef3999
copy	hardware/bus/bus-jumper-horizontal/eagle/v3.2/fab/CAMOutputs/GerberFiles/copper_bottom_l4.gbr	YACC gitversion/YACC1-2020/PCB/Production/Bus Jumper Horizontal V3.2/CAMOutputs/GerberFiles/copper_bottom_l4.gbr	a6004628262ead984e9f6083a2a90a57
copy	hardware/bus/bus-jumper-horizontal/eagle/v3.2/fab/CAMOutputs/GerberFiles/copper_inner_l2.gbr	YACC gitversion/YACC1-2020/PCB/Production/Bus Jumper Horizontal V3.2/CAMOutputs/GerberFiles/copper_inner_l2.gbr	af3e885c7ab32a278ba981a9a782023f
copy	hardware/bus/bus-jumper-horizontal/eagle/v3.2/fab/CAMOutputs/GerberFiles/copper_inner_l3.gbr	YACC gitversion/YACC1-2020/PCB/Production/Bus Jumper Horizontal V3.2/CAMOutputs/GerberFiles/copper_inner_l3.gbr	fdcf97d3017e76bf83d23de1d8e76257
copy	hardware/bus/bus-jumper-horizontal/eagle/v3.2/fab/CAMOutputs/GerberFiles/copper_top_l1.gbr	YACC gitversion/YACC1-2020/PCB/Production/Bus Jumper Horizontal V3.2/CAMOutputs/GerberFiles/copper_top_l1.gbr	e468d0c3d039111d717a6fe0bf566d94
copy	hardware/bus/bus-jumper-horizontal/eagle/v3.2/fab/CAMOutputs/GerberFiles/drill_1_16.xln	YACC gitversion/YACC1-2020/PCB/Production/Bus Jumper Horizontal V3.2/CAMOutputs/GerberFiles/drill_1_16.xln	f04f2fdee561892d20985dca24fec958
copy	hardware/bus/bus-jumper-horizontal/eagle/v3.2/fab/CAMOutputs/GerberFiles/gerber_job.gbrjob	YACC gitversion/YACC1-2020/PCB/Production/Bus Jumper Horizontal V3.2/CAMOutputs/GerberFiles/gerber_job.gbrjob	98c41e534553c1e94cef7682dad271f8
copy	hardware/bus/bus-jumper-horizontal/eagle/v3.2/fab/CAMOutputs/GerberFiles/profile.gbr	YACC gitversion/YACC1-2020/PCB/Production/Bus Jumper Horizontal V3.2/CAMOutputs/GerberFiles/profile.gbr	d6ddaaf6a41f6d8534ea90510f260fec
copy	hardware/bus/bus-jumper-horizontal/eagle/v3.2/fab/CAMOutputs/GerberFiles/silkscreen_bottom.gbr	YACC gitversion/YACC1-2020/PCB/Production/Bus Jumper Horizontal V3.2/CAMOutputs/GerberFiles/silkscreen_bottom.gbr	f332d9ce0820305226cdd55282cdf24b
copy	hardware/bus/bus-jumper-horizontal/eagle/v3.2/fab/CAMOutputs/GerberFiles/silkscreen_top.gbr	YACC gitversion/YACC1-2020/PCB/Production/Bus Jumper Horizontal V3.2/CAMOutputs/GerberFiles/silkscreen_top.gbr	f3a02113c3ff83917ad902ca4d4681e9
copy	hardware/bus/bus-jumper-horizontal/eagle/v3.2/fab/CAMOutputs/GerberFiles/soldermask_bottom.gbr	YACC gitversion/YACC1-2020/PCB/Production/Bus Jumper Horizontal V3.2/CAMOutputs/GerberFiles/soldermask_bottom.gbr	2a2de1207ec047fbfac6466b5bced958
copy	hardware/bus/bus-jumper-horizontal/eagle/v3.2/fab/CAMOutputs/GerberFiles/soldermask_top.gbr	YACC gitversion/YACC1-2020/PCB/Production/Bus Jumper Horizontal V3.2/CAMOutputs/GerberFiles/soldermask_top.gbr	32aaad0a821632153ed4958d6b8b0ab3
copy	hardware/bus/bus-jumper-horizontal/eagle/v3.2/fab/CAMOutputs/GerberFiles/solderpaste_bottom.gbr	YACC gitversion/YACC1-2020/PCB/Production/Bus Jumper Horizontal V3.2/CAMOutputs/GerberFiles/solderpaste_bottom.gbr	e7cfbb13c9f0209464e41efff207c85a
copy	hardware/bus/bus-jumper-horizontal/eagle/v3.2/fab/CAMOutputs/GerberFiles/solderpaste_top.gbr	YACC gitversion/YACC1-2020/PCB/Production/Bus Jumper Horizontal V3.2/CAMOutputs/GerberFiles/solderpaste_top.gbr	5b8f24b9c0206ea428f50a073b3296ff
copy	hardware/bus/bus-jumper-vertical/eagle/v3.0/Jumper Board V3.0.brd	YACC gitversion/YACC1-2020/PCB/Production/Bus Jumper Vertical V3.0/Jumper Board V3.0.brd	e172f177bbcc638aa2113a4fe51d4749
copy	hardware/bus/bus-jumper-vertical/eagle/v3.0/Jumper Board V3.0.pro	YACC gitversion/YACC1-2020/PCB/Production/Bus Jumper Vertical V3.0/Jumper Board V3.0.pro	2cd66ab3848c7f4325cebdb1b4769c9c
copy	hardware/bus/bus-jumper-vertical/eagle/v3.0/Jumper Board V3.0.sch	YACC gitversion/YACC1-2020/PCB/Production/Bus Jumper Vertical V3.0/Jumper Board V3.0.sch	eb125675168e05f528332971fc59b96f
copy	hardware/bus/bus-jumper-vertical/eagle/v3.0/Jumper Board Vertical V3.1.brd	YACC gitversion/YACC1-2020/PCB/Working - Under Develolpment/Bus Jumper Vertical V3.1/Jumper Board Vertical V3.1.brd	d70026d1fee66b6dead6ac718677ad9d
copy	hardware/bus/bus-jumper-vertical/eagle/v3.0/fab/CAMOutputs/Assembly/Jumper Board V3.0.txt	YACC gitversion/YACC1-2020/PCB/Production/Bus Jumper Vertical V3.0/CAMOutputs/Assembly/Jumper Board V3.0.txt	cebebeb34ef4d1c5f1977388b66fdf1a
copy	hardware/bus/bus-jumper-vertical/eagle/v3.0/fab/CAMOutputs/Assembly/PnP_Jumper Board V3.0_back.txt	YACC gitversion/YACC1-2020/PCB/Production/Bus Jumper Vertical V3.0/CAMOutputs/Assembly/PnP_Jumper Board V3.0_back.txt	d41d8cd98f00b204e9800998ecf8427e
copy	hardware/bus/bus-jumper-vertical/eagle/v3.0/fab/CAMOutputs/Assembly/PnP_Jumper Board V3.0_front.txt	YACC gitversion/YACC1-2020/PCB/Production/Bus Jumper Vertical V3.0/CAMOutputs/Assembly/PnP_Jumper Board V3.0_front.txt	d41d8cd98f00b204e9800998ecf8427e
copy	hardware/bus/bus-jumper-vertical/eagle/v3.0/fab/CAMOutputs/DrillFiles/drill_1_16.xln	YACC gitversion/YACC1-2020/PCB/Production/Bus Jumper Vertical V3.0/CAMOutputs/DrillFiles/drill_1_16.xln	50b5ad642bb5aece8d05fa7d7d6c6d40
copy	hardware/bus/bus-jumper-vertical/eagle/v3.0/fab/CAMOutputs/GerberFiles/Archive.zip	YACC gitversion/YACC1-2020/PCB/Production/Bus Jumper Vertical V3.0/CAMOutputs/GerberFiles/Archive.zip	78b7034baf2b94b4a73a414881ca95b5
copy	hardware/bus/bus-jumper-vertical/eagle/v3.0/fab/CAMOutputs/GerberFiles/copper_bottom.gbr	YACC gitversion/YACC1-2020/PCB/Production/Bus Jumper Vertical V3.0/CAMOutputs/GerberFiles/copper_bottom.gbr	42dc31d6319329f7618c04753343f660
copy	hardware/bus/bus-jumper-vertical/eagle/v3.0/fab/CAMOutputs/GerberFiles/copper_top.gbr	YACC gitversion/YACC1-2020/PCB/Production/Bus Jumper Vertical V3.0/CAMOutputs/GerberFiles/copper_top.gbr	902e79f9fc7ef74b7fb636d25337c1da
copy	hardware/bus/bus-jumper-vertical/eagle/v3.0/fab/CAMOutputs/GerberFiles/drill_1_16.xln	YACC gitversion/YACC1-2020/PCB/Production/Bus Jumper Vertical V3.0/CAMOutputs/GerberFiles/drill_1_16.xln	50b5ad642bb5aece8d05fa7d7d6c6d40
copy	hardware/bus/bus-jumper-vertical/eagle/v3.0/fab/CAMOutputs/GerberFiles/gerber_job.gbrjob	YACC gitversion/YACC1-2020/PCB/Production/Bus Jumper Vertical V3.0/CAMOutputs/GerberFiles/gerber_job.gbrjob	87df71a56c3f7a6c655bf57b2f25ee61
copy	hardware/bus/bus-jumper-vertical/eagle/v3.0/fab/CAMOutputs/GerberFiles/profile.gbr	YACC gitversion/YACC1-2020/PCB/Production/Bus Jumper Vertical V3.0/CAMOutputs/GerberFiles/profile.gbr	730121196f0eec25829ba0d064abafb4
copy	hardware/bus/bus-jumper-vertical/eagle/v3.0/fab/CAMOutputs/GerberFiles/silkscreen_bottom.gbr	YACC gitversion/YACC1-2020/PCB/Production/Bus Jumper Vertical V3.0/CAMOutputs/GerberFiles/silkscreen_bottom.gbr	f332d9ce0820305226cdd55282cdf24b
copy	hardware/bus/bus-jumper-vertical/eagle/v3.0/fab/CAMOutputs/GerberFiles/silkscreen_top.gbr	YACC gitversion/YACC1-2020/PCB/Production/Bus Jumper Vertical V3.0/CAMOutputs/GerberFiles/silkscreen_top.gbr	4d009d0a4cac31c927f67c3aaed1f7fb
copy	hardware/bus/bus-jumper-vertical/eagle/v3.0/fab/CAMOutputs/GerberFiles/soldermask_bottom.gbr	YACC gitversion/YACC1-2020/PCB/Production/Bus Jumper Vertical V3.0/CAMOutputs/GerberFiles/soldermask_bottom.gbr	93757d9fac631f073376c2a4a989fd27
copy	hardware/bus/bus-jumper-vertical/eagle/v3.0/fab/CAMOutputs/GerberFiles/soldermask_top.gbr	YACC gitversion/YACC1-2020/PCB/Production/Bus Jumper Vertical V3.0/CAMOutputs/GerberFiles/soldermask_top.gbr	7e02533c15f1bed6c53b0e397466e6af
copy	hardware/bus/bus-jumper-vertical/eagle/v3.0/fab/CAMOutputs/GerberFiles/solderpaste_bottom.gbr	YACC gitversion/YACC1-2020/PCB/Production/Bus Jumper Vertical V3.0/CAMOutputs/GerberFiles/solderpaste_bottom.gbr	e7cfbb13c9f0209464e41efff207c85a
copy	hardware/bus/bus-jumper-vertical/eagle/v3.0/fab/CAMOutputs/GerberFiles/solderpaste_top.gbr	YACC gitversion/YACC1-2020/PCB/Production/Bus Jumper Vertical V3.0/CAMOutputs/GerberFiles/solderpaste_top.gbr	5b8f24b9c0206ea428f50a073b3296ff
copy	hardware/bus/bus-template/eagle/v3.2/Bus Template V3.2.sch	YACC gitversion/YACC1-2020/PCB/Working - Under Develolpment/Bus Template V3.2/Bus Template V3.2.sch	ac418b7e611533f441138ae3f3d5bc0c
copy	hardware/cards/PRODUCTION-OLD-AND-OBSOLETE-readme-2021-01.md	YACCS-OLD/YACC1-2020-OLD/PCB/Production/Old & obsolete/readme.md	20c2b29b7b77e7c8d9f648a3363d2522
copy	hardware/cards/address-tmp/eagle/deprecated/v1.0/Address and TMP V1.0.brd	YACCS-OLD/YACC1-2020-OLD/PCB/Production/Old & obsolete/Address and TMP-V1.0/Address and TMP V1.0.brd	aa8dbb69a529b22605b5b986f10c4a30
copy	hardware/cards/address-tmp/eagle/deprecated/v1.0/Address and TMP V1.0.pro	YACCS-OLD/YACC1-2020-OLD/PCB/Production/Old & obsolete/Address and TMP-V1.0/Address and TMP V1.0.pro	ef804a7b10bcfedd5f7c9048b504d1dc
copy	hardware/cards/address-tmp/eagle/deprecated/v1.0/Address and TMP V1.0.sch	YACCS-OLD/YACC1-2020-OLD/PCB/Production/Old & obsolete/Address and TMP-V1.0/Address and TMP V1.0.sch	5787aecd1de39c479bbae0514ebb6155
copy	hardware/cards/address-tmp/eagle/deprecated/v1.0/fab/CAMOutputs/Assembly/Address and TMP V1.0.txt	YACCS-OLD/YACC1-2020-OLD/PCB/Production/Old & obsolete/Address and TMP-V1.0/CAMOutputs/Assembly/Address and TMP V1.0.txt	f92fdaa6a852ff7cc4214606d23cc4f8
copy	hardware/cards/address-tmp/eagle/deprecated/v1.0/fab/CAMOutputs/Assembly/PnP_Address and TMP V1.0_back.txt	YACCS-OLD/YACC1-2020-OLD/PCB/Production/Old & obsolete/Address and TMP-V1.0/CAMOutputs/Assembly/PnP_Address and TMP V1.0_back.txt	d41d8cd98f00b204e9800998ecf8427e
copy	hardware/cards/address-tmp/eagle/deprecated/v1.0/fab/CAMOutputs/Assembly/PnP_Address and TMP V1.0_front.txt	YACCS-OLD/YACC1-2020-OLD/PCB/Production/Old & obsolete/Address and TMP-V1.0/CAMOutputs/Assembly/PnP_Address and TMP V1.0_front.txt	d41d8cd98f00b204e9800998ecf8427e
copy	hardware/cards/address-tmp/eagle/deprecated/v1.0/fab/CAMOutputs/DrillFiles/drill_1_16.xln	YACCS-OLD/YACC1-2020-OLD/PCB/Production/Old & obsolete/Address and TMP-V1.0/CAMOutputs/DrillFiles/drill_1_16.xln	20bfe8ca078dbb40ce994f0058009c5a
copy	hardware/cards/address-tmp/eagle/deprecated/v1.0/fab/CAMOutputs/GerberFiles/Archive.zip	YACCS-OLD/YACC1-2020-OLD/PCB/Production/Old & obsolete/Address and TMP-V1.0/CAMOutputs/GerberFiles/Archive.zip	99db0906485a12ceb78d93ce28bdacb9
copy	hardware/cards/address-tmp/eagle/deprecated/v1.0/fab/CAMOutputs/GerberFiles/copper_bottom.gbr	YACCS-OLD/YACC1-2020-OLD/PCB/Production/Old & obsolete/Address and TMP-V1.0/CAMOutputs/GerberFiles/copper_bottom.gbr	9c975ce8d0783b56f99d243fd3f77455
copy	hardware/cards/address-tmp/eagle/deprecated/v1.0/fab/CAMOutputs/GerberFiles/copper_top.gbr	YACCS-OLD/YACC1-2020-OLD/PCB/Production/Old & obsolete/Address and TMP-V1.0/CAMOutputs/GerberFiles/copper_top.gbr	1c27219f6f6f832931d0515b76b2ecb9
copy	hardware/cards/address-tmp/eagle/deprecated/v1.0/fab/CAMOutputs/GerberFiles/drill_1_16.xln	YACCS-OLD/YACC1-2020-OLD/PCB/Production/Old & obsolete/Address and TMP-V1.0/CAMOutputs/GerberFiles/drill_1_16.xln	20bfe8ca078dbb40ce994f0058009c5a
copy	hardware/cards/address-tmp/eagle/deprecated/v1.0/fab/CAMOutputs/GerberFiles/gerber_job.gbrjob	YACCS-OLD/YACC1-2020-OLD/PCB/Production/Old & obsolete/Address and TMP-V1.0/CAMOutputs/GerberFiles/gerber_job.gbrjob	a1aa00a0971427efe653c80d7ce0e1a1
copy	hardware/cards/address-tmp/eagle/deprecated/v1.0/fab/CAMOutputs/GerberFiles/profile.gbr	YACCS-OLD/YACC1-2020-OLD/PCB/Production/Old & obsolete/Address and TMP-V1.0/CAMOutputs/GerberFiles/profile.gbr	5ee37e9e1cbb17fb415808e588fd93d5
copy	hardware/cards/address-tmp/eagle/deprecated/v1.0/fab/CAMOutputs/GerberFiles/silkscreen_bottom.gbr	YACCS-OLD/YACC1-2020-OLD/PCB/Production/Old & obsolete/Address and TMP-V1.0/CAMOutputs/GerberFiles/silkscreen_bottom.gbr	f332d9ce0820305226cdd55282cdf24b
copy	hardware/cards/address-tmp/eagle/deprecated/v1.0/fab/CAMOutputs/GerberFiles/silkscreen_top.gbr	YACCS-OLD/YACC1-2020-OLD/PCB/Production/Old & obsolete/Address and TMP-V1.0/CAMOutputs/GerberFiles/silkscreen_top.gbr	2de786efcbab076f6b13c02c5fc02477
copy	hardware/cards/address-tmp/eagle/deprecated/v1.0/fab/CAMOutputs/GerberFiles/soldermask_bottom.gbr	YACCS-OLD/YACC1-2020-OLD/PCB/Production/Old & obsolete/Address and TMP-V1.0/CAMOutputs/GerberFiles/soldermask_bottom.gbr	8ddd6d87bbe8e0900b208f10e1bfba73
copy	hardware/cards/address-tmp/eagle/deprecated/v1.0/fab/CAMOutputs/GerberFiles/soldermask_top.gbr	YACCS-OLD/YACC1-2020-OLD/PCB/Production/Old & obsolete/Address and TMP-V1.0/CAMOutputs/GerberFiles/soldermask_top.gbr	9def55b5fbd884ce1415862d58604024
copy	hardware/cards/address-tmp/eagle/deprecated/v1.0/fab/CAMOutputs/GerberFiles/solderpaste_bottom.gbr	YACCS-OLD/YACC1-2020-OLD/PCB/Production/Old & obsolete/Address and TMP-V1.0/CAMOutputs/GerberFiles/solderpaste_bottom.gbr	e7cfbb13c9f0209464e41efff207c85a
copy	hardware/cards/address-tmp/eagle/deprecated/v1.0/fab/CAMOutputs/GerberFiles/solderpaste_top.gbr	YACCS-OLD/YACC1-2020-OLD/PCB/Production/Old & obsolete/Address and TMP-V1.0/CAMOutputs/GerberFiles/solderpaste_top.gbr	5b8f24b9c0206ea428f50a073b3296ff
copy	hardware/cards/alu/eagle/deprecated/v3.0-2layer/Notes.rtf	YACCS-OLD/YACC1-2020-OLD/PCB/Production/Old & obsolete/ALU-V3.0-2 layer/Notes.rtf	019a4042537ec293da4a7f235c7d7b29
copy	hardware/cards/alu/eagle/deprecated/v3.0-2layer/alu4.brd	YACCS-OLD/YACC1-2020-OLD/PCB/Production/Old & obsolete/ALU-V3.0-2 layer/alu4.brd	8725b1325f484bf085e1ea2339cb453a
copy	hardware/cards/alu/eagle/deprecated/v3.0-2layer/alu4.pdf	YACCS-OLD/YACC1-2020-OLD/PCB/Production/Old & obsolete/ALU-V3.0-2 layer/alu4.pdf	127d9ff42fd40cb529ce7e4ca8f46f0b
copy	hardware/cards/alu/eagle/deprecated/v3.0-2layer/alu4.pro	YACCS-OLD/YACC1-2020-OLD/PCB/Production/Old & obsolete/ALU-V3.0-2 layer/alu4.pro	31ff86d5d264cf42721896be983cf184
copy	hardware/cards/alu/eagle/deprecated/v3.0-2layer/alu4.sch	YACCS-OLD/YACC1-2020-OLD/PCB/Production/Old & obsolete/ALU-V3.0-2 layer/alu4.sch	fc9ab65426a23653f326509c9df6c905
copy	hardware/cards/alu/eagle/deprecated/v3.0-2layer/fab/alu4_00.job	YACCS-OLD/YACC1-2020-OLD/PCB/Production/Old & obsolete/ALU-V3.0-2 layer/alu4_00.job	3b6bf086d2301db168c67d30be752e93
copy	hardware/cards/alu/eagle/deprecated/v3.0-2layer/fab/alu4_01.job	YACCS-OLD/YACC1-2020-OLD/PCB/Production/Old & obsolete/ALU-V3.0-2 layer/alu4_01.job	b479ef43baed7ca4805d35124e82c881
copy	hardware/cards/alu/eagle/deprecated/v3.0-2layer/fab/alu4_02.job	YACCS-OLD/YACC1-2020-OLD/PCB/Production/Old & obsolete/ALU-V3.0-2 layer/alu4_02.job	ed3ec0d0dc771a10464ebe9052f7c727
copy	hardware/cards/alu/eagle/deprecated/v3.0-2layer/fab/alu4_03.job	YACCS-OLD/YACC1-2020-OLD/PCB/Production/Old & obsolete/ALU-V3.0-2 layer/alu4_03.job	cd82708a4aaca3e65640225847da9e6f
copy	hardware/cards/alu/eagle/deprecated/v3.0-2layer/fab/alu4_2020-06-14.zip	YACCS-OLD/YACC1-2020-OLD/PCB/Production/Old & obsolete/ALU-V3.0-2 layer/alu4_2020-06-14.zip	5d33d37c690c13c6b61ccc2114a9136c
copy	hardware/cards/alu/eagle/deprecated/v3.0-2layer/fab/gerbers 2 layers no outline/Archive.zip	YACCS-OLD/YACC1-2020-OLD/PCB/Production/Old & obsolete/ALU-V3.0-2 layer/gerbers 2 layers no outline/Archive.zip	62ff7b6abd33ce937ddcc913ef7ef8a0
copy	hardware/cards/alu/eagle/deprecated/v3.0-2layer/fab/gerbers 2 layers no outline/alu4.cmp	YACCS-OLD/YACC1-2020-OLD/PCB/Production/Old & obsolete/ALU-V3.0-2 layer/gerbers 2 layers no outline/alu4.cmp	8e78e5e1dbc7a6d674cbe0edc672d903
copy	hardware/cards/alu/eagle/deprecated/v3.0-2layer/fab/gerbers 2 layers no outline/alu4.drd	YACCS-OLD/YACC1-2020-OLD/PCB/Production/Old & obsolete/ALU-V3.0-2 layer/gerbers 2 layers no outline/alu4.drd	6e6155133f0fedf2ef14d1e04586a3ff
copy	hardware/cards/alu/eagle/deprecated/v3.0-2layer/fab/gerbers 2 layers no outline/alu4.dri	YACCS-OLD/YACC1-2020-OLD/PCB/Production/Old & obsolete/ALU-V3.0-2 layer/gerbers 2 layers no outline/alu4.dri	3b087e604566836a036a8e3990533fac
copy	hardware/cards/alu/eagle/deprecated/v3.0-2layer/fab/gerbers 2 layers no outline/alu4.plc	YACCS-OLD/YACC1-2020-OLD/PCB/Production/Old & obsolete/ALU-V3.0-2 layer/gerbers 2 layers no outline/alu4.plc	305d682abee2cce927b6dcbd53619b3a
copy	hardware/cards/alu/eagle/deprecated/v3.0-2layer/fab/gerbers 2 layers no outline/alu4.sol	YACCS-OLD/YACC1-2020-OLD/PCB/Production/Old & obsolete/ALU-V3.0-2 layer/gerbers 2 layers no outline/alu4.sol	3f3be874c93ef0330a5c054e9318e684
copy	hardware/cards/alu/eagle/deprecated/v3.0-2layer/fab/gerbers 2 layers no outline/alu4.stc	YACCS-OLD/YACC1-2020-OLD/PCB/Production/Old & obsolete/ALU-V3.0-2 layer/gerbers 2 layers no outline/alu4.stc	e2114bbfc25ce1dcf4fc32badf0f5257
copy	hardware/cards/alu/eagle/deprecated/v3.0-2layer/fab/gerbers 2 layers no outline/alu4.sts	YACCS-OLD/YACC1-2020-OLD/PCB/Production/Old & obsolete/ALU-V3.0-2 layer/gerbers 2 layers no outline/alu4.sts	e2114bbfc25ce1dcf4fc32badf0f5257
copy	hardware/cards/alu/eagle/deprecated/v3.1-buried-vias/ALU V3.1.brd	YACCS-OLD/YACC1-2020-OLD/PCB/Production/Old & obsolete/ALU-V3.1-buried-vias/ALU V3.1.brd	ac4604563cfa929b9de6a91bd88cac9b
copy	hardware/cards/alu/eagle/deprecated/v3.1-buried-vias/ALU V3.1.pro	YACCS-OLD/YACC1-2020-OLD/PCB/Production/Old & obsolete/ALU-V3.1-buried-vias/ALU V3.1.pro	358a088bfed868edb6e0a5255830b402
copy	hardware/cards/alu/eagle/deprecated/v3.1-buried-vias/ALU V3.1.sch	YACCS-OLD/YACC1-2020-OLD/PCB/Production/Old & obsolete/ALU-V3.1-buried-vias/ALU V3.1.sch	0af8aa0e46c3ab1c8cc0c8765c322103
copy	hardware/cards/alu/eagle/deprecated/v3.1-buried-vias/Notes.rtf	YACCS-OLD/YACC1-2020-OLD/PCB/Production/Old & obsolete/ALU-V3.1-buried-vias/Notes.rtf	14a1b71f7f5b668b8b99eaff38bcdd9e
copy	hardware/cards/alu/eagle/deprecated/v3.1-buried-vias/fab/gerbers/CAMOutputs/Assembly/ALU V3.1.txt	YACCS-OLD/YACC1-2020-OLD/PCB/Production/Old & obsolete/ALU-V3.1-buried-vias/gerbers/CAMOutputs/Assembly/ALU V3.1.txt	8e1fade50695b6d0d6cfa45980adb207
copy	hardware/cards/alu/eagle/deprecated/v3.1-buried-vias/fab/gerbers/CAMOutputs/Assembly/PnP_ALU V3.1_back.txt	YACCS-OLD/YACC1-2020-OLD/PCB/Production/Old & obsolete/ALU-V3.1-buried-vias/gerbers/CAMOutputs/Assembly/PnP_ALU V3.1_back.txt	d41d8cd98f00b204e9800998ecf8427e
copy	hardware/cards/alu/eagle/deprecated/v3.1-buried-vias/fab/gerbers/CAMOutputs/Assembly/PnP_ALU V3.1_front.txt	YACCS-OLD/YACC1-2020-OLD/PCB/Production/Old & obsolete/ALU-V3.1-buried-vias/gerbers/CAMOutputs/Assembly/PnP_ALU V3.1_front.txt	d41d8cd98f00b204e9800998ecf8427e
copy	hardware/cards/alu/eagle/deprecated/v3.1-buried-vias/fab/gerbers/CAMOutputs/DrillFiles/drill_15_16.xln	YACCS-OLD/YACC1-2020-OLD/PCB/Production/Old & obsolete/ALU-V3.1-buried-vias/gerbers/CAMOutputs/DrillFiles/drill_15_16.xln	a0f44c881b807a7932d9cd6854e19382
copy	hardware/cards/alu/eagle/deprecated/v3.1-buried-vias/fab/gerbers/CAMOutputs/DrillFiles/drill_1_2.xln	YACCS-OLD/YACC1-2020-OLD/PCB/Production/Old & obsolete/ALU-V3.1-buried-vias/gerbers/CAMOutputs/DrillFiles/drill_1_2.xln	845afc9235ec1e235165d9a9d2380ac2
copy	hardware/cards/alu/eagle/deprecated/v3.1-buried-vias/fab/gerbers/CAMOutputs/GerberFiles/Archive.zip	YACCS-OLD/YACC1-2020-OLD/PCB/Production/Old & obsolete/ALU-V3.1-buried-vias/gerbers/CAMOutputs/GerberFiles/Archive.zip	0cb8f83f864c697fb748302e91f146f1
copy	hardware/cards/alu/eagle/deprecated/v3.1-buried-vias/fab/gerbers/CAMOutputs/GerberFiles/copper_bottom_l4.gbr	YACCS-OLD/YACC1-2020-OLD/PCB/Production/Old & obsolete/ALU-V3.1-buried-vias/gerbers/CAMOutputs/GerberFiles/copper_bottom_l4.gbr	f7f390dfc347973b0dbbaea1038cf89e
copy	hardware/cards/alu/eagle/deprecated/v3.1-buried-vias/fab/gerbers/CAMOutputs/GerberFiles/copper_inner_l2.gbr	YACCS-OLD/YACC1-2020-OLD/PCB/Production/Old & obsolete/ALU-V3.1-buried-vias/gerbers/CAMOutputs/GerberFiles/copper_inner_l2.gbr	209ac2eedf37b27eaae3313ec43be229
copy	hardware/cards/alu/eagle/deprecated/v3.1-buried-vias/fab/gerbers/CAMOutputs/GerberFiles/copper_inner_l3.gbr	YACCS-OLD/YACC1-2020-OLD/PCB/Production/Old & obsolete/ALU-V3.1-buried-vias/gerbers/CAMOutputs/GerberFiles/copper_inner_l3.gbr	65428a26a2720072f8eb235be57189cf
copy	hardware/cards/alu/eagle/deprecated/v3.1-buried-vias/fab/gerbers/CAMOutputs/GerberFiles/copper_top_l1.gbr	YACCS-OLD/YACC1-2020-OLD/PCB/Production/Old & obsolete/ALU-V3.1-buried-vias/gerbers/CAMOutputs/GerberFiles/copper_top_l1.gbr	9ff47ff01651b16c16a31637fa5d03ce
copy	hardware/cards/alu/eagle/deprecated/v3.1-buried-vias/fab/gerbers/CAMOutputs/GerberFiles/drill_15_16.xln	YACCS-OLD/YACC1-2020-OLD/PCB/Production/Old & obsolete/ALU-V3.1-buried-vias/gerbers/CAMOutputs/GerberFiles/drill_15_16.xln	a0f44c881b807a7932d9cd6854e19382
copy	hardware/cards/alu/eagle/deprecated/v3.1-buried-vias/fab/gerbers/CAMOutputs/GerberFiles/drill_1_2.xln	YACCS-OLD/YACC1-2020-OLD/PCB/Production/Old & obsolete/ALU-V3.1-buried-vias/gerbers/CAMOutputs/GerberFiles/drill_1_2.xln	845afc9235ec1e235165d9a9d2380ac2
copy	hardware/cards/alu/eagle/deprecated/v3.1-buried-vias/fab/gerbers/CAMOutputs/GerberFiles/gerber_job.gbrjob	YACCS-OLD/YACC1-2020-OLD/PCB/Production/Old & obsolete/ALU-V3.1-buried-vias/gerbers/CAMOutputs/GerberFiles/gerber_job.gbrjob	38dbd4ce096150d7effd4b57afc13cc1
copy	hardware/cards/alu/eagle/deprecated/v3.1-buried-vias/fab/gerbers/CAMOutputs/GerberFiles/profile.gbr	YACCS-OLD/YACC1-2020-OLD/PCB/Production/Old & obsolete/ALU-V3.1-buried-vias/gerbers/CAMOutputs/GerberFiles/profile.gbr	5ee37e9e1cbb17fb415808e588fd93d5
copy	hardware/cards/alu/eagle/deprecated/v3.1-buried-vias/fab/gerbers/CAMOutputs/GerberFiles/silkscreen_bottom.gbr	YACCS-OLD/YACC1-2020-OLD/PCB/Production/Old & obsolete/ALU-V3.1-buried-vias/gerbers/CAMOutputs/GerberFiles/silkscreen_bottom.gbr	f332d9ce0820305226cdd55282cdf24b
copy	hardware/cards/alu/eagle/deprecated/v3.1-buried-vias/fab/gerbers/CAMOutputs/GerberFiles/silkscreen_top.gbr	YACCS-OLD/YACC1-2020-OLD/PCB/Production/Old & obsolete/ALU-V3.1-buried-vias/gerbers/CAMOutputs/GerberFiles/silkscreen_top.gbr	ff4917bf66b757b02abb85dba34a974b
copy	hardware/cards/alu/eagle/deprecated/v3.1-buried-vias/fab/gerbers/CAMOutputs/GerberFiles/soldermask_bottom.gbr	YACCS-OLD/YACC1-2020-OLD/PCB/Production/Old & obsolete/ALU-V3.1-buried-vias/gerbers/CAMOutputs/GerberFiles/soldermask_bottom.gbr	6205ce7ada477610459bce82ce4d31f7
copy	hardware/cards/alu/eagle/deprecated/v3.1-buried-vias/fab/gerbers/CAMOutputs/GerberFiles/soldermask_top.gbr	YACCS-OLD/YACC1-2020-OLD/PCB/Production/Old & obsolete/ALU-V3.1-buried-vias/gerbers/CAMOutputs/GerberFiles/soldermask_top.gbr	9d5353b30bd0ebf01ef76b5c899f7dba
copy	hardware/cards/alu/eagle/deprecated/v3.1-buried-vias/fab/gerbers/CAMOutputs/GerberFiles/solderpaste_bottom.gbr	YACCS-OLD/YACC1-2020-OLD/PCB/Production/Old & obsolete/ALU-V3.1-buried-vias/gerbers/CAMOutputs/GerberFiles/solderpaste_bottom.gbr	e7cfbb13c9f0209464e41efff207c85a
copy	hardware/cards/alu/eagle/deprecated/v3.1-buried-vias/fab/gerbers/CAMOutputs/GerberFiles/solderpaste_top.gbr	YACCS-OLD/YACC1-2020-OLD/PCB/Production/Old & obsolete/ALU-V3.1-buried-vias/gerbers/CAMOutputs/GerberFiles/solderpaste_top.gbr	5b8f24b9c0206ea428f50a073b3296ff
copy	hardware/cards/alu/eagle/deprecated/v3.1-resubmit/ALU V3.1.brd	YACCS-OLD/YACC1-2020-OLD/PCB/Production/Old & obsolete/ALU-V3.1 resubmit/ALU V3.1.brd	52c5e4fad8881c6587e8d82fb55c96a7
copy	hardware/cards/alu/eagle/deprecated/v3.1-resubmit/ALU V3.1.pro	YACCS-OLD/YACC1-2020-OLD/PCB/Production/Old & obsolete/ALU-V3.1 resubmit/ALU V3.1.pro	70494632cdce09bdedae88820b912f29
copy	hardware/cards/alu/eagle/deprecated/v3.1-resubmit/ALU V3.1.sch	YACCS-OLD/YACC1-2020-OLD/PCB/Production/Old & obsolete/ALU-V3.1 resubmit/ALU V3.1.sch	0af8aa0e46c3ab1c8cc0c8765c322103
copy	hardware/cards/alu/eagle/deprecated/v3.1-resubmit/Notes.rtf	YACCS-OLD/YACC1-2020-OLD/PCB/Production/Old & obsolete/ALU-V3.1 resubmit/Notes.rtf	3f8b1448dee11f025155f1f639d7a8b2
copy	hardware/cards/alu/eagle/deprecated/v3.1-resubmit/fab/gerbers/CAMOutputs/Assembly/ALU V3.1.txt	YACCS-OLD/YACC1-2020-OLD/PCB/Production/Old & obsolete/ALU-V3.1 resubmit/gerbers/CAMOutputs/Assembly/ALU V3.1.txt	2fd6f7df43448175bc0b255e8828d846
copy	hardware/cards/alu/eagle/deprecated/v3.1-resubmit/fab/gerbers/CAMOutputs/Assembly/PnP_ALU V3.1_back.txt	YACCS-OLD/YACC1-2020-OLD/PCB/Production/Old & obsolete/ALU-V3.1 resubmit/gerbers/CAMOutputs/Assembly/PnP_ALU V3.1_back.txt	d41d8cd98f00b204e9800998ecf8427e
copy	hardware/cards/alu/eagle/deprecated/v3.1-resubmit/fab/gerbers/CAMOutputs/Assembly/PnP_ALU V3.1_front.txt	YACCS-OLD/YACC1-2020-OLD/PCB/Production/Old & obsolete/ALU-V3.1 resubmit/gerbers/CAMOutputs/Assembly/PnP_ALU V3.1_front.txt	d41d8cd98f00b204e9800998ecf8427e
copy	hardware/cards/alu/eagle/deprecated/v3.1-resubmit/fab/gerbers/CAMOutputs/DrillFiles/drill_1_16.xln	YACCS-OLD/YACC1-2020-OLD/PCB/Production/Old & obsolete/ALU-V3.1 resubmit/gerbers/CAMOutputs/DrillFiles/drill_1_16.xln	ddfb8a29ecc583c4402cc9d4716531be
copy	hardware/cards/alu/eagle/deprecated/v3.1-resubmit/fab/gerbers/CAMOutputs/GerberFiles/Archive.zip	YACCS-OLD/YACC1-2020-OLD/PCB/Production/Old & obsolete/ALU-V3.1 resubmit/gerbers/CAMOutputs/GerberFiles/Archive.zip	1c15d752664576cd5dd733c3b535b00d
copy	hardware/cards/alu/eagle/deprecated/v3.1-resubmit/fab/gerbers/CAMOutputs/GerberFiles/copper_bottom_l4.gbr	YACCS-OLD/YACC1-2020-OLD/PCB/Production/Old & obsolete/ALU-V3.1 resubmit/gerbers/CAMOutputs/GerberFiles/copper_bottom_l4.gbr	a9da718f3aab88fa63c291e95f8becf5
copy	hardware/cards/alu/eagle/deprecated/v3.1-resubmit/fab/gerbers/CAMOutputs/GerberFiles/copper_inner_l2.gbr	YACCS-OLD/YACC1-2020-OLD/PCB/Production/Old & obsolete/ALU-V3.1 resubmit/gerbers/CAMOutputs/GerberFiles/copper_inner_l2.gbr	b8e201e9a09aab5943ed9314240a5749
copy	hardware/cards/alu/eagle/deprecated/v3.1-resubmit/fab/gerbers/CAMOutputs/GerberFiles/copper_inner_l3.gbr	YACCS-OLD/YACC1-2020-OLD/PCB/Production/Old & obsolete/ALU-V3.1 resubmit/gerbers/CAMOutputs/GerberFiles/copper_inner_l3.gbr	c830c9a11673269c5ab8cf2a0547daef
copy	hardware/cards/alu/eagle/deprecated/v3.1-resubmit/fab/gerbers/CAMOutputs/GerberFiles/copper_top_l1.gbr	YACCS-OLD/YACC1-2020-OLD/PCB/Production/Old & obsolete/ALU-V3.1 resubmit/gerbers/CAMOutputs/GerberFiles/copper_top_l1.gbr	5e9d7101cf7b69ffb7842b811076e165
copy	hardware/cards/alu/eagle/deprecated/v3.1-resubmit/fab/gerbers/CAMOutputs/GerberFiles/drill_1_16.xln	YACCS-OLD/YACC1-2020-OLD/PCB/Production/Old & obsolete/ALU-V3.1 resubmit/gerbers/CAMOutputs/GerberFiles/drill_1_16.xln	ddfb8a29ecc583c4402cc9d4716531be
copy	hardware/cards/alu/eagle/deprecated/v3.1-resubmit/fab/gerbers/CAMOutputs/GerberFiles/gerber_job.gbrjob	YACCS-OLD/YACC1-2020-OLD/PCB/Production/Old & obsolete/ALU-V3.1 resubmit/gerbers/CAMOutputs/GerberFiles/gerber_job.gbrjob	3d527a04ff19dd62a83683c1c56f6cdb
copy	hardware/cards/alu/eagle/deprecated/v3.1-resubmit/fab/gerbers/CAMOutputs/GerberFiles/profile.gbr	YACCS-OLD/YACC1-2020-OLD/PCB/Production/Old & obsolete/ALU-V3.1 resubmit/gerbers/CAMOutputs/GerberFiles/profile.gbr	5ee37e9e1cbb17fb415808e588fd93d5
copy	hardware/cards/alu/eagle/deprecated/v3.1-resubmit/fab/gerbers/CAMOutputs/GerberFiles/silkscreen_bottom.gbr	YACCS-OLD/YACC1-2020-OLD/PCB/Production/Old & obsolete/ALU-V3.1 resubmit/gerbers/CAMOutputs/GerberFiles/silkscreen_bottom.gbr	f332d9ce0820305226cdd55282cdf24b
copy	hardware/cards/alu/eagle/deprecated/v3.1-resubmit/fab/gerbers/CAMOutputs/GerberFiles/silkscreen_top.gbr	YACCS-OLD/YACC1-2020-OLD/PCB/Production/Old & obsolete/ALU-V3.1 resubmit/gerbers/CAMOutputs/GerberFiles/silkscreen_top.gbr	ff4917bf66b757b02abb85dba34a974b
copy	hardware/cards/alu/eagle/deprecated/v3.1-resubmit/fab/gerbers/CAMOutputs/GerberFiles/soldermask_bottom.gbr	YACCS-OLD/YACC1-2020-OLD/PCB/Production/Old & obsolete/ALU-V3.1 resubmit/gerbers/CAMOutputs/GerberFiles/soldermask_bottom.gbr	fd7df4e89fd4412c9a73b140503b0657
copy	hardware/cards/alu/eagle/deprecated/v3.1-resubmit/fab/gerbers/CAMOutputs/GerberFiles/soldermask_top.gbr	YACCS-OLD/YACC1-2020-OLD/PCB/Production/Old & obsolete/ALU-V3.1 resubmit/gerbers/CAMOutputs/GerberFiles/soldermask_top.gbr	22dfd0ade469ee08aed2f9753ca81b25
copy	hardware/cards/alu/eagle/deprecated/v3.1-resubmit/fab/gerbers/CAMOutputs/GerberFiles/solderpaste_bottom.gbr	YACCS-OLD/YACC1-2020-OLD/PCB/Production/Old & obsolete/ALU-V3.1 resubmit/gerbers/CAMOutputs/GerberFiles/solderpaste_bottom.gbr	e7cfbb13c9f0209464e41efff207c85a
copy	hardware/cards/alu/eagle/deprecated/v3.1-resubmit/fab/gerbers/CAMOutputs/GerberFiles/solderpaste_top.gbr	YACCS-OLD/YACC1-2020-OLD/PCB/Production/Old & obsolete/ALU-V3.1 resubmit/gerbers/CAMOutputs/GerberFiles/solderpaste_top.gbr	5b8f24b9c0206ea428f50a073b3296ff
copy	hardware/cards/alu/eagle/deprecated/v3.1/ALU V3.1.brd	YACC gitversion/YACC1-2020/PCB/Working - Under Develolpment/Old and obsolete/ALU-V3.1/ALU V3.1.brd	ac4604563cfa929b9de6a91bd88cac9b
copy	hardware/cards/alu/eagle/deprecated/v3.1/ALU V3.1.pro	YACC gitversion/YACC1-2020/PCB/Working - Under Develolpment/Old and obsolete/ALU-V3.1/ALU V3.1.pro	358a088bfed868edb6e0a5255830b402
copy	hardware/cards/alu/eagle/deprecated/v3.1/ALU V3.1.sch	YACC gitversion/YACC1-2020/PCB/Working - Under Develolpment/Old and obsolete/ALU-V3.1/ALU V3.1.sch	0af8aa0e46c3ab1c8cc0c8765c322103
copy	hardware/cards/alu/eagle/deprecated/v3.1/Notes.rtf	YACC gitversion/YACC1-2020/PCB/Working - Under Develolpment/Old and obsolete/ALU-V3.1/Notes.rtf	b22c398fc1c00ccde41a329fc042491f
copy	hardware/cards/alu/eagle/deprecated/v3.1/alu v31.1	YACC gitversion/YACC1-2020/PCB/Working - Under Develolpment/Old and obsolete/ALU-V3.1/alu v31.1	4edc67b68df6cf296f40fdced8e665d7
copy	hardware/cards/alu/eagle/deprecated/v3.1/bom/ALU V3.1.csv	YACC gitversion/YACC1-2020/PCB/Working - Under Develolpment/Old and obsolete/ALU-V3.1/ALU V3.1.csv	2a98eb7ba6a5cb0540e6cb64fdafdb7c
copy	hardware/cards/alu/eagle/deprecated/v3.1/fab/gerbers/CAMOutputs/Assembly/ALU V3.1.txt	YACC gitversion/YACC1-2020/PCB/Working - Under Develolpment/Old and obsolete/ALU-V3.1/gerbers/CAMOutputs/Assembly/ALU V3.1.txt	8e1fade50695b6d0d6cfa45980adb207
copy	hardware/cards/alu/eagle/deprecated/v3.1/fab/gerbers/CAMOutputs/Assembly/PnP_ALU V3.1_back.txt	YACC gitversion/YACC1-2020/PCB/Working - Under Develolpment/Old and obsolete/ALU-V3.1/gerbers/CAMOutputs/Assembly/PnP_ALU V3.1_back.txt	d41d8cd98f00b204e9800998ecf8427e
copy	hardware/cards/alu/eagle/deprecated/v3.1/fab/gerbers/CAMOutputs/Assembly/PnP_ALU V3.1_front.txt	YACC gitversion/YACC1-2020/PCB/Working - Under Develolpment/Old and obsolete/ALU-V3.1/gerbers/CAMOutputs/Assembly/PnP_ALU V3.1_front.txt	d41d8cd98f00b204e9800998ecf8427e
copy	hardware/cards/alu/eagle/deprecated/v3.1/fab/gerbers/CAMOutputs/DrillFiles/drill_15_16.xln	YACC gitversion/YACC1-2020/PCB/Working - Under Develolpment/Old and obsolete/ALU-V3.1/gerbers/CAMOutputs/DrillFiles/drill_15_16.xln	a0f44c881b807a7932d9cd6854e19382
copy	hardware/cards/alu/eagle/deprecated/v3.1/fab/gerbers/CAMOutputs/DrillFiles/drill_1_2.xln	YACC gitversion/YACC1-2020/PCB/Working - Under Develolpment/Old and obsolete/ALU-V3.1/gerbers/CAMOutputs/DrillFiles/drill_1_2.xln	845afc9235ec1e235165d9a9d2380ac2
copy	hardware/cards/alu/eagle/deprecated/v3.1/fab/gerbers/CAMOutputs/GerberFiles/Archive.zip	YACC gitversion/YACC1-2020/PCB/Working - Under Develolpment/Old and obsolete/ALU-V3.1/gerbers/CAMOutputs/GerberFiles/Archive.zip	0cb8f83f864c697fb748302e91f146f1
copy	hardware/cards/alu/eagle/deprecated/v3.1/fab/gerbers/CAMOutputs/GerberFiles/copper_bottom_l4.gbr	YACC gitversion/YACC1-2020/PCB/Working - Under Develolpment/Old and obsolete/ALU-V3.1/gerbers/CAMOutputs/GerberFiles/copper_bottom_l4.gbr	f7f390dfc347973b0dbbaea1038cf89e
copy	hardware/cards/alu/eagle/deprecated/v3.1/fab/gerbers/CAMOutputs/GerberFiles/copper_inner_l2.gbr	YACC gitversion/YACC1-2020/PCB/Working - Under Develolpment/Old and obsolete/ALU-V3.1/gerbers/CAMOutputs/GerberFiles/copper_inner_l2.gbr	209ac2eedf37b27eaae3313ec43be229
copy	hardware/cards/alu/eagle/deprecated/v3.1/fab/gerbers/CAMOutputs/GerberFiles/copper_inner_l3.gbr	YACC gitversion/YACC1-2020/PCB/Working - Under Develolpment/Old and obsolete/ALU-V3.1/gerbers/CAMOutputs/GerberFiles/copper_inner_l3.gbr	65428a26a2720072f8eb235be57189cf
copy	hardware/cards/alu/eagle/deprecated/v3.1/fab/gerbers/CAMOutputs/GerberFiles/copper_top_l1.gbr	YACC gitversion/YACC1-2020/PCB/Working - Under Develolpment/Old and obsolete/ALU-V3.1/gerbers/CAMOutputs/GerberFiles/copper_top_l1.gbr	9ff47ff01651b16c16a31637fa5d03ce
copy	hardware/cards/alu/eagle/deprecated/v3.1/fab/gerbers/CAMOutputs/GerberFiles/drill_15_16.xln	YACC gitversion/YACC1-2020/PCB/Working - Under Develolpment/Old and obsolete/ALU-V3.1/gerbers/CAMOutputs/GerberFiles/drill_15_16.xln	a0f44c881b807a7932d9cd6854e19382
copy	hardware/cards/alu/eagle/deprecated/v3.1/fab/gerbers/CAMOutputs/GerberFiles/drill_1_2.xln	YACC gitversion/YACC1-2020/PCB/Working - Under Develolpment/Old and obsolete/ALU-V3.1/gerbers/CAMOutputs/GerberFiles/drill_1_2.xln	845afc9235ec1e235165d9a9d2380ac2
copy	hardware/cards/alu/eagle/deprecated/v3.1/fab/gerbers/CAMOutputs/GerberFiles/gerber_job.gbrjob	YACC gitversion/YACC1-2020/PCB/Working - Under Develolpment/Old and obsolete/ALU-V3.1/gerbers/CAMOutputs/GerberFiles/gerber_job.gbrjob	38dbd4ce096150d7effd4b57afc13cc1
copy	hardware/cards/alu/eagle/deprecated/v3.1/fab/gerbers/CAMOutputs/GerberFiles/profile.gbr	YACC gitversion/YACC1-2020/PCB/Working - Under Develolpment/Old and obsolete/ALU-V3.1/gerbers/CAMOutputs/GerberFiles/profile.gbr	5ee37e9e1cbb17fb415808e588fd93d5
copy	hardware/cards/alu/eagle/deprecated/v3.1/fab/gerbers/CAMOutputs/GerberFiles/silkscreen_bottom.gbr	YACC gitversion/YACC1-2020/PCB/Working - Under Develolpment/Old and obsolete/ALU-V3.1/gerbers/CAMOutputs/GerberFiles/silkscreen_bottom.gbr	f332d9ce0820305226cdd55282cdf24b
copy	hardware/cards/alu/eagle/deprecated/v3.1/fab/gerbers/CAMOutputs/GerberFiles/silkscreen_top.gbr	YACC gitversion/YACC1-2020/PCB/Working - Under Develolpment/Old and obsolete/ALU-V3.1/gerbers/CAMOutputs/GerberFiles/silkscreen_top.gbr	ff4917bf66b757b02abb85dba34a974b
copy	hardware/cards/alu/eagle/deprecated/v3.1/fab/gerbers/CAMOutputs/GerberFiles/soldermask_bottom.gbr	YACC gitversion/YACC1-2020/PCB/Working - Under Develolpment/Old and obsolete/ALU-V3.1/gerbers/CAMOutputs/GerberFiles/soldermask_bottom.gbr	6205ce7ada477610459bce82ce4d31f7
copy	hardware/cards/alu/eagle/deprecated/v3.1/fab/gerbers/CAMOutputs/GerberFiles/soldermask_top.gbr	YACC gitversion/YACC1-2020/PCB/Working - Under Develolpment/Old and obsolete/ALU-V3.1/gerbers/CAMOutputs/GerberFiles/soldermask_top.gbr	9d5353b30bd0ebf01ef76b5c899f7dba
copy	hardware/cards/alu/eagle/deprecated/v3.1/fab/gerbers/CAMOutputs/GerberFiles/solderpaste_bottom.gbr	YACC gitversion/YACC1-2020/PCB/Working - Under Develolpment/Old and obsolete/ALU-V3.1/gerbers/CAMOutputs/GerberFiles/solderpaste_bottom.gbr	e7cfbb13c9f0209464e41efff207c85a
copy	hardware/cards/alu/eagle/deprecated/v3.1/fab/gerbers/CAMOutputs/GerberFiles/solderpaste_top.gbr	YACC gitversion/YACC1-2020/PCB/Working - Under Develolpment/Old and obsolete/ALU-V3.1/gerbers/CAMOutputs/GerberFiles/solderpaste_top.gbr	5b8f24b9c0206ea428f50a073b3296ff
copy	hardware/cards/alu/eagle/v3.2/ALU V3.2.brd	YACC gitversion/YACC1-2020/PCB/Production/ALU-V3.2/ALU V3.2.brd	ebb513ce4dba1c303f3bd621b648c29c
copy	hardware/cards/alu/eagle/v3.2/ALU V3.2.pro	YACC gitversion/YACC1-2020/PCB/Production/ALU-V3.2/ALU V3.2.pro	a15b0c84f8f6b793d2be4b105a64692a
copy	hardware/cards/alu/eagle/v3.2/ALU V3.2.sch	YACC gitversion/YACC1-2020/PCB/Production/ALU-V3.2/ALU V3.2.sch	31edfc8d5b3d27a193c1efe52f498db9
copy	hardware/cards/alu/eagle/v3.2/Notes.rtf	YACC gitversion/YACC1-2020/PCB/Production/ALU-V3.2/Notes.rtf	0596ab1e59706d6a3848d4751c76f114
copy	hardware/cards/alu/eagle/v3.2/fab/CAMOutputs/Assembly/ALU V3.2.html	YACC gitversion/YACC1-2020/PCB/Production/ALU-V3.2/CAMOutputs/Assembly/ALU V3.2.html	95cc7d61c57de87fe484bbe58d82965a
copy	hardware/cards/alu/eagle/v3.2/fab/CAMOutputs/Assembly/PnP_ALU V3.2_back.txt	YACC gitversion/YACC1-2020/PCB/Production/ALU-V3.2/CAMOutputs/Assembly/PnP_ALU V3.2_back.txt	d41d8cd98f00b204e9800998ecf8427e
copy	hardware/cards/alu/eagle/v3.2/fab/CAMOutputs/Assembly/PnP_ALU V3.2_front.txt	YACC gitversion/YACC1-2020/PCB/Production/ALU-V3.2/CAMOutputs/Assembly/PnP_ALU V3.2_front.txt	d41d8cd98f00b204e9800998ecf8427e
copy	hardware/cards/alu/eagle/v3.2/fab/CAMOutputs/DrillFiles/drill_1_16.xln	YACC gitversion/YACC1-2020/PCB/Production/ALU-V3.2/CAMOutputs/DrillFiles/drill_1_16.xln	b280a31f691d5ca9fd3bd5bf71c203ea
copy	hardware/cards/alu/eagle/v3.2/fab/CAMOutputs/GerberFiles/Archive.zip	YACC gitversion/YACC1-2020/PCB/Production/ALU-V3.2/CAMOutputs/GerberFiles/Archive.zip	77259274e0032bfc22d480549bcdb039
copy	hardware/cards/alu/eagle/v3.2/fab/CAMOutputs/GerberFiles/copper_bottom_l4.gbr	YACC gitversion/YACC1-2020/PCB/Production/ALU-V3.2/CAMOutputs/GerberFiles/copper_bottom_l4.gbr	04711a460d1f430ef9896ae249f30d85
copy	hardware/cards/alu/eagle/v3.2/fab/CAMOutputs/GerberFiles/copper_inner_l2.gbr	YACC gitversion/YACC1-2020/PCB/Production/ALU-V3.2/CAMOutputs/GerberFiles/copper_inner_l2.gbr	8d7d9884f6aa17ce58451cd8d1215d8f
copy	hardware/cards/alu/eagle/v3.2/fab/CAMOutputs/GerberFiles/copper_inner_l3.gbr	YACC gitversion/YACC1-2020/PCB/Production/ALU-V3.2/CAMOutputs/GerberFiles/copper_inner_l3.gbr	14bce1634c947c311a15e68e5aa98b3f
copy	hardware/cards/alu/eagle/v3.2/fab/CAMOutputs/GerberFiles/copper_top_l1.gbr	YACC gitversion/YACC1-2020/PCB/Production/ALU-V3.2/CAMOutputs/GerberFiles/copper_top_l1.gbr	ecebc07fccad4b70bf651fcda630db98
copy	hardware/cards/alu/eagle/v3.2/fab/CAMOutputs/GerberFiles/drill_1_16.xln	YACC gitversion/YACC1-2020/PCB/Production/ALU-V3.2/CAMOutputs/GerberFiles/drill_1_16.xln	b280a31f691d5ca9fd3bd5bf71c203ea
copy	hardware/cards/alu/eagle/v3.2/fab/CAMOutputs/GerberFiles/gerber_job.gbrjob	YACC gitversion/YACC1-2020/PCB/Production/ALU-V3.2/CAMOutputs/GerberFiles/gerber_job.gbrjob	5bd1e7531c4ed03fe2001c6d9ce82769
copy	hardware/cards/alu/eagle/v3.2/fab/CAMOutputs/GerberFiles/profile.gbr	YACC gitversion/YACC1-2020/PCB/Production/ALU-V3.2/CAMOutputs/GerberFiles/profile.gbr	5ee37e9e1cbb17fb415808e588fd93d5
copy	hardware/cards/alu/eagle/v3.2/fab/CAMOutputs/GerberFiles/silkscreen_bottom.gbr	YACC gitversion/YACC1-2020/PCB/Production/ALU-V3.2/CAMOutputs/GerberFiles/silkscreen_bottom.gbr	f332d9ce0820305226cdd55282cdf24b
copy	hardware/cards/alu/eagle/v3.2/fab/CAMOutputs/GerberFiles/silkscreen_top.gbr	YACC gitversion/YACC1-2020/PCB/Production/ALU-V3.2/CAMOutputs/GerberFiles/silkscreen_top.gbr	d6daa1498d7a8e6d46be12ec4bcdecbd
copy	hardware/cards/alu/eagle/v3.2/fab/CAMOutputs/GerberFiles/soldermask_bottom.gbr	YACC gitversion/YACC1-2020/PCB/Production/ALU-V3.2/CAMOutputs/GerberFiles/soldermask_bottom.gbr	c9b4ae0a066acde140a6b28b4979c483
copy	hardware/cards/alu/eagle/v3.2/fab/CAMOutputs/GerberFiles/soldermask_top.gbr	YACC gitversion/YACC1-2020/PCB/Production/ALU-V3.2/CAMOutputs/GerberFiles/soldermask_top.gbr	04275f391c6b11dedb70c0fa58ef945c
copy	hardware/cards/alu/eagle/v3.2/fab/CAMOutputs/GerberFiles/solderpaste_bottom.gbr	YACC gitversion/YACC1-2020/PCB/Production/ALU-V3.2/CAMOutputs/GerberFiles/solderpaste_bottom.gbr	e7cfbb13c9f0209464e41efff207c85a
copy	hardware/cards/alu/eagle/v3.2/fab/CAMOutputs/GerberFiles/solderpaste_top.gbr	YACC gitversion/YACC1-2020/PCB/Production/ALU-V3.2/CAMOutputs/GerberFiles/solderpaste_top.gbr	5b8f24b9c0206ea428f50a073b3296ff
copy	hardware/cards/bus-tester/eagle/v1.1/Build Notes.rtf	YACC gitversion/YACC1-2020/PCB/Production/Bus Tester orig/Build Notes.rtf	aadb01e39042bcd9bd9efc8ef5213ecc
copy	hardware/cards/bus-tester/eagle/v1.1/Notes.rtf	YACC gitversion/YACC1-2020/PCB/Production/Bus Tester orig/Notes.rtf	47ecff448cb2c3f2b2d12876aeae289d
copy	hardware/cards/bus-tester/eagle/v1.1/fab/gerbers.zip	YACC gitversion/YACC1-2020/PCB/Production/Bus Tester orig/gerbers.zip	e094fcd536668832fb28e76c97080c9c
copy	hardware/cards/bus-tester/eagle/v1.1/fab/tester.dri	YACC gitversion/YACC1-2020/PCB/Production/Bus Tester orig/tester.dri	a2cc4e59df74811728acceca1b1ecfb0
copy	hardware/cards/bus-tester/eagle/v1.1/fab/tester.gpi	YACC gitversion/YACC1-2020/PCB/Production/Bus Tester orig/tester.gpi	b6863a44f0416fb4d74d650e7a5a60ec
copy	hardware/cards/bus-tester/eagle/v1.1/switchtemplate.skp	YACC gitversion/YACC1-2020/PCB/Production/Bus Tester orig/switchtemplate.skp	7715564bd0cd863ae87a7cfa919dcd3b
copy	hardware/cards/bus-tester/eagle/v1.1/switchtemplate.svg	YACC gitversion/YACC1-2020/PCB/Production/Bus Tester orig/switchtemplate.svg	d9bd760e3b52368ab476d3afb95120e9
copy	hardware/cards/bus-tester/eagle/v1.1/tester.brd	YACC gitversion/YACC1-2020/PCB/Production/Bus Tester orig/tester.brd	518deee59bc0b461346eb3b02c6d9688
copy	hardware/cards/bus-tester/eagle/v1.1/tester.pro	YACC gitversion/YACC1-2020/PCB/Production/Bus Tester orig/tester.pro	7af9bc3e79eef734731bd6ef6e60616f
copy	hardware/cards/bus-tester/eagle/v1.1/tester.sch	YACC gitversion/YACC1-2020/PCB/Production/Bus Tester orig/tester.sch	e1827599560d5b2252796a6b32f43f16
copy	hardware/cards/bus-tester/eagle/v3.1/Notes.rtf	YACC gitversion/YACC1-2020/PCB/Working - Under Develolpment/Bus Tester V3.11/Notes.rtf	51bfd7a5b1a7ac49c7b0b1602669aa3d
copy	hardware/cards/bus-tester/eagle/v3.1/fab/CAMOutputs/Assembly/PnP_tester_back.txt	YACC gitversion/YACC1-2020/PCB/Production/Bus Tester V3.1/CAMOutputs/Assembly/PnP_tester_back.txt	d41d8cd98f00b204e9800998ecf8427e
copy	hardware/cards/bus-tester/eagle/v3.1/fab/CAMOutputs/Assembly/PnP_tester_front.txt	YACC gitversion/YACC1-2020/PCB/Production/Bus Tester V3.1/CAMOutputs/Assembly/PnP_tester_front.txt	d41d8cd98f00b204e9800998ecf8427e
copy	hardware/cards/bus-tester/eagle/v3.1/fab/CAMOutputs/Assembly/tester.csv	YACC gitversion/YACC1-2020/PCB/Production/Bus Tester V3.1/CAMOutputs/Assembly/tester.csv	9ffaa6dc42a9f23921c6af2b5e140177
copy	hardware/cards/bus-tester/eagle/v3.1/fab/CAMOutputs/DrillFiles/drill_1_16.xln	YACC gitversion/YACC1-2020/PCB/Production/Bus Tester V3.1/CAMOutputs/DrillFiles/drill_1_16.xln	2466b1b6b3701dd13f47c1a63d1b58f2
copy	hardware/cards/bus-tester/eagle/v3.1/fab/CAMOutputs/GerberFiles/Archive.zip	YACC gitversion/YACC1-2020/PCB/Production/Bus Tester V3.1/CAMOutputs/GerberFiles/Archive.zip	e513dcad1dc4700c435b2e9b7fbf0276
copy	hardware/cards/bus-tester/eagle/v3.1/fab/CAMOutputs/GerberFiles/copper_bottom_l4.gbr	YACC gitversion/YACC1-2020/PCB/Production/Bus Tester V3.1/CAMOutputs/GerberFiles/copper_bottom_l4.gbr	6a93513806ffcb0410c39386abc7760f
copy	hardware/cards/bus-tester/eagle/v3.1/fab/CAMOutputs/GerberFiles/copper_inner_l2.gbr	YACC gitversion/YACC1-2020/PCB/Production/Bus Tester V3.1/CAMOutputs/GerberFiles/copper_inner_l2.gbr	fa8b94496a49f369080d389bb6944228
copy	hardware/cards/bus-tester/eagle/v3.1/fab/CAMOutputs/GerberFiles/copper_inner_l3.gbr	YACC gitversion/YACC1-2020/PCB/Production/Bus Tester V3.1/CAMOutputs/GerberFiles/copper_inner_l3.gbr	16eb023de4e4b499ab5985a82c77ddd9
copy	hardware/cards/bus-tester/eagle/v3.1/fab/CAMOutputs/GerberFiles/copper_top_l1.gbr	YACC gitversion/YACC1-2020/PCB/Production/Bus Tester V3.1/CAMOutputs/GerberFiles/copper_top_l1.gbr	a1eb1191fec926cb13717b8898d3f2e9
copy	hardware/cards/bus-tester/eagle/v3.1/fab/CAMOutputs/GerberFiles/drill_1_16.xln	YACC gitversion/YACC1-2020/PCB/Production/Bus Tester V3.1/CAMOutputs/GerberFiles/drill_1_16.xln	2466b1b6b3701dd13f47c1a63d1b58f2
copy	hardware/cards/bus-tester/eagle/v3.1/fab/CAMOutputs/GerberFiles/gerber_job.gbrjob	YACC gitversion/YACC1-2020/PCB/Production/Bus Tester V3.1/CAMOutputs/GerberFiles/gerber_job.gbrjob	be24668eecff6cc0b385286ad6ce328a
copy	hardware/cards/bus-tester/eagle/v3.1/fab/CAMOutputs/GerberFiles/profile.gbr	YACC gitversion/YACC1-2020/PCB/Production/Bus Tester V3.1/CAMOutputs/GerberFiles/profile.gbr	1587769cdc21e01037f694cb3808ec29
copy	hardware/cards/bus-tester/eagle/v3.1/fab/CAMOutputs/GerberFiles/silkscreen_bottom.gbr	YACC gitversion/YACC1-2020/PCB/Production/Bus Tester V3.1/CAMOutputs/GerberFiles/silkscreen_bottom.gbr	f332d9ce0820305226cdd55282cdf24b
copy	hardware/cards/bus-tester/eagle/v3.1/fab/CAMOutputs/GerberFiles/silkscreen_top.gbr	YACC gitversion/YACC1-2020/PCB/Production/Bus Tester V3.1/CAMOutputs/GerberFiles/silkscreen_top.gbr	60f845239f3167d7a9b023d6c6304611
copy	hardware/cards/bus-tester/eagle/v3.1/fab/CAMOutputs/GerberFiles/soldermask_bottom.gbr	YACC gitversion/YACC1-2020/PCB/Production/Bus Tester V3.1/CAMOutputs/GerberFiles/soldermask_bottom.gbr	9e4cf0cd7007f196d4de16f742d1d6b0
copy	hardware/cards/bus-tester/eagle/v3.1/fab/CAMOutputs/GerberFiles/soldermask_top.gbr	YACC gitversion/YACC1-2020/PCB/Production/Bus Tester V3.1/CAMOutputs/GerberFiles/soldermask_top.gbr	1a7993a0f7ba01bf5c1cca4fa158c45f
copy	hardware/cards/bus-tester/eagle/v3.1/fab/CAMOutputs/GerberFiles/solderpaste_bottom.gbr	YACC gitversion/YACC1-2020/PCB/Production/Bus Tester V3.1/CAMOutputs/GerberFiles/solderpaste_bottom.gbr	e7cfbb13c9f0209464e41efff207c85a
copy	hardware/cards/bus-tester/eagle/v3.1/fab/CAMOutputs/GerberFiles/solderpaste_top.gbr	YACC gitversion/YACC1-2020/PCB/Production/Bus Tester V3.1/CAMOutputs/GerberFiles/solderpaste_top.gbr	5b8f24b9c0206ea428f50a073b3296ff
copy	hardware/cards/bus-tester/eagle/v3.1/switchtemplate.skp	YACC gitversion/YACC1-2020/PCB/Production/Bus Tester V3.1/switchtemplate.skp	7715564bd0cd863ae87a7cfa919dcd3b
copy	hardware/cards/bus-tester/eagle/v3.1/switchtemplate.svg	YACC gitversion/YACC1-2020/PCB/Production/Bus Tester V3.1/switchtemplate.svg	d9bd760e3b52368ab476d3afb95120e9
copy	hardware/cards/bus-tester/eagle/v3.1/tester.brd	YACC gitversion/YACC1-2020/PCB/Production/Bus Tester V3.1/tester.brd	550fc2d2f3627b50c0c866cffc45d592
copy	hardware/cards/bus-tester/eagle/v3.1/tester.pro	YACC gitversion/YACC1-2020/PCB/Production/Bus Tester V3.1/tester.pro	0dede68700592de32f7a92543b682413
copy	hardware/cards/bus-tester/eagle/v3.1/tester.sch	YACC gitversion/YACC1-2020/PCB/Production/Bus Tester V3.1/tester.sch	5dab082e4a346d69864db468cbc05c02
copy	hardware/cards/bus-tester/eagle/v3.1/v3.11-horizontal-unrouted/tester.brd	YACC gitversion/YACC1-2020/PCB/Working - Under Develolpment/Bus Tester V3.11/tester.brd	49daac2d80f8c1a35be57e4a9df4cfcb
copy	hardware/cards/io/eagle/deprecated/v1.0/IO V1.0.brd	YACCS-OLD/YACC1-2020-OLD/PCB/Production/Old & obsolete/IO-V-1.0/IO V1.0.brd	54b1fcb1ea6e4de356134ac323eec14a
copy	hardware/cards/io/eagle/deprecated/v1.0/IO V1.0.sch	YACCS-OLD/YACC1-2020-OLD/PCB/Production/Old & obsolete/IO-V-1.0/IO V1.0.sch	0e46960449240758c13389b2d8d2932a
copy	hardware/cards/io/eagle/deprecated/v1.0/fab/CAMOutputs/Assembly/IO V1.0.txt	YACCS-OLD/YACC1-2020-OLD/PCB/Production/Old & obsolete/IO-V-1.0/CAMOutputs/Assembly/IO V1.0.txt	871fe6a366d77194b8a5e8b314738cb4
copy	hardware/cards/io/eagle/deprecated/v1.0/fab/CAMOutputs/Assembly/PnP_IO V1.0_back.txt	YACCS-OLD/YACC1-2020-OLD/PCB/Production/Old & obsolete/IO-V-1.0/CAMOutputs/Assembly/PnP_IO V1.0_back.txt	d41d8cd98f00b204e9800998ecf8427e
copy	hardware/cards/io/eagle/deprecated/v1.0/fab/CAMOutputs/Assembly/PnP_IO V1.0_front.txt	YACCS-OLD/YACC1-2020-OLD/PCB/Production/Old & obsolete/IO-V-1.0/CAMOutputs/Assembly/PnP_IO V1.0_front.txt	d41d8cd98f00b204e9800998ecf8427e
copy	hardware/cards/io/eagle/deprecated/v1.0/fab/CAMOutputs/DrillFiles/drill_1_16.xln	YACCS-OLD/YACC1-2020-OLD/PCB/Production/Old & obsolete/IO-V-1.0/CAMOutputs/DrillFiles/drill_1_16.xln	d24bc2b4c0bf513f598b5c013425ca63
copy	hardware/cards/io/eagle/deprecated/v1.0/fab/CAMOutputs/GerberFiles/Archive.zip	YACCS-OLD/YACC1-2020-OLD/PCB/Production/Old & obsolete/IO-V-1.0/CAMOutputs/GerberFiles/Archive.zip	56410b958e617a590ca7235327660876
copy	hardware/cards/io/eagle/deprecated/v1.0/fab/CAMOutputs/GerberFiles/copper_bottom.gbr	YACCS-OLD/YACC1-2020-OLD/PCB/Production/Old & obsolete/IO-V-1.0/CAMOutputs/GerberFiles/copper_bottom.gbr	6c7b2affb7270b9adb3cecc42ab0e880
copy	hardware/cards/io/eagle/deprecated/v1.0/fab/CAMOutputs/GerberFiles/copper_top.gbr	YACCS-OLD/YACC1-2020-OLD/PCB/Production/Old & obsolete/IO-V-1.0/CAMOutputs/GerberFiles/copper_top.gbr	7fa9fa363bc6589dab9d52a249a62e00
copy	hardware/cards/io/eagle/deprecated/v1.0/fab/CAMOutputs/GerberFiles/drill_1_16.xln	YACCS-OLD/YACC1-2020-OLD/PCB/Production/Old & obsolete/IO-V-1.0/CAMOutputs/GerberFiles/drill_1_16.xln	d24bc2b4c0bf513f598b5c013425ca63
copy	hardware/cards/io/eagle/deprecated/v1.0/fab/CAMOutputs/GerberFiles/gerber_job.gbrjob	YACCS-OLD/YACC1-2020-OLD/PCB/Production/Old & obsolete/IO-V-1.0/CAMOutputs/GerberFiles/gerber_job.gbrjob	0b4941f6ebb23ba25d872c51d58ac6d7
copy	hardware/cards/io/eagle/deprecated/v1.0/fab/CAMOutputs/GerberFiles/profile.gbr	YACCS-OLD/YACC1-2020-OLD/PCB/Production/Old & obsolete/IO-V-1.0/CAMOutputs/GerberFiles/profile.gbr	71c74af1da02537eb0c76fc407c9839b
copy	hardware/cards/io/eagle/deprecated/v1.0/fab/CAMOutputs/GerberFiles/silkscreen_bottom.gbr	YACCS-OLD/YACC1-2020-OLD/PCB/Production/Old & obsolete/IO-V-1.0/CAMOutputs/GerberFiles/silkscreen_bottom.gbr	f332d9ce0820305226cdd55282cdf24b
copy	hardware/cards/io/eagle/deprecated/v1.0/fab/CAMOutputs/GerberFiles/silkscreen_top.gbr	YACCS-OLD/YACC1-2020-OLD/PCB/Production/Old & obsolete/IO-V-1.0/CAMOutputs/GerberFiles/silkscreen_top.gbr	99f1087e42fc42ffe95d1b51b3e1aedc
copy	hardware/cards/io/eagle/deprecated/v1.0/fab/CAMOutputs/GerberFiles/soldermask_bottom.gbr	YACCS-OLD/YACC1-2020-OLD/PCB/Production/Old & obsolete/IO-V-1.0/CAMOutputs/GerberFiles/soldermask_bottom.gbr	ce5e11376711810f05e05d0d1fda75c9
copy	hardware/cards/io/eagle/deprecated/v1.0/fab/CAMOutputs/GerberFiles/soldermask_top.gbr	YACCS-OLD/YACC1-2020-OLD/PCB/Production/Old & obsolete/IO-V-1.0/CAMOutputs/GerberFiles/soldermask_top.gbr	dc48cb2cf0ccc183bce99eb7861ce845
copy	hardware/cards/io/eagle/deprecated/v1.0/fab/CAMOutputs/GerberFiles/solderpaste_bottom.gbr	YACCS-OLD/YACC1-2020-OLD/PCB/Production/Old & obsolete/IO-V-1.0/CAMOutputs/GerberFiles/solderpaste_bottom.gbr	e7cfbb13c9f0209464e41efff207c85a
copy	hardware/cards/io/eagle/deprecated/v1.0/fab/CAMOutputs/GerberFiles/solderpaste_top.gbr	YACCS-OLD/YACC1-2020-OLD/PCB/Production/Old & obsolete/IO-V-1.0/CAMOutputs/GerberFiles/solderpaste_top.gbr	5b8f24b9c0206ea428f50a073b3296ff
copy	hardware/cards/io/eagle/v1.1/IO V1.0.pro	YACC gitversion/YACC1-2020/PCB/Production/IO-V-1.1/IO V1.0.pro	8699589ba8e7443ce0c65ad83f334844
copy	hardware/cards/io/eagle/v1.1/IO V1.1.brd	YACC gitversion/YACC1-2020/PCB/Production/IO-V-1.1/IO V1.1.brd	59278c1aa48305ea8dfca17280f21eda
copy	hardware/cards/io/eagle/v1.1/IO V1.1.pro	YACC gitversion/YACC1-2020/PCB/Production/IO-V-1.1/IO V1.1.pro	64cfbeb823645087b4f9a89eebfb31ae
copy	hardware/cards/io/eagle/v1.1/IO V1.1.sch	YACC gitversion/YACC1-2020/PCB/Production/IO-V-1.1/IO V1.1.sch	1e2aa81dca32387096d07f7081c3f377
copy	hardware/cards/io/eagle/v1.1/IO V1.1_00.pro	YACC gitversion/YACC1-2020/PCB/Production/IO-V-1.1/IO V1.1_00.pro	7642b8501938a8728896376e87110474
copy	hardware/cards/io/eagle/v1.1/IO V1.1_01.pro	YACC gitversion/YACC1-2020/PCB/Production/IO-V-1.1/IO V1.1_01.pro	7ce65d5619b21920db679d50c21203e2
copy	hardware/cards/io/eagle/v1.1/IO V1.1_02.pro	YACC gitversion/YACC1-2020/PCB/Production/IO-V-1.1/IO V1.1_02.pro	dfe8171f5b5f21063ff155c90cb22a17
copy	hardware/cards/io/eagle/v1.1/IO V1.1_03.pro	YACC gitversion/YACC1-2020/PCB/Production/IO-V-1.1/IO V1.1_03.pro	955f4e7715d7f99a5f6b2ae8c52d2b7c
copy	hardware/cards/io/eagle/v1.1/Notes.rtf	YACC gitversion/YACC1-2020/PCB/Working - Under Develolpment/IO-V-1.1/Notes.rtf	c9ae682254d174551032bd2f2967ab5a
copy	hardware/cards/io/eagle/v1.1/fab/CAMOutputs/Assembly/IO V1.0.csv	YACC gitversion/YACC1-2020/PCB/Production/IO-V-1.1/CAMOutputs/Assembly/IO V1.0.csv	809cec696e5a903c1f41a7f7ee796f3e
copy	hardware/cards/io/eagle/v1.1/fab/CAMOutputs/Assembly/IO V1.0.txt	YACC gitversion/YACC1-2020/PCB/Production/IO-V-1.1/CAMOutputs/Assembly/IO V1.0.txt	871fe6a366d77194b8a5e8b314738cb4
copy	hardware/cards/io/eagle/v1.1/fab/CAMOutputs/Assembly/IO V1.1.csv	YACC gitversion/YACC1-2020/PCB/Production/IO-V-1.1/CAMOutputs/Assembly/IO V1.1.csv	4cf24ff5b08a964e570eafef7f20855c
copy	hardware/cards/io/eagle/v1.1/fab/CAMOutputs/Assembly/PnP_IO V1.0_back.txt	YACC gitversion/YACC1-2020/PCB/Production/IO-V-1.1/CAMOutputs/Assembly/PnP_IO V1.0_back.txt	d41d8cd98f00b204e9800998ecf8427e
copy	hardware/cards/io/eagle/v1.1/fab/CAMOutputs/Assembly/PnP_IO V1.0_front.txt	YACC gitversion/YACC1-2020/PCB/Production/IO-V-1.1/CAMOutputs/Assembly/PnP_IO V1.0_front.txt	d41d8cd98f00b204e9800998ecf8427e
copy	hardware/cards/io/eagle/v1.1/fab/CAMOutputs/Assembly/PnP_IO V1.1_back.txt	YACC gitversion/YACC1-2020/PCB/Production/IO-V-1.1/CAMOutputs/Assembly/PnP_IO V1.1_back.txt	d41d8cd98f00b204e9800998ecf8427e
copy	hardware/cards/io/eagle/v1.1/fab/CAMOutputs/Assembly/PnP_IO V1.1_front.txt	YACC gitversion/YACC1-2020/PCB/Production/IO-V-1.1/CAMOutputs/Assembly/PnP_IO V1.1_front.txt	d41d8cd98f00b204e9800998ecf8427e
copy	hardware/cards/io/eagle/v1.1/fab/CAMOutputs/CAMOutputs/Assembly/IO V1.1.csv	YACC gitversion/YACC1-2020/PCB/Production/IO-V-1.1/CAMOutputs/CAMOutputs/Assembly/IO V1.1.csv	4cf24ff5b08a964e570eafef7f20855c
copy	hardware/cards/io/eagle/v1.1/fab/CAMOutputs/CAMOutputs/Assembly/PnP_IO V1.1_back.txt	YACC gitversion/YACC1-2020/PCB/Production/IO-V-1.1/CAMOutputs/CAMOutputs/Assembly/PnP_IO V1.1_back.txt	d41d8cd98f00b204e9800998ecf8427e
copy	hardware/cards/io/eagle/v1.1/fab/CAMOutputs/CAMOutputs/Assembly/PnP_IO V1.1_front.txt	YACC gitversion/YACC1-2020/PCB/Production/IO-V-1.1/CAMOutputs/CAMOutputs/Assembly/PnP_IO V1.1_front.txt	d41d8cd98f00b204e9800998ecf8427e
copy	hardware/cards/io/eagle/v1.1/fab/CAMOutputs/CAMOutputs/DrillFiles/drill_1_16.xln	YACC gitversion/YACC1-2020/PCB/Production/IO-V-1.1/CAMOutputs/CAMOutputs/DrillFiles/drill_1_16.xln	f12b987e56c83776b9138c2230721faf
copy	hardware/cards/io/eagle/v1.1/fab/CAMOutputs/CAMOutputs/GerberFiles/copper_bottom.gbr	YACC gitversion/YACC1-2020/PCB/Production/IO-V-1.1/CAMOutputs/CAMOutputs/GerberFiles/copper_bottom.gbr	be12340952bfc8b7c68524a0aa16275e
copy	hardware/cards/io/eagle/v1.1/fab/CAMOutputs/CAMOutputs/GerberFiles/copper_top.gbr	YACC gitversion/YACC1-2020/PCB/Production/IO-V-1.1/CAMOutputs/CAMOutputs/GerberFiles/copper_top.gbr	c2e28c7c0e179718ea9c866306af4219
copy	hardware/cards/io/eagle/v1.1/fab/CAMOutputs/CAMOutputs/GerberFiles/gerber_job.gbrjob	YACC gitversion/YACC1-2020/PCB/Production/IO-V-1.1/CAMOutputs/CAMOutputs/GerberFiles/gerber_job.gbrjob	2aca510e82fbfb806bf9e53b52e7689f
copy	hardware/cards/io/eagle/v1.1/fab/CAMOutputs/CAMOutputs/GerberFiles/profile.gbr	YACC gitversion/YACC1-2020/PCB/Production/IO-V-1.1/CAMOutputs/CAMOutputs/GerberFiles/profile.gbr	71c74af1da02537eb0c76fc407c9839b
copy	hardware/cards/io/eagle/v1.1/fab/CAMOutputs/CAMOutputs/GerberFiles/silkscreen_bottom.gbr	YACC gitversion/YACC1-2020/PCB/Production/IO-V-1.1/CAMOutputs/CAMOutputs/GerberFiles/silkscreen_bottom.gbr	f332d9ce0820305226cdd55282cdf24b
copy	hardware/cards/io/eagle/v1.1/fab/CAMOutputs/CAMOutputs/GerberFiles/silkscreen_top.gbr	YACC gitversion/YACC1-2020/PCB/Production/IO-V-1.1/CAMOutputs/CAMOutputs/GerberFiles/silkscreen_top.gbr	a7933013c791ae8df0f326f4a2ffb40f
copy	hardware/cards/io/eagle/v1.1/fab/CAMOutputs/CAMOutputs/GerberFiles/soldermask_bottom.gbr	YACC gitversion/YACC1-2020/PCB/Production/IO-V-1.1/CAMOutputs/CAMOutputs/GerberFiles/soldermask_bottom.gbr	8b4697836cf9c2107fa4c9e33f7ebaac
copy	hardware/cards/io/eagle/v1.1/fab/CAMOutputs/CAMOutputs/GerberFiles/soldermask_top.gbr	YACC gitversion/YACC1-2020/PCB/Production/IO-V-1.1/CAMOutputs/CAMOutputs/GerberFiles/soldermask_top.gbr	29052ee02b3dfca0222ecd0bd58dfb2a
copy	hardware/cards/io/eagle/v1.1/fab/CAMOutputs/CAMOutputs/GerberFiles/solderpaste_bottom.gbr	YACC gitversion/YACC1-2020/PCB/Production/IO-V-1.1/CAMOutputs/CAMOutputs/GerberFiles/solderpaste_bottom.gbr	e7cfbb13c9f0209464e41efff207c85a
copy	hardware/cards/io/eagle/v1.1/fab/CAMOutputs/CAMOutputs/GerberFiles/solderpaste_top.gbr	YACC gitversion/YACC1-2020/PCB/Production/IO-V-1.1/CAMOutputs/CAMOutputs/GerberFiles/solderpaste_top.gbr	5b8f24b9c0206ea428f50a073b3296ff
copy	hardware/cards/io/eagle/v1.1/fab/CAMOutputs/DrillFiles/drill_1_16.xln	YACC gitversion/YACC1-2020/PCB/Production/IO-V-1.1/CAMOutputs/DrillFiles/drill_1_16.xln	744a896a58b4768f429ee44ed7016336
copy	hardware/cards/io/eagle/v1.1/fab/CAMOutputs/GerberFiles/Archive.zip	YACC gitversion/YACC1-2020/PCB/Production/IO-V-1.1/CAMOutputs/GerberFiles/Archive.zip	ffced23185f0a31b8ff6852d0cf87712
copy	hardware/cards/io/eagle/v1.1/fab/CAMOutputs/GerberFiles/copper_bottom.gbr	YACC gitversion/YACC1-2020/PCB/Production/IO-V-1.1/CAMOutputs/GerberFiles/copper_bottom.gbr	be12340952bfc8b7c68524a0aa16275e
copy	hardware/cards/io/eagle/v1.1/fab/CAMOutputs/GerberFiles/copper_top.gbr	YACC gitversion/YACC1-2020/PCB/Production/IO-V-1.1/CAMOutputs/GerberFiles/copper_top.gbr	c2e28c7c0e179718ea9c866306af4219
copy	hardware/cards/io/eagle/v1.1/fab/CAMOutputs/GerberFiles/drill_1_16.xln	YACC gitversion/YACC1-2020/PCB/Production/IO-V-1.1/CAMOutputs/GerberFiles/drill_1_16.xln	744a896a58b4768f429ee44ed7016336
copy	hardware/cards/io/eagle/v1.1/fab/CAMOutputs/GerberFiles/gerber_job.gbrjob	YACC gitversion/YACC1-2020/PCB/Production/IO-V-1.1/CAMOutputs/GerberFiles/gerber_job.gbrjob	292323d66605b8c96c225d98372c0d33
copy	hardware/cards/io/eagle/v1.1/fab/CAMOutputs/GerberFiles/profile.gbr	YACC gitversion/YACC1-2020/PCB/Production/IO-V-1.1/CAMOutputs/GerberFiles/profile.gbr	71c74af1da02537eb0c76fc407c9839b
copy	hardware/cards/io/eagle/v1.1/fab/CAMOutputs/GerberFiles/silkscreen_bottom.gbr	YACC gitversion/YACC1-2020/PCB/Production/IO-V-1.1/CAMOutputs/GerberFiles/silkscreen_bottom.gbr	f332d9ce0820305226cdd55282cdf24b
copy	hardware/cards/io/eagle/v1.1/fab/CAMOutputs/GerberFiles/silkscreen_top.gbr	YACC gitversion/YACC1-2020/PCB/Production/IO-V-1.1/CAMOutputs/GerberFiles/silkscreen_top.gbr	a7933013c791ae8df0f326f4a2ffb40f
copy	hardware/cards/io/eagle/v1.1/fab/CAMOutputs/GerberFiles/soldermask_bottom.gbr	YACC gitversion/YACC1-2020/PCB/Production/IO-V-1.1/CAMOutputs/GerberFiles/soldermask_bottom.gbr	8b4697836cf9c2107fa4c9e33f7ebaac
copy	hardware/cards/io/eagle/v1.1/fab/CAMOutputs/GerberFiles/soldermask_top.gbr	YACC gitversion/YACC1-2020/PCB/Production/IO-V-1.1/CAMOutputs/GerberFiles/soldermask_top.gbr	29052ee02b3dfca0222ecd0bd58dfb2a
copy	hardware/cards/io/eagle/v1.1/fab/CAMOutputs/GerberFiles/solderpaste_bottom.gbr	YACC gitversion/YACC1-2020/PCB/Production/IO-V-1.1/CAMOutputs/GerberFiles/solderpaste_bottom.gbr	e7cfbb13c9f0209464e41efff207c85a
copy	hardware/cards/io/eagle/v1.1/fab/CAMOutputs/GerberFiles/solderpaste_top.gbr	YACC gitversion/YACC1-2020/PCB/Production/IO-V-1.1/CAMOutputs/GerberFiles/solderpaste_top.gbr	5b8f24b9c0206ea428f50a073b3296ff
copy	hardware/cards/mem-register/eagle/v1.0/Mem Register V1.0.brd	YACC gitversion/YACC1-2020/PCB/Production/Mem Register V1.0/Mem Register V1.0.brd	7345c2257b25fcbb84c399ac4e0d97a4
copy	hardware/cards/mem-register/eagle/v1.0/Mem Register V1.0.pro	YACC gitversion/YACC1-2020/PCB/Production/Mem Register V1.0/Mem Register V1.0.pro	0f2c9e0d2df588dc97e787b6a8796fa0
copy	hardware/cards/mem-register/eagle/v1.0/Mem Register V1.0.sch	YACC gitversion/YACC1-2020/PCB/Production/Mem Register V1.0/Mem Register V1.0.sch	67d1a23db8d9c36e9ecb3834a2e4e53d
copy	hardware/cards/mem-register/eagle/v1.0/fab/CAMOutputs/Assembly/Mem Register V1.0.txt	YACC gitversion/YACC1-2020/PCB/Production/Mem Register V1.0/CAMOutputs/Assembly/Mem Register V1.0.txt	22a67f5cd912d8c778b1b8c781953eda
copy	hardware/cards/mem-register/eagle/v1.0/fab/CAMOutputs/Assembly/PnP_Mem Register V1.0_back.txt	YACC gitversion/YACC1-2020/PCB/Production/Mem Register V1.0/CAMOutputs/Assembly/PnP_Mem Register V1.0_back.txt	d41d8cd98f00b204e9800998ecf8427e
copy	hardware/cards/mem-register/eagle/v1.0/fab/CAMOutputs/Assembly/PnP_Mem Register V1.0_front.txt	YACC gitversion/YACC1-2020/PCB/Production/Mem Register V1.0/CAMOutputs/Assembly/PnP_Mem Register V1.0_front.txt	d41d8cd98f00b204e9800998ecf8427e
copy	hardware/cards/mem-register/eagle/v1.0/fab/CAMOutputs/DrillFiles/drill_1_16.xln	YACC gitversion/YACC1-2020/PCB/Production/Mem Register V1.0/CAMOutputs/DrillFiles/drill_1_16.xln	9c858b08eba029a187990faf8223aaa7
copy	hardware/cards/mem-register/eagle/v1.0/fab/CAMOutputs/GerberFiles/Archive.zip	YACC gitversion/YACC1-2020/PCB/Production/Mem Register V1.0/CAMOutputs/GerberFiles/Archive.zip	27fe749f425a7c3e6a7b69494cd6e087
copy	hardware/cards/mem-register/eagle/v1.0/fab/CAMOutputs/GerberFiles/copper_bottom.gbr	YACC gitversion/YACC1-2020/PCB/Production/Mem Register V1.0/CAMOutputs/GerberFiles/copper_bottom.gbr	a9eba083832ac53f2421e15d2bfd328f
copy	hardware/cards/mem-register/eagle/v1.0/fab/CAMOutputs/GerberFiles/copper_top.gbr	YACC gitversion/YACC1-2020/PCB/Production/Mem Register V1.0/CAMOutputs/GerberFiles/copper_top.gbr	2a5c47378fa73c275dcde9de8884f199
copy	hardware/cards/mem-register/eagle/v1.0/fab/CAMOutputs/GerberFiles/drill_1_16.xln	YACC gitversion/YACC1-2020/PCB/Production/Mem Register V1.0/CAMOutputs/GerberFiles/drill_1_16.xln	9c858b08eba029a187990faf8223aaa7
copy	hardware/cards/mem-register/eagle/v1.0/fab/CAMOutputs/GerberFiles/gerber_job.gbrjob	YACC gitversion/YACC1-2020/PCB/Production/Mem Register V1.0/CAMOutputs/GerberFiles/gerber_job.gbrjob	02054021a076697ff8ae44da6d8dc2c1
copy	hardware/cards/mem-register/eagle/v1.0/fab/CAMOutputs/GerberFiles/profile.gbr	YACC gitversion/YACC1-2020/PCB/Production/Mem Register V1.0/CAMOutputs/GerberFiles/profile.gbr	5ee37e9e1cbb17fb415808e588fd93d5
copy	hardware/cards/mem-register/eagle/v1.0/fab/CAMOutputs/GerberFiles/silkscreen_bottom.gbr	YACC gitversion/YACC1-2020/PCB/Production/Mem Register V1.0/CAMOutputs/GerberFiles/silkscreen_bottom.gbr	f332d9ce0820305226cdd55282cdf24b
copy	hardware/cards/mem-register/eagle/v1.0/fab/CAMOutputs/GerberFiles/silkscreen_top.gbr	YACC gitversion/YACC1-2020/PCB/Production/Mem Register V1.0/CAMOutputs/GerberFiles/silkscreen_top.gbr	2a9cb7f02b90314cf8a41118cb57a229
copy	hardware/cards/mem-register/eagle/v1.0/fab/CAMOutputs/GerberFiles/soldermask_bottom.gbr	YACC gitversion/YACC1-2020/PCB/Production/Mem Register V1.0/CAMOutputs/GerberFiles/soldermask_bottom.gbr	b4056b0c435c8c70f8d661aa64f0ab4b
copy	hardware/cards/mem-register/eagle/v1.0/fab/CAMOutputs/GerberFiles/soldermask_top.gbr	YACC gitversion/YACC1-2020/PCB/Production/Mem Register V1.0/CAMOutputs/GerberFiles/soldermask_top.gbr	06a72f1c8f6b17d6d157bf109c8d045f
copy	hardware/cards/mem-register/eagle/v1.0/fab/CAMOutputs/GerberFiles/solderpaste_bottom.gbr	YACC gitversion/YACC1-2020/PCB/Production/Mem Register V1.0/CAMOutputs/GerberFiles/solderpaste_bottom.gbr	e7cfbb13c9f0209464e41efff207c85a
copy	hardware/cards/mem-register/eagle/v1.0/fab/CAMOutputs/GerberFiles/solderpaste_top.gbr	YACC gitversion/YACC1-2020/PCB/Production/Mem Register V1.0/CAMOutputs/GerberFiles/solderpaste_top.gbr	5b8f24b9c0206ea428f50a073b3296ff
copy	hardware/cards/mem-switch/eagle/deprecated/v1.0/Mem Switch V1.0.brd	YACC gitversion/YACC1-2020/PCB/Production/Mem Switch V1.0/Mem Switch V1.0.brd	0e177b5d71645048d775fa41c7497f22
copy	hardware/cards/mem-switch/eagle/deprecated/v1.0/Mem Switch V1.0.pro	YACC gitversion/YACC1-2020/PCB/Production/Mem Switch V1.0/Mem Switch V1.0.pro	3d59bee72b334f9a4eb64ac5b388c088
copy	hardware/cards/mem-switch/eagle/deprecated/v1.0/Mem Switch V1.0.sch	YACC gitversion/YACC1-2020/PCB/Production/Mem Switch V1.0/Mem Switch V1.0.sch	e2fbd17809e88fdf19d2a38d9333a79b
copy	hardware/cards/mem-switch/eagle/deprecated/v1.0/fab/CAMOutputs/Assembly/Mem Switch V1.0.txt	YACC gitversion/YACC1-2020/PCB/Production/Mem Switch V1.0/CAMOutputs/Assembly/Mem Switch V1.0.txt	b35bc48cc8fb72809201c896669828d0
copy	hardware/cards/mem-switch/eagle/deprecated/v1.0/fab/CAMOutputs/Assembly/PnP_Mem Switch V1.0_back.txt	YACC gitversion/YACC1-2020/PCB/Production/Mem Switch V1.0/CAMOutputs/Assembly/PnP_Mem Switch V1.0_back.txt	d41d8cd98f00b204e9800998ecf8427e
copy	hardware/cards/mem-switch/eagle/deprecated/v1.0/fab/CAMOutputs/Assembly/PnP_Mem Switch V1.0_front.txt	YACC gitversion/YACC1-2020/PCB/Production/Mem Switch V1.0/CAMOutputs/Assembly/PnP_Mem Switch V1.0_front.txt	d41d8cd98f00b204e9800998ecf8427e
copy	hardware/cards/mem-switch/eagle/deprecated/v1.0/fab/CAMOutputs/DrillFiles/drill_1_16.xln	YACC gitversion/YACC1-2020/PCB/Production/Mem Switch V1.0/CAMOutputs/DrillFiles/drill_1_16.xln	d505305e977cf71c4bf93fa42d5110e0
copy	hardware/cards/mem-switch/eagle/deprecated/v1.0/fab/CAMOutputs/GerberFiles/Archive.zip	YACC gitversion/YACC1-2020/PCB/Production/Mem Switch V1.0/CAMOutputs/GerberFiles/Archive.zip	3a6d2e9024a22a3683cb11f7b9e70439
copy	hardware/cards/mem-switch/eagle/deprecated/v1.0/fab/CAMOutputs/GerberFiles/copper_bottom.gbr	YACC gitversion/YACC1-2020/PCB/Production/Mem Switch V1.0/CAMOutputs/GerberFiles/copper_bottom.gbr	7f77782ade39e2c4fa7a786594b8f035
copy	hardware/cards/mem-switch/eagle/deprecated/v1.0/fab/CAMOutputs/GerberFiles/copper_top.gbr	YACC gitversion/YACC1-2020/PCB/Production/Mem Switch V1.0/CAMOutputs/GerberFiles/copper_top.gbr	5f71b17cbd5fbd13ad7bd7b6f65c66cd
copy	hardware/cards/mem-switch/eagle/deprecated/v1.0/fab/CAMOutputs/GerberFiles/drill_1_16.xln	YACC gitversion/YACC1-2020/PCB/Production/Mem Switch V1.0/CAMOutputs/GerberFiles/drill_1_16.xln	d505305e977cf71c4bf93fa42d5110e0
copy	hardware/cards/mem-switch/eagle/deprecated/v1.0/fab/CAMOutputs/GerberFiles/gerber_job.gbrjob	YACC gitversion/YACC1-2020/PCB/Production/Mem Switch V1.0/CAMOutputs/GerberFiles/gerber_job.gbrjob	6c1d924ddcd8607f5b8df76cf94f61e3
copy	hardware/cards/mem-switch/eagle/deprecated/v1.0/fab/CAMOutputs/GerberFiles/profile.gbr	YACC gitversion/YACC1-2020/PCB/Production/Mem Switch V1.0/CAMOutputs/GerberFiles/profile.gbr	5ee37e9e1cbb17fb415808e588fd93d5
copy	hardware/cards/mem-switch/eagle/deprecated/v1.0/fab/CAMOutputs/GerberFiles/silkscreen_bottom.gbr	YACC gitversion/YACC1-2020/PCB/Production/Mem Switch V1.0/CAMOutputs/GerberFiles/silkscreen_bottom.gbr	f332d9ce0820305226cdd55282cdf24b
copy	hardware/cards/mem-switch/eagle/deprecated/v1.0/fab/CAMOutputs/GerberFiles/silkscreen_top.gbr	YACC gitversion/YACC1-2020/PCB/Production/Mem Switch V1.0/CAMOutputs/GerberFiles/silkscreen_top.gbr	79f72d37162382095e7d92a3bfb98ae1
copy	hardware/cards/mem-switch/eagle/deprecated/v1.0/fab/CAMOutputs/GerberFiles/soldermask_bottom.gbr	YACC gitversion/YACC1-2020/PCB/Production/Mem Switch V1.0/CAMOutputs/GerberFiles/soldermask_bottom.gbr	101977edb280bf41af2ed9b682169a77
copy	hardware/cards/mem-switch/eagle/deprecated/v1.0/fab/CAMOutputs/GerberFiles/soldermask_top.gbr	YACC gitversion/YACC1-2020/PCB/Production/Mem Switch V1.0/CAMOutputs/GerberFiles/soldermask_top.gbr	59f2c8f6689f82416d83d2f82cc3a41f
copy	hardware/cards/mem-switch/eagle/deprecated/v1.0/fab/CAMOutputs/GerberFiles/solderpaste_bottom.gbr	YACC gitversion/YACC1-2020/PCB/Production/Mem Switch V1.0/CAMOutputs/GerberFiles/solderpaste_bottom.gbr	e7cfbb13c9f0209464e41efff207c85a
copy	hardware/cards/mem-switch/eagle/deprecated/v1.0/fab/CAMOutputs/GerberFiles/solderpaste_top.gbr	YACC gitversion/YACC1-2020/PCB/Production/Mem Switch V1.0/CAMOutputs/GerberFiles/solderpaste_top.gbr	5b8f24b9c0206ea428f50a073b3296ff
copy	hardware/cards/mem-switch/eagle/v1.1/Mem Switch V1.1.brd	YACC gitversion/YACC1-2020/PCB/Production/Mem Switch V1.1/Mem Switch V1.1.brd	d902784e039d1975f9e0f40448100033
copy	hardware/cards/mem-switch/eagle/v1.1/Mem Switch V1.1.pro	YACC gitversion/YACC1-2020/PCB/Production/Mem Switch V1.1/Mem Switch V1.1.pro	8324e43038abdf371519809a23f11dcd
copy	hardware/cards/mem-switch/eagle/v1.1/Mem Switch V1.1.sch	YACC gitversion/YACC1-2020/PCB/Production/Mem Switch V1.1/Mem Switch V1.1.sch	0ac09e70654b785dc8ae20499ab8bd79
copy	hardware/cards/mem-switch/eagle/v1.1/Notes.rtf	YACC gitversion/YACC1-2020/PCB/Production/Mem Switch V1.1/Notes.rtf	18d499a589170c2546bb9efb11dc5c01
copy	hardware/cards/mem-switch/eagle/v1.1/fab/CAMOutputs/Assembly/Mem Switch V1.1.txt	YACC gitversion/YACC1-2020/PCB/Production/Mem Switch V1.1/CAMOutputs/Assembly/Mem Switch V1.1.txt	26d5216c97d7e04672b3d2fe7dfeab22
copy	hardware/cards/mem-switch/eagle/v1.1/fab/CAMOutputs/Assembly/PnP_Mem Switch V1.1_back.txt	YACC gitversion/YACC1-2020/PCB/Production/Mem Switch V1.1/CAMOutputs/Assembly/PnP_Mem Switch V1.1_back.txt	d41d8cd98f00b204e9800998ecf8427e
copy	hardware/cards/mem-switch/eagle/v1.1/fab/CAMOutputs/Assembly/PnP_Mem Switch V1.1_front.txt	YACC gitversion/YACC1-2020/PCB/Production/Mem Switch V1.1/CAMOutputs/Assembly/PnP_Mem Switch V1.1_front.txt	d41d8cd98f00b204e9800998ecf8427e
copy	hardware/cards/mem-switch/eagle/v1.1/fab/CAMOutputs/DrillFiles/drill_1_16.xln	YACC gitversion/YACC1-2020/PCB/Production/Mem Switch V1.1/CAMOutputs/DrillFiles/drill_1_16.xln	d3a6a43bae5a036e675d9554c1637b0d
copy	hardware/cards/mem-switch/eagle/v1.1/fab/CAMOutputs/GerberFiles/Archive.zip	YACC gitversion/YACC1-2020/PCB/Production/Mem Switch V1.1/CAMOutputs/GerberFiles/Archive.zip	b50eb3cc609ab63524f6c3b50159d822
copy	hardware/cards/mem-switch/eagle/v1.1/fab/CAMOutputs/GerberFiles/copper_bottom.gbr	YACC gitversion/YACC1-2020/PCB/Production/Mem Switch V1.1/CAMOutputs/GerberFiles/copper_bottom.gbr	eef7a6f9b9ffbf05e8abf8aadc99aa48
copy	hardware/cards/mem-switch/eagle/v1.1/fab/CAMOutputs/GerberFiles/copper_top.gbr	YACC gitversion/YACC1-2020/PCB/Production/Mem Switch V1.1/CAMOutputs/GerberFiles/copper_top.gbr	8e7c5fa4f83f92b92714b93a56bbcb0e
copy	hardware/cards/mem-switch/eagle/v1.1/fab/CAMOutputs/GerberFiles/drill_1_16.xln	YACC gitversion/YACC1-2020/PCB/Production/Mem Switch V1.1/CAMOutputs/GerberFiles/drill_1_16.xln	d3a6a43bae5a036e675d9554c1637b0d
copy	hardware/cards/mem-switch/eagle/v1.1/fab/CAMOutputs/GerberFiles/gerber_job.gbrjob	YACC gitversion/YACC1-2020/PCB/Production/Mem Switch V1.1/CAMOutputs/GerberFiles/gerber_job.gbrjob	92fb4136f7e183f742e68b788305a85a
copy	hardware/cards/mem-switch/eagle/v1.1/fab/CAMOutputs/GerberFiles/profile.gbr	YACC gitversion/YACC1-2020/PCB/Production/Mem Switch V1.1/CAMOutputs/GerberFiles/profile.gbr	5ee37e9e1cbb17fb415808e588fd93d5
copy	hardware/cards/mem-switch/eagle/v1.1/fab/CAMOutputs/GerberFiles/silkscreen_bottom.gbr	YACC gitversion/YACC1-2020/PCB/Production/Mem Switch V1.1/CAMOutputs/GerberFiles/silkscreen_bottom.gbr	f332d9ce0820305226cdd55282cdf24b
copy	hardware/cards/mem-switch/eagle/v1.1/fab/CAMOutputs/GerberFiles/silkscreen_top.gbr	YACC gitversion/YACC1-2020/PCB/Production/Mem Switch V1.1/CAMOutputs/GerberFiles/silkscreen_top.gbr	1eed7575f1c95ec605762489f555b019
copy	hardware/cards/mem-switch/eagle/v1.1/fab/CAMOutputs/GerberFiles/soldermask_bottom.gbr	YACC gitversion/YACC1-2020/PCB/Production/Mem Switch V1.1/CAMOutputs/GerberFiles/soldermask_bottom.gbr	35ec8acce1afab4030522d70996582b0
copy	hardware/cards/mem-switch/eagle/v1.1/fab/CAMOutputs/GerberFiles/soldermask_top.gbr	YACC gitversion/YACC1-2020/PCB/Production/Mem Switch V1.1/CAMOutputs/GerberFiles/soldermask_top.gbr	b0977c667976ba607794a90dc6024ad7
copy	hardware/cards/mem-switch/eagle/v1.1/fab/CAMOutputs/GerberFiles/solderpaste_bottom.gbr	YACC gitversion/YACC1-2020/PCB/Production/Mem Switch V1.1/CAMOutputs/GerberFiles/solderpaste_bottom.gbr	e7cfbb13c9f0209464e41efff207c85a
copy	hardware/cards/mem-switch/eagle/v1.1/fab/CAMOutputs/GerberFiles/solderpaste_top.gbr	YACC gitversion/YACC1-2020/PCB/Production/Mem Switch V1.1/CAMOutputs/GerberFiles/solderpaste_top.gbr	5b8f24b9c0206ea428f50a073b3296ff
copy	hardware/cards/memory/eagle/deprecated/v1.0/Memory V1.0.brd	YACCS-OLD/YACC1-2020-OLD/PCB/Production/Old & obsolete/Memory v1.0/Memory V1.0.brd	c5ce9c2b2388fca860a39402e5e7f002
copy	hardware/cards/memory/eagle/deprecated/v1.0/Memory V1.0.pro	YACCS-OLD/YACC1-2020-OLD/PCB/Production/Old & obsolete/Memory v1.0/Memory V1.0.pro	c53a8397c70ab6fcbeb1e336b69cd247
copy	hardware/cards/memory/eagle/deprecated/v1.0/Memory V1.0.sch	YACCS-OLD/YACC1-2020-OLD/PCB/Production/Old & obsolete/Memory v1.0/Memory V1.0.sch	26083e47ff1f628c0754a21c365bf2ec
copy	hardware/cards/memory/eagle/deprecated/v1.0/fab/CAMOutputs/Assembly/Memory V1.0.txt	YACCS-OLD/YACC1-2020-OLD/PCB/Production/Old & obsolete/Memory v1.0/CAMOutputs/Assembly/Memory V1.0.txt	e3af5b7581e7b23c938a2d1bbd91ebe7
copy	hardware/cards/memory/eagle/deprecated/v1.0/fab/CAMOutputs/Assembly/PnP_Memory V1.0_back.txt	YACCS-OLD/YACC1-2020-OLD/PCB/Production/Old & obsolete/Memory v1.0/CAMOutputs/Assembly/PnP_Memory V1.0_back.txt	d41d8cd98f00b204e9800998ecf8427e
copy	hardware/cards/memory/eagle/deprecated/v1.0/fab/CAMOutputs/Assembly/PnP_Memory V1.0_front.txt	YACCS-OLD/YACC1-2020-OLD/PCB/Production/Old & obsolete/Memory v1.0/CAMOutputs/Assembly/PnP_Memory V1.0_front.txt	d41d8cd98f00b204e9800998ecf8427e
copy	hardware/cards/memory/eagle/deprecated/v1.0/fab/CAMOutputs/DrillFiles/drill_1_16.xln	YACCS-OLD/YACC1-2020-OLD/PCB/Production/Old & obsolete/Memory v1.0/CAMOutputs/DrillFiles/drill_1_16.xln	c273ad907b7697227beb13deae3544e2
copy	hardware/cards/memory/eagle/deprecated/v1.0/fab/CAMOutputs/GerberFiles/Archive.zip	YACCS-OLD/YACC1-2020-OLD/PCB/Production/Old & obsolete/Memory v1.0/CAMOutputs/GerberFiles/Archive.zip	ad0fc4b3ef8e5001ff116dcf878dbb8d
copy	hardware/cards/memory/eagle/deprecated/v1.0/fab/CAMOutputs/GerberFiles/copper_bottom.gbr	YACCS-OLD/YACC1-2020-OLD/PCB/Production/Old & obsolete/Memory v1.0/CAMOutputs/GerberFiles/copper_bottom.gbr	4681b70ae8e6f26e7a2997e09b87a7ce
copy	hardware/cards/memory/eagle/deprecated/v1.0/fab/CAMOutputs/GerberFiles/copper_top.gbr	YACCS-OLD/YACC1-2020-OLD/PCB/Production/Old & obsolete/Memory v1.0/CAMOutputs/GerberFiles/copper_top.gbr	687c65f6bf3f7c125d55b442712c3c87
copy	hardware/cards/memory/eagle/deprecated/v1.0/fab/CAMOutputs/GerberFiles/drill_1_16.xln	YACCS-OLD/YACC1-2020-OLD/PCB/Production/Old & obsolete/Memory v1.0/CAMOutputs/GerberFiles/drill_1_16.xln	c273ad907b7697227beb13deae3544e2
copy	hardware/cards/memory/eagle/deprecated/v1.0/fab/CAMOutputs/GerberFiles/gerber_job.gbrjob	YACCS-OLD/YACC1-2020-OLD/PCB/Production/Old & obsolete/Memory v1.0/CAMOutputs/GerberFiles/gerber_job.gbrjob	c8eb3e426ea8763d3a88a19911703339
copy	hardware/cards/memory/eagle/deprecated/v1.0/fab/CAMOutputs/GerberFiles/profile.gbr	YACCS-OLD/YACC1-2020-OLD/PCB/Production/Old & obsolete/Memory v1.0/CAMOutputs/GerberFiles/profile.gbr	5ee37e9e1cbb17fb415808e588fd93d5
copy	hardware/cards/memory/eagle/deprecated/v1.0/fab/CAMOutputs/GerberFiles/silkscreen_bottom.gbr	YACCS-OLD/YACC1-2020-OLD/PCB/Production/Old & obsolete/Memory v1.0/CAMOutputs/GerberFiles/silkscreen_bottom.gbr	f332d9ce0820305226cdd55282cdf24b
copy	hardware/cards/memory/eagle/deprecated/v1.0/fab/CAMOutputs/GerberFiles/silkscreen_top.gbr	YACCS-OLD/YACC1-2020-OLD/PCB/Production/Old & obsolete/Memory v1.0/CAMOutputs/GerberFiles/silkscreen_top.gbr	b2d517fc84a4b516a695a2a79952bb02
copy	hardware/cards/memory/eagle/deprecated/v1.0/fab/CAMOutputs/GerberFiles/soldermask_bottom.gbr	YACCS-OLD/YACC1-2020-OLD/PCB/Production/Old & obsolete/Memory v1.0/CAMOutputs/GerberFiles/soldermask_bottom.gbr	50b61c58816fb6d98d120ae272632a84
copy	hardware/cards/memory/eagle/deprecated/v1.0/fab/CAMOutputs/GerberFiles/soldermask_top.gbr	YACCS-OLD/YACC1-2020-OLD/PCB/Production/Old & obsolete/Memory v1.0/CAMOutputs/GerberFiles/soldermask_top.gbr	77cf297d172b5f944f88fe0443f61864
copy	hardware/cards/memory/eagle/deprecated/v1.0/fab/CAMOutputs/GerberFiles/solderpaste_bottom.gbr	YACCS-OLD/YACC1-2020-OLD/PCB/Production/Old & obsolete/Memory v1.0/CAMOutputs/GerberFiles/solderpaste_bottom.gbr	e7cfbb13c9f0209464e41efff207c85a
copy	hardware/cards/memory/eagle/deprecated/v1.0/fab/CAMOutputs/GerberFiles/solderpaste_top.gbr	YACCS-OLD/YACC1-2020-OLD/PCB/Production/Old & obsolete/Memory v1.0/CAMOutputs/GerberFiles/solderpaste_top.gbr	5b8f24b9c0206ea428f50a073b3296ff
copy	hardware/cards/memory/eagle/deprecated/v1.1/Memory V1.0.brd	YACCS-OLD/YACC1-2020-OLD/PCB/Production/Old & obsolete/Memory v1.1/Memory V1.0.brd	45031dc1c40a866e8b708faec2037363
copy	hardware/cards/memory/eagle/deprecated/v1.1/Memory V1.0.pro	YACCS-OLD/YACC1-2020-OLD/PCB/Production/Old & obsolete/Memory v1.1/Memory V1.0.pro	23281dceca1f4edc6d3e0329a09a699f
copy	hardware/cards/memory/eagle/deprecated/v1.1/Memory V1.0.sch	YACCS-OLD/YACC1-2020-OLD/PCB/Production/Old & obsolete/Memory v1.1/Memory V1.0.sch	e2cad2bf969ddc3a3d701fa20b147268
copy	hardware/cards/memory/eagle/deprecated/v1.1/Notes.rtf	YACCS-OLD/YACC1-2020-OLD/PCB/Production/Old & obsolete/Memory v1.1/Notes.rtf	e686791aafe742bcefb31101a551002d
copy	hardware/cards/memory/eagle/deprecated/v1.1/ROM ZSelect.circ	YACCS-OLD/YACC1-2020-OLD/PCB/Production/Old & obsolete/Memory v1.1/ROM ZSelect.circ	a317af96c49d168798ca49b95ac2d8e8
copy	hardware/cards/memory/eagle/deprecated/v1.1/fab/CAMOutputs/Assembly/Memory V1.0.txt	YACCS-OLD/YACC1-2020-OLD/PCB/Production/Old & obsolete/Memory v1.1/CAMOutputs/Assembly/Memory V1.0.txt	ab69c2efc84d5567317ca0926e7f531c
copy	hardware/cards/memory/eagle/deprecated/v1.1/fab/CAMOutputs/Assembly/PnP_Memory V1.0_back.txt	YACCS-OLD/YACC1-2020-OLD/PCB/Production/Old & obsolete/Memory v1.1/CAMOutputs/Assembly/PnP_Memory V1.0_back.txt	d41d8cd98f00b204e9800998ecf8427e
copy	hardware/cards/memory/eagle/deprecated/v1.1/fab/CAMOutputs/Assembly/PnP_Memory V1.0_front.txt	YACCS-OLD/YACC1-2020-OLD/PCB/Production/Old & obsolete/Memory v1.1/CAMOutputs/Assembly/PnP_Memory V1.0_front.txt	d41d8cd98f00b204e9800998ecf8427e
copy	hardware/cards/memory/eagle/deprecated/v1.1/fab/CAMOutputs/DrillFiles/drill_1_16.xln	YACCS-OLD/YACC1-2020-OLD/PCB/Production/Old & obsolete/Memory v1.1/CAMOutputs/DrillFiles/drill_1_16.xln	fd5e7d495992fbc659bfeca5d0dca02c
copy	hardware/cards/memory/eagle/deprecated/v1.1/fab/CAMOutputs/GerberFiles/Archive.zip	YACCS-OLD/YACC1-2020-OLD/PCB/Production/Old & obsolete/Memory v1.1/CAMOutputs/GerberFiles/Archive.zip	fc85f1c29c1f08549994d43cecbee459
copy	hardware/cards/memory/eagle/deprecated/v1.1/fab/CAMOutputs/GerberFiles/copper_bottom.gbr	YACCS-OLD/YACC1-2020-OLD/PCB/Production/Old & obsolete/Memory v1.1/CAMOutputs/GerberFiles/copper_bottom.gbr	09ba2a64f9aade10b532423840451f35
copy	hardware/cards/memory/eagle/deprecated/v1.1/fab/CAMOutputs/GerberFiles/copper_top.gbr	YACCS-OLD/YACC1-2020-OLD/PCB/Production/Old & obsolete/Memory v1.1/CAMOutputs/GerberFiles/copper_top.gbr	4e0ec8fe476b1d713aeaa24bdbd629af
copy	hardware/cards/memory/eagle/deprecated/v1.1/fab/CAMOutputs/GerberFiles/drill_1_16.xln	YACCS-OLD/YACC1-2020-OLD/PCB/Production/Old & obsolete/Memory v1.1/CAMOutputs/GerberFiles/drill_1_16.xln	fd5e7d495992fbc659bfeca5d0dca02c
copy	hardware/cards/memory/eagle/deprecated/v1.1/fab/CAMOutputs/GerberFiles/gerber_job.gbrjob	YACCS-OLD/YACC1-2020-OLD/PCB/Production/Old & obsolete/Memory v1.1/CAMOutputs/GerberFiles/gerber_job.gbrjob	efdf2810bba4289ede86f7deb9e3a421
copy	hardware/cards/memory/eagle/deprecated/v1.1/fab/CAMOutputs/GerberFiles/profile.gbr	YACCS-OLD/YACC1-2020-OLD/PCB/Production/Old & obsolete/Memory v1.1/CAMOutputs/GerberFiles/profile.gbr	5ee37e9e1cbb17fb415808e588fd93d5
copy	hardware/cards/memory/eagle/deprecated/v1.1/fab/CAMOutputs/GerberFiles/silkscreen_bottom.gbr	YACCS-OLD/YACC1-2020-OLD/PCB/Production/Old & obsolete/Memory v1.1/CAMOutputs/GerberFiles/silkscreen_bottom.gbr	f332d9ce0820305226cdd55282cdf24b
copy	hardware/cards/memory/eagle/deprecated/v1.1/fab/CAMOutputs/GerberFiles/silkscreen_top.gbr	YACCS-OLD/YACC1-2020-OLD/PCB/Production/Old & obsolete/Memory v1.1/CAMOutputs/GerberFiles/silkscreen_top.gbr	8a307cf145c3ca08b97a363710aaa61b
copy	hardware/cards/memory/eagle/deprecated/v1.1/fab/CAMOutputs/GerberFiles/soldermask_bottom.gbr	YACCS-OLD/YACC1-2020-OLD/PCB/Production/Old & obsolete/Memory v1.1/CAMOutputs/GerberFiles/soldermask_bottom.gbr	f01cd4019300cb03eb468b1cc9dcddef
copy	hardware/cards/memory/eagle/deprecated/v1.1/fab/CAMOutputs/GerberFiles/soldermask_top.gbr	YACCS-OLD/YACC1-2020-OLD/PCB/Production/Old & obsolete/Memory v1.1/CAMOutputs/GerberFiles/soldermask_top.gbr	eaadb46f826fb0f39e7555d1bbe5862f
copy	hardware/cards/memory/eagle/deprecated/v1.1/fab/CAMOutputs/GerberFiles/solderpaste_bottom.gbr	YACCS-OLD/YACC1-2020-OLD/PCB/Production/Old & obsolete/Memory v1.1/CAMOutputs/GerberFiles/solderpaste_bottom.gbr	e7cfbb13c9f0209464e41efff207c85a
copy	hardware/cards/memory/eagle/deprecated/v1.1/fab/CAMOutputs/GerberFiles/solderpaste_top.gbr	YACCS-OLD/YACC1-2020-OLD/PCB/Production/Old & obsolete/Memory v1.1/CAMOutputs/GerberFiles/solderpaste_top.gbr	5b8f24b9c0206ea428f50a073b3296ff
copy	hardware/cards/memory/eagle/deprecated/v1.2/Build Notes.rtf	YACC gitversion/YACC1-2020/PCB/Production/Memory v1.2/Build Notes.rtf	a98ad0deb51a3846adf0863c9ede0c8c
copy	hardware/cards/memory/eagle/deprecated/v1.2/Memory V1.2.brd	YACC gitversion/YACC1-2020/PCB/Production/Memory v1.2/Memory V1.2.brd	f70a37653e0fe5c79fa021175294e2fa
copy	hardware/cards/memory/eagle/deprecated/v1.2/Memory V1.2.brd.old.brd	YACC gitversion/YACC1-2020/PCB/Working - Under Develolpment/Memory v1.3/Memory V1.2.brd.old.brd	e8128ef600b2232ad231b90ad2c336e8
copy	hardware/cards/memory/eagle/deprecated/v1.2/Memory V1.2.pdf	YACC gitversion/YACC1-2020/PCB/Production/Memory v1.2/Memory V1.2.pdf	c0b2b91cd9fc631a3773c6cc37924c7a
copy	hardware/cards/memory/eagle/deprecated/v1.2/Memory V1.2.pro	YACC gitversion/YACC1-2020/PCB/Production/Memory v1.2/Memory V1.2.pro	aa2341003f8b67e02dcc7f94b75d202c
copy	hardware/cards/memory/eagle/deprecated/v1.2/Memory V1.2.sch	YACC gitversion/YACC1-2020/PCB/Production/Memory v1.2/Memory V1.2.sch	5d46811bc17d7770b4e0d1bc6e196345
copy	hardware/cards/memory/eagle/deprecated/v1.2/Notes.rtf	YACC gitversion/YACC1-2020/PCB/Production/Memory v1.2/Notes.rtf	edbac8998432046f5a3316183883d0df
copy	hardware/cards/memory/eagle/deprecated/v1.2/ROM ZSelect.circ	YACC gitversion/YACC1-2020/PCB/Production/Memory v1.2/ROM ZSelect.circ	a317af96c49d168798ca49b95ac2d8e8
copy	hardware/cards/memory/eagle/deprecated/v1.2/fab/CAMOutputs/Assembly/Memory V1.0.txt	YACC gitversion/YACC1-2020/PCB/Production/Memory v1.2/CAMOutputs/Assembly/Memory V1.0.txt	ab69c2efc84d5567317ca0926e7f531c
copy	hardware/cards/memory/eagle/deprecated/v1.2/fab/CAMOutputs/Assembly/Memory V1.2.csv	YACC gitversion/YACC1-2020/PCB/Production/Memory v1.2/CAMOutputs/Assembly/Memory V1.2.csv	d99394081bcd2102e968fe2bb8db610a
copy	hardware/cards/memory/eagle/deprecated/v1.2/fab/CAMOutputs/Assembly/PnP_Memory V1.0_back.txt	YACC gitversion/YACC1-2020/PCB/Production/Memory v1.2/CAMOutputs/Assembly/PnP_Memory V1.0_back.txt	d41d8cd98f00b204e9800998ecf8427e
copy	hardware/cards/memory/eagle/deprecated/v1.2/fab/CAMOutputs/Assembly/PnP_Memory V1.0_front.txt	YACC gitversion/YACC1-2020/PCB/Production/Memory v1.2/CAMOutputs/Assembly/PnP_Memory V1.0_front.txt	d41d8cd98f00b204e9800998ecf8427e
copy	hardware/cards/memory/eagle/deprecated/v1.2/fab/CAMOutputs/Assembly/PnP_Memory V1.2_back.txt	YACC gitversion/YACC1-2020/PCB/Production/Memory v1.2/CAMOutputs/Assembly/PnP_Memory V1.2_back.txt	d41d8cd98f00b204e9800998ecf8427e
copy	hardware/cards/memory/eagle/deprecated/v1.2/fab/CAMOutputs/Assembly/PnP_Memory V1.2_front.txt	YACC gitversion/YACC1-2020/PCB/Production/Memory v1.2/CAMOutputs/Assembly/PnP_Memory V1.2_front.txt	d41d8cd98f00b204e9800998ecf8427e
copy	hardware/cards/memory/eagle/deprecated/v1.2/fab/CAMOutputs/DrillFiles/drill_1_16.xln	YACC gitversion/YACC1-2020/PCB/Production/Memory v1.2/CAMOutputs/DrillFiles/drill_1_16.xln	c7fc693ff63734824ac1d7201a911f99
copy	hardware/cards/memory/eagle/deprecated/v1.2/fab/CAMOutputs/GerberFiles/Archive.zip	YACC gitversion/YACC1-2020/PCB/Production/Memory v1.2/CAMOutputs/GerberFiles/Archive.zip	a1b18d61c5c07be2be71fc10d5750de8
copy	hardware/cards/memory/eagle/deprecated/v1.2/fab/CAMOutputs/GerberFiles/copper_bottom_l4.gbr	YACC gitversion/YACC1-2020/PCB/Production/Memory v1.2/CAMOutputs/GerberFiles/copper_bottom_l4.gbr	fb0a2e72153bbf3539a5b660ab301318
copy	hardware/cards/memory/eagle/deprecated/v1.2/fab/CAMOutputs/GerberFiles/copper_inner_l2.gbr	YACC gitversion/YACC1-2020/PCB/Production/Memory v1.2/CAMOutputs/GerberFiles/copper_inner_l2.gbr	cc96ccba3bd2d01b886b5cca536c100f
copy	hardware/cards/memory/eagle/deprecated/v1.2/fab/CAMOutputs/GerberFiles/copper_inner_l3.gbr	YACC gitversion/YACC1-2020/PCB/Production/Memory v1.2/CAMOutputs/GerberFiles/copper_inner_l3.gbr	a163880c31d39252e89c110097a4b0fb
copy	hardware/cards/memory/eagle/deprecated/v1.2/fab/CAMOutputs/GerberFiles/copper_top_l1.gbr	YACC gitversion/YACC1-2020/PCB/Production/Memory v1.2/CAMOutputs/GerberFiles/copper_top_l1.gbr	d1bfe4dd1723cc204466f0548a440290
copy	hardware/cards/memory/eagle/deprecated/v1.2/fab/CAMOutputs/GerberFiles/drill_1_16.xln	YACC gitversion/YACC1-2020/PCB/Production/Memory v1.2/CAMOutputs/GerberFiles/drill_1_16.xln	c7fc693ff63734824ac1d7201a911f99
copy	hardware/cards/memory/eagle/deprecated/v1.2/fab/CAMOutputs/GerberFiles/gerber_job.gbrjob	YACC gitversion/YACC1-2020/PCB/Production/Memory v1.2/CAMOutputs/GerberFiles/gerber_job.gbrjob	6fe3d8a89814cbfc9a1ae321965cfbbd
copy	hardware/cards/memory/eagle/deprecated/v1.2/fab/CAMOutputs/GerberFiles/profile.gbr	YACC gitversion/YACC1-2020/PCB/Production/Memory v1.2/CAMOutputs/GerberFiles/profile.gbr	5ee37e9e1cbb17fb415808e588fd93d5
copy	hardware/cards/memory/eagle/deprecated/v1.2/fab/CAMOutputs/GerberFiles/silkscreen_bottom.gbr	YACC gitversion/YACC1-2020/PCB/Production/Memory v1.2/CAMOutputs/GerberFiles/silkscreen_bottom.gbr	f332d9ce0820305226cdd55282cdf24b
copy	hardware/cards/memory/eagle/deprecated/v1.2/fab/CAMOutputs/GerberFiles/silkscreen_top.gbr	YACC gitversion/YACC1-2020/PCB/Production/Memory v1.2/CAMOutputs/GerberFiles/silkscreen_top.gbr	82ebca76a4233fe3b383114bb6ee4093
copy	hardware/cards/memory/eagle/deprecated/v1.2/fab/CAMOutputs/GerberFiles/soldermask_bottom.gbr	YACC gitversion/YACC1-2020/PCB/Production/Memory v1.2/CAMOutputs/GerberFiles/soldermask_bottom.gbr	fac27fe4f37834b3162eed9ea9631122
copy	hardware/cards/memory/eagle/deprecated/v1.2/fab/CAMOutputs/GerberFiles/soldermask_top.gbr	YACC gitversion/YACC1-2020/PCB/Production/Memory v1.2/CAMOutputs/GerberFiles/soldermask_top.gbr	07ddaee7b1f76b9d487811d135b4db12
copy	hardware/cards/memory/eagle/deprecated/v1.2/fab/CAMOutputs/GerberFiles/solderpaste_bottom.gbr	YACC gitversion/YACC1-2020/PCB/Production/Memory v1.2/CAMOutputs/GerberFiles/solderpaste_bottom.gbr	e7cfbb13c9f0209464e41efff207c85a
copy	hardware/cards/memory/eagle/deprecated/v1.2/fab/CAMOutputs/GerberFiles/solderpaste_top.gbr	YACC gitversion/YACC1-2020/PCB/Production/Memory v1.2/CAMOutputs/GerberFiles/solderpaste_top.gbr	5b8f24b9c0206ea428f50a073b3296ff
copy	hardware/cards/memory/eagle/v1.3/Memory V1.3.brd	YACC gitversion/YACC1-2020/PCB/Working - Under Develolpment/Memory v1.3/Memory V1.3.brd	3266b4c927a0d1b80874febe640599bf
copy	hardware/cards/memory/eagle/v1.3/Memory V1.3.pro	YACC gitversion/YACC1-2020/PCB/Working - Under Develolpment/Memory v1.3/Memory V1.3.pro	91029f5638e65004dab78778f32405fa
copy	hardware/cards/memory/eagle/v1.3/Memory V1.3.sch	YACC gitversion/YACC1-2020/PCB/Working - Under Develolpment/Memory v1.3/Memory V1.3.sch	c4102983941e4c5374cc8998847485ba
copy	hardware/cards/memory/eagle/v1.3/Notes.rtf	YACC gitversion/YACC1-2020/PCB/Working - Under Develolpment/Memory v1.3/Notes.rtf	700ca612412e250e6b97a71f6ff73e51
copy	hardware/cards/memory/eagle/v1.3/ROM ZSelect.circ	YACC gitversion/YACC1-2020/PCB/Working - Under Develolpment/Memory v1.3/ROM ZSelect.circ	a317af96c49d168798ca49b95ac2d8e8
copy	hardware/cards/memory/eagle/v1.3/fab/Blank V3.1 v4.cam	YACC gitversion/YACC1-2020/PCB/Working - Under Develolpment/Memory v1.3/Blank V3.1 v4.cam	91b450f443eb7050303eb0a1584d5cc6
copy	hardware/cards/memory/eagle/v1.3/fab/CAMOutputs/Assembly/Memory V1.0.txt	YACC gitversion/YACC1-2020/PCB/Working - Under Develolpment/Memory v1.3/CAMOutputs/Assembly/Memory V1.0.txt	ab69c2efc84d5567317ca0926e7f531c
copy	hardware/cards/memory/eagle/v1.3/fab/CAMOutputs/Assembly/Memory V1.2.csv	YACC gitversion/YACC1-2020/PCB/Working - Under Develolpment/Memory v1.3/CAMOutputs/Assembly/Memory V1.2.csv	d99394081bcd2102e968fe2bb8db610a
copy	hardware/cards/memory/eagle/v1.3/fab/CAMOutputs/Assembly/PnP_Memory V1.0_back.txt	YACC gitversion/YACC1-2020/PCB/Working - Under Develolpment/Memory v1.3/CAMOutputs/Assembly/PnP_Memory V1.0_back.txt	d41d8cd98f00b204e9800998ecf8427e
copy	hardware/cards/memory/eagle/v1.3/fab/CAMOutputs/Assembly/PnP_Memory V1.0_front.txt	YACC gitversion/YACC1-2020/PCB/Working - Under Develolpment/Memory v1.3/CAMOutputs/Assembly/PnP_Memory V1.0_front.txt	d41d8cd98f00b204e9800998ecf8427e
copy	hardware/cards/memory/eagle/v1.3/fab/CAMOutputs/Assembly/PnP_Memory V1.2_back.txt	YACC gitversion/YACC1-2020/PCB/Working - Under Develolpment/Memory v1.3/CAMOutputs/Assembly/PnP_Memory V1.2_back.txt	d41d8cd98f00b204e9800998ecf8427e
copy	hardware/cards/memory/eagle/v1.3/fab/CAMOutputs/Assembly/PnP_Memory V1.2_front.txt	YACC gitversion/YACC1-2020/PCB/Working - Under Develolpment/Memory v1.3/CAMOutputs/Assembly/PnP_Memory V1.2_front.txt	d41d8cd98f00b204e9800998ecf8427e
copy	hardware/cards/memory/eagle/v1.3/fab/CAMOutputs/DrillFiles/drill_1_16.xln	YACC gitversion/YACC1-2020/PCB/Working - Under Develolpment/Memory v1.3/CAMOutputs/DrillFiles/drill_1_16.xln	c7fc693ff63734824ac1d7201a911f99
copy	hardware/cards/memory/eagle/v1.3/fab/CAMOutputs/GerberFiles/Archive.zip	YACC gitversion/YACC1-2020/PCB/Working - Under Develolpment/Memory v1.3/CAMOutputs/GerberFiles/Archive.zip	a1b18d61c5c07be2be71fc10d5750de8
copy	hardware/cards/memory/eagle/v1.3/fab/CAMOutputs/GerberFiles/copper_bottom_l4.gbr	YACC gitversion/YACC1-2020/PCB/Working - Under Develolpment/Memory v1.3/CAMOutputs/GerberFiles/copper_bottom_l4.gbr	fb0a2e72153bbf3539a5b660ab301318
copy	hardware/cards/memory/eagle/v1.3/fab/CAMOutputs/GerberFiles/copper_inner_l2.gbr	YACC gitversion/YACC1-2020/PCB/Working - Under Develolpment/Memory v1.3/CAMOutputs/GerberFiles/copper_inner_l2.gbr	cc96ccba3bd2d01b886b5cca536c100f
copy	hardware/cards/memory/eagle/v1.3/fab/CAMOutputs/GerberFiles/copper_inner_l3.gbr	YACC gitversion/YACC1-2020/PCB/Working - Under Develolpment/Memory v1.3/CAMOutputs/GerberFiles/copper_inner_l3.gbr	a163880c31d39252e89c110097a4b0fb
copy	hardware/cards/memory/eagle/v1.3/fab/CAMOutputs/GerberFiles/copper_top_l1.gbr	YACC gitversion/YACC1-2020/PCB/Working - Under Develolpment/Memory v1.3/CAMOutputs/GerberFiles/copper_top_l1.gbr	d1bfe4dd1723cc204466f0548a440290
copy	hardware/cards/memory/eagle/v1.3/fab/CAMOutputs/GerberFiles/drill_1_16.xln	YACC gitversion/YACC1-2020/PCB/Working - Under Develolpment/Memory v1.3/CAMOutputs/GerberFiles/drill_1_16.xln	c7fc693ff63734824ac1d7201a911f99
copy	hardware/cards/memory/eagle/v1.3/fab/CAMOutputs/GerberFiles/gerber_job.gbrjob	YACC gitversion/YACC1-2020/PCB/Working - Under Develolpment/Memory v1.3/CAMOutputs/GerberFiles/gerber_job.gbrjob	6fe3d8a89814cbfc9a1ae321965cfbbd
copy	hardware/cards/memory/eagle/v1.3/fab/CAMOutputs/GerberFiles/profile.gbr	YACC gitversion/YACC1-2020/PCB/Working - Under Develolpment/Memory v1.3/CAMOutputs/GerberFiles/profile.gbr	5ee37e9e1cbb17fb415808e588fd93d5
copy	hardware/cards/memory/eagle/v1.3/fab/CAMOutputs/GerberFiles/silkscreen_bottom.gbr	YACC gitversion/YACC1-2020/PCB/Working - Under Develolpment/Memory v1.3/CAMOutputs/GerberFiles/silkscreen_bottom.gbr	f332d9ce0820305226cdd55282cdf24b
copy	hardware/cards/memory/eagle/v1.3/fab/CAMOutputs/GerberFiles/silkscreen_top.gbr	YACC gitversion/YACC1-2020/PCB/Working - Under Develolpment/Memory v1.3/CAMOutputs/GerberFiles/silkscreen_top.gbr	82ebca76a4233fe3b383114bb6ee4093
copy	hardware/cards/memory/eagle/v1.3/fab/CAMOutputs/GerberFiles/soldermask_bottom.gbr	YACC gitversion/YACC1-2020/PCB/Working - Under Develolpment/Memory v1.3/CAMOutputs/GerberFiles/soldermask_bottom.gbr	fac27fe4f37834b3162eed9ea9631122
copy	hardware/cards/memory/eagle/v1.3/fab/CAMOutputs/GerberFiles/soldermask_top.gbr	YACC gitversion/YACC1-2020/PCB/Working - Under Develolpment/Memory v1.3/CAMOutputs/GerberFiles/soldermask_top.gbr	07ddaee7b1f76b9d487811d135b4db12
copy	hardware/cards/memory/eagle/v1.3/fab/CAMOutputs/GerberFiles/solderpaste_bottom.gbr	YACC gitversion/YACC1-2020/PCB/Working - Under Develolpment/Memory v1.3/CAMOutputs/GerberFiles/solderpaste_bottom.gbr	e7cfbb13c9f0209464e41efff207c85a
copy	hardware/cards/memory/eagle/v1.3/fab/CAMOutputs/GerberFiles/solderpaste_top.gbr	YACC gitversion/YACC1-2020/PCB/Working - Under Develolpment/Memory v1.3/CAMOutputs/GerberFiles/solderpaste_top.gbr	5b8f24b9c0206ea428f50a073b3296ff
copy	hardware/cards/memory/eagle/v1.3/fab/Memory V1.3 v3.cam	YACC gitversion/YACC1-2020/PCB/Working - Under Develolpment/Memory v1.3/Memory V1.3 v3.cam	f6a72913134cec0910f78440d1e02de5
copy	hardware/cards/memory/eagle/v1.3/fab/Memory V1.3 v4.cam	YACC gitversion/YACC1-2020/PCB/Working - Under Develolpment/Memory v1.3/Memory V1.3 v4.cam	326257fcfbcdf0adfc551e110710fb8d
copy	hardware/cards/memory/eagle/v1.3/fab/Memory V1_2025-06-27.zip	YACC gitversion/YACC1-2020/PCB/Working - Under Develolpment/Memory v1.3/Memory V1_2025-06-27.zip	f8859e72da3ca4125117d3cfc5876712
copy	hardware/cards/protocard/eagle/v1.0/ProtoCard-Prod-V1.0.brd	YACC gitversion/YACC1-2020/PCB/Production/PROTOCARD-PROD-V1.0/ProtoCard-Prod-V1.0.brd	3d7d81dd2c694a8715385cb6c38a7757
copy	hardware/cards/protocard/eagle/v1.0/ProtoCard-Prod-V1.0.pro	YACC gitversion/YACC1-2020/PCB/Production/PROTOCARD-PROD-V1.0/ProtoCard-Prod-V1.0.pro	a039de1974417e3c5fad45fca54961f2
copy	hardware/cards/protocard/eagle/v1.0/ProtoCard-Prod-V1.0.sch	YACC gitversion/YACC1-2020/PCB/Production/PROTOCARD-PROD-V1.0/ProtoCard-Prod-V1.0.sch	35fbaed274500b7ed64e16b29187edf5
copy	hardware/cards/protocard/eagle/v1.0/fab/ProtoCard-Prod-V1.0.dri	YACC gitversion/YACC1-2020/PCB/Production/PROTOCARD-PROD-V1.0/ProtoCard-Prod-V1.0.dri	161100be423d1517a18cf51959f01dc4
copy	hardware/cards/protocard/eagle/v1.0/fab/ProtoCard-Prod-V1.0.gpi	YACC gitversion/YACC1-2020/PCB/Production/PROTOCARD-PROD-V1.0/ProtoCard-Prod-V1.0.gpi	e2966cfbda5556bfac4c05414f6a8c50
copy	hardware/cards/protocard/eagle/v1.0/fab/gerbers.zip	YACC gitversion/YACC1-2020/PCB/Production/PROTOCARD-PROD-V1.0/gerbers.zip	4dbf15cf32840da4dd4770287e084b7c
copy	hardware/cards/register/eagle/deprecated/v1.0-no-address/Index Registers - 1.0.brd	YACCS-OLD/YACC1-2020-OLD/PCB/Production/Old & obsolete/Index Registers - no address1.0/Index Registers - 1.0.brd	1d9b2661da8332aea75bdaf6e5e64bd4
copy	hardware/cards/register/eagle/deprecated/v1.0-no-address/Index Registers - 1.0.pro	YACCS-OLD/YACC1-2020-OLD/PCB/Production/Old & obsolete/Index Registers - no address1.0/Index Registers - 1.0.pro	c893392ea2287864089e764da83809a7
copy	hardware/cards/register/eagle/deprecated/v1.0-no-address/Index Registers - 1.0.sch	YACCS-OLD/YACC1-2020-OLD/PCB/Production/Old & obsolete/Index Registers - no address1.0/Index Registers - 1.0.sch	76c52e0637cfb68510eee29b6c181351
copy	hardware/cards/register/eagle/deprecated/v1.0-no-address/Index Registers - 1.0_00.pro	YACCS-OLD/YACC1-2020-OLD/PCB/Production/Old & obsolete/Index Registers - no address1.0/Index Registers - 1.0_00.pro	2fb470cf0aea75fabfcd094509109194
copy	hardware/cards/register/eagle/deprecated/v1.0-no-address/Index Registers - 1.0_01.pro	YACCS-OLD/YACC1-2020-OLD/PCB/Production/Old & obsolete/Index Registers - no address1.0/Index Registers - 1.0_01.pro	ed14d26e6fab78603bbe5c2d2c85d34d
copy	hardware/cards/register/eagle/deprecated/v1.0-no-address/Notes.rtf	YACCS-OLD/YACC1-2020-OLD/PCB/Production/Old & obsolete/Index Registers - no address1.0/Notes.rtf	86f93ef7751cd051b253d5033f47272f
copy	hardware/cards/register/eagle/deprecated/v1.0-no-address/fab/CAMOutputs/Assembly/Index Registers - 1.0.txt	YACCS-OLD/YACC1-2020-OLD/PCB/Production/Old & obsolete/Index Registers - no address1.0/CAMOutputs/Assembly/Index Registers - 1.0.txt	997d75e338a228efe996536c7694e497
copy	hardware/cards/register/eagle/deprecated/v1.0-no-address/fab/CAMOutputs/Assembly/PnP_Index Registers - 1.0_back.txt	YACCS-OLD/YACC1-2020-OLD/PCB/Production/Old & obsolete/Index Registers - no address1.0/CAMOutputs/Assembly/PnP_Index Registers - 1.0_back.txt	d41d8cd98f00b204e9800998ecf8427e
copy	hardware/cards/register/eagle/deprecated/v1.0-no-address/fab/CAMOutputs/Assembly/PnP_Index Registers - 1.0_front.txt	YACCS-OLD/YACC1-2020-OLD/PCB/Production/Old & obsolete/Index Registers - no address1.0/CAMOutputs/Assembly/PnP_Index Registers - 1.0_front.txt	d41d8cd98f00b204e9800998ecf8427e
copy	hardware/cards/register/eagle/deprecated/v1.0-no-address/fab/CAMOutputs/DrillFiles/drill_1_16.xln	YACCS-OLD/YACC1-2020-OLD/PCB/Production/Old & obsolete/Index Registers - no address1.0/CAMOutputs/DrillFiles/drill_1_16.xln	1851da8cfcb7e4679874a84d7cee81af
copy	hardware/cards/register/eagle/deprecated/v1.0-no-address/fab/CAMOutputs/GerberFiles/Archive.zip	YACCS-OLD/YACC1-2020-OLD/PCB/Production/Old & obsolete/Index Registers - no address1.0/CAMOutputs/GerberFiles/Archive.zip	9e37d7802d6cd8facd584a65c7b9739f
copy	hardware/cards/register/eagle/deprecated/v1.0-no-address/fab/CAMOutputs/GerberFiles/copper_bottom.gbr	YACCS-OLD/YACC1-2020-OLD/PCB/Production/Old & obsolete/Index Registers - no address1.0/CAMOutputs/GerberFiles/copper_bottom.gbr	550369cecc77cc3c3ecd4a46c72f1c14
copy	hardware/cards/register/eagle/deprecated/v1.0-no-address/fab/CAMOutputs/GerberFiles/copper_top.gbr	YACCS-OLD/YACC1-2020-OLD/PCB/Production/Old & obsolete/Index Registers - no address1.0/CAMOutputs/GerberFiles/copper_top.gbr	beb3a8594e95648914feee570335896f
copy	hardware/cards/register/eagle/deprecated/v1.0-no-address/fab/CAMOutputs/GerberFiles/drill_1_16.xln	YACCS-OLD/YACC1-2020-OLD/PCB/Production/Old & obsolete/Index Registers - no address1.0/CAMOutputs/GerberFiles/drill_1_16.xln	1851da8cfcb7e4679874a84d7cee81af
copy	hardware/cards/register/eagle/deprecated/v1.0-no-address/fab/CAMOutputs/GerberFiles/gerber_job.gbrjob	YACCS-OLD/YACC1-2020-OLD/PCB/Production/Old & obsolete/Index Registers - no address1.0/CAMOutputs/GerberFiles/gerber_job.gbrjob	aa1806dcadb0af929a92d75a1da1bdf0
copy	hardware/cards/register/eagle/deprecated/v1.0-no-address/fab/CAMOutputs/GerberFiles/profile.gbr	YACCS-OLD/YACC1-2020-OLD/PCB/Production/Old & obsolete/Index Registers - no address1.0/CAMOutputs/GerberFiles/profile.gbr	c2a4b83dee7f8502239ea2e6608214c7
copy	hardware/cards/register/eagle/deprecated/v1.0-no-address/fab/CAMOutputs/GerberFiles/silkscreen_bottom.gbr	YACCS-OLD/YACC1-2020-OLD/PCB/Production/Old & obsolete/Index Registers - no address1.0/CAMOutputs/GerberFiles/silkscreen_bottom.gbr	f332d9ce0820305226cdd55282cdf24b
copy	hardware/cards/register/eagle/deprecated/v1.0-no-address/fab/CAMOutputs/GerberFiles/silkscreen_top.gbr	YACCS-OLD/YACC1-2020-OLD/PCB/Production/Old & obsolete/Index Registers - no address1.0/CAMOutputs/GerberFiles/silkscreen_top.gbr	8643f40fa9729306dcd448a088d43d96
copy	hardware/cards/register/eagle/deprecated/v1.0-no-address/fab/CAMOutputs/GerberFiles/soldermask_bottom.gbr	YACCS-OLD/YACC1-2020-OLD/PCB/Production/Old & obsolete/Index Registers - no address1.0/CAMOutputs/GerberFiles/soldermask_bottom.gbr	13ca27319a9912ea85f1e0ac11e0924b
copy	hardware/cards/register/eagle/deprecated/v1.0-no-address/fab/CAMOutputs/GerberFiles/soldermask_top.gbr	YACCS-OLD/YACC1-2020-OLD/PCB/Production/Old & obsolete/Index Registers - no address1.0/CAMOutputs/GerberFiles/soldermask_top.gbr	16a9037e7e0f8e6933fafed20a7fbfce
copy	hardware/cards/register/eagle/deprecated/v1.0-no-address/fab/CAMOutputs/GerberFiles/solderpaste_bottom.gbr	YACCS-OLD/YACC1-2020-OLD/PCB/Production/Old & obsolete/Index Registers - no address1.0/CAMOutputs/GerberFiles/solderpaste_bottom.gbr	e7cfbb13c9f0209464e41efff207c85a
copy	hardware/cards/register/eagle/deprecated/v1.0-no-address/fab/CAMOutputs/GerberFiles/solderpaste_top.gbr	YACCS-OLD/YACC1-2020-OLD/PCB/Production/Old & obsolete/Index Registers - no address1.0/CAMOutputs/GerberFiles/solderpaste_top.gbr	5b8f24b9c0206ea428f50a073b3296ff
copy	hardware/cards/register/eagle/deprecated/v1.0/Index Registers - 1.0.brd	YACCS-OLD/YACC1-2020-ORIG/PCB/Production/Index Registers 1.0/Index Registers - 1.0.brd	1d9b2661da8332aea75bdaf6e5e64bd4
copy	hardware/cards/register/eagle/deprecated/v1.0/Index Registers - 1.0.pdf	YACCS-OLD/YACC1-2020-ORIG/PCB/Production/Index Registers 1.0/Index Registers - 1.0.pdf	98d8ec04487f4eed9afc90f2b810aa26
copy	hardware/cards/register/eagle/deprecated/v1.0/Index Registers - 1.0.pro	YACCS-OLD/YACC1-2020-ORIG/PCB/Production/Index Registers 1.0/Index Registers - 1.0.pro	c893392ea2287864089e764da83809a7
copy	hardware/cards/register/eagle/deprecated/v1.0/Index Registers - 1.0.sch	YACCS-OLD/YACC1-2020-ORIG/PCB/Production/Index Registers 1.0/Index Registers - 1.0.sch	76c52e0637cfb68510eee29b6c181351
copy	hardware/cards/register/eagle/deprecated/v1.0/Index Registers - 1.0_00.pro	YACCS-OLD/YACC1-2020-ORIG/PCB/Production/Index Registers 1.0/Index Registers - 1.0_00.pro	2fb470cf0aea75fabfcd094509109194
copy	hardware/cards/register/eagle/deprecated/v1.0/Index Registers - 1.0_01.pro	YACCS-OLD/YACC1-2020-ORIG/PCB/Production/Index Registers 1.0/Index Registers - 1.0_01.pro	ed14d26e6fab78603bbe5c2d2c85d34d
copy	hardware/cards/register/eagle/deprecated/v1.0/Notes.rtf	YACCS-OLD/YACC1-2020-ORIG/PCB/Production/Index Registers 1.0/Notes.rtf	86f93ef7751cd051b253d5033f47272f
copy	hardware/cards/register/eagle/deprecated/v1.0/fab/CAMOutputs/Assembly/Index Registers - 1.0.txt	YACCS-OLD/YACC1-2020-ORIG/PCB/Production/Index Registers 1.0/CAMOutputs/Assembly/Index Registers - 1.0.txt	997d75e338a228efe996536c7694e497
copy	hardware/cards/register/eagle/deprecated/v1.0/fab/CAMOutputs/Assembly/PnP_Index Registers - 1.0_back.txt	YACCS-OLD/YACC1-2020-ORIG/PCB/Production/Index Registers 1.0/CAMOutputs/Assembly/PnP_Index Registers - 1.0_back.txt	d41d8cd98f00b204e9800998ecf8427e
copy	hardware/cards/register/eagle/deprecated/v1.0/fab/CAMOutputs/Assembly/PnP_Index Registers - 1.0_front.txt	YACCS-OLD/YACC1-2020-ORIG/PCB/Production/Index Registers 1.0/CAMOutputs/Assembly/PnP_Index Registers - 1.0_front.txt	d41d8cd98f00b204e9800998ecf8427e
copy	hardware/cards/register/eagle/deprecated/v1.0/fab/CAMOutputs/DrillFiles/drill_1_16.xln	YACCS-OLD/YACC1-2020-ORIG/PCB/Production/Index Registers 1.0/CAMOutputs/DrillFiles/drill_1_16.xln	1851da8cfcb7e4679874a84d7cee81af
copy	hardware/cards/register/eagle/deprecated/v1.0/fab/CAMOutputs/GerberFiles/Archive.zip	YACCS-OLD/YACC1-2020-ORIG/PCB/Production/Index Registers 1.0/CAMOutputs/GerberFiles/Archive.zip	9e37d7802d6cd8facd584a65c7b9739f
copy	hardware/cards/register/eagle/deprecated/v1.0/fab/CAMOutputs/GerberFiles/copper_bottom.gbr	YACCS-OLD/YACC1-2020-ORIG/PCB/Production/Index Registers 1.0/CAMOutputs/GerberFiles/copper_bottom.gbr	550369cecc77cc3c3ecd4a46c72f1c14
copy	hardware/cards/register/eagle/deprecated/v1.0/fab/CAMOutputs/GerberFiles/copper_top.gbr	YACCS-OLD/YACC1-2020-ORIG/PCB/Production/Index Registers 1.0/CAMOutputs/GerberFiles/copper_top.gbr	beb3a8594e95648914feee570335896f
copy	hardware/cards/register/eagle/deprecated/v1.0/fab/CAMOutputs/GerberFiles/drill_1_16.xln	YACCS-OLD/YACC1-2020-ORIG/PCB/Production/Index Registers 1.0/CAMOutputs/GerberFiles/drill_1_16.xln	1851da8cfcb7e4679874a84d7cee81af
copy	hardware/cards/register/eagle/deprecated/v1.0/fab/CAMOutputs/GerberFiles/gerber_job.gbrjob	YACCS-OLD/YACC1-2020-ORIG/PCB/Production/Index Registers 1.0/CAMOutputs/GerberFiles/gerber_job.gbrjob	aa1806dcadb0af929a92d75a1da1bdf0
copy	hardware/cards/register/eagle/deprecated/v1.0/fab/CAMOutputs/GerberFiles/profile.gbr	YACCS-OLD/YACC1-2020-ORIG/PCB/Production/Index Registers 1.0/CAMOutputs/GerberFiles/profile.gbr	c2a4b83dee7f8502239ea2e6608214c7
copy	hardware/cards/register/eagle/deprecated/v1.0/fab/CAMOutputs/GerberFiles/silkscreen_bottom.gbr	YACCS-OLD/YACC1-2020-ORIG/PCB/Production/Index Registers 1.0/CAMOutputs/GerberFiles/silkscreen_bottom.gbr	f332d9ce0820305226cdd55282cdf24b
copy	hardware/cards/register/eagle/deprecated/v1.0/fab/CAMOutputs/GerberFiles/silkscreen_top.gbr	YACCS-OLD/YACC1-2020-ORIG/PCB/Production/Index Registers 1.0/CAMOutputs/GerberFiles/silkscreen_top.gbr	8643f40fa9729306dcd448a088d43d96
copy	hardware/cards/register/eagle/deprecated/v1.0/fab/CAMOutputs/GerberFiles/soldermask_bottom.gbr	YACCS-OLD/YACC1-2020-ORIG/PCB/Production/Index Registers 1.0/CAMOutputs/GerberFiles/soldermask_bottom.gbr	13ca27319a9912ea85f1e0ac11e0924b
copy	hardware/cards/register/eagle/deprecated/v1.0/fab/CAMOutputs/GerberFiles/soldermask_top.gbr	YACCS-OLD/YACC1-2020-ORIG/PCB/Production/Index Registers 1.0/CAMOutputs/GerberFiles/soldermask_top.gbr	16a9037e7e0f8e6933fafed20a7fbfce
copy	hardware/cards/register/eagle/deprecated/v1.0/fab/CAMOutputs/GerberFiles/solderpaste_bottom.gbr	YACCS-OLD/YACC1-2020-ORIG/PCB/Production/Index Registers 1.0/CAMOutputs/GerberFiles/solderpaste_bottom.gbr	e7cfbb13c9f0209464e41efff207c85a
copy	hardware/cards/register/eagle/deprecated/v1.0/fab/CAMOutputs/GerberFiles/solderpaste_top.gbr	YACCS-OLD/YACC1-2020-ORIG/PCB/Production/Index Registers 1.0/CAMOutputs/GerberFiles/solderpaste_top.gbr	5b8f24b9c0206ea428f50a073b3296ff
copy	hardware/cards/register/eagle/v1.1/Index Registers - 1.1.brd	YACC gitversion/YACC1-2020/PCB/Production/Index Registers 1.1/Index Registers - 1.1.brd	0d61c7ee915f82584a0f41e236391831
copy	hardware/cards/register/eagle/v1.1/Index Registers - 1.1.pro	YACC gitversion/YACC1-2020/PCB/Production/Index Registers 1.1/Index Registers - 1.1.pro	36b3d79d69224c0f524f73dc089d8b35
copy	hardware/cards/register/eagle/v1.1/Index Registers - 1.1.sch	YACC gitversion/YACC1-2020/PCB/Production/Index Registers 1.1/Index Registers - 1.1.sch	dc54edcbc7228344e0dca15c4f21ea48
copy	hardware/cards/register/eagle/v1.1/Notes.rtf	YACC gitversion/YACC1-2020/PCB/Working - Under Develolpment/Index Registers 1.2/Notes.rtf	e50ab54914be51f5a6348404f97be0b9
copy	hardware/cards/register/eagle/v1.1/fab/CAMOutputs/Assembly/Index Registers - 1.1.csv	YACC gitversion/YACC1-2020/PCB/Production/Index Registers 1.1/CAMOutputs/Assembly/Index Registers - 1.1.csv	b34a55c4a90bdac077807f5c6ce1400c
copy	hardware/cards/register/eagle/v1.1/fab/CAMOutputs/Assembly/PnP_Index Registers - 1.1_back.txt	YACC gitversion/YACC1-2020/PCB/Production/Index Registers 1.1/CAMOutputs/Assembly/PnP_Index Registers - 1.1_back.txt	d41d8cd98f00b204e9800998ecf8427e
copy	hardware/cards/register/eagle/v1.1/fab/CAMOutputs/Assembly/PnP_Index Registers - 1.1_front.txt	YACC gitversion/YACC1-2020/PCB/Production/Index Registers 1.1/CAMOutputs/Assembly/PnP_Index Registers - 1.1_front.txt	d41d8cd98f00b204e9800998ecf8427e
copy	hardware/cards/register/eagle/v1.1/fab/CAMOutputs/DrillFiles/drill_1_16.xln	YACC gitversion/YACC1-2020/PCB/Production/Index Registers 1.1/CAMOutputs/DrillFiles/drill_1_16.xln	995b4a280d7d50b900f2713225c3f957
copy	hardware/cards/register/eagle/v1.1/fab/CAMOutputs/GerberFiles/Archive.zip	YACC gitversion/YACC1-2020/PCB/Production/Index Registers 1.1/CAMOutputs/GerberFiles/Archive.zip	5bf07e58ca189d526a2083a2ba03fd0f
copy	hardware/cards/register/eagle/v1.1/fab/CAMOutputs/GerberFiles/copper_bottom_l4.gbr	YACC gitversion/YACC1-2020/PCB/Production/Index Registers 1.1/CAMOutputs/GerberFiles/copper_bottom_l4.gbr	1233cd6b0130288844cead1760819b01
copy	hardware/cards/register/eagle/v1.1/fab/CAMOutputs/GerberFiles/copper_inner_l2.gbr	YACC gitversion/YACC1-2020/PCB/Production/Index Registers 1.1/CAMOutputs/GerberFiles/copper_inner_l2.gbr	c681162ed61955b3ad7693b6a8c237e3
copy	hardware/cards/register/eagle/v1.1/fab/CAMOutputs/GerberFiles/copper_inner_l3.gbr	YACC gitversion/YACC1-2020/PCB/Production/Index Registers 1.1/CAMOutputs/GerberFiles/copper_inner_l3.gbr	9d538613f47f1f549e2908f26bc7774c
copy	hardware/cards/register/eagle/v1.1/fab/CAMOutputs/GerberFiles/copper_top_l1.gbr	YACC gitversion/YACC1-2020/PCB/Production/Index Registers 1.1/CAMOutputs/GerberFiles/copper_top_l1.gbr	682fea9bc3535843e3096c805c6f472d
copy	hardware/cards/register/eagle/v1.1/fab/CAMOutputs/GerberFiles/drill_1_16.xln	YACC gitversion/YACC1-2020/PCB/Production/Index Registers 1.1/CAMOutputs/GerberFiles/drill_1_16.xln	995b4a280d7d50b900f2713225c3f957
copy	hardware/cards/register/eagle/v1.1/fab/CAMOutputs/GerberFiles/gerber_job.gbrjob	YACC gitversion/YACC1-2020/PCB/Production/Index Registers 1.1/CAMOutputs/GerberFiles/gerber_job.gbrjob	761d9d1f8bcebaa27fda4701fe745073
copy	hardware/cards/register/eagle/v1.1/fab/CAMOutputs/GerberFiles/profile.gbr	YACC gitversion/YACC1-2020/PCB/Production/Index Registers 1.1/CAMOutputs/GerberFiles/profile.gbr	c2a4b83dee7f8502239ea2e6608214c7
copy	hardware/cards/register/eagle/v1.1/fab/CAMOutputs/GerberFiles/silkscreen_bottom.gbr	YACC gitversion/YACC1-2020/PCB/Production/Index Registers 1.1/CAMOutputs/GerberFiles/silkscreen_bottom.gbr	f332d9ce0820305226cdd55282cdf24b
copy	hardware/cards/register/eagle/v1.1/fab/CAMOutputs/GerberFiles/silkscreen_top.gbr	YACC gitversion/YACC1-2020/PCB/Production/Index Registers 1.1/CAMOutputs/GerberFiles/silkscreen_top.gbr	21d12fdbe450752baaf24ddd016fef04
copy	hardware/cards/register/eagle/v1.1/fab/CAMOutputs/GerberFiles/soldermask_bottom.gbr	YACC gitversion/YACC1-2020/PCB/Production/Index Registers 1.1/CAMOutputs/GerberFiles/soldermask_bottom.gbr	04307b1190f63c49a8fd264823673f68
copy	hardware/cards/register/eagle/v1.1/fab/CAMOutputs/GerberFiles/soldermask_top.gbr	YACC gitversion/YACC1-2020/PCB/Production/Index Registers 1.1/CAMOutputs/GerberFiles/soldermask_top.gbr	8ef022eb0cc12a8f140394d3b16bf921
copy	hardware/cards/register/eagle/v1.1/fab/CAMOutputs/GerberFiles/solderpaste_bottom.gbr	YACC gitversion/YACC1-2020/PCB/Production/Index Registers 1.1/CAMOutputs/GerberFiles/solderpaste_bottom.gbr	e7cfbb13c9f0209464e41efff207c85a
copy	hardware/cards/register/eagle/v1.1/fab/CAMOutputs/GerberFiles/solderpaste_top.gbr	YACC gitversion/YACC1-2020/PCB/Production/Index Registers 1.1/CAMOutputs/GerberFiles/solderpaste_top.gbr	5b8f24b9c0206ea428f50a073b3296ff
copy	hardware/cards/register/eagle/v1.1/testcircuit.circ	YACC gitversion/YACC1-2020/PCB/Production/Index Registers 1.1/testcircuit.circ	a23026f5020ca9d457affaa5883abcdf
copy	hardware/cards/sequencer-logic/eagle/deprecated/v2.0/Sequencer-Logic-Prod-V2.0.brd	YACCS-OLD/YACC1-2020-OLD/PCB/Production/Old & obsolete/Sequencer-Logic-v2.0/Sequencer-Logic-Prod-V2.0.brd	cb67f99f31814ad759394132abd3cc47
copy	hardware/cards/sequencer-logic/eagle/deprecated/v2.0/Sequencer-Logic-Prod-V2.0.pdf	YACCS-OLD/YACC1-2020-OLD/PCB/Production/Old & obsolete/Sequencer-Logic-v2.0/Sequencer-Logic-Prod-V2.0.pdf	4705a03a4d1ea660d9130ae348d3dfdc
copy	hardware/cards/sequencer-logic/eagle/deprecated/v2.0/Sequencer-Logic-Prod-V2.0.pro	YACCS-OLD/YACC1-2020-OLD/PCB/Production/Old & obsolete/Sequencer-Logic-v2.0/Sequencer-Logic-Prod-V2.0.pro	816cf14a32d98d49564fad47d074d522
copy	hardware/cards/sequencer-logic/eagle/deprecated/v2.0/Sequencer-Logic-Prod-V2.0.sch	YACCS-OLD/YACC1-2020-OLD/PCB/Production/Old & obsolete/Sequencer-Logic-v2.0/Sequencer-Logic-Prod-V2.0.sch	bdc9fa4d1ad4fe36b4de5849bddfd6a5
copy	hardware/cards/sequencer-logic/eagle/deprecated/v2.0/fab/CAMOutputs/Assembly/PnP_Sequencer-Logic-Prod-V2.0_back.txt	YACCS-OLD/YACC1-2020-OLD/PCB/Production/Old & obsolete/Sequencer-Logic-v2.0/CAMOutputs/Assembly/PnP_Sequencer-Logic-Prod-V2.0_back.txt	d41d8cd98f00b204e9800998ecf8427e
copy	hardware/cards/sequencer-logic/eagle/deprecated/v2.0/fab/CAMOutputs/Assembly/PnP_Sequencer-Logic-Prod-V2.0_front.txt	YACCS-OLD/YACC1-2020-OLD/PCB/Production/Old & obsolete/Sequencer-Logic-v2.0/CAMOutputs/Assembly/PnP_Sequencer-Logic-Prod-V2.0_front.txt	d41d8cd98f00b204e9800998ecf8427e
copy	hardware/cards/sequencer-logic/eagle/deprecated/v2.0/fab/CAMOutputs/Assembly/Sequencer-Logic-Prod-V2.0.csv	YACCS-OLD/YACC1-2020-OLD/PCB/Production/Old & obsolete/Sequencer-Logic-v2.0/CAMOutputs/Assembly/Sequencer-Logic-Prod-V2.0.csv	391c090e8c02f5f4bd7e5308dab2da3a
copy	hardware/cards/sequencer-logic/eagle/deprecated/v2.0/fab/CAMOutputs/DrillFiles/drill_1_16.xln	YACCS-OLD/YACC1-2020-OLD/PCB/Production/Old & obsolete/Sequencer-Logic-v2.0/CAMOutputs/DrillFiles/drill_1_16.xln	4320745dcc51495a6f20e6df2b0854a1
copy	hardware/cards/sequencer-logic/eagle/deprecated/v2.0/fab/CAMOutputs/GerberFiles/Archive.zip	YACCS-OLD/YACC1-2020-OLD/PCB/Production/Old & obsolete/Sequencer-Logic-v2.0/CAMOutputs/GerberFiles/Archive.zip	a1e4a9245af41d71aa7bde740fca228e
copy	hardware/cards/sequencer-logic/eagle/deprecated/v2.0/fab/CAMOutputs/GerberFiles/copper_bottom_l4.gbr	YACCS-OLD/YACC1-2020-OLD/PCB/Production/Old & obsolete/Sequencer-Logic-v2.0/CAMOutputs/GerberFiles/copper_bottom_l4.gbr	c5951634caee0592a78a6f0cd0e84eef
copy	hardware/cards/sequencer-logic/eagle/deprecated/v2.0/fab/CAMOutputs/GerberFiles/copper_inner_l2.gbr	YACCS-OLD/YACC1-2020-OLD/PCB/Production/Old & obsolete/Sequencer-Logic-v2.0/CAMOutputs/GerberFiles/copper_inner_l2.gbr	53e4f298fb3f06b57a8e857412d8fddf
copy	hardware/cards/sequencer-logic/eagle/deprecated/v2.0/fab/CAMOutputs/GerberFiles/copper_inner_l3.gbr	YACCS-OLD/YACC1-2020-OLD/PCB/Production/Old & obsolete/Sequencer-Logic-v2.0/CAMOutputs/GerberFiles/copper_inner_l3.gbr	c26e1747cc4971a97562b50e29cd5583
copy	hardware/cards/sequencer-logic/eagle/deprecated/v2.0/fab/CAMOutputs/GerberFiles/copper_top_l1.gbr	YACCS-OLD/YACC1-2020-OLD/PCB/Production/Old & obsolete/Sequencer-Logic-v2.0/CAMOutputs/GerberFiles/copper_top_l1.gbr	c9722354b7aa0d2dddc12f64e3f1a6b1
copy	hardware/cards/sequencer-logic/eagle/deprecated/v2.0/fab/CAMOutputs/GerberFiles/drill_1_16.xln	YACCS-OLD/YACC1-2020-OLD/PCB/Production/Old & obsolete/Sequencer-Logic-v2.0/CAMOutputs/GerberFiles/drill_1_16.xln	4320745dcc51495a6f20e6df2b0854a1
copy	hardware/cards/sequencer-logic/eagle/deprecated/v2.0/fab/CAMOutputs/GerberFiles/gerber_job.gbrjob	YACCS-OLD/YACC1-2020-OLD/PCB/Production/Old & obsolete/Sequencer-Logic-v2.0/CAMOutputs/GerberFiles/gerber_job.gbrjob	962aef2e6f66253d8bec707d372efeee
copy	hardware/cards/sequencer-logic/eagle/deprecated/v2.0/fab/CAMOutputs/GerberFiles/profile.gbr	YACCS-OLD/YACC1-2020-OLD/PCB/Production/Old & obsolete/Sequencer-Logic-v2.0/CAMOutputs/GerberFiles/profile.gbr	3f51a8329b82babf6739383f974192a9
copy	hardware/cards/sequencer-logic/eagle/deprecated/v2.0/fab/CAMOutputs/GerberFiles/silkscreen_bottom.gbr	YACCS-OLD/YACC1-2020-OLD/PCB/Production/Old & obsolete/Sequencer-Logic-v2.0/CAMOutputs/GerberFiles/silkscreen_bottom.gbr	f332d9ce0820305226cdd55282cdf24b
copy	hardware/cards/sequencer-logic/eagle/deprecated/v2.0/fab/CAMOutputs/GerberFiles/silkscreen_top.gbr	YACCS-OLD/YACC1-2020-OLD/PCB/Production/Old & obsolete/Sequencer-Logic-v2.0/CAMOutputs/GerberFiles/silkscreen_top.gbr	d8076c8431afedb0d2ecf3d26a4e210c
copy	hardware/cards/sequencer-logic/eagle/deprecated/v2.0/fab/CAMOutputs/GerberFiles/soldermask_bottom.gbr	YACCS-OLD/YACC1-2020-OLD/PCB/Production/Old & obsolete/Sequencer-Logic-v2.0/CAMOutputs/GerberFiles/soldermask_bottom.gbr	fcad65cc3da7c8561f0fd9d59f931dc7
copy	hardware/cards/sequencer-logic/eagle/deprecated/v2.0/fab/CAMOutputs/GerberFiles/soldermask_top.gbr	YACCS-OLD/YACC1-2020-OLD/PCB/Production/Old & obsolete/Sequencer-Logic-v2.0/CAMOutputs/GerberFiles/soldermask_top.gbr	3b7209030c25cc41ae72051822cd625f
copy	hardware/cards/sequencer-logic/eagle/deprecated/v2.0/fab/CAMOutputs/GerberFiles/solderpaste_bottom.gbr	YACCS-OLD/YACC1-2020-OLD/PCB/Production/Old & obsolete/Sequencer-Logic-v2.0/CAMOutputs/GerberFiles/solderpaste_bottom.gbr	e7cfbb13c9f0209464e41efff207c85a
copy	hardware/cards/sequencer-logic/eagle/deprecated/v2.0/fab/CAMOutputs/GerberFiles/solderpaste_top.gbr	YACCS-OLD/YACC1-2020-OLD/PCB/Production/Old & obsolete/Sequencer-Logic-v2.0/CAMOutputs/GerberFiles/solderpaste_top.gbr	5b8f24b9c0206ea428f50a073b3296ff
copy	hardware/cards/sequencer-logic/eagle/v2.1/Notes.rtf	YACC gitversion/YACC1-2020/PCB/Production/Sequencer-Logic-v2.1/Notes.rtf	42e4bb2f3690a1283d2ff171ae93d6b9
copy	hardware/cards/sequencer-logic/eagle/v2.1/Sequencer-Logic-Prod-V2.1l.brd	YACC gitversion/YACC1-2020/PCB/Production/Sequencer-Logic-v2.1/Sequencer-Logic-Prod-V2.1l.brd	4f4ae68134a4eb107820851e0ba87854
copy	hardware/cards/sequencer-logic/eagle/v2.1/Sequencer-Logic-Prod-V2.1l.sch	YACC gitversion/YACC1-2020/PCB/Production/Sequencer-Logic-v2.1/Sequencer-Logic-Prod-V2.1l.sch	9b3605cceac3e39a8bf547e8c515f07f
copy	hardware/cards/sequencer-logic/eagle/v2.1/bom/Sequencer-Logic-Prod-V2.1l.csv	YACC gitversion/YACC1-2020/PCB/Production/Sequencer-Logic-v2.1/Sequencer-Logic-Prod-V2.1l.csv	5807d89313f9cdf9f289a8af714e353b
copy	hardware/cards/sequencer-logic/eagle/v2.1/fab/CAMOutputs/Assembly/PnP_Sequencer-Logic-Prod-V2.1l_back.txt	YACC gitversion/YACC1-2020/PCB/Production/Sequencer-Logic-v2.1/CAMOutputs/Assembly/PnP_Sequencer-Logic-Prod-V2.1l_back.txt	d41d8cd98f00b204e9800998ecf8427e
copy	hardware/cards/sequencer-logic/eagle/v2.1/fab/CAMOutputs/Assembly/PnP_Sequencer-Logic-Prod-V2.1l_front.txt	YACC gitversion/YACC1-2020/PCB/Production/Sequencer-Logic-v2.1/CAMOutputs/Assembly/PnP_Sequencer-Logic-Prod-V2.1l_front.txt	d41d8cd98f00b204e9800998ecf8427e
copy	hardware/cards/sequencer-logic/eagle/v2.1/fab/CAMOutputs/Assembly/Sequencer-Logic-Prod-V2.1l.csv	YACC gitversion/YACC1-2020/PCB/Production/Sequencer-Logic-v2.1/CAMOutputs/Assembly/Sequencer-Logic-Prod-V2.1l.csv	5807d89313f9cdf9f289a8af714e353b
copy	hardware/cards/sequencer-logic/eagle/v2.1/fab/CAMOutputs/DrillFiles/drill_1_16.xln	YACC gitversion/YACC1-2020/PCB/Production/Sequencer-Logic-v2.1/CAMOutputs/DrillFiles/drill_1_16.xln	cf8fea3ecd8c655d64db3715c30e2c08
copy	hardware/cards/sequencer-logic/eagle/v2.1/fab/CAMOutputs/GerberFiles/Archive.zip	YACC gitversion/YACC1-2020/PCB/Production/Sequencer-Logic-v2.1/CAMOutputs/GerberFiles/Archive.zip	308f239f41aeb572c6dbac8f69ef7949
copy	hardware/cards/sequencer-logic/eagle/v2.1/fab/CAMOutputs/GerberFiles/copper_bottom_l4.gbr	YACC gitversion/YACC1-2020/PCB/Production/Sequencer-Logic-v2.1/CAMOutputs/GerberFiles/copper_bottom_l4.gbr	759ac9ca4a8f79abec20ddebdca873fd
copy	hardware/cards/sequencer-logic/eagle/v2.1/fab/CAMOutputs/GerberFiles/copper_inner_l2.gbr	YACC gitversion/YACC1-2020/PCB/Production/Sequencer-Logic-v2.1/CAMOutputs/GerberFiles/copper_inner_l2.gbr	260789641e8439867a588329cbe699b7
copy	hardware/cards/sequencer-logic/eagle/v2.1/fab/CAMOutputs/GerberFiles/copper_inner_l3.gbr	YACC gitversion/YACC1-2020/PCB/Production/Sequencer-Logic-v2.1/CAMOutputs/GerberFiles/copper_inner_l3.gbr	23e2a373d401da99f6c10abcab745f13
copy	hardware/cards/sequencer-logic/eagle/v2.1/fab/CAMOutputs/GerberFiles/copper_top_l1.gbr	YACC gitversion/YACC1-2020/PCB/Production/Sequencer-Logic-v2.1/CAMOutputs/GerberFiles/copper_top_l1.gbr	8edd81f28a8e01fa3a1a2d540e86bf72
copy	hardware/cards/sequencer-logic/eagle/v2.1/fab/CAMOutputs/GerberFiles/drill_1_16.xln	YACC gitversion/YACC1-2020/PCB/Production/Sequencer-Logic-v2.1/CAMOutputs/GerberFiles/drill_1_16.xln	cf8fea3ecd8c655d64db3715c30e2c08
copy	hardware/cards/sequencer-logic/eagle/v2.1/fab/CAMOutputs/GerberFiles/gerber_job.gbrjob	YACC gitversion/YACC1-2020/PCB/Production/Sequencer-Logic-v2.1/CAMOutputs/GerberFiles/gerber_job.gbrjob	34eff5cead0f6a83be6390bfb1bec7c7
copy	hardware/cards/sequencer-logic/eagle/v2.1/fab/CAMOutputs/GerberFiles/profile.gbr	YACC gitversion/YACC1-2020/PCB/Production/Sequencer-Logic-v2.1/CAMOutputs/GerberFiles/profile.gbr	0aab804cabe725d8201b6db96e7778b7
copy	hardware/cards/sequencer-logic/eagle/v2.1/fab/CAMOutputs/GerberFiles/silkscreen_bottom.gbr	YACC gitversion/YACC1-2020/PCB/Production/Sequencer-Logic-v2.1/CAMOutputs/GerberFiles/silkscreen_bottom.gbr	f332d9ce0820305226cdd55282cdf24b
copy	hardware/cards/sequencer-logic/eagle/v2.1/fab/CAMOutputs/GerberFiles/silkscreen_top.gbr	YACC gitversion/YACC1-2020/PCB/Production/Sequencer-Logic-v2.1/CAMOutputs/GerberFiles/silkscreen_top.gbr	a742aab7aa2de4d0083a3a97ef59a8bb
copy	hardware/cards/sequencer-logic/eagle/v2.1/fab/CAMOutputs/GerberFiles/soldermask_bottom.gbr	YACC gitversion/YACC1-2020/PCB/Production/Sequencer-Logic-v2.1/CAMOutputs/GerberFiles/soldermask_bottom.gbr	b5e8606bde2546107a11c6aeefde2add
copy	hardware/cards/sequencer-logic/eagle/v2.1/fab/CAMOutputs/GerberFiles/soldermask_top.gbr	YACC gitversion/YACC1-2020/PCB/Production/Sequencer-Logic-v2.1/CAMOutputs/GerberFiles/soldermask_top.gbr	1fda464cff7bd7dff8c9b75ef14fcc6c
copy	hardware/cards/sequencer-logic/eagle/v2.1/fab/CAMOutputs/GerberFiles/solderpaste_bottom.gbr	YACC gitversion/YACC1-2020/PCB/Production/Sequencer-Logic-v2.1/CAMOutputs/GerberFiles/solderpaste_bottom.gbr	e7cfbb13c9f0209464e41efff207c85a
copy	hardware/cards/sequencer-logic/eagle/v2.1/fab/CAMOutputs/GerberFiles/solderpaste_top.gbr	YACC gitversion/YACC1-2020/PCB/Production/Sequencer-Logic-v2.1/CAMOutputs/GerberFiles/solderpaste_top.gbr	5b8f24b9c0206ea428f50a073b3296ff
copy	hardware/cards/sequencer-logic/eagle/v2.1/orig size/Sequencer-Logic-Prod-V2.1 copy.brd	YACC gitversion/YACC1-2020/PCB/Production/Sequencer-Logic-v2.1/orig size/Sequencer-Logic-Prod-V2.1 copy.brd	e6d9075e92222c086429043c762134c6
copy	hardware/cards/sequencer-logic/eagle/v2.1/orig size/Sequencer-Logic-Prod-V2.1 copy.sch	YACC gitversion/YACC1-2020/PCB/Production/Sequencer-Logic-v2.1/orig size/Sequencer-Logic-Prod-V2.1 copy.sch	3fe22c749a96da74266e1a3cbcabacc4
copy	hardware/cards/sequencer-logic/eagle/v2.1/orig size/Sequencer-Logic-Prod-V2.1.brd	YACC gitversion/YACC1-2020/PCB/Production/Sequencer-Logic-v2.1/orig size/Sequencer-Logic-Prod-V2.1.brd	3c684a00cbf519ad72a40618af5476a0
copy	hardware/cards/sequencer-logic/eagle/v2.1/orig size/Sequencer-Logic-Prod-V2.1.pro	YACC gitversion/YACC1-2020/PCB/Production/Sequencer-Logic-v2.1/orig size/Sequencer-Logic-Prod-V2.1.pro	9f8b04b3b841b8b041dab27e59498b53
copy	hardware/cards/sequencer-logic/eagle/v2.1/orig size/Sequencer-Logic-Prod-V2.1.sch	YACC gitversion/YACC1-2020/PCB/Production/Sequencer-Logic-v2.1/orig size/Sequencer-Logic-Prod-V2.1.sch	69d4bb55d69320f63fb8379a05ef3327
copy	hardware/cards/sequencer-memory/accessories/eeprom-adaptor/eeprom adaptor.brd	YACC1-2024/PCB/Working - Under Develolpment/eeprom adaptor/eeprom adaptor.brd	df36d8c9c45caad39106330a422ab533
copy	hardware/cards/sequencer-memory/accessories/eeprom-adaptor/eeprom adaptor.pro	YACC1-2024/PCB/Working - Under Develolpment/eeprom adaptor/eeprom adaptor.pro	a060d4cf481a278006d5d044207eb13e
copy	hardware/cards/sequencer-memory/accessories/eeprom-adaptor/eeprom adaptor.sch	YACC1-2024/PCB/Working - Under Develolpment/eeprom adaptor/eeprom adaptor.sch	7bd7230e1b1330d926a199d1c70f861b
copy	hardware/cards/sequencer-memory/accessories/eeprom-adaptor/fab/oshpark-order-invoice-rmD8XYsD.pdf	YACC1-2024/PCB/Working - Under Develolpment/eeprom adaptor/oshpark-order-invoice-rmD8XYsD.pdf	52a738d5eedb9cb4e1f4a9ffbe84f668
copy	hardware/cards/sequencer-memory/eagle/deprecated/v2.0/Sequencer-Memory-V2.0.brd	YACCS-OLD/YACC1-2020-OLD/PCB/Production/Old & obsolete/Sequencer-Memory-V2.0/Sequencer-Memory-V2.0.brd	d7d96bad2249270b56e4674eb7da7696
copy	hardware/cards/sequencer-memory/eagle/deprecated/v2.0/Sequencer-Memory-V2.0.pro	YACCS-OLD/YACC1-2020-OLD/PCB/Production/Old & obsolete/Sequencer-Memory-V2.0/Sequencer-Memory-V2.0.pro	336d0a0e83661d957c32940691b6c73f
copy	hardware/cards/sequencer-memory/eagle/deprecated/v2.0/Sequencer-Memory-V2.0.sch	YACCS-OLD/YACC1-2020-OLD/PCB/Production/Old & obsolete/Sequencer-Memory-V2.0/Sequencer-Memory-V2.0.sch	5050d2b09fec7368ceaeb8226ef83fa5
copy	hardware/cards/sequencer-memory/eagle/deprecated/v2.0/fab/CAMOutputs/Assembly/PnP_Sequencer-Memory-V1.0-3_back.txt	YACCS-OLD/YACC1-2020-OLD/PCB/Production/Old & obsolete/Sequencer-Memory-V2.0/CAMOutputs/Assembly/PnP_Sequencer-Memory-V1.0-3_back.txt	d41d8cd98f00b204e9800998ecf8427e
copy	hardware/cards/sequencer-memory/eagle/deprecated/v2.0/fab/CAMOutputs/Assembly/PnP_Sequencer-Memory-V1.0-3_front.txt	YACCS-OLD/YACC1-2020-OLD/PCB/Production/Old & obsolete/Sequencer-Memory-V2.0/CAMOutputs/Assembly/PnP_Sequencer-Memory-V1.0-3_front.txt	d41d8cd98f00b204e9800998ecf8427e
copy	hardware/cards/sequencer-memory/eagle/deprecated/v2.0/fab/CAMOutputs/Assembly/PnP_Sequencer-Memory-V2.0_back.txt	YACCS-OLD/YACC1-2020-OLD/PCB/Production/Old & obsolete/Sequencer-Memory-V2.0/CAMOutputs/Assembly/PnP_Sequencer-Memory-V2.0_back.txt	d41d8cd98f00b204e9800998ecf8427e
copy	hardware/cards/sequencer-memory/eagle/deprecated/v2.0/fab/CAMOutputs/Assembly/PnP_Sequencer-Memory-V2.0_front.txt	YACCS-OLD/YACC1-2020-OLD/PCB/Production/Old & obsolete/Sequencer-Memory-V2.0/CAMOutputs/Assembly/PnP_Sequencer-Memory-V2.0_front.txt	d41d8cd98f00b204e9800998ecf8427e
copy	hardware/cards/sequencer-memory/eagle/deprecated/v2.0/fab/CAMOutputs/Assembly/Sequencer-Memory-V1.0-3.csv	YACCS-OLD/YACC1-2020-OLD/PCB/Production/Old & obsolete/Sequencer-Memory-V2.0/CAMOutputs/Assembly/Sequencer-Memory-V1.0-3.csv	33be67d359eb5936321ec6898a4ef716
copy	hardware/cards/sequencer-memory/eagle/deprecated/v2.0/fab/CAMOutputs/Assembly/Sequencer-Memory-V2.0.csv	YACCS-OLD/YACC1-2020-OLD/PCB/Production/Old & obsolete/Sequencer-Memory-V2.0/CAMOutputs/Assembly/Sequencer-Memory-V2.0.csv	33be67d359eb5936321ec6898a4ef716
copy	hardware/cards/sequencer-memory/eagle/deprecated/v2.0/fab/CAMOutputs/DrillFiles/drill_1_16.xln	YACCS-OLD/YACC1-2020-OLD/PCB/Production/Old & obsolete/Sequencer-Memory-V2.0/CAMOutputs/DrillFiles/drill_1_16.xln	04c069e0c957c5d4494270c9f76efb04
copy	hardware/cards/sequencer-memory/eagle/deprecated/v2.0/fab/CAMOutputs/GerberFiles/Archive.zip	YACCS-OLD/YACC1-2020-OLD/PCB/Production/Old & obsolete/Sequencer-Memory-V2.0/CAMOutputs/GerberFiles/Archive.zip	4f53f014e875c6f6fec82401deb4ccec
copy	hardware/cards/sequencer-memory/eagle/deprecated/v2.0/fab/CAMOutputs/GerberFiles/copper_bottom_l4.gbr	YACCS-OLD/YACC1-2020-OLD/PCB/Production/Old & obsolete/Sequencer-Memory-V2.0/CAMOutputs/GerberFiles/copper_bottom_l4.gbr	5340515af125c8c94eefd6838f4c2b09
copy	hardware/cards/sequencer-memory/eagle/deprecated/v2.0/fab/CAMOutputs/GerberFiles/copper_inner_l2.gbr	YACCS-OLD/YACC1-2020-OLD/PCB/Production/Old & obsolete/Sequencer-Memory-V2.0/CAMOutputs/GerberFiles/copper_inner_l2.gbr	dab5d08a7db2cdde77e3a61d3217f7cd
copy	hardware/cards/sequencer-memory/eagle/deprecated/v2.0/fab/CAMOutputs/GerberFiles/copper_inner_l3.gbr	YACCS-OLD/YACC1-2020-OLD/PCB/Production/Old & obsolete/Sequencer-Memory-V2.0/CAMOutputs/GerberFiles/copper_inner_l3.gbr	421b6399b953e8f02b828a9965963071
copy	hardware/cards/sequencer-memory/eagle/deprecated/v2.0/fab/CAMOutputs/GerberFiles/copper_top_l1.gbr	YACCS-OLD/YACC1-2020-OLD/PCB/Production/Old & obsolete/Sequencer-Memory-V2.0/CAMOutputs/GerberFiles/copper_top_l1.gbr	2f418602e2a68585c893218e3bfc624b
copy	hardware/cards/sequencer-memory/eagle/deprecated/v2.0/fab/CAMOutputs/GerberFiles/drill_1_16.xln	YACCS-OLD/YACC1-2020-OLD/PCB/Production/Old & obsolete/Sequencer-Memory-V2.0/CAMOutputs/GerberFiles/drill_1_16.xln	04c069e0c957c5d4494270c9f76efb04
copy	hardware/cards/sequencer-memory/eagle/deprecated/v2.0/fab/CAMOutputs/GerberFiles/gerber_job.gbrjob	YACCS-OLD/YACC1-2020-OLD/PCB/Production/Old & obsolete/Sequencer-Memory-V2.0/CAMOutputs/GerberFiles/gerber_job.gbrjob	2cc4d817c0dafd65e5c9e1175af35065
copy	hardware/cards/sequencer-memory/eagle/deprecated/v2.0/fab/CAMOutputs/GerberFiles/profile.gbr	YACCS-OLD/YACC1-2020-OLD/PCB/Production/Old & obsolete/Sequencer-Memory-V2.0/CAMOutputs/GerberFiles/profile.gbr	4ef03c02812e900a91c150651dfbcedc
copy	hardware/cards/sequencer-memory/eagle/deprecated/v2.0/fab/CAMOutputs/GerberFiles/silkscreen_bottom.gbr	YACCS-OLD/YACC1-2020-OLD/PCB/Production/Old & obsolete/Sequencer-Memory-V2.0/CAMOutputs/GerberFiles/silkscreen_bottom.gbr	f332d9ce0820305226cdd55282cdf24b
copy	hardware/cards/sequencer-memory/eagle/deprecated/v2.0/fab/CAMOutputs/GerberFiles/silkscreen_top.gbr	YACCS-OLD/YACC1-2020-OLD/PCB/Production/Old & obsolete/Sequencer-Memory-V2.0/CAMOutputs/GerberFiles/silkscreen_top.gbr	73b26b91a3ae0976fd127cb45bf7ea58
copy	hardware/cards/sequencer-memory/eagle/deprecated/v2.0/fab/CAMOutputs/GerberFiles/soldermask_bottom.gbr	YACCS-OLD/YACC1-2020-OLD/PCB/Production/Old & obsolete/Sequencer-Memory-V2.0/CAMOutputs/GerberFiles/soldermask_bottom.gbr	b780a2120e2e4e52e6948a1c3bd70fb1
copy	hardware/cards/sequencer-memory/eagle/deprecated/v2.0/fab/CAMOutputs/GerberFiles/soldermask_top.gbr	YACCS-OLD/YACC1-2020-OLD/PCB/Production/Old & obsolete/Sequencer-Memory-V2.0/CAMOutputs/GerberFiles/soldermask_top.gbr	860246b4a4b9faf2467e6635f1f6a715
copy	hardware/cards/sequencer-memory/eagle/deprecated/v2.0/fab/CAMOutputs/GerberFiles/solderpaste_bottom.gbr	YACCS-OLD/YACC1-2020-OLD/PCB/Production/Old & obsolete/Sequencer-Memory-V2.0/CAMOutputs/GerberFiles/solderpaste_bottom.gbr	e7cfbb13c9f0209464e41efff207c85a
copy	hardware/cards/sequencer-memory/eagle/deprecated/v2.0/fab/CAMOutputs/GerberFiles/solderpaste_top.gbr	YACCS-OLD/YACC1-2020-OLD/PCB/Production/Old & obsolete/Sequencer-Memory-V2.0/CAMOutputs/GerberFiles/solderpaste_top.gbr	5b8f24b9c0206ea428f50a073b3296ff
copy	hardware/cards/sequencer-memory/eagle/v2.1/Notes.rtf	YACC gitversion/YACC1-2020/PCB/Production/Sequencer-Memory-V2.1/Notes.rtf	c69f3fc76a1dbd2f0ba9e9a6f357508b
copy	hardware/cards/sequencer-memory/eagle/v2.1/Sequencer-Memory-V2.1.brd	YACC gitversion/YACC1-2020/PCB/Production/Sequencer-Memory-V2.1/Sequencer-Memory-V2.1.brd	45099e85a67da5f8bc5391f9097ed924
copy	hardware/cards/sequencer-memory/eagle/v2.1/Sequencer-Memory-V2.1.pro	YACC gitversion/YACC1-2020/PCB/Production/Sequencer-Memory-V2.1/Sequencer-Memory-V2.1.pro	088ef99d291f68c332f337ec0f5a915c
copy	hardware/cards/sequencer-memory/eagle/v2.1/Sequencer-Memory-V2.1.sch	YACC gitversion/YACC1-2020/PCB/Production/Sequencer-Memory-V2.1/Sequencer-Memory-V2.1.sch	73d202b617f3ca55ed0341c4b56fca77
copy	hardware/cards/sequencer-memory/eagle/v2.1/bom/Sequencer-Memory-V2.1.csv	YACC gitversion/YACC1-2020/PCB/Production/Sequencer-Memory-V2.1/Sequencer-Memory-V2.1.csv	ddef4a86d5a4693ee1188625ccbb52b5
copy	hardware/cards/sequencer-memory/eagle/v2.1/fab/CAMOutputs/Assembly/PnP_Sequencer-Memory-V1.0-3_back.txt	YACC gitversion/YACC1-2020/PCB/Production/Sequencer-Memory-V2.1/CAMOutputs/Assembly/PnP_Sequencer-Memory-V1.0-3_back.txt	d41d8cd98f00b204e9800998ecf8427e
copy	hardware/cards/sequencer-memory/eagle/v2.1/fab/CAMOutputs/Assembly/PnP_Sequencer-Memory-V1.0-3_front.txt	YACC gitversion/YACC1-2020/PCB/Production/Sequencer-Memory-V2.1/CAMOutputs/Assembly/PnP_Sequencer-Memory-V1.0-3_front.txt	d41d8cd98f00b204e9800998ecf8427e
copy	hardware/cards/sequencer-memory/eagle/v2.1/fab/CAMOutputs/Assembly/PnP_Sequencer-Memory-V2.0_back.txt	YACC gitversion/YACC1-2020/PCB/Production/Sequencer-Memory-V2.1/CAMOutputs/Assembly/PnP_Sequencer-Memory-V2.0_back.txt	d41d8cd98f00b204e9800998ecf8427e
copy	hardware/cards/sequencer-memory/eagle/v2.1/fab/CAMOutputs/Assembly/PnP_Sequencer-Memory-V2.0_front.txt	YACC gitversion/YACC1-2020/PCB/Production/Sequencer-Memory-V2.1/CAMOutputs/Assembly/PnP_Sequencer-Memory-V2.0_front.txt	d41d8cd98f00b204e9800998ecf8427e
copy	hardware/cards/sequencer-memory/eagle/v2.1/fab/CAMOutputs/Assembly/PnP_Sequencer-Memory-V2.1_back.txt	YACC gitversion/YACC1-2020/PCB/Production/Sequencer-Memory-V2.1/CAMOutputs/Assembly/PnP_Sequencer-Memory-V2.1_back.txt	d41d8cd98f00b204e9800998ecf8427e
copy	hardware/cards/sequencer-memory/eagle/v2.1/fab/CAMOutputs/Assembly/PnP_Sequencer-Memory-V2.1_front.txt	YACC gitversion/YACC1-2020/PCB/Production/Sequencer-Memory-V2.1/CAMOutputs/Assembly/PnP_Sequencer-Memory-V2.1_front.txt	d41d8cd98f00b204e9800998ecf8427e
copy	hardware/cards/sequencer-memory/eagle/v2.1/fab/CAMOutputs/Assembly/Sequencer-Memory-V1.0-3.csv	YACC gitversion/YACC1-2020/PCB/Production/Sequencer-Memory-V2.1/CAMOutputs/Assembly/Sequencer-Memory-V1.0-3.csv	33be67d359eb5936321ec6898a4ef716
copy	hardware/cards/sequencer-memory/eagle/v2.1/fab/CAMOutputs/Assembly/Sequencer-Memory-V2.0.csv	YACC gitversion/YACC1-2020/PCB/Production/Sequencer-Memory-V2.1/CAMOutputs/Assembly/Sequencer-Memory-V2.0.csv	33be67d359eb5936321ec6898a4ef716
copy	hardware/cards/sequencer-memory/eagle/v2.1/fab/CAMOutputs/Assembly/Sequencer-Memory-V2.1.csv	YACC gitversion/YACC1-2020/PCB/Production/Sequencer-Memory-V2.1/CAMOutputs/Assembly/Sequencer-Memory-V2.1.csv	ddef4a86d5a4693ee1188625ccbb52b5
copy	hardware/cards/sequencer-memory/eagle/v2.1/fab/CAMOutputs/DrillFiles/drill_1_16.xln	YACC gitversion/YACC1-2020/PCB/Production/Sequencer-Memory-V2.1/CAMOutputs/DrillFiles/drill_1_16.xln	b09f94f16ad5d33bea625d4d621fa5af
copy	hardware/cards/sequencer-memory/eagle/v2.1/fab/CAMOutputs/GerberFiles/Archive 2.zip	YACC gitversion/YACC1-2020/PCB/Production/Sequencer-Memory-V2.1/CAMOutputs/GerberFiles/Archive 2.zip	af44b77e17fa434ed33d08cdcceb6012
copy	hardware/cards/sequencer-memory/eagle/v2.1/fab/CAMOutputs/GerberFiles/copper_bottom_l4.gbr	YACC gitversion/YACC1-2020/PCB/Production/Sequencer-Memory-V2.1/CAMOutputs/GerberFiles/copper_bottom_l4.gbr	fa0a52403e5e346246a7761922208a85
copy	hardware/cards/sequencer-memory/eagle/v2.1/fab/CAMOutputs/GerberFiles/copper_inner_l2.gbr	YACC gitversion/YACC1-2020/PCB/Production/Sequencer-Memory-V2.1/CAMOutputs/GerberFiles/copper_inner_l2.gbr	1616afb1ea3b7e84986984c4943466e3
copy	hardware/cards/sequencer-memory/eagle/v2.1/fab/CAMOutputs/GerberFiles/copper_inner_l3.gbr	YACC gitversion/YACC1-2020/PCB/Production/Sequencer-Memory-V2.1/CAMOutputs/GerberFiles/copper_inner_l3.gbr	1f40f31b9dbe8fbe5f9c7755f8b4811a
copy	hardware/cards/sequencer-memory/eagle/v2.1/fab/CAMOutputs/GerberFiles/copper_top_l1.gbr	YACC gitversion/YACC1-2020/PCB/Production/Sequencer-Memory-V2.1/CAMOutputs/GerberFiles/copper_top_l1.gbr	fe45931f097ad0b5f25690665444d864
copy	hardware/cards/sequencer-memory/eagle/v2.1/fab/CAMOutputs/GerberFiles/drill_1_16.xln	YACC gitversion/YACC1-2020/PCB/Production/Sequencer-Memory-V2.1/CAMOutputs/GerberFiles/drill_1_16.xln	b09f94f16ad5d33bea625d4d621fa5af
copy	hardware/cards/sequencer-memory/eagle/v2.1/fab/CAMOutputs/GerberFiles/gerber_job.gbrjob	YACC gitversion/YACC1-2020/PCB/Production/Sequencer-Memory-V2.1/CAMOutputs/GerberFiles/gerber_job.gbrjob	a1f360dcf85cac4ae6f159e20640eabd
copy	hardware/cards/sequencer-memory/eagle/v2.1/fab/CAMOutputs/GerberFiles/profile.gbr	YACC gitversion/YACC1-2020/PCB/Production/Sequencer-Memory-V2.1/CAMOutputs/GerberFiles/profile.gbr	4ef03c02812e900a91c150651dfbcedc
copy	hardware/cards/sequencer-memory/eagle/v2.1/fab/CAMOutputs/GerberFiles/silkscreen_bottom.gbr	YACC gitversion/YACC1-2020/PCB/Production/Sequencer-Memory-V2.1/CAMOutputs/GerberFiles/silkscreen_bottom.gbr	f332d9ce0820305226cdd55282cdf24b
copy	hardware/cards/sequencer-memory/eagle/v2.1/fab/CAMOutputs/GerberFiles/silkscreen_top.gbr	YACC gitversion/YACC1-2020/PCB/Production/Sequencer-Memory-V2.1/CAMOutputs/GerberFiles/silkscreen_top.gbr	da733149150557a439b25362ea43bd58
copy	hardware/cards/sequencer-memory/eagle/v2.1/fab/CAMOutputs/GerberFiles/soldermask_bottom.gbr	YACC gitversion/YACC1-2020/PCB/Production/Sequencer-Memory-V2.1/CAMOutputs/GerberFiles/soldermask_bottom.gbr	28643e9ccc30031b28135d6d453bf8a2
copy	hardware/cards/sequencer-memory/eagle/v2.1/fab/CAMOutputs/GerberFiles/soldermask_top.gbr	YACC gitversion/YACC1-2020/PCB/Production/Sequencer-Memory-V2.1/CAMOutputs/GerberFiles/soldermask_top.gbr	04f3cc4b4662aaf1115d3eb6f16f5236
copy	hardware/cards/sequencer-memory/eagle/v2.1/fab/CAMOutputs/GerberFiles/solderpaste_bottom.gbr	YACC gitversion/YACC1-2020/PCB/Production/Sequencer-Memory-V2.1/CAMOutputs/GerberFiles/solderpaste_bottom.gbr	e7cfbb13c9f0209464e41efff207c85a
copy	hardware/cards/sequencer-memory/eagle/v2.1/fab/CAMOutputs/GerberFiles/solderpaste_top.gbr	YACC gitversion/YACC1-2020/PCB/Production/Sequencer-Memory-V2.1/CAMOutputs/GerberFiles/solderpaste_top.gbr	5b8f24b9c0206ea428f50a073b3296ff
copy	hardware/cards/video/eagle/v1.0-fusion-export-2026-09-18/Video_1.0.brd	video/Blank V3.1.brd	d2e7db1c5458ab85df98bee1077d9478
copy	hardware/cards/video/eagle/v1.0-fusion-export-2026-09-18/Video_1.0.sch	video/Video_1.0.sch	95d6b6f6db360f134e310abd90fdfe0f
copy	hardware/libraries/eagle/Design-Rules/oshpark-2layer.cam	YACC1-2020/Utilities/Eagle/Design-Rules/oshpark-2layer.cam	0963e823c00cf2a01bd6ef1bec50b23d
copy	hardware/libraries/eagle/Design-Rules/oshpark-2layer.dru	YACC1-2020/Utilities/Eagle/Design-Rules/oshpark-2layer.dru	fdb4a23f89407ea608276d02f3cd38f1
copy	hardware/libraries/eagle/Design-Rules/oshpark-4layer.cam	YACC1-2020/Utilities/Eagle/Design-Rules/oshpark-4layer.cam	0cc63b7c8399967223c4fe1737edabb8
copy	hardware/libraries/eagle/Design-Rules/oshpark-4layer.dru	YACC1-2020/Utilities/Eagle/Design-Rules/oshpark-4layer.dru	1facbf198d8b07528937e2e85f610641
copy	hardware/libraries/eagle/Libraries/Adafruit-Eagle-Library-master/README.md	YACC1-2020/Utilities/Eagle/Libraries/Adafruit-Eagle-Library-master/README.md	731a3b52a0a37e2e8a467ea7f0627a16
copy	hardware/libraries/eagle/Libraries/Adafruit-Eagle-Library-master/README.txt	YACC1-2020/Utilities/Eagle/Libraries/Adafruit-Eagle-Library-master/README.txt	731a3b52a0a37e2e8a467ea7f0627a16
copy	hardware/libraries/eagle/Libraries/Adafruit-Eagle-Library-master/adafruit.lbr	YACC1-2020/Utilities/Eagle/Libraries/Adafruit-Eagle-Library-master/adafruit.lbr	5e7440022cafb4a9bf2cb8ae2d305870
copy	hardware/libraries/eagle/Libraries/SparkFun-Eagle-Libraries-master/LilyPad-Wearables.lbr	YACC1-2020/Utilities/Eagle/Libraries/SparkFun-Eagle-Libraries-master/LilyPad-Wearables.lbr	a2fa1eb82bb601f7ae1621d545cbb750
copy	hardware/libraries/eagle/Libraries/SparkFun-Eagle-Libraries-master/SparkFun-Aesthetics.lbr	YACC1-2020/Utilities/Eagle/Libraries/SparkFun-Eagle-Libraries-master/SparkFun-Aesthetics.lbr	679769fbf1ab12a00e5981a217e5773a
copy	hardware/libraries/eagle/Libraries/SparkFun-Eagle-Libraries-master/SparkFun-Batteries.lbr	YACC1-2020/Utilities/Eagle/Libraries/SparkFun-Eagle-Libraries-master/SparkFun-Batteries.lbr	ebf0dadfea27349d8611ba35eb009166
copy	hardware/libraries/eagle/Libraries/SparkFun-Eagle-Libraries-master/SparkFun-Boards.lbr	YACC1-2020/Utilities/Eagle/Libraries/SparkFun-Eagle-Libraries-master/SparkFun-Boards.lbr	12b4a5c5b0f7a4818efaee63975cff0f
copy	hardware/libraries/eagle/Libraries/SparkFun-Eagle-Libraries-master/SparkFun-Capacitors.lbr	YACC1-2020/Utilities/Eagle/Libraries/SparkFun-Eagle-Libraries-master/SparkFun-Capacitors.lbr	f800dbe87130df30c77e1440b2e1a90c
copy	hardware/libraries/eagle/Libraries/SparkFun-Eagle-Libraries-master/SparkFun-Clocks.lbr	YACC1-2020/Utilities/Eagle/Libraries/SparkFun-Eagle-Libraries-master/SparkFun-Clocks.lbr	51f169648ac37ffccf166a68da04cf4e
copy	hardware/libraries/eagle/Libraries/SparkFun-Eagle-Libraries-master/SparkFun-Coils.lbr	YACC1-2020/Utilities/Eagle/Libraries/SparkFun-Eagle-Libraries-master/SparkFun-Coils.lbr	73833aea063c4ad0a430271f7bd7cd82
copy	hardware/libraries/eagle/Libraries/SparkFun-Eagle-Libraries-master/SparkFun-Connectors.lbr	YACC1-2020/Utilities/Eagle/Libraries/SparkFun-Eagle-Libraries-master/SparkFun-Connectors.lbr	d580b2f8f04f380d1f7157a1dc0cc598
copy	hardware/libraries/eagle/Libraries/SparkFun-Eagle-Libraries-master/SparkFun-DiscreteSemi.lbr	YACC1-2020/Utilities/Eagle/Libraries/SparkFun-Eagle-Libraries-master/SparkFun-DiscreteSemi.lbr	7ae0cb03b893bfed25215c68bbafb3ab
copy	hardware/libraries/eagle/Libraries/SparkFun-Eagle-Libraries-master/SparkFun-Displays.lbr	YACC1-2020/Utilities/Eagle/Libraries/SparkFun-Eagle-Libraries-master/SparkFun-Displays.lbr	e407c8ec85ff526bdf95faa48868cf83
copy	hardware/libraries/eagle/Libraries/SparkFun-Eagle-Libraries-master/SparkFun-Electromechanical.lbr	YACC1-2020/Utilities/Eagle/Libraries/SparkFun-Eagle-Libraries-master/SparkFun-Electromechanical.lbr	0633e5bdd290b4b1f867c987cc18f45f
copy	hardware/libraries/eagle/Libraries/SparkFun-Eagle-Libraries-master/SparkFun-Fuses.lbr	YACC1-2020/Utilities/Eagle/Libraries/SparkFun-Eagle-Libraries-master/SparkFun-Fuses.lbr	58d34cfde6e0831a5966e852acf0ac91
copy	hardware/libraries/eagle/Libraries/SparkFun-Eagle-Libraries-master/SparkFun-GPS.lbr	YACC1-2020/Utilities/Eagle/Libraries/SparkFun-Eagle-Libraries-master/SparkFun-GPS.lbr	a1d6df7c5be8c2b421f63851423ad79e
copy	hardware/libraries/eagle/Libraries/SparkFun-Eagle-Libraries-master/SparkFun-Hardware.lbr	YACC1-2020/Utilities/Eagle/Libraries/SparkFun-Eagle-Libraries-master/SparkFun-Hardware.lbr	1a97e8d246f57ea1cd1361b16fe118e6
copy	hardware/libraries/eagle/Libraries/SparkFun-Eagle-Libraries-master/SparkFun-IC-Amplifiers.lbr	YACC1-2020/Utilities/Eagle/Libraries/SparkFun-Eagle-Libraries-master/SparkFun-IC-Amplifiers.lbr	3718a0f9f0c2f408a26cd11fa8016747
copy	hardware/libraries/eagle/Libraries/SparkFun-Eagle-Libraries-master/SparkFun-IC-Comms.lbr	YACC1-2020/Utilities/Eagle/Libraries/SparkFun-Eagle-Libraries-master/SparkFun-IC-Comms.lbr	5c8818736414f7ec18e0daeb6f1afa0a
copy	hardware/libraries/eagle/Libraries/SparkFun-Eagle-Libraries-master/SparkFun-IC-Conversion.lbr	YACC1-2020/Utilities/Eagle/Libraries/SparkFun-Eagle-Libraries-master/SparkFun-IC-Conversion.lbr	099e7a0fba5fe9fb0444b87158128529
copy	hardware/libraries/eagle/Libraries/SparkFun-Eagle-Libraries-master/SparkFun-IC-Logic.lbr	YACC1-2020/Utilities/Eagle/Libraries/SparkFun-Eagle-Libraries-master/SparkFun-IC-Logic.lbr	18e0f7a946ef470319bfc83396cf0c97
copy	hardware/libraries/eagle/Libraries/SparkFun-Eagle-Libraries-master/SparkFun-IC-Memory.lbr	YACC1-2020/Utilities/Eagle/Libraries/SparkFun-Eagle-Libraries-master/SparkFun-IC-Memory.lbr	1475e28442b3bae38a105c10e94a104c
copy	hardware/libraries/eagle/Libraries/SparkFun-Eagle-Libraries-master/SparkFun-IC-Microcontroller.lbr	YACC1-2020/Utilities/Eagle/Libraries/SparkFun-Eagle-Libraries-master/SparkFun-IC-Microcontroller.lbr	4beab8fe82ee6b5a291558d77dd1cb69
copy	hardware/libraries/eagle/Libraries/SparkFun-Eagle-Libraries-master/SparkFun-IC-Power.lbr	YACC1-2020/Utilities/Eagle/Libraries/SparkFun-Eagle-Libraries-master/SparkFun-IC-Power.lbr	db495fa22097624ce0667b4efe324a3f
copy	hardware/libraries/eagle/Libraries/SparkFun-Eagle-Libraries-master/SparkFun-IC-Special-Function.lbr	YACC1-2020/Utilities/Eagle/Libraries/SparkFun-Eagle-Libraries-master/SparkFun-IC-Special-Function.lbr	d6edebcc4dbb4b193760b0bd9b2329bf
copy	hardware/libraries/eagle/Libraries/SparkFun-Eagle-Libraries-master/SparkFun-Jumpers.lbr	YACC1-2020/Utilities/Eagle/Libraries/SparkFun-Eagle-Libraries-master/SparkFun-Jumpers.lbr	47988e5400e8e857b1fc054e2a37ffbc
copy	hardware/libraries/eagle/Libraries/SparkFun-Eagle-Libraries-master/SparkFun-LED.lbr	YACC1-2020/Utilities/Eagle/Libraries/SparkFun-Eagle-Libraries-master/SparkFun-LED.lbr	b1e76d17410631fa099560d22abb7175
copy	hardware/libraries/eagle/Libraries/SparkFun-Eagle-Libraries-master/SparkFun-PowerSymbols.lbr	YACC1-2020/Utilities/Eagle/Libraries/SparkFun-Eagle-Libraries-master/SparkFun-PowerSymbols.lbr	2254d033bfb085df1ebf075d041b6b79
copy	hardware/libraries/eagle/Libraries/SparkFun-Eagle-Libraries-master/SparkFun-RF.lbr	YACC1-2020/Utilities/Eagle/Libraries/SparkFun-Eagle-Libraries-master/SparkFun-RF.lbr	a7e7c9c922696c9761b77d88da8f483b
copy	hardware/libraries/eagle/Libraries/SparkFun-Eagle-Libraries-master/SparkFun-Resistors.lbr	YACC1-2020/Utilities/Eagle/Libraries/SparkFun-Eagle-Libraries-master/SparkFun-Resistors.lbr	dd124702d140cc8503ef1f13694d83be
copy	hardware/libraries/eagle/Libraries/SparkFun-Eagle-Libraries-master/SparkFun-Retired.lbr	YACC1-2020/Utilities/Eagle/Libraries/SparkFun-Eagle-Libraries-master/SparkFun-Retired.lbr	b3f99c552399927fb5118b924365c265
copy	hardware/libraries/eagle/Libraries/SparkFun-Eagle-Libraries-master/SparkFun-Sensors.lbr	YACC1-2020/Utilities/Eagle/Libraries/SparkFun-Eagle-Libraries-master/SparkFun-Sensors.lbr	09d36bf16d9e6a22f3b6d300612b747b
copy	hardware/libraries/eagle/Libraries/SparkFun-Eagle-Libraries-master/SparkFun-Switches.lbr	YACC1-2020/Utilities/Eagle/Libraries/SparkFun-Eagle-Libraries-master/SparkFun-Switches.lbr	ea48cfe72f6a10dbce48b733992c737f
copy	hardware/libraries/eagle/Libraries/SparkFun-Eagle-Libraries-master/User-Submitted.lbr	YACC1-2020/Utilities/Eagle/Libraries/SparkFun-Eagle-Libraries-master/User-Submitted.lbr	7964a8a502dd0413f36816b17cf9fbbc
copy	hardware/libraries/eagle/Libraries/SparkFun-Eagle-Libraries-master/images/CourtyardExcess.png	YACC1-2020/Utilities/Eagle/Libraries/SparkFun-Eagle-Libraries-master/images/CourtyardExcess.png	e0c08b6fe2b7c126a93666fe749b0112
copy	hardware/libraries/eagle/Libraries/SparkFun-Eagle-Libraries-master/images/FootprintExample.png	YACC1-2020/Utilities/Eagle/Libraries/SparkFun-Eagle-Libraries-master/images/FootprintExample.png	2515ddd062c0a711ebeda908dfbe41b2
copy	hardware/libraries/eagle/Libraries/SparkFun-Eagle-Libraries-master/images/SymbolExample.png	YACC1-2020/Utilities/Eagle/Libraries/SparkFun-Eagle-Libraries-master/images/SymbolExample.png	2badf4b74a6104f14aea2385b8eacb1a
copy	hardware/libraries/eagle/Libraries/SparkFun-Eagle-Libraries-master/readme.md	YACC1-2020/Utilities/Eagle/Libraries/SparkFun-Eagle-Libraries-master/readme.md	20cbd02b45fbd507d38e2ba8ae77a9dd
copy	hardware/libraries/eagle/oshpark-2layer-auto-routing.dru	YACC1-2020/oshpark-2layer-auto-routing.dru	9a1dd3537c5d410ff2e7f0999e152ecf
copy	hardware/libraries/eagle/pinhead_3row-2.lbr	YACC1-2020/pinhead_3row-2.lbr	ab573c8868240b94e015e117b6dbeb05
copy	hardware/libraries/eagle/test.ctl	YACC gitversion/YACC1-2020/PCB/Production/BUS-PROD-V2.0/test.ctl	27661665913d055ae270dbccd9152277
copy	hardware/mechanical/clip.skp	newgit/YACC1-2020/mech parts/clip.skp	e958a4fc522937604385589e8551e77f
copy	hardware/mechanical/clip12.skp	newgit/YACC1-2020/mech parts/clip12.skp	e2bb9ac4a8d9ae9eefcc89e3e4bce616
copy	hardware/mechanical/clip12.stl	newgit/YACC1-2020/mech parts/clip12.stl	49319e372d2d4d496faacd2674d290cb
copy	hardware/mechanical/clip12~.skp	newgit/YACC1-2020/mech parts/clip12~.skp	f2a86fc5c45fdbcb51433f5e58c2e2f5
copy	hardware/mechanical/divider.stl	newgit/YACC1-2020/mech parts/divider.stl	f78065816c2e1cb526daabab658de6ab
skip	header.h	YACC1-2020/Software pre vs/Assembler-16/header.h	b0f4bca9d7b4d3f10a40a4a468cd23e6
skip	header.h	YACC1-2020/Software/Assembler-16/header.h	b0f4bca9d7b4d3f10a40a4a468cd23e6
skip	header.h	YACC1-2024/Software pre vs/Assembler-16/header.h	b0f4bca9d7b4d3f10a40a4a468cd23e6
skip	header.h	YACC1-2024/Software/Assembler-16/header.h	b0f4bca9d7b4d3f10a40a4a468cd23e6
skip	list	YACC1-2020/Software pre vs/Assembler-16/list	918465c10b5f9feb1329bcbff2bc5840
skip	list	YACC1-2020/Software/Assembler-16/list	918465c10b5f9feb1329bcbff2bc5840
skip	list	YACC1-2024/Software pre vs/Assembler-16/list	918465c10b5f9feb1329bcbff2bc5840
skip	list	YACC1-2024/Software/Assembler-16/list	918465c10b5f9feb1329bcbff2bc5840
skip	main	YACC1-2020/Software/emulator-16/main	79db388260f03be0f9f3a79ca17740ba
skip	main	YACC1-2024/Software/emulator-16/main	79db388260f03be0f9f3a79ca17740ba
skip	main.c	YACC1-2020/Software/emulator-16/main.c	43aa292ebd206dbf4ee2c44d66421d2b
skip	main.c	YACC1-2024/Software/emulator-16/main.c	43aa292ebd206dbf4ee2c44d66421d2b
skip	makerom	YACC1-2020/Software pre vs/Assembler-16/makerom	291b73d209620a363d59d3905d33097a
skip	makerom	YACC1-2020/Software/Assembler-16/makerom	291b73d209620a363d59d3905d33097a
skip	makerom	YACC1-2024/Software pre vs/Assembler-16/makerom	291b73d209620a363d59d3905d33097a
skip	makerom	YACC1-2024/Software/Assembler-16/makerom	291b73d209620a363d59d3905d33097a
copy	media/alu v3.2 solder.jpeg	YACC gitversion/YACC1-2020/Photos & Videos/alu v3.2 solder.jpeg	5202554a06c29373de5188b5e5c9a3ec
copy	media/alu v3.2 top.jpeg	YACC gitversion/YACC1-2020/Photos & Videos/alu v3.2 top.jpeg	3727ed7909b0b198ef1c3be80e88874d
copy	media/bus v1.0 top.jpeg	YACC gitversion/YACC1-2020/Photos & Videos/bus v1.0 top.jpeg	1ae9bd67734257fccc63cfc89885c54d
copy	media/bus v1.1 solder.jpeg	YACC gitversion/YACC1-2020/Photos & Videos/bus v1.1 solder.jpeg	894cba29199ad0c21a4a1c4b51739f7a
copy	media/double bus.jpeg	YACC gitversion/YACC1-2020/Photos & Videos/double bus.jpeg	495771bde6e30ddc0ae5e2ec058e4505
copy	media/index register v1.1 solder.jpeg	YACC gitversion/YACC1-2020/Photos & Videos/index register v1.1 solder.jpeg	329bb7e22f8bf8819a259a491bd78c1e
copy	media/index register v1.1 top.jpeg	YACC gitversion/YACC1-2020/Photos & Videos/index register v1.1 top.jpeg	3a79bc2fdf0f9dbc71493d4adad2e5e8
copy	media/io v1.1 bottom.jpeg	YACC gitversion/YACC1-2020/Photos & Videos/io v1.1 bottom.jpeg	656d25e09d3abce504ed3c3507d9c848
copy	media/io v1.1 top.jpeg	YACC gitversion/YACC1-2020/Photos & Videos/io v1.1 top.jpeg	7543f38a70b595a43e02d1e824494769
copy	media/memory v1.2 solder.jpeg	YACC gitversion/YACC1-2020/Photos & Videos/memory v1.2 solder.jpeg	986f60417aea7a306069edd40862c3a3
copy	media/memory v1.2 top.jpeg	YACC gitversion/YACC1-2020/Photos & Videos/memory v1.2 top.jpeg	8eb08712cc744875eddf2548fcff4f36
copy	media/sequencer logic v2.1 solder.jpeg	YACC gitversion/YACC1-2020/Photos & Videos/sequencer logic v2.1 solder.jpeg	bc89be80e5f8541c059ace9e7bdc7f9d
copy	media/sequencer logic v2.1 top.jpeg	YACC gitversion/YACC1-2020/Photos & Videos/sequencer logic v2.1 top.jpeg	c1a5270abd49461e90574c3075fd9408
copy	media/sequencer memory v2.1 solder.jpeg	YACC gitversion/YACC1-2020/Photos & Videos/sequencer memory v2.1 solder.jpeg	fe42a1b9b90a3ed81655fef6e4262416
copy	media/sequencer memory v2.1 top.jpeg	YACC gitversion/YACC1-2020/Photos & Videos/sequencer memory v2.1 top.jpeg	2da6d0bff5c784b9d2035cb6dc931ea2
copy	media/sequencer top.jpeg	YACC gitversion/YACC1-2020/Photos & Videos/sequencer top.jpeg	71fbcef826d9a8c0708f7c515413168c
copy	media/system1.jpeg	YACC gitversion/YACC1-2020/Photos & Videos/system1.jpeg	bea20c39d72b58e195f61659fed7b059
copy	media/test board v1.1 solder.jpeg	YACC gitversion/YACC1-2020/Photos & Videos/test board v1.1 solder.jpeg	1a0d1045fd1bec7351306e3269c81de1
copy	media/test board v1.1 top.jpeg	YACC gitversion/YACC1-2020/Photos & Videos/test board v1.1 top.jpeg	7874bf5286bfa2030e83d32aa9c8da77
skip	monitor.img	YACC1-2020/Software pre vs/Assembler-16/monitor.img	8c92ff0a101e63c442e7290ba45abc6f
skip	monitor.img	YACC1-2020/Software/Assembler-16/monitor.img	8c92ff0a101e63c442e7290ba45abc6f
skip	monitor.img	YACC1-2024/Software pre vs/Assembler-16/monitor.img	8c92ff0a101e63c442e7290ba45abc6f
skip	monitor.img	YACC1-2024/Software/Assembler-16/monitor.img	8c92ff0a101e63c442e7290ba45abc6f
skip	mstrings.c	YACC1-2020/Software pre vs/Assembler-16/mstrings.c	0b2b9c926cb57c9fbaa2ccd2db066a78
skip	mstrings.c	YACC1-2020/Software/Assembler-16/mstrings.c	0b2b9c926cb57c9fbaa2ccd2db066a78
skip	mstrings.c	YACC1-2024/Software pre vs/Assembler-16/mstrings.c	0b2b9c926cb57c9fbaa2ccd2db066a78
skip	mstrings.c	YACC1-2024/Software/Assembler-16/mstrings.c	0b2b9c926cb57c9fbaa2ccd2db066a78
skip	mstrings.h	YACC1-2020/Software pre vs/Assembler-16/mstrings.h	a195e282aeb384a43fea201400d5672a
skip	mstrings.h	YACC1-2020/Software/Assembler-16/mstrings.h	a195e282aeb384a43fea201400d5672a
skip	mstrings.h	YACC1-2024/Software pre vs/Assembler-16/mstrings.h	a195e282aeb384a43fea201400d5672a
skip	mstrings.h	YACC1-2024/Software/Assembler-16/mstrings.h	a195e282aeb384a43fea201400d5672a
skip	nbproject/Makefile-Debug.mk	YACC1-2020/Software pre vs/Assembler-16/nbproject/Makefile-Debug.mk	563c9b1ff7ed234db6ca6cd86510cff2
skip	nbproject/Makefile-Debug.mk	YACC1-2020/Software/Assembler-16/nbproject/Makefile-Debug.mk	563c9b1ff7ed234db6ca6cd86510cff2
skip	nbproject/Makefile-Debug.mk	YACC1-2020/Software/emulator-16/nbproject/Makefile-Debug.mk	78e5c8039c53c27833ac27db89610ada
skip	nbproject/Makefile-Debug.mk	YACC1-2024/Software pre vs/Assembler-16/nbproject/Makefile-Debug.mk	563c9b1ff7ed234db6ca6cd86510cff2
skip	nbproject/Makefile-Debug.mk	YACC1-2024/Software/Assembler-16/nbproject/Makefile-Debug.mk	563c9b1ff7ed234db6ca6cd86510cff2
skip	nbproject/Makefile-Debug.mk	YACC1-2024/Software/emulator-16/nbproject/Makefile-Debug.mk	78e5c8039c53c27833ac27db89610ada
skip	nbproject/Makefile-Release.mk	YACC1-2020/Software pre vs/Assembler-16/nbproject/Makefile-Release.mk	f271069880e02deb17130a069b63c060
skip	nbproject/Makefile-Release.mk	YACC1-2020/Software/Assembler-16/nbproject/Makefile-Release.mk	f271069880e02deb17130a069b63c060
skip	nbproject/Makefile-Release.mk	YACC1-2020/Software/emulator-16/nbproject/Makefile-Release.mk	89a5a4eb3e86f3f1e075d87071bb6db0
skip	nbproject/Makefile-Release.mk	YACC1-2024/Software pre vs/Assembler-16/nbproject/Makefile-Release.mk	f271069880e02deb17130a069b63c060
skip	nbproject/Makefile-Release.mk	YACC1-2024/Software/Assembler-16/nbproject/Makefile-Release.mk	f271069880e02deb17130a069b63c060
skip	nbproject/Makefile-Release.mk	YACC1-2024/Software/emulator-16/nbproject/Makefile-Release.mk	89a5a4eb3e86f3f1e075d87071bb6db0
skip	nbproject/Makefile-impl.mk	YACC1-2020/Software pre vs/Assembler-16/nbproject/Makefile-impl.mk	a31f55a6d9651477556e34a297ca7604
skip	nbproject/Makefile-impl.mk	YACC1-2020/Software/Assembler-16/nbproject/Makefile-impl.mk	a31f55a6d9651477556e34a297ca7604
skip	nbproject/Makefile-impl.mk	YACC1-2020/Software/emulator-16/nbproject/Makefile-impl.mk	c7a14cdc5ec68723e40b2d3e089dc7cc
skip	nbproject/Makefile-impl.mk	YACC1-2024/Software pre vs/Assembler-16/nbproject/Makefile-impl.mk	a31f55a6d9651477556e34a297ca7604
skip	nbproject/Makefile-impl.mk	YACC1-2024/Software/Assembler-16/nbproject/Makefile-impl.mk	a31f55a6d9651477556e34a297ca7604
skip	nbproject/Makefile-impl.mk	YACC1-2024/Software/emulator-16/nbproject/Makefile-impl.mk	c7a14cdc5ec68723e40b2d3e089dc7cc
skip	nbproject/Makefile-variables.mk	YACC1-2020/Software pre vs/Assembler-16/nbproject/Makefile-variables.mk	5b091e48a04651772f6b9a455def4196
skip	nbproject/Makefile-variables.mk	YACC1-2020/Software/Assembler-16/nbproject/Makefile-variables.mk	5b091e48a04651772f6b9a455def4196
skip	nbproject/Makefile-variables.mk	YACC1-2020/Software/emulator-16/nbproject/Makefile-variables.mk	35a283ab80f2a9d3b1c562111386ca6d
skip	nbproject/Makefile-variables.mk	YACC1-2024/Software pre vs/Assembler-16/nbproject/Makefile-variables.mk	5b091e48a04651772f6b9a455def4196
skip	nbproject/Makefile-variables.mk	YACC1-2024/Software/Assembler-16/nbproject/Makefile-variables.mk	5b091e48a04651772f6b9a455def4196
skip	nbproject/Makefile-variables.mk	YACC1-2024/Software/emulator-16/nbproject/Makefile-variables.mk	35a283ab80f2a9d3b1c562111386ca6d
skip	nbproject/Package-Debug.bash	YACC1-2020/Software pre vs/Assembler-16/nbproject/Package-Debug.bash	0465a8a298a9e23ab9113b6d79b5b85e
skip	nbproject/Package-Debug.bash	YACC1-2020/Software/Assembler-16/nbproject/Package-Debug.bash	0465a8a298a9e23ab9113b6d79b5b85e
skip	nbproject/Package-Debug.bash	YACC1-2020/Software/emulator-16/nbproject/Package-Debug.bash	b50483faf36b933186287dcdc668fa60
skip	nbproject/Package-Debug.bash	YACC1-2024/Software pre vs/Assembler-16/nbproject/Package-Debug.bash	0465a8a298a9e23ab9113b6d79b5b85e
skip	nbproject/Package-Debug.bash	YACC1-2024/Software/Assembler-16/nbproject/Package-Debug.bash	0465a8a298a9e23ab9113b6d79b5b85e
skip	nbproject/Package-Debug.bash	YACC1-2024/Software/emulator-16/nbproject/Package-Debug.bash	b50483faf36b933186287dcdc668fa60
skip	nbproject/Package-Release.bash	YACC1-2020/Software pre vs/Assembler-16/nbproject/Package-Release.bash	ee4c445afd4fc0fda478c35340eed413
skip	nbproject/Package-Release.bash	YACC1-2020/Software/Assembler-16/nbproject/Package-Release.bash	ee4c445afd4fc0fda478c35340eed413
skip	nbproject/Package-Release.bash	YACC1-2020/Software/emulator-16/nbproject/Package-Release.bash	2c8d870f7f418cceb34e4c0958e05436
skip	nbproject/Package-Release.bash	YACC1-2024/Software pre vs/Assembler-16/nbproject/Package-Release.bash	ee4c445afd4fc0fda478c35340eed413
skip	nbproject/Package-Release.bash	YACC1-2024/Software/Assembler-16/nbproject/Package-Release.bash	ee4c445afd4fc0fda478c35340eed413
skip	nbproject/Package-Release.bash	YACC1-2024/Software/emulator-16/nbproject/Package-Release.bash	2c8d870f7f418cceb34e4c0958e05436
skip	nbproject/configurations.xml	YACC1-2020/Software pre vs/Assembler-16/nbproject/configurations.xml	592af2bee4c6ede8270d95f1691e229e
skip	nbproject/configurations.xml	YACC1-2020/Software/Assembler-16/nbproject/configurations.xml	592af2bee4c6ede8270d95f1691e229e
skip	nbproject/configurations.xml	YACC1-2020/Software/emulator-16/nbproject/configurations.xml	59598bd2d44e9e2c57433e7d5d333046
skip	nbproject/configurations.xml	YACC1-2024/Software pre vs/Assembler-16/nbproject/configurations.xml	592af2bee4c6ede8270d95f1691e229e
skip	nbproject/configurations.xml	YACC1-2024/Software/Assembler-16/nbproject/configurations.xml	592af2bee4c6ede8270d95f1691e229e
skip	nbproject/configurations.xml	YACC1-2024/Software/emulator-16/nbproject/configurations.xml	59598bd2d44e9e2c57433e7d5d333046
skip	nbproject/project.xml	YACC1-2020/Software pre vs/Assembler-16/nbproject/project.xml	8ce4eaf6a746afe689bc905b3f8c5ad3
skip	nbproject/project.xml	YACC1-2020/Software/Assembler-16/nbproject/project.xml	8ce4eaf6a746afe689bc905b3f8c5ad3
skip	nbproject/project.xml	YACC1-2020/Software/emulator-16/nbproject/project.xml	add43131fe7624dbe5655f3d7e17923a
skip	nbproject/project.xml	YACC1-2024/Software pre vs/Assembler-16/nbproject/project.xml	8ce4eaf6a746afe689bc905b3f8c5ad3
skip	nbproject/project.xml	YACC1-2024/Software/Assembler-16/nbproject/project.xml	8ce4eaf6a746afe689bc905b3f8c5ad3
skip	nbproject/project.xml	YACC1-2024/Software/emulator-16/nbproject/project.xml	add43131fe7624dbe5655f3d7e17923a
skip	rcasm.rc	YACC1-2020/Software pre vs/Assembler-16/rcasm.rc	6a366bf263388ef7d99e32559e745b87
skip	rcasm.rc	YACC1-2020/Software/Assembler-16/rcasm.rc	6a366bf263388ef7d99e32559e745b87
skip	rcasm.rc	YACC1-2024/Software pre vs/Assembler-16/rcasm.rc	6a366bf263388ef7d99e32559e745b87
skip	rcasm.rc	YACC1-2024/Software/Assembler-16/rcasm.rc	6a366bf263388ef7d99e32559e745b87
copy	software/assembler/Makefile.netbeans	YACC gitversion/YACC1-2020/Software/Assembler/Makefile	d46bcd56eb9b965196a10cb401268406
copy	software/assembler/asm.c	YACC gitversion/YACC1-2020/Software/Assembler/asm.c	1aa8d24e49c2ae372bf9edd958723b01
copy	software/assembler/asm.doc	YACC gitversion/YACC1-2020/Software/Assembler/asm.doc	a125780718eda556525b1d9c4a305d74
copy	software/assembler/asm.txt	YACC gitversion/YACC1-2020/Software/Assembler/asm.txt	33e29fb73e49a8b265eab66dd498e0c1
copy	software/assembler/asmcmds.c	YACC gitversion/YACC1-2020/Software/Assembler/asmcmds.c	0c5bc709b4c31fdd0ed48211184d1038
copy	software/assembler/header.h	YACC gitversion/YACC1-2020/Software/Assembler/header.h	b0f4bca9d7b4d3f10a40a4a468cd23e6
copy	software/assembler/mstrings.c	YACC gitversion/YACC1-2020/Software/Assembler/mstrings.c	0b2b9c926cb57c9fbaa2ccd2db066a78
copy	software/assembler/mstrings.h	YACC gitversion/YACC1-2020/Software/Assembler/mstrings.h	a195e282aeb384a43fea201400d5672a
copy	software/assembler/nbproject/Makefile-Debug.mk	YACC gitversion/YACC1-2020/Software/Assembler/nbproject/Makefile-Debug.mk	563c9b1ff7ed234db6ca6cd86510cff2
copy	software/assembler/nbproject/Makefile-Release.mk	YACC gitversion/YACC1-2020/Software/Assembler/nbproject/Makefile-Release.mk	f271069880e02deb17130a069b63c060
copy	software/assembler/nbproject/Makefile-impl.mk	YACC gitversion/YACC1-2020/Software/Assembler/nbproject/Makefile-impl.mk	a31f55a6d9651477556e34a297ca7604
copy	software/assembler/nbproject/Makefile-variables.mk	YACC gitversion/YACC1-2020/Software/Assembler/nbproject/Makefile-variables.mk	5b091e48a04651772f6b9a455def4196
copy	software/assembler/nbproject/Package-Debug.bash	YACC gitversion/YACC1-2020/Software/Assembler/nbproject/Package-Debug.bash	0465a8a298a9e23ab9113b6d79b5b85e
copy	software/assembler/nbproject/Package-Release.bash	YACC gitversion/YACC1-2020/Software/Assembler/nbproject/Package-Release.bash	ee4c445afd4fc0fda478c35340eed413
copy	software/assembler/nbproject/configurations.xml	YACC gitversion/YACC1-2020/Software/Assembler/nbproject/configurations.xml	592af2bee4c6ede8270d95f1691e229e
copy	software/assembler/nbproject/project.xml	YACC gitversion/YACC1-2020/Software/Assembler/nbproject/project.xml	8ce4eaf6a746afe689bc905b3f8c5ad3
copy	software/assembler/rcasm.rc	YACC gitversion/YACC1-2020/Software/Assembler/rcasm.rc	6a366bf263388ef7d99e32559e745b87
copy	software/assembler/support.c	YACC gitversion/YACC1-2020/Software/Assembler/support.c	0324e9287587fb02ebd6cc8c4b100f61
copy	software/assembler/upstream/rcasm-2.2/1802.def	YACC gitversion/YACC1-2020/Software/Assembler/old/rcasm-orig/1802.def	5008a3ef864c707f62b805340be4c4e6
copy	software/assembler/upstream/rcasm-2.2/1802.txt	YACC gitversion/YACC1-2020/Software/Assembler/old/rcasm-orig/1802.txt	f657a957e8bc8e0bc7da189b23b154b5
copy	software/assembler/upstream/rcasm-2.2/1805.def	YACC gitversion/YACC1-2020/Software/Assembler/old/rcasm-orig/1805.def	ef281c7d62519f2e6192ca1f3803eb3b
copy	software/assembler/upstream/rcasm-2.2/4004.def	YACC gitversion/YACC1-2020/Software/Assembler/old/rcasm-orig/4004.def	9c3fae2903c55c5f3829707a00c73e08
copy	software/assembler/upstream/rcasm-2.2/6502.asm	YACC gitversion/YACC1-2020/Software/Assembler/old/rcasm-orig/6502.asm	39eaad61a07c2e32da35ed3a7d17b2fe
copy	software/assembler/upstream/rcasm-2.2/6502.def	YACC gitversion/YACC1-2020/Software/Assembler/old/rcasm-orig/6502.def	c2cbdcaec9dc4bb2be0c5da21928acec
copy	software/assembler/upstream/rcasm-2.2/8080.asm	YACC gitversion/YACC1-2020/Software/Assembler/old/rcasm-orig/8080.asm	1ce14dfaba163369b30f54b2dd919d41
copy	software/assembler/upstream/rcasm-2.2/8080.def	YACC gitversion/YACC1-2020/Software/Assembler/old/rcasm-orig/8080.def	6a8c0f34fdf8b97e08e5af5a2a1fce4c
copy	software/assembler/upstream/rcasm-2.2/8080.lst	YACC gitversion/YACC1-2020/Software/Assembler/old/rcasm-orig/8080.lst	f88b53947f1fe3ab8310c512eecc4a88
copy	software/assembler/upstream/rcasm-2.2/8080.txt	YACC gitversion/YACC1-2020/Software/Assembler/old/rcasm-orig/8080.txt	9935d94987d0f76f7806b999471e0d4d
copy	software/assembler/upstream/rcasm-2.2/Makefile	YACC gitversion/YACC1-2020/Software/Assembler/old/rcasm-orig/Makefile	b71646a92cb81991f0220762df692bff
copy	software/assembler/upstream/rcasm-2.2/asm.c	YACC gitversion/YACC1-2020/Software/Assembler/old/rcasm-orig/asm.c	7dfbd1994bb2faa8b5d8312b516fa7d6
copy	software/assembler/upstream/rcasm-2.2/asmcmds.c	YACC gitversion/YACC1-2020/Software/Assembler/old/rcasm-orig/asmcmds.c	2b3feecfb75aba4b6170ed987c89f3b2
copy	software/assembler/upstream/rcasm-2.2/blank.txt	YACC gitversion/YACC1-2020/Software/Assembler/old/rcasm-orig/blank.txt	b721c5747f394e62cce9739dacd9a400
copy	software/assembler/upstream/rcasm-2.2/chip8.def	YACC gitversion/YACC1-2020/Software/Assembler/old/rcasm-orig/chip8.def	2bc3ba4009baad6050230ed6114cdb5e
copy	software/assembler/upstream/rcasm-2.2/header.h	YACC gitversion/YACC1-2020/Software/Assembler/old/rcasm-orig/header.h	5e1d1c1f5cc65300c3db222c136b0b03
copy	software/assembler/upstream/rcasm-2.2/makeswitch.c	YACC gitversion/YACC1-2020/Software/Assembler/old/rcasm-orig/makeswitch.c	35e8395d73559f5dead7d2aa40aca304
copy	software/assembler/upstream/rcasm-2.2/mk	YACC gitversion/YACC1-2020/Software/Assembler/old/rcasm-orig/mk	22e030e5f8e3b0f8ffedb543688378eb
copy	software/assembler/upstream/rcasm-2.2/mstrings.c	YACC gitversion/YACC1-2020/Software/Assembler/old/rcasm-orig/mstrings.c	a04c8f84485da267944c08d33f351a16
copy	software/assembler/upstream/rcasm-2.2/mstrings.h	YACC gitversion/YACC1-2020/Software/Assembler/old/rcasm-orig/mstrings.h	0d1140141dd15882feca75201c1c3560
copy	software/assembler/upstream/rcasm-2.2/pic24c5xx.def	YACC gitversion/YACC1-2020/Software/Assembler/old/rcasm-orig/pic24c5xx.def	d3583d7ec8fb42459f65e34ef91a163b
copy	software/assembler/upstream/rcasm-2.2/rcasm	YACC gitversion/YACC1-2020/Software/Assembler/old/rcasm-orig/rcasm	4601632dd5397c1071478c8864cd3a6a
copy	software/assembler/upstream/rcasm-2.2/rcasm.rc	YACC gitversion/YACC1-2020/Software/Assembler/old/rcasm-orig/rcasm.rc	8111d8523c18e787161cf20c10be541b
copy	software/assembler/upstream/rcasm-2.2/rclink	YACC gitversion/YACC1-2020/Software/Assembler/old/rcasm-orig/rclink	0b9aefbd18ac351917f4f4a282650bd7
copy	software/assembler/upstream/rcasm-2.2/rclink.c	YACC gitversion/YACC1-2020/Software/Assembler/old/rcasm-orig/rclink.c	01365dcbee1464b3733cc04715ac475a
copy	software/assembler/upstream/rcasm-2.2/support.c	YACC gitversion/YACC1-2020/Software/Assembler/old/rcasm-orig/support.c	1928fee9319cb66d568e256781e5e767
copy	software/assembler/upstream/rcasm-2.2/switchtable	YACC gitversion/YACC1-2020/Software/Assembler/old/rcasm-orig/switchtable	d428d00773b1180b7958a7dde4f839d5
copy	software/assembler/upstream/rcasm-2.2/test.asm	YACC gitversion/YACC1-2020/Software/Assembler/old/rcasm-orig/test.asm	285f9fcec4fc049f46b6e2994ddbabc8
copy	software/assembler/upstream/rcasm-2.2/z8.def	YACC gitversion/YACC1-2020/Software/Assembler/old/rcasm-orig/z8.def	2af4cb7ddf2498dabe643d6ae99c4855
copy	software/assembler/upstream/rcasm-2.2/z80.def	YACC gitversion/YACC1-2020/Software/Assembler/old/rcasm-orig/z80.def	d5c071ee2542562a02fbc2213e390782
copy	software/assembler/yacc1.def	YACC1-2020/Software/Assembler/yacc1.def	a9a9007510fb9b7d699010425021861f
copy	software/disassembler/disasm2/Makefile.netbeans	YACC1-2024/Software/Sequencer Card/disasm2/Makefile	a9ed26ab7eaad2726af7a610a26eb390
copy	software/disassembler/disasm2/code.h	YACC1-2024/Software/Sequencer Card/disasm2/code.h	dfc3db2e59b5a15615bfa6676d76fa39
copy	software/disassembler/disasm2/main.c	YACC1-2024/Software/Sequencer Card/disasm2/main.c	3a39c9b9cf13722826ebd24b0e9e7aa6
copy	software/disassembler/disasm2/nbproject/Makefile-Debug.mk	YACC1-2024/Software/Sequencer Card/disasm2/nbproject/Makefile-Debug.mk	0c7261508efd0e744a230a9d8c4b8a24
copy	software/disassembler/disasm2/nbproject/Makefile-Release.mk	YACC1-2024/Software/Sequencer Card/disasm2/nbproject/Makefile-Release.mk	4b555502c1f17e76049570c1f6f1d7f4
copy	software/disassembler/disasm2/nbproject/Makefile-impl.mk	YACC1-2024/Software/Sequencer Card/disasm2/nbproject/Makefile-impl.mk	f924f3982f8653dc0d30b791f089832a
copy	software/disassembler/disasm2/nbproject/Makefile-variables.mk	YACC1-2024/Software/Sequencer Card/disasm2/nbproject/Makefile-variables.mk	b03e6963b9f810aae0f092cae5a51e7b
copy	software/disassembler/disasm2/nbproject/Package-Debug.bash	YACC1-2024/Software/Sequencer Card/disasm2/nbproject/Package-Debug.bash	79f9031c7f532851cb2af794a91a11d0
copy	software/disassembler/disasm2/nbproject/Package-Release.bash	YACC1-2024/Software/Sequencer Card/disasm2/nbproject/Package-Release.bash	9f5b53ccfad2e89d534663b967fe90d1
copy	software/disassembler/disasm2/nbproject/configurations.xml	YACC1-2024/Software/Sequencer Card/disasm2/nbproject/configurations.xml	ea699060638e6c15ef1533b5f3c71ae1
copy	software/disassembler/disasm2/nbproject/project.xml	YACC1-2024/Software/Sequencer Card/disasm2/nbproject/project.xml	c1e136294beff337baba8ff523325ec2
copy	software/disassembler/disasm2/yaccsignal.h.old.h	YACC1-2024/Software/Sequencer Card/disasm2/yaccsignal.h.old.h	7b7217b352687bec0fa6db4226463237
copy	software/emulator/main.c	YACC1-2024/Software/emulator/main.c	1c762a139472f254ade759877590170e
copy	software/opcodes.h	YACC1-2024/Software/opcodes.h	c167f83fcbd8b38d34759d101511273e
copy	software/ubasic-c/ubasic-master-orig/LICENSE	YACC1-2024/Software-vs/ubasic-master-orig/LICENSE	5438f8cca89b16a8566b74b66cc10f09
copy	software/ubasic-c/ubasic-master-orig/Makefile	YACC1-2024/Software-vs/ubasic-master-orig/Makefile	242feb797c8355fa7ae35674811c5dad
copy	software/ubasic-c/ubasic-master-orig/README.md	YACC1-2024/Software-vs/ubasic-master-orig/README.md	76e0f51e2b468e112955abebab87e49a
copy	software/ubasic-c/ubasic-master-orig/nbproject/configurations.xml	YACC1-2024/Software-vs/ubasic-master-orig/nbproject/configurations.xml	4a3dc3ada193164d7527233f21164d77
copy	software/ubasic-c/ubasic-master-orig/nbproject/project.xml	YACC1-2024/Software-vs/ubasic-master-orig/nbproject/project.xml	48ceaf1117b44cad113f071d35da08ed
copy	software/ubasic-c/ubasic-master-orig/tests.c	YACC1-2024/Software-vs/ubasic-master-orig/tests.c	581839fa7cffd5c17c57954ca03acf40
copy	software/ubasic-c/ubasic-master-orig/tokenizer.c	YACC1-2024/Software-vs/ubasic-master-orig/tokenizer.c	54fb43d94556da1a9dc1d651ee95349b
copy	software/ubasic-c/ubasic-master-orig/tokenizer.h	YACC1-2024/Software-vs/ubasic-master-orig/tokenizer.h	86abe29ada8fdeab8717e1e763a9896a
copy	software/ubasic-c/ubasic-master-orig/ubasic.c	YACC1-2024/Software-vs/ubasic-master-orig/ubasic.c	d0a9fa246ad0fa059fdae2403031216d
copy	software/ubasic-c/ubasic-master-orig/ubasic.h	YACC1-2024/Software-vs/ubasic-master-orig/ubasic.h	0e0778fd36312418de0c8c33b72e65ec
copy	software/ubasic-c/ubasic-master-orig/use-ubasic.c	YACC1-2024/Software-vs/ubasic-master-orig/use-ubasic.c	88973f923e14cd571ab6bddd147b0c67
copy	software/ubasic-c/ubasic-master-orig/vartype.h	YACC1-2024/Software-vs/ubasic-master-orig/vartype.h	ab458adf83a597579da30b6f05ae68c8
copy	software/ubasic-c/ubasic-master/LICENSE	YACC1-2024/Software-vs/ubasic-master/LICENSE	5438f8cca89b16a8566b74b66cc10f09
copy	software/ubasic-c/ubasic-master/Makefile.netbeans	YACC1-2024/Software-vs/ubasic-master/Makefile	867e3361a5c944d44cc18e1ccd3e6145
copy	software/ubasic-c/ubasic-master/README.md	YACC1-2024/Software-vs/ubasic-master/README.md	c0ea5d3c8aa22128cc2945e032ceaa76
copy	software/ubasic-c/ubasic-master/nbproject/configurations.xml	YACC1-2024/Software-vs/ubasic-master/nbproject/configurations.xml	4a3dc3ada193164d7527233f21164d77
copy	software/ubasic-c/ubasic-master/nbproject/project.xml	YACC1-2024/Software-vs/ubasic-master/nbproject/project.xml	449301ac630b37d3a7454dcc96aed073
copy	software/ubasic-c/ubasic-master/tests.c	YACC1-2024/Software-vs/ubasic-master/tests.c	581839fa7cffd5c17c57954ca03acf40
copy	software/ubasic-c/ubasic-master/tokenizer.c	YACC1-2024/Software-vs/ubasic-master/tokenizer.c	b88d9e68daf1490dc4651c3ea19179f6
copy	software/ubasic-c/ubasic-master/tokenizer.h	YACC1-2024/Software-vs/ubasic-master/tokenizer.h	48928442677d5e31989df65be14de725
copy	software/ubasic-c/ubasic-master/ubasic.c	YACC1-2024/Software-vs/ubasic-master/ubasic.c	2a965dbf3a53c530132ebef5704f2573
copy	software/ubasic-c/ubasic-master/ubasic.h	YACC1-2024/Software-vs/ubasic-master/ubasic.h	6e981961faa8d2f75aea26a5dd07c8fa
copy	software/ubasic-c/ubasic-master/use-ubasic.c	YACC1-2024/Software-vs/ubasic-master/use-ubasic.c	57c489fe8f7d4066654fe6a5512ad7d3
copy	software/ubasic-c/ubasic-master/vartype.h	YACC1-2024/Software-vs/ubasic-master/vartype.h	ab458adf83a597579da30b6f05ae68c8
copy	software/ubasic-c/ubasic-master/x.tb	YACC1-2024/Software-vs/ubasic-master/x.tb	15e28296585997584a0db12688bf95eb
skip	support.c	YACC1-2020/Software pre vs/Assembler-16/support.c	0324e9287587fb02ebd6cc8c4b100f61
skip	support.c	YACC1-2020/Software/Assembler-16/support.c	0324e9287587fb02ebd6cc8c4b100f61
skip	support.c	YACC1-2024/Software pre vs/Assembler-16/support.c	0324e9287587fb02ebd6cc8c4b100f61
skip	support.c	YACC1-2024/Software/Assembler-16/support.c	0324e9287587fb02ebd6cc8c4b100f61
skip	switchtemplate.skp	YACC gitversion/YACC1-2020/PCB/Working - Under Develolpment/Bus Tester V3.1/switchtemplate.skp	7715564bd0cd863ae87a7cfa919dcd3b
skip	switchtemplate.skp	YACC gitversion/YACC1-2020/PCB/Working - Under Develolpment/Bus Tester V3.11/switchtemplate.skp	7715564bd0cd863ae87a7cfa919dcd3b
skip	switchtemplate.svg	YACC gitversion/YACC1-2020/PCB/Working - Under Develolpment/Bus Tester V3.1/switchtemplate.svg	d9bd760e3b52368ab476d3afb95120e9
skip	switchtemplate.svg	YACC gitversion/YACC1-2020/PCB/Working - Under Develolpment/Bus Tester V3.11/switchtemplate.svg	d9bd760e3b52368ab476d3afb95120e9
skip	testcircuit.circ	YACC gitversion/YACC1-2020/PCB/Working - Under Develolpment/Index Registers 1.2/testcircuit.circ	a23026f5020ca9d457affaa5883abcdf
skip	tester.brd	YACC gitversion/YACC1-2020/PCB/Working - Under Develolpment/Bus Tester V3.1/tester.brd	550fc2d2f3627b50c0c866cffc45d592
skip	tester.pro	YACC gitversion/YACC1-2020/PCB/Working - Under Develolpment/Bus Tester V3.1/tester.pro	0dede68700592de32f7a92543b682413
skip	tester.pro	YACC gitversion/YACC1-2020/PCB/Working - Under Develolpment/Bus Tester V3.11/tester.pro	249a169195f2c7a02589bb052368f489
skip	tester.sch	YACC gitversion/YACC1-2020/PCB/Working - Under Develolpment/Bus Tester V3.1/tester.sch	5dab082e4a346d69864db468cbc05c02
skip	tester.sch	YACC gitversion/YACC1-2020/PCB/Working - Under Develolpment/Bus Tester V3.11/tester.sch	5dab082e4a346d69864db468cbc05c02
copy	tests/assembler/history-2020/yacc1test copy 2.asm	YACC gitversion/YACC1-2020/Software/Assembler/old/yacc1test copy 2.asm	1e2cd502921fadee850908808a4a06f1
copy	tests/assembler/history-2020/yacc1test copy 2.asm.prepushpop.asm	YACC gitversion/YACC1-2020/Software/Assembler/old/yacc1test copy 2.asm.prepushpop.asm	03a21844001e99327338b58c033db224
copy	tests/assembler/history-2020/yacc1test copy.asm	YACC gitversion/YACC1-2020/Software/Assembler/old/yacc1test copy.asm	1cf33b7c96417e5690659b00c4c62047
copy	tests/assembler/history-2020/yacc1test.asm serial out jsr.asm	YACC gitversion/YACC1-2020/Software/Assembler/old/yacc1test.asm serial out jsr.asm	b0bd00d481d853b706e04d0655c99bd8
copy	tests/assembler/history-2020/yacc1test.asm.basic jsr test.asm	YACC gitversion/YACC1-2020/Software/Assembler/old/yacc1test.asm.basic jsr test.asm	d166b4db385c3f2d9ea241475c0913d1
copy	tests/assembler/history-2020/yacc1test.asm.basic serial no mem.asm	YACC gitversion/YACC1-2020/Software/Assembler/old/yacc1test.asm.basic serial no mem.asm	50080c723a3ded455c365ca7aa7abb3e
copy	tests/assembler/history-2020/yacc1test.asm.basicio.asm	YACC gitversion/YACC1-2020/Software/Assembler/old/yacc1test.asm.basicio.asm	4a8decee3a57218c47c88682304b19e6
copy	tests/assembler/history-2020/yacc1test.asm.major test.asm	YACC gitversion/YACC1-2020/Software/Assembler/old/yacc1test.asm.major test.asm	f6dcd020a30e0447501bc4d083ef0d51
copy	tests/assembler/history-2020/yacc1test.asm.ok.asm	YACC gitversion/YACC1-2020/Software/Assembler/old/yacc1test.asm.ok.asm	5386ed9d6b463d2967e02c81b86cad20
copy	tests/assembler/history-2020/yacc1test.asm.quich ring shift teset.asm	YACC gitversion/YACC1-2020/Software/Assembler/old/yacc1test.asm.quich ring shift teset.asm	253638e798394afdd6fb4eab1792432a
copy	tests/assembler/history-2020/yacc1test.asm.serial from rom.asm	YACC gitversion/YACC1-2020/Software/Assembler/old/yacc1test.asm.serial from rom.asm	a70a85efb9bd949d96537bf903270781
copy	tests/assembler/history-2020/yacc1test.asm.with ram.asm	YACC gitversion/YACC1-2020/Software/Assembler/old/yacc1test.asm.with ram.asm	88dcb90c49ac30cfbd5cd23164756786
copy	tests/assembler/history-2020/yacc1test.asmTMP	YACC gitversion/YACC1-2020/Software/Assembler/old/yacc1test.asmTMP	62b2253540ca5ceb96650a2169dfa66f
copy	tests/assembler/history-2020/yacc1testorig.asm	YACC gitversion/YACC1-2020/Software/Assembler/old/yacc1testorig.asm	5fd077d06132f87fd79d835c66b37c0c
copy	tests/assembler/test_output.txt	newgit/YACC1-2020/Software/Assembler/test_output.txt	62b4d19598602aa4fb4498b93b7bcf11
copy	tests/assembler/yacc1test.asm	YACC gitversion/YACC1-2020/Software/Assembler/yacc1test.asm	9a363817d7ecf3146ab0f54a19d6690c
copy	tests/basic/test	YACC gitversion/YACC1-2020/Software/Bus Test Card/Command sender/tests/test	ffde096b67e2b8af9a0fada8de875cbd
copy	tests/bus-tester-scripts/ALU/add.new	YACC gitversion/YACC1-2020/Software/Bus Test Card/Command sender/tests/ALU/add.new	fcacf4c0d3f5201b9c10bd332c377fee
copy	tests/bus-tester-scripts/ALU/and.new	YACC gitversion/YACC1-2020/Software/Bus Test Card/Command sender/tests/ALU/and.new	93b736a2bd21d9cb20dd00cdfeed4a78
copy	tests/bus-tester-scripts/ALU/branch.new	YACC gitversion/YACC1-2020/Software/Bus Test Card/Command sender/tests/ALU/branch.new	28506d1765535e05cd28a6bb8a411cf6
copy	tests/bus-tester-scripts/ALU/or.new	YACC gitversion/YACC1-2020/Software/Bus Test Card/Command sender/tests/ALU/or.new	d25f0bfdce59c88e8668770d517854b3
copy	tests/bus-tester-scripts/ALU/sub.new	YACC gitversion/YACC1-2020/Software/Bus Test Card/Command sender/tests/ALU/sub.new	42a8e57a9952cb3a30dd32ec4ed441b5
copy	tests/bus-tester-scripts/ALU/zero test.new	YACC gitversion/YACC1-2020/Software/Bus Test Card/Command sender/tests/ALU/zero test.new	eb5a4e78e11886893523d3fd9763895a
copy	tests/bus-tester-scripts/Gen Test Vectors/gen test vectors/Makefile.netbeans	YACC gitversion/YACC1-2020/Software/Bus Test Card/Command sender/tests/Gen Test Vectors/gen test vectors/Makefile	a9ed26ab7eaad2726af7a610a26eb390
copy	tests/bus-tester-scripts/Gen Test Vectors/gen test vectors/main.c	YACC gitversion/YACC1-2020/Software/Bus Test Card/Command sender/tests/Gen Test Vectors/gen test vectors/main.c	3c4d500a50063bce3a28c408d944cd7b
copy	tests/bus-tester-scripts/Gen Test Vectors/gen test vectors/nbproject/Makefile-Debug.mk	YACC gitversion/YACC1-2020/Software/Bus Test Card/Command sender/tests/Gen Test Vectors/gen test vectors/nbproject/Makefile-Debug.mk	2b23badb9df43c877573802421ff2025
copy	tests/bus-tester-scripts/Gen Test Vectors/gen test vectors/nbproject/Makefile-Release.mk	YACC gitversion/YACC1-2020/Software/Bus Test Card/Command sender/tests/Gen Test Vectors/gen test vectors/nbproject/Makefile-Release.mk	523180f675684b0ac5c5f23cf1e6d4f3
copy	tests/bus-tester-scripts/Gen Test Vectors/gen test vectors/nbproject/Makefile-impl.mk	YACC gitversion/YACC1-2020/Software/Bus Test Card/Command sender/tests/Gen Test Vectors/gen test vectors/nbproject/Makefile-impl.mk	0740b269e1ae4f49255688153aa5af2e
copy	tests/bus-tester-scripts/Gen Test Vectors/gen test vectors/nbproject/Makefile-variables.mk	YACC gitversion/YACC1-2020/Software/Bus Test Card/Command sender/tests/Gen Test Vectors/gen test vectors/nbproject/Makefile-variables.mk	b0f34e9de84204ba30a44c6622fde7b9
copy	tests/bus-tester-scripts/Gen Test Vectors/gen test vectors/nbproject/Package-Debug.bash	YACC gitversion/YACC1-2020/Software/Bus Test Card/Command sender/tests/Gen Test Vectors/gen test vectors/nbproject/Package-Debug.bash	207a0694af041f68ac9eee067950b99b
copy	tests/bus-tester-scripts/Gen Test Vectors/gen test vectors/nbproject/Package-Release.bash	YACC gitversion/YACC1-2020/Software/Bus Test Card/Command sender/tests/Gen Test Vectors/gen test vectors/nbproject/Package-Release.bash	e560f8f4b80abc4d217f13e492860b38
copy	tests/bus-tester-scripts/Gen Test Vectors/gen test vectors/nbproject/configurations.xml	YACC gitversion/YACC1-2020/Software/Bus Test Card/Command sender/tests/Gen Test Vectors/gen test vectors/nbproject/configurations.xml	ea699060638e6c15ef1533b5f3c71ae1
copy	tests/bus-tester-scripts/Gen Test Vectors/gen test vectors/nbproject/project.xml	YACC gitversion/YACC1-2020/Software/Bus Test Card/Command sender/tests/Gen Test Vectors/gen test vectors/nbproject/project.xml	c6bf4f58f19aef1fb262b1c3cd267ec5
copy	tests/bus-tester-scripts/IO/basic-out	YACC gitversion/YACC1-2020/Software/Bus Test Card/Command sender/tests/IO/basic-out	688b1a938cdd45f2cb377aa33bd7ab51
copy	tests/bus-tester-scripts/IO/serialin	YACC gitversion/YACC1-2020/Software/Bus Test Card/Command sender/tests/IO/serialin	67703352778b0474e52c7a6766e6fe53
copy	tests/bus-tester-scripts/IO/serialout	YACC gitversion/YACC1-2020/Software/Bus Test Card/Command sender/tests/IO/serialout	267b7f86f861e91ccec0da06f33956b2
copy	tests/bus-tester-scripts/Index Register/commands-1 copy.txt	YACC gitversion/YACC1-2020/Software/Bus Test Card/Command sender/tests/Index Register/commands-1 copy.txt	05348fbde08e3a1acce7845d30d0b6d5
copy	tests/bus-tester-scripts/Memory Card Tests/basic mem test low and eprom copy.txt	YACC gitversion/YACC1-2020/Software/Bus Test Card/Command sender/tests/Memory Card Tests/basic mem test low and eprom copy.txt	2a5ef0f235887fa4e6fa1b03fa56e43d
copy	tests/bus-tester-scripts/Memory Card Tests/basic mem test low and eprom.txt	YACC gitversion/YACC1-2020/Software/Bus Test Card/Command sender/tests/Memory Card Tests/basic mem test low and eprom.txt	5b35fd28dd3e73732b5646ae9c467f0c
copy	tests/bus-tester-scripts/Memory Card Tests/basic mem test low hi and eprom.txt	YACC gitversion/YACC1-2020/Software/Bus Test Card/Command sender/tests/Memory Card Tests/basic mem test low hi and eprom.txt	0676121d7d7a8111d51aa21dbbe2ffc5
copy	tests/bus-tester-scripts/Memory Card Tests/dump mem test low hi and eprom.txt	YACC gitversion/YACC1-2020/Software/Bus Test Card/Command sender/tests/Memory Card Tests/dump mem test low hi and eprom.txt	8e4c77752006295d4f72dd2013922b32
copy	tests/bus-tester-scripts/Memory Card Tests/dump-eprom.txt	YACC gitversion/YACC1-2020/Software/Bus Test Card/Command sender/tests/Memory Card Tests/dump-eprom.txt	704c0244540ffd25c5f7106827141a74
copy	tests/bus-tester-scripts/deprecated/address-register-2020-07/address registers.txt	YACC gitversion/YACC1-2020/Software/Bus Test Card/Command sender/tests/Address Register/address registers.txt	be9dd0489edc9aa5a9e6b62d9051b795
copy	tests/bus-tester-scripts/deprecated/gen1-2016/ALU/add	YACC gitversion/YACC1-2020/Software/Bus Test Card/Command sender/tests/ALU/add	0d44351812a80cb2ad01483bee7d6668
copy	tests/bus-tester-scripts/deprecated/gen1-2016/ALU/and	YACC gitversion/YACC1-2020/Software/Bus Test Card/Command sender/tests/ALU/and	da7845f9c31dbaacae324066b4418f83
copy	tests/bus-tester-scripts/deprecated/gen1-2016/ALU/base	YACC gitversion/YACC1-2020/Software/Bus Test Card/Command sender/tests/ALU/base	e067d72d2bcec095fadeb66cb4bfe2ad
copy	tests/bus-tester-scripts/deprecated/gen1-2016/ALU/branch	YACC gitversion/YACC1-2020/Software/Bus Test Card/Command sender/tests/ALU/branch	72f024c1d796904cd53d41b99f41a6ef
copy	tests/bus-tester-scripts/deprecated/gen1-2016/ALU/data	YACC gitversion/YACC1-2020/Software/Bus Test Card/Command sender/tests/ALU/data	ab111cc4950cca92d2f1f78d024f70d8
copy	tests/bus-tester-scripts/deprecated/gen1-2016/ALU/incdec	YACC gitversion/YACC1-2020/Software/Bus Test Card/Command sender/tests/ALU/incdec	81e9f619d3574de1026a2d37f9fabd72
copy	tests/bus-tester-scripts/deprecated/gen1-2016/ALU/invert	YACC gitversion/YACC1-2020/Software/Bus Test Card/Command sender/tests/ALU/invert	22f1ecfd631f3e90b040e0cb8ea91ed0
copy	tests/bus-tester-scripts/deprecated/gen1-2016/ALU/or	YACC gitversion/YACC1-2020/Software/Bus Test Card/Command sender/tests/ALU/or	c5e2de25727c63e9b29dfbf46151f7c7
copy	tests/bus-tester-scripts/deprecated/gen1-2016/ALU/shift	YACC gitversion/YACC1-2020/Software/Bus Test Card/Command sender/tests/ALU/shift	c432c1ce31da35a9645f421e240abb56
copy	tests/bus-tester-scripts/deprecated/gen1-2016/ALU/shift2	YACC gitversion/YACC1-2020/Software/Bus Test Card/Command sender/tests/ALU/shift2	82f4bfb8f3b602abd4fecac921d5bdbb
copy	tests/bus-tester-scripts/deprecated/gen1-2016/ALU/shift3	YACC gitversion/YACC1-2020/Software/Bus Test Card/Command sender/tests/ALU/shift3	c581b329c3dab1746c064ab449aff8e3
copy	tests/bus-tester-scripts/deprecated/gen1-2016/ALU/sub	YACC gitversion/YACC1-2020/Software/Bus Test Card/Command sender/tests/ALU/sub	2c7545b6eeecf1e006896398b6215e44
copy	tests/bus-tester-scripts/deprecated/gen1-2016/ALU/xor	YACC gitversion/YACC1-2020/Software/Bus Test Card/Command sender/tests/ALU/xor	16e9200ab214d0734ce169914a112296
copy	tests/bus-tester-scripts/deprecated/gen1-2016/ALU/zero	YACC gitversion/YACC1-2020/Software/Bus Test Card/Command sender/tests/ALU/zero	2ee97b14e30c64b4d9f05c0b2321a731
copy	tests/bus-tester-scripts/deprecated/gen1-2016/Test Vectors/Registers/BASICREG.txt	YACC gitversion/YACC1-2020/Software/Bus Test Card/Command sender/tests/Test Vectors/Registers/BASICREG.txt	ab111cc4950cca92d2f1f78d024f70d8
copy	tests/bus-tester-scripts/deprecated/gen1-2016/commands-1.txt	YACC gitversion/YACC1-2020/Software/Bus Test Card/Command sender/tests/commands-1.txt	ac505cb5eff84ee8c1af072cf3f028a4
copy	tests/bus-tester-scripts/deprecated/gen1-2016/commands-2.txt	YACC gitversion/YACC1-2020/Software/Bus Test Card/Command sender/tests/commands-2.txt	82e24821f10feaec5697ff13cc384e7e
copy	tests/bus-tester-scripts/deprecated/gen1-2016/fix	YACC gitversion/YACC1-2020/Software/Bus Test Card/Command sender/tests/ALU/fix	132113570d5f0c39a059228d17728e6f
copy	tests/bus-tester-scripts/ramtest.logicsettings	YACC gitversion/YACC1-2020/Software/Bus Test Card/Command sender/tests/ramtest.logicsettings	6e7a496a4c8805a4fb658369258941c1
manifest	vm/legacy-installers/Install Parallels Desktop.dmg	YACC1-2024/Required Applications/Install Parallels Desktop.dmg	24f906cfda1e856380787927a7443af2
manifest	vm/legacy-installers/jdk-22_macos-aarch64_bin.dmg	YACC1-2024/Required Applications/jdk-22_macos-aarch64_bin.dmg	01ab6207358669508ae5a36e337c6d34
manifest	vm/legacy-installers/jdk-8u111-nb-8_2-macosx-x64.dmg	YACC1-2024/Required Applications/jdk-8u111-nb-8_2-macosx-x64.dmg	big:359647229
manifest	vm/legacy-installers/prog-express-3.7.6-4.dmg	YACC1-2024/Required Applications/prog-express-3.7.6-4.dmg	a6a47c409d729fb847e03cd129b30f26
skip	yacc1.def	YACC1-2020/Software pre vs/Assembler-16/yacc1.def	10677c9d9d5869f73071528b9dd9f518
skip	yacc1.def	YACC1-2020/Software/Assembler-16/yacc1.def	10677c9d9d5869f73071528b9dd9f518
skip	yacc1.def	YACC1-2024/Software pre vs/Assembler-16/yacc1.def	10677c9d9d5869f73071528b9dd9f518
skip	yacc1.def	YACC1-2024/Software/Assembler-16/yacc1.def	10677c9d9d5869f73071528b9dd9f518
drop	yacc2buss.brd	YACC gitversion/YACC1-2020/PCB/Working - Under Develolpment/BUS-PROD-V1.1/yacc2buss.brd	9ab4dea4b3bd4521aaeb07d15fef2105
drop	yacc2buss.sch	YACC gitversion/YACC1-2020/PCB/Working - Under Develolpment/BUS-PROD-V1.1/yacc2buss.sch	f080886c79db33bd51630bde622c4cb8
