yacc1 -> Native
2 Classes read.
96 Patterns read.
    1 0000:             ; Author: Ken Rother (original)
    2 0000:             
    3 0000:             ;
    4 0000:             ; BIOS Entry Points
    5 0000:             ;
    6 0000:             stringout:  EQU 0ffc0h
    7 0000:             charout:    EQU 0ffc4h
    8 0000:             uartout:    EQU 0ffc8h
    9 0000:             showaddr:   EQU 0ffcch
   10 0000:             toupper:    EQU 0ffd0h
   11 0000:             showr7:     EQU 0ffd4h
   12 0000:             showbyte:   equ 0ffd8h
   13 0000:             showregs:   equ 0ffdch
   14 0000:             showbytea:  equ 0ffe0h
   15 0000:             showcarry:  equ 0ffe4h
   16 0000:             uartin:     equ 0ffe8h
   17 0000:             
   18 0000:             ;
   19 0000:             ; Basic interpreter tokens
   20 0000:             ;
   21 0000:             TOKENIZER_ERROR: EQU 00
   22 0000:             TOKENIZER_EOF: EQU 01
   23 0000:             TOKENIZER_NUMBER: EQU 02
   24 0000:             TOKENIZER_STRING: EQU 03
   25 0000:             TOKENIZER_VARIABLE: EQU 04
   26 0000:             TOKENIZER_LET: EQU 05
   27 0000:             TOKENIZER_PRINT: EQU 06
   28 0000:             TOKENIZER_IF: EQU 07
   29 0000:             TOKENIZER_THEN: EQU 08
   30 0000:             TOKENIZER_ELSE: EQU 09
   31 0000:             TOKENIZER_FOR: EQU 10
   32 0000:             TOKENIZER_TO: EQU 11
   33 0000:             TOKENIZER_NEXT: EQU 12
   34 0000:             TOKENIZER_GOTO: EQU 13
   35 0000:             TOKENIZER_GOSUB: EQU 14
   36 0000:             TOKENIZER_RETURN: EQU 15
   37 0000:             TOKENIZER_CALL: EQU 16
   38 0000:             TOKENIZER_REM: EQU 17
   39 0000:             TOKENIZER_PEEK: EQU 18
   40 0000:             TOKENIZER_POKE: EQU 19
   41 0000:             TOKENIZER_END: EQU 20
   42 0000:             TOKENIZER_COMMA: EQU 21
   43 0000:             TOKENIZER_SEMICOLON: EQU 22
   44 0000:             TOKENIZER_PLUS: EQU 23
   45 0000:             TOKENIZER_MINUS: EQU 24
   46 0000:             TOKENIZER_AND: EQU 25
   47 0000:             TOKENIZER_OR: EQU 26
   48 0000:             TOKENIZER_ASTR: EQU 27
   49 0000:             TOKENIZER_SLASH: EQU 28
   50 0000:             TOKENIZER_MOD: EQU 29
   51 0000:             TOKENIZER_HASH: EQU 30
   52 0000:             TOKENIZER_LEFTP: EQU 31
   53 0000:             TOKENIZER_RIGHTP: EQU 32
   54 0000:             TOKENIZER_LT: EQU 33
   55 0000:             TOKENIZER_GT: EQU 34
   56 0000:             TOKENIZER_EQ: EQU 35
   57 0000:             TOKENIZER_CR: EQU 36
   58 0000:             TOKENIZER_LINENUM: EQU 37
   59 0000:             TOKENIZER_LIST: EQU 38
   60 0000:             TOKENIZER_RUN: EQU 39
   61 0000:             TOKENIZER_NEW: EQU 40
   62 0000:             TOKENIZER_EXIT: EQU 41
   63 0000:             TOKENIZER_INPUT: EQU 42
   64 0000:             TOKENIZER_INP: EQU 43
   65 0000:             TOKENIZER_OUTP: EQU 44
   66 0000:             
   67 0000:             
   68 0000:             ;
   69 0000:             ; BASIC interpreter user variables area
   70 0000:             ; currently 26 1-byte variables
   71 0000:             ; for now must be 0xAA00 (256 byte) aligned
   72 0000:             ;
   73 0000:             BASIC_VARS: EQU 0100h
   74 0000:             
   75 0000:             ;
   76 0000:             ; Basic interpreter internal variables
   77 0000:             ;
   78 0000:             bas_run_ended:    EQU 0200h ; set to 1 when current "run" is done
   79 0000:             bas_txtptr:       EQU 0202h ; pointer into text line being parse
   80 0000:             bas_nxtptr:       EQU 0204h ;
   81 0000:             bas_tokptr:       EQU 0206h ; pointer into tmp token buffer
   82 0000:             bas_tokcounter:   EQU 0208h ; counter for tmp token buffer
   83 0000:             bas_currenttoken: EQU 020Ah ; used in parsing
   84 0000:             bas_tokenbuffer:  EQU 020Ch ; Pointer to start of token buffer
   85 0000:             bas_bufferendhi:  EQU 020Eh ; HACK, above buffer should end on 0xXXFF boundry
   86 0000:                                         ; this value should be + 1 end of buffer
   87 0000:                                         ; if buffer is 0x1000-0x1fff this is
   88 0000:                                         ; set to 0x2000. Used in moving buffer around
   89 0000:                                         ; in add and remove line
   90 0000:             bas_newlinenum:   EQU 0210h ; line number of new line to be added
   91 0000:             bas_newlinelen:   EQU 0212h ; line length of new line to be added
   92 0000:             bas_insertptr:    EQU 0214H
   93 0000:             bas_negflag:      EQU 0216H ; PROCESS NEGATIVE NUMBER
   94 0000:             
   95 0000:             ;
   96 0000:             ; FOR-NEXT statement stack ptr and stack data
   97 0000:             ;
   98 0000:             ; for next stack data
   99 0000:             ; format
  100 0000:             ;   2 bytes for variable id (only first byte used for now)
  101 0000:             ;   2 bytes to value (upper value) (format HL) (only first byte used for now)
  102 0000:             ;   2 bytes ptr to line after for instruction (format HL)
  103 0000:             ; later add step amount
  104 0000:             ;
  105 0000:             bas_forstackptr: EQU 0280h
  106 0000:             bas_forstack: EQU 0282h
  107 0000:             
  108 0000:             ;
  109 0000:             ; GOSUB stack ptr and data
  110 0000:             ;
  111 0000:             ; gosub STACK
  112 0000:             ; format
  113 0000:             ;   2 bytes return location ptr
  114 0000:             ;
  115 0000:             bas_gosubptr: EQU 02c0h
  116 0000:             bas_gosubstack: EQU 02c2h
  117 0000:             
  118 0000:             ;
  119 0000:             ; Basic interpreter text input line buffer
  120 0000:             ;
  121 0000:             parse_input_line: EQU 300h
  122 0000:             ;
  123 0000:             ; Basic interpreter tmp buffer to build up current token line
  124 0000:             ;
  125 0000:             parse_token_buffer: EQU 400h
  126 0000:             ;
  127 0000:             ; Basic interpreter token buffer
  128 0000:             ;
  129 0000:             bas_tok_buf_start: EQU 1000h
  130 0000:             ;
  131 0000:             ; Basic interpreter token buffer end + 1
  132 0000:             ;
  133 0000:             bas_tok_buf_end: EQU 2000h
  134 0000:             ; OR
  135 0000:             ;bas_tok_buf_end: EQU 1100h ;smaller for easy debugging - 256 byte buffer
  136 0000:             
  137 0000:             ;
  138 0000:             ; basic interpreter, add IO and peek/poke
  139 0000:             ;
  140 0000:             
  141 0000:             ;
  142 0000:             ; Basic Interpreter
  143 0000:             ;
  144 0000:             
  145 0000:             ;
  146 0000:             ; BASIC Entry Points
  147 0000:             ;
  148 0000:               ORG 0e000h
  149 e000:             ;
  150 e000:             ; list
  151 e000:             ;
  152 e000: f7 02 0c          ldr r7,bas_tokenbuffer
  153 e003: 04 e6 cf          JSR  basic_list
  154 e006: 05                Ret
  155 e007:             
  156 e007:             ;
  157 e007:                   ORG 0e010h
  158 e010:             ;
  159 e010:             ; run
  160 e010:             ;
  161 e010: 04 e5 6d          jsr basic_run
  162 e013: 05                Ret
  163 e014:             
  164 e014:             ;
  165 e014:                   ORG 0e020h
  166 e020:             ;
  167 e020:             ; cold start
  168 e020:             ;
  169 e020:             ; Hack later pass in R7
  170 e020:             ;
  171 e020: 1f 10 00          MVIW R7,bas_tok_buf_start
  172 e023: 0e 01             ldai TOKENIZER_EOF          ;write EOF to start of buffer
  173 e025: 4f                stavr r7
  174 e026: ef 02 0c          STR R7,bas_tokenbuffer
  175 e029: 1f 20 00          mviw r7,bas_tok_buf_end
  176 e02c: ef 02 0e          str r7,bas_bufferendhi
  177 e02f: 05                Ret
  178 e030:             
  179 e030:             ;
  180 e030:                   ORG 0e030h
  181 e030:             ;
  182 e030:             ; tests - called from monitor - used to test snippets of code
  183 e030:             ;
  184 e030: 04 e0 77          jsr bigtest
  185 e033: 05                ret
  186 e034:             ;
  187 e034:                   org 0e040h
  188 e040:             ;
  189 e040:             ; very basic cmd line driver
  190 e040:             ;
  191 e040: 04 ef 25          jsr basic_interprter
  192 e043: 05                ret
  193 e044:             ;
  194 e044:                   org 0e050h
  195 e050:             ;
  196 e050:             ; parse line
  197 e050:             ;
  198 e050: 04 ec 4f          jsr parse_line
  199 e053: 05                ret
  200 e054:             
  201 e054:             ;
  202 e054:                   ORG 0e060h
  203 e060:             ;
  204 e060:             ; Copy test program into token Buffer, copies 0x0400 bytes
  205 e060:             ;
  206 e060: 1f 10 00          mviw R7,bas_tok_buf_start
  207 e063: 1e ef 00          mviw R6,BASIC_TEST
  208 e066: 1d 04 00          mviw R5,0400h
  209 e069:             
  210 e069:             bas_copyloop:
  211 e069: 46                ldavr R6
  212 e06a: 4f                stavr r7
  213 e06b: 56                incr r6
  214 e06c: 57                incr r7
  215 e06d: 5d                decr r5
  216 e06e: 2d                mvrha r5
  217 e06f: a2 e0 69          brnz bas_copyloop
  218 e072: 25                mvrla r5
  219 e073: a2 e0 69          brnz bas_copyloop
  220 e076: 05                ret
  221 e077:             
  222 e077:             bigtest:
  223 e077: 1d 00 69        mviw r5,0105
  224 e07a: 1c 00 0a        mviw r4,0010
  225 e07d: 04 ee 23        jsr parse_div16
  226 e080: 04 ff dc        jsr showregs
  227 e083: 1f ef 4f        mviw r7,CRLF
  228 e086: 04 ff c0        jsr stringout
  229 e089:             
  230 e089: 1d 00 69        mviw r5,0105
  231 e08c: 1c 00 0a        mviw r4,0010
  232 e08f: 04 ee 44        jsr parse_mod16
  233 e092: 04 ff dc        jsr showregs
  234 e095: 1f ef 4f        mviw r7,CRLF
  235 e098: 04 ff c0        jsr stringout
  236 e09b:             
  237 e09b: 1f 12 34        mviw r7,01234h
  238 e09e: 04 e5 f2        jsr exe_itoa
  239 e0a1: 1f ef 4f        mviw r7,CRLF
  240 e0a4: 04 ff c0        jsr stringout
  241 e0a7:             
  242 e0a7:             
  243 e0a7: 05              ret
  244 e0a8:             
  245 e0a8:             ;
  246 e0a8:             ; basic interpreter messages
  247 e0a8:             ;
  248 e0a8: 41 43 43 45 
            50 54 20 2d 
            20 55 4e 45 
            58 50 45 43 
            54 45 44 20 
            54 4f 4b 45 
            4e 00 0a 0d bas_msg1: db "accept - unexpected token",0,0ah,0dh
  249 e0c4: 4c 49 4e 45 
            20 4e 4f 54 
            20 46 4f 55 
            4e 44 00 0a 
            0d          bas_msg2: db "line not found",0,0ah,0dh
  250 e0d5: 54 4f 4b 45 
            4e 20 4e 4f 
            54 20 53 55 
            50 50 4f 52 
            54 45 44 20 
            0a 0d       bas_msg3: db "token not supported ",0ah,0dh
  251 e0eb: 45 58 45 20 
            53 54 4d 54 
            20 00       exe_stmt_msg: db "EXE STMT ",0
  252 e0f5: 55 4e 4b 4e 
            4f 57 4e 20 
            43 4f 4d 4d 
            41 4e 44 00 
            0a 0d       parse_cmd_error: db "UNKNOWN COMMAND",0,0ah,0DH
  253 e107:             
  254 e107:             ;
  255 e107:             ; Basic interpreter - execution engine
  256 e107:             ; Register Usage
  257 e107:             ; R0 - Program Counter
  258 e107:             ; R1 - Stack Pointer
  259 e107:             ; R2 - Direct addressing mode
  260 e107:             ; R3 - Basic Interpreter Token Buffer ptr
  261 e107:             ; R4 - working register  ; or is this for-next stack ptr
  262 e107:             ; R5 - working register  ; or is this gosub stack ptr
  263 e107:             ; R6 - Working register
  264 e107:             ; R7 - parameter passing & return value
  265 e107:             ;
  266 e107:             ;exe: Is this label needed
  267 e107:             ;
  268 e107:             ; void ubasic_init()
  269 e107:             ;
  270 e107:             ; Setup basic interpreter execution engine
  271 e107:             ;
  272 e107:             exe_init:
  273 e107: 09              push
  274 e108: 1d 02 c2        MVIW R5,bas_gosubstack
  275 e10b: 1c 02 82        MVIW R4,bas_forstack
  276 e10e: 1e 02 00        MVIW R6,bas_run_ended
  277 e111: 0e 00           LDAI 0
  278 e113: 4e              STAVR R6
  279 e114: f3 02 0c        LDR R3,bas_tokenbuffer
  280 e117: 0a              pop
  281 e118: 05              RET
  282 e119:             
  283 e119:             ;
  284 e119:             ; void accept(int)
  285 e119:             ;
  286 e119:             ; compare accumulator with current token then advance to next token in buffer
  287 e119:             ; assume accumulator destroyed
  288 e119:             ;
  289 e119:             exe_accept:
  290 e119: 09              push
  291 e11a:             ;
  292 e11a:             ; get current token into accumulator
  293 e11a:             ;
  294 e11a:             ; FIX: Switch to BRNEQ to error state and save a branch
  295 e11a:             ;
  296 e11a: 43              LDAVR R3
  297 e11b: 0b              MVAT
  298 e11c: 0a              POP
  299 e11d: a8 e1 2e        BREQ exe_accept_done
  300 e120:             ;
  301 e120:             ; debug information
  302 e120:             ;
  303 e120: 04 ff e0        JSR showbytea
  304 e123: 0e 23           ldai '#'
  305 e125: 04 ff c8        JSR uartout
  306 e128: 1f e0 a8        mviw R7,bas_msg1
  307 e12b: 04 e5 a9        JSR bas_error
  308 e12e:             ;
  309 e12e:             exe_accept_done:
  310 e12e: 04 e5 ab        jsr exe_next_token
  311 e131: 05              RET
  312 e132:             
  313 e132:             ;
  314 e132:             ; int varfactor()
  315 e132:             ;
  316 e132:             ; get variable id pointed to by exe_variable_num in token stream
  317 e132:             ; (this is not a value but a variable id)
  318 e132:             ; value returned by exe_get_variable in r7
  319 e132:             ;
  320 e132:             ; return value in R7
  321 e132:             ;
  322 e132:             exe_varfactor:
  323 e132: 04 e5 e4        jsr exe_variable_num    ; get variable number id (one byte for now a-z)
  324 e135:                                         ;into accumulator
  325 e135:             ;
  326 e135:             ; variable id in accumulator, return value in r7
  327 e135:             ;
  328 e135: 04 e5 9e        jsr exe_get_variable
  329 e138: 0e 04           LDAI TOKENIZER_VARIABLE
  330 e13a: 04 e1 19        JSR exe_accept
  331 e13d: 05              RET
  332 e13e:             
  333 e13e:             ;
  334 e13e:             ; int factor()
  335 e13e:             ; return value in R7
  336 e13e:             ;
  337 e13e:             ; IS MOVE T TO A NEEDED IN ALL THESE :
  338 e13e:             ;
  339 e13e:             exe_factor:
  340 e13e:             ;
  341 e13e: 43              LDAVR R3               ;get current token into accumulator
  342 e13f: 0d 17           LDTI TOKENIZER_PLUS
  343 e141: aa e1 4c        BRNEQ exe_factor1A
  344 e144: 04 e1 19        JSR exe_accept
  345 e147: 04 e1 3e        JSR EXE_FACTOR
  346 e14a: 0c              MVTA
  347 e14b: 05              RET
  348 e14c:             
  349 e14c:             exe_factor1A:
  350 e14c: 43              LDAVR R3               ;get current token into accumulator
  351 e14d: 0d 18           LDTI TOKENIZER_MINUS
  352 e14f: aa e1 5d        BRNEQ exe_factor1B
  353 e152: 04 e1 19        JSR exe_accept
  354 e155: 04 e1 3e        JSR EXE_FACTOR
  355 e158: 04 ee b6        JSR PARSE_NEG
  356 e15b: 0c              MVTA
  357 e15c: 05              RET
  358 e15d:             
  359 e15d:             exe_factor1B:
  360 e15d: 43              LDAVR R3               ;get current token into accumulator
  361 e15e: 0d 02           LDTI TOKENIZER_NUMBER
  362 e160: aa e1 6b        BRNEQ exe_factor1
  363 e163: 04 e5 db        JSR exe_num
  364 e166: 0c              MVTA
  365 e167: 04 e1 19        JSR exe_accept
  366 e16a: 05              RET
  367 e16b:             
  368 e16b:             exe_factor1:
  369 e16b: 0d 1f           LDTI TOKENIZER_LEFTP
  370 e16d: aa e1 7c        BRNEQ exe_factor2
  371 e170: 04 e1 19        JSR exe_accept
  372 e173: 04 e1 e5        JSR exe_expr
  373 e176: 0e 20           LDAI TOKENIZER_RIGHTP
  374 e178: 04 e1 19        JSR exe_accept
  375 e17b: 05              RET
  376 e17c:             
  377 e17c:             exe_factor2:
  378 e17c: 04 e1 32        jsr exe_varfactor
  379 e17f: 05              ret
  380 e180:             
  381 e180:             ;
  382 e180:             ; int term()
  383 e180:             ; R5 = F1
  384 e180:             ; R6 = F2
  385 e180:             ; R7 = return value
  386 e180:             ;
  387 e180:             exe_term:
  388 e180: 07 05           pushr r5
  389 e182: 07 06           pushr r6
  390 e184:             
  391 e184: 04 e1 3e        jsr exe_factor
  392 e187: 0f 57           MOVRR r7,r5
  393 e189:             
  394 e189:             exe_term_loop:
  395 e189: 43              LDAVR R3
  396 e18a: 0d 1b           ldti TOKENIZER_ASTR
  397 e18c: a8 e1 9c        BREQ exe_term_astr
  398 e18f: 0d 1c           LDTI TOKENIZER_SLASH
  399 e191: a8 e1 b2        breq exe_term_slash
  400 e194: 0d 1d           ldti TOKENIZER_MOD
  401 e196: a8 e1 c8        breq exe_term_mod
  402 e199: a0 e1 de        br exe_term_done
  403 e19c:             
  404 e19c:             exe_term_astr:
  405 e19c: 04 e5 ab        jsr exe_next_token
  406 e19f: 04 e1 3e        jsr exe_factor
  407 e1a2: 0f 67           movrr r7,r6
  408 e1a4:             ;
  409 e1a4:             ; do mulitply f1 = f1 * f2
  410 e1a4:             ;
  411 e1a4: 07 04           pushr r4
  412 e1a6: 0f 46           movrr r6,r4
  413 e1a8: 04 ee 63        jsr PARSE_MUL16
  414 e1ab: 0f 57           movrr r7,r5
  415 e1ad: 08 40           popr r4
  416 e1af: a0 e1 89        BR exe_term_loop
  417 e1b2:             
  418 e1b2:             exe_term_slash:
  419 e1b2: 04 e5 ab        jsr exe_next_token
  420 e1b5: 04 e1 3e        jsr exe_factor
  421 e1b8: 0f 67           movrr r7,r6
  422 e1ba:             ;
  423 e1ba:             ; do divide f1 = f1 / f2
  424 e1ba:             ;
  425 e1ba: 07 04           pushr r4
  426 e1bc: 0f 46           movrr r6,r4
  427 e1be: 04 ee 23        jsr PARSE_DIV16
  428 e1c1: 0f 57           movrr r7,r5
  429 e1c3: 08 40           popr r4
  430 e1c5: a0 e1 89        BR exe_term_loop
  431 e1c8:             
  432 e1c8:             exe_term_mod:
  433 e1c8: 04 e5 ab        jsr exe_next_token
  434 e1cb: 04 e1 3e        jsr exe_factor
  435 e1ce: 0f 67           movrr r7,r6
  436 e1d0:             ;
  437 e1d0:             ; f1 = f1 % f2
  438 e1d0:             ;
  439 e1d0: 07 04           pushr r4
  440 e1d2: 0f 46           movrr r6,r4
  441 e1d4: 04 ee 44        jsr PARSE_MOD16
  442 e1d7: 0f 57           movrr r7,r5
  443 e1d9: 08 40           popr r4
  444 e1db: a0 e1 89        BR exe_term_loop
  445 e1de:             
  446 e1de:             exe_term_done:
  447 e1de: 0f 75           MOVRR r5,r7
  448 e1e0: 08 60           popr r6
  449 e1e2: 08 50           popr r5
  450 e1e4: 05              ret
  451 e1e5:             
  452 e1e5:             ;
  453 e1e5:             ; static VARIABLE_TYPE expr()
  454 e1e5:             ;
  455 e1e5:             ; R5 = t1
  456 e1e5:             ; R6 = t2
  457 e1e5:             ; R7 = return value
  458 e1e5:             ;
  459 e1e5:             exe_expr:
  460 e1e5: 07 05           pushr r5
  461 e1e7: 07 06           pushr r6
  462 e1e9:             
  463 e1e9: 04 e1 80        jsr exe_term
  464 e1ec: 0f 57           MOVRR r7,r5
  465 e1ee:             
  466 e1ee:             exe_expr_loop:
  467 e1ee: 43              LDAVR R3
  468 e1ef: 0d 17           ldtI TOKENIZER_PLUS
  469 e1f1: a8 e2 06        BREQ exe_expr_plus
  470 e1f4: 0d 18           ldtI TOKENIZER_MINUS
  471 e1f6: a8 e2 18        breq exe_expr_minus
  472 e1f9: 0d 19           ldtI TOKENIZER_AND
  473 e1fb: a8 e2 2a        breq exe_expr_and
  474 e1fe: 0d 1a           ldti TOKENIZER_OR
  475 e200: a8 e2 3c        breq exe_expr_or
  476 e203:             
  477 e203: a0 e2 51        br exe_expr_done
  478 e206:             
  479 e206:             exe_expr_plus:
  480 e206: 04 e5 ab        jsr exe_next_token
  481 e209: 04 e1 80        jsr exe_term
  482 e20c: 0f 67           movrr r7,r6
  483 e20e:             ;
  484 e20e:             ; t1 = t1 + t2
  485 e20e:             ;
  486 e20e: 0f 75           movrr r5,r7
  487 e210: 04 ee 9e        jsr parse_add16
  488 e213: 0f 57           movrr r7,r5
  489 e215: a0 e1 ee        BR exe_expr_loop
  490 e218:             
  491 e218:             exe_expr_minus:
  492 e218: 04 e5 ab        jsr exe_next_token
  493 e21b: 04 e1 80        jsr exe_term
  494 e21e: 0f 67           movrr r7,r6
  495 e220:             ;
  496 e220:             ; t1 = t1 - t2
  497 e220:             ;
  498 e220: 0f 75           movrr r5,r7
  499 e222: 04 ee ac        jsr parse_sub16
  500 e225: 0f 57           movrr r7,r5
  501 e227: a0 e1 ee        BR exe_expr_loop
  502 e22a:             
  503 e22a:             exe_expr_and:
  504 e22a: 04 e5 ab        jsr exe_next_token
  505 e22d: 04 e1 80        jsr exe_term
  506 e230: 0f 67           movrr r7,r6
  507 e232:             ;
  508 e232:             ; t1 = t1 & t2
  509 e232:             ;
  510 e232: 0f 75           movrr r5,r7
  511 e234: 04 ee be        jsr parse_and16
  512 e237: 0f 57           movrr r7,r5
  513 e239: a0 e1 ee        BR exe_expr_loop
  514 e23c:             
  515 e23c:             exe_expr_or:
  516 e23c: 04 e5 ab        jsr exe_next_token
  517 e23f: 04 e1 80        jsr exe_term
  518 e242: 0f 67           movrr r7,r6
  519 e244:             ;
  520 e244:             ; t1 = t1 | t2
  521 e244:             ;
  522 e244: 0f 75           movrr r5,r7
  523 e246: 04 ee c9        jsr parse_or16
  524 e249: 0f 57           movrr r7,r5
  525 e24b: a0 e1 ee        BR exe_expr_loop
  526 e24e: a0 e1 ee        BR exe_expr_loop
  527 e251:             
  528 e251:             exe_expr_done:
  529 e251: 0f 75           MOVRR r5,r7
  530 e253: 08 60           popr r6
  531 e255: 08 50           popr r5
  532 e257: 05              ret
  533 e258:             
  534 e258:             ;
  535 e258:             ; int relation ()
  536 e258:             ;
  537 e258:             ; R5 = r1
  538 e258:             ; R6 = r2
  539 e258:             ; R7 = return value
  540 e258:             ;
  541 e258:             exe_relation:
  542 e258: 07 05           pushr r5
  543 e25a: 07 06           pushr r6
  544 e25c:             
  545 e25c: 04 e1 e5        jsr exe_expr
  546 e25f: 0f 57           MOVRR r7,r5
  547 e261:             
  548 e261:             exe_relation_loop:
  549 e261: 43              LDAVR R3
  550 e262: 0d 21           LDTI TOKENIZER_LT
  551 e264: a8 e2 74        BREQ exe_relation_lt
  552 e267: 0d 22           ldti TOKENIZER_GT
  553 e269: a8 e2 92        breq exe_relation_gt
  554 e26c: 0d 23           ldti TOKENIZER_EQ
  555 e26e: a8 e2 b0        breq exe_relation_eq
  556 e271:             
  557 e271: a0 e2 cc        br exe_relation_done
  558 e274:             
  559 e274:             exe_relation_lt:
  560 e274: 04 e5 ab        jsr exe_next_token
  561 e277: 04 e1 e5        jsr exe_expr
  562 e27a: 0f 67           movrr r7,r6
  563 e27c:             ;
  564 e27c:             ; r1 = r1 < r2
  565 e27c:             ;
  566 e27c: 0f 75           movrr  r5,r7
  567 e27e: 04 ef 01        jsr parse_compare
  568 e281: 0d ff           ldti 0ffh
  569 e283: aa e2 8c        BRNEQ exe_rel_nlt
  570 e286: 1d 00 01        mviw r5,01h
  571 e289: a0 e2 61        BR exe_relation_loop
  572 e28c:             exe_rel_nlt:
  573 e28c: 1d 00 00        mviw r5,00h
  574 e28f: a0 e2 61        BR exe_relation_loop
  575 e292:             
  576 e292:             exe_relation_gt:
  577 e292: 04 e5 ab        jsr exe_next_token
  578 e295: 04 e1 e5        jsr exe_expr
  579 e298: 0f 67           movrr r7,r6
  580 e29a:             ;
  581 e29a:             ; r1 = r1 > r2
  582 e29a:             ;
  583 e29a: 0f 75           movrr  r5,r7
  584 e29c: 04 ef 01        jsr parse_compare
  585 e29f: 0d 01           ldti 01h
  586 e2a1: aa e2 aa        BRNEQ exe_rel_ngt
  587 e2a4: 1d 00 01        mviw r5,01h
  588 e2a7: a0 e2 61        BR exe_relation_loop
  589 e2aa:             exe_rel_ngt:
  590 e2aa: 1d 00 00        mviw r5,00h
  591 e2ad: a0 e2 61        BR exe_relation_loop
  592 e2b0:             
  593 e2b0:             exe_relation_eq:
  594 e2b0: 04 e5 ab        jsr exe_next_token
  595 e2b3: 04 e1 e5        jsr exe_expr
  596 e2b6: 0f 67           movrr r7,r6
  597 e2b8:             ;
  598 e2b8:             ; r1 = r1 == r2
  599 e2b8:             ;
  600 e2b8: 0f 75           movrr  r5,r7
  601 e2ba: 04 ef 01        jsr parse_compare
  602 e2bd: a2 e2 c6        brnz exe_rel_ne
  603 e2c0: 1d 00 01        mviw r5,01h
  604 e2c3: a0 e2 61        BR exe_relation_loop
  605 e2c6:             exe_rel_ne:
  606 e2c6: 1d 00 00        mviw r5,00h
  607 e2c9: a0 e2 61        BR exe_relation_loop
  608 e2cc:             
  609 e2cc:             exe_relation_done:
  610 e2cc: 0f 75           MOVRR r5,r7
  611 e2ce: 08 60           popr r6
  612 e2d0: 08 50           popr r5
  613 e2d2: 05              ret
  614 e2d3:             
  615 e2d3:             ;
  616 e2d3:             ; char * index_find (int linenum)
  617 e2d3:             ;
  618 e2d3:             ; call with line in R7
  619 e2d3:             ; return with val in R7 - tokenbuffer ptr
  620 e2d3:             ; THIS CAN BE REMOVED SINCE IT IS ONLY A SINGLE CALL
  621 e2d3:             ;
  622 e2d3:             exe_index_find:
  623 e2d3: 04 ed e7        JSR basu_find
  624 e2d6: 05              RET
  625 e2d7:             
  626 e2d7:             ;
  627 e2d7:             ; void jump_linenum(linenum)
  628 e2d7:             ;
  629 e2d7:             ; Linenum in R7
  630 e2d7:             ;
  631 e2d7:             exe_jump_line:
  632 e2d7: 04 e2 d3        JSR exe_index_find
  633 e2da: 2f              MVRHA R7
  634 e2db: a2 e2 ee        BRNZ exe_jump_line1
  635 e2de: 27              MVRLA R7
  636 e2df: a2 e2 ee        BRNZ exe_jump_line1
  637 e2e2:             ;
  638 e2e2:             ; returned 0 line not found
  639 e2e2:             ;
  640 e2e2: 0e 24           LDAI TOKENIZER_CR
  641 e2e4: 04 e1 19        JSR exe_accept
  642 e2e7: 1e 02 00        MVIW r6,bas_run_ended
  643 e2ea: 0e 01           LDAI 1
  644 e2ec: 4e              STAVR R6
  645 e2ed: 05              ret
  646 e2ee:             exe_jump_line1:
  647 e2ee:             ;   jsr tok_goto ; WHAT IS THIS
  648 e2ee: 0f 37           movrr r7,r3
  649 e2f0: 05              ret
  650 e2f1:             
  651 e2f1:             ;
  652 e2f1:             ; void goto_statement()
  653 e2f1:             ;
  654 e2f1:             exe_goto_stmt:
  655 e2f1: 0e 0d           LDAI TOKENIZER_GOTO
  656 e2f3: 04 e1 19        JSR exe_accept
  657 e2f6: 04 e1 e5        JSR exe_expr
  658 e2f9: 04 e2 d7        JSR exe_jump_line
  659 e2fc: 05              RET
  660 e2fd:             
  661 e2fd:             ;
  662 e2fd:             ; void print_statment()
  663 e2fd:             ;
  664 e2fd:             exe_print_stmt:
  665 e2fd: 0e 06           LDAI TOKENIZER_PRINT
  666 e2ff: 04 e1 19        jsr exe_accept
  667 e302:             
  668 e302:             exe_print_stmt_loop:
  669 e302: 43              LDAVR R3
  670 e303: 0d 03           LDTI TOKENIZER_STRING
  671 e305: aa e3 14        BRNEQ exe_print_stmt1
  672 e308:             ;
  673 e308:             ; this should return string to print in r2
  674 e308:             ; exe_string may not be needed tokenbufferptr is at string ?
  675 e308:             ;
  676 e308: 0f 73           movrr r3,r7
  677 e30a: 57              incr r7
  678 e30b: 04 ff c0        jsr stringout
  679 e30e: 04 e5 ab        jsr exe_next_token
  680 e311: a0 e3 47        br exe_print_stmt_test
  681 e314:             
  682 e314:             exe_print_stmt1:
  683 e314: 0d 15           ldti TOKENIZER_COMMA
  684 e316: aa e3 24        BRNEQ exe_print_stmt2
  685 e319: 0e 20           LDAI ' '
  686 e31b: 04 ff c4        JSR charout
  687 e31e: 04 e5 ab        jsr exe_next_token
  688 e321: a0 e3 47        br exe_print_stmt_test
  689 e324:             
  690 e324:             exe_print_stmt2:
  691 e324: 0d 16           ldti TOKENIZER_SEMICOLON
  692 e326: aa e3 2f        BRNEQ exe_print_stmt3
  693 e329: 04 e5 ab        jsr exe_next_token
  694 e32c: a0 e3 47        br exe_print_stmt_test
  695 e32f:             
  696 e32f:             exe_print_stmt3:
  697 e32f: 0d 04           ldti TOKENIZER_VARIABLE
  698 e331: a8 e3 41        BREQ exe_print_stmt4
  699 e334: 0d 02           ldti TOKENIZER_NUMBER
  700 e336: a8 e3 41        breq exe_print_stmt4
  701 e339: 0d 1f           ldti  TOKENIZER_LEFTP
  702 e33b: a8 e3 41        breq exe_print_stmt4
  703 e33e:             
  704 e33e: a0 e3 55        br exe_print_stmt_done
  705 e341:             
  706 e341:             exe_print_stmt4:
  707 e341: 04 e1 e5        jsr exe_expr
  708 e344:                 ;JSR showr7
  709 e344: 04 e5 f2        jsr exe_itoa
  710 e347:             
  711 e347:             exe_print_stmt_test:
  712 e347: 43              LDAVR R3
  713 e348: 0d 24           LDTI TOKENIZER_CR
  714 e34a: a8 e3 55        breq exe_print_stmt_done
  715 e34d: 0d 01           LDTI TOKENIZER_EOF
  716 e34f: a8 e3 55        breq exe_print_stmt_done
  717 e352: a0 e3 02        br exe_print_stmt_loop
  718 e355:             
  719 e355:             exe_print_stmt_done:
  720 e355: 1f ef 4f        mviw R7,CRLF
  721 e358: 04 ff c0        jsr stringout
  722 e35b: 04 e5 ab        jsr exe_next_token
  723 e35e: 05              ret
  724 e35f:             
  725 e35f:             ;
  726 e35f:             ; void if_statement()
  727 e35f:             ;
  728 e35f:             exe_if_stmt:
  729 e35f: 0e 07           LDAI TOKENIZER_IF
  730 e361: 04 e1 19        JSR exe_accept
  731 e364:             
  732 e364: 04 e2 58        JSR exe_relation
  733 e367: 27              MVRLA R7
  734 e368: 09              push
  735 e369: 0e 08           LDAI TOKENIZER_THEN
  736 e36b: 04 e1 19        JSR exe_accept
  737 e36e: 0a              pop
  738 e36f:             
  739 e36f: 0d 01           LDTI 1
  740 e371: aa e3 78        BRNEQ exe_if_stmt1
  741 e374: 04 e4 c3        JSR exe_stmt
  742 e377: 05              ret
  743 e378:             
  744 e378:             exe_if_stmt1:
  745 e378: 04 e5 ab        jsr exe_next_token
  746 e37b: 43              LDAVR R3
  747 e37c: 0d 24           LDTI TOKENIZER_CR
  748 e37e: a8 e3 87        BREQ EXE_IF_STMT2
  749 e381: 0d 01           LDTI TOKENIZER_EOF
  750 e383: aa e3 78        BRNEQ EXE_IF_STMT1
  751 e386: 05              RET
  752 e387:             
  753 e387:             exe_if_stmt2:
  754 e387: 04 e5 ab        JSR EXE_NEXT_TOKEN
  755 e38a: 05              RET
  756 e38b:             
  757 e38b:             ;
  758 e38b:             ; void let_statement()
  759 e38b:             ;
  760 e38b:             exe_let_stmt:
  761 e38b: 04 e5 e4        jsr exe_variable_num
  762 e38e: 37              mvarl r7
  763 e38f: 0f 67           movrr r7,r6
  764 e391: 0e 04           ldai TOKENIZER_VARIABLE
  765 e393: 04 e1 19        jsr exe_accept
  766 e396: 0e 23           ldai TOKENIZER_EQ
  767 e398: 04 e1 19        jsr exe_accept
  768 e39b: 04 e1 e5        jsr exe_expr
  769 e39e: 26              mvrla r6
  770 e39f: 04 e5 93        JSR exe_set_variable
  771 e3a2: 0e 24           ldai TOKENIZER_CR
  772 e3a4: 04 e1 19        jsr exe_accept
  773 e3a7: 05              ret
  774 e3a8:             
  775 e3a8:             ;
  776 e3a8:             ; void gosub_statement()
  777 e3a8:             ;
  778 e3a8:             exe_gosub_stmt:
  779 e3a8: 0e 0e           ldai TOKENIZER_GOSUB
  780 e3aa: 04 e1 19        jsr exe_accept
  781 e3ad: 04 e5 db        jsr exe_num
  782 e3b0: 0e 02           ldai TOKENIZER_NUMBER
  783 e3b2: 04 e1 19        jsr exe_accept
  784 e3b5: 0e 24           ldai TOKENIZER_CR
  785 e3b7: 04 e1 19        jsr exe_accept
  786 e3ba:             ;
  787 e3ba:             ; save current token buffer ptr to gosub stack
  788 e3ba:             ;
  789 e3ba: 23             mvrla r3
  790 e3bb: 4d             stavr r5
  791 e3bc: 55             incr r5
  792 e3bd: 2b             mvrha r3
  793 e3be: 4d             stavr r5
  794 e3bf: 55             incr  r5
  795 e3c0:             ;
  796 e3c0:             ; write new gosub stack ptr location back
  797 e3c0:             ;
  798 e3c0: 04 e2 d7       JSR exe_jump_line
  799 e3c3: 05             RET
  800 e3c4:             
  801 e3c4:             ;
  802 e3c4:             ; void return_statment()
  803 e3c4:             ;
  804 e3c4:             exe_return_stmt:
  805 e3c4: 0e 0f           ldai TOKENIZER_RETURN
  806 e3c6: 04 e1 19        jsr exe_accept
  807 e3c9:             ;
  808 e3c9:             ; setup to use for storage area via R4
  809 e3c9:             ;
  810 e3c9: 5d             decr r5
  811 e3ca: 5d             decr r5
  812 e3cb:             
  813 e3cb: 45             ldavr r5
  814 e3cc: 33             mvarl r3
  815 e3cd: 55             incr r5
  816 e3ce: 45             ldavr r5
  817 e3cf: 3b             mvarh r3
  818 e3d0:             
  819 e3d0: 5d             decr r5
  820 e3d1: 05             ret
  821 e3d2:             
  822 e3d2:             ;
  823 e3d2:             ; void next_statement()
  824 e3d2:             ;
  825 e3d2:             exe_next_stmt:
  826 e3d2:             ;
  827 e3d2:             ; backup to the TO Value
  828 e3d2: 5c              decr r4
  829 e3d3: 5c              decr r4
  830 e3d4: 5c              decr r4
  831 e3d5: 5c              decr r4
  832 e3d6:             ;
  833 e3d6:             ; eat next
  834 e3d6:             ;
  835 e3d6: 0e 0c           ldai TOKENIZER_NEXT
  836 e3d8: 04 e1 19        jsr exe_accept
  837 e3db:             ;
  838 e3db:             ; get variable id (in accumulator) and hold in r6 lo
  839 e3db:             ;
  840 e3db: 04 e5 e4        jsr exe_variable_num
  841 e3de: 36              mvarl r6
  842 e3df:             ;
  843 e3df:             ; eat TOKENIZER_VARIABLE id
  844 e3df:             ;
  845 e3df: 0e 04           ldai TOKENIZER_VARIABLE
  846 e3e1: 04 e1 19        jsr exe_accept
  847 e3e4:             ;
  848 e3e4:             ; get variable value, inc by 1 and store - ADD STEP VALUE
  849 e3e4:             ;
  850 e3e4: 26              mvrla r6
  851 e3e5: 04 e5 9e        jsr exe_get_variable
  852 e3e8: 57              incr r7
  853 e3e9: 26              mvrla r6
  854 e3ea: 04 e5 93        jsr exe_set_variable
  855 e3ed:             ;
  856 e3ed:             ; get TO value into R6
  857 e3ed: 44              ldavr r4
  858 e3ee: 36              mvarl r6
  859 e3ef: 54              incr r4
  860 e3f0: 44              ldavr r4
  861 e3f1: 3e              mvarh r6
  862 e3f2: 54              incr r4
  863 e3f3:             ;
  864 e3f3:             ; for now only compare low byte HACK use compare code
  865 e3f3:             ; r7=r6 00
  866 e3f3:             ; r7>r6 01
  867 e3f3:             ; r7<r6 ff
  868 e3f3:             ;
  869 e3f3: 04 ef 01         jsr parse_compare
  870 e3f6: 0d 01            ldti 01
  871 e3f8: a8 e4 02         breq exe_next_done
  872 e3fb:             ;    mvrla r6
  873 e3fb:             ;    mvat
  874 e3fb:             ;    mvrla r7
  875 e3fb:             ;    brgt exe_next_done
  876 e3fb:             ;
  877 e3fb: 44              ldavr r4
  878 e3fc: 33              mvarl r3
  879 e3fd: 54              incr r4
  880 e3fe: 44              ldavr r4
  881 e3ff: 3b              mvarh r3
  882 e400: 54              incr r4
  883 e401: 05              ret
  884 e402:             
  885 e402:             exe_next_done:
  886 e402: 5c            decr r4
  887 e403: 5c            decr r4
  888 e404: 5c            decr r4
  889 e405: 5c            decr r4
  890 e406: 0e 24         ldai TOKENIZER_CR
  891 e408: 04 e1 19      jsr exe_accept
  892 e40b: 05            ret
  893 e40c:             
  894 e40c:             ;
  895 e40c:             ; void for_statement()
  896 e40c:             ;
  897 e40c:             exe_for_stmt:
  898 e40c:             ;
  899 e40c:             ; setup to use for storage area via R4
  900 e40c:             ;
  901 e40c: 0e 0a           ldai TOKENIZER_FOR    ; eat FOR
  902 e40e: 04 e1 19        jsr exe_accept
  903 e411:             ;
  904 e411:             ; get variable id (in accumulator) and hold in r6 lo
  905 e411:             ;
  906 e411: 04 e5 e4        jsr exe_variable_num
  907 e414: 36              mvarl r6
  908 e415:             ;
  909 e415:             ; store variable id in FOR storage - hack only lo byte, hi byte 0
  910 e415:             ;
  911 e415: 4c              stavr r4
  912 e416: 54              incr r4
  913 e417: 0e 00           ldai 0
  914 e419: 4c              stavr r4
  915 e41a: 54              incr r4
  916 e41b:             ;
  917 e41b:             ; eat variable id and = then get starting value
  918 e41b:             ;
  919 e41b: 0e 04           ldai TOKENIZER_VARIABLE
  920 e41d: 04 e1 19        jsr exe_accept
  921 e420: 0e 23           ldai TOKENIZER_EQ
  922 e422: 04 e1 19        jsr exe_accept
  923 e425: 04 e1 e5        jsr exe_expr
  924 e428:             ;
  925 e428:             ; set variable to starting value
  926 e428:             ;
  927 e428: 26              mvrla r6
  928 e429: 04 e5 93        JSR exe_set_variable
  929 e42c:             ;
  930 e42c:             ; eat TO and get to value
  931 e42c:             ;
  932 e42c: 0e 0b           ldai TOKENIZER_TO
  933 e42e: 04 e1 19        jsr exe_accept
  934 e431: 04 e1 e5        jsr exe_expr
  935 e434:             ;
  936 e434:             ; store to value in FOR storage area
  937 e434:             ;
  938 e434: 27              mvrla r7
  939 e435: 4c              stavr r4
  940 e436: 54              incr r4
  941 e437: 2f              mvrha r7
  942 e438: 4c              stavr r4
  943 e439: 54              incr r4
  944 e43a:             ;
  945 e43a:             ; EAT EOL
  946 e43a:             ;
  947 e43a: 0e 24           ldai TOKENIZER_CR
  948 e43c: 04 e1 19        jsr exe_accept
  949 e43f:             ;
  950 e43f:             ; store ptr to instruction after FOR in for storage area
  951 e43f:             ;
  952 e43f: 23              mvrla r3
  953 e440: 4c              stavr r4
  954 e441: 54              incr r4
  955 e442: 2b              mvrha r3
  956 e443: 4c              stavr r4
  957 e444: 54              incr r4
  958 e445:             ;
  959 e445:             ;   save for stackptr
  960 e445:             ;
  961 e445: 05              ret
  962 e446:             
  963 e446:             ;
  964 e446:             ; INP
  965 e446:             ;
  966 e446:             exe_inp_stmt:
  967 e446: 0e 2b           ldai TOKENIZER_INP   ; eat INP
  968 e448: 04 e1 19        jsr exe_accept
  969 e44b: 05              ret
  970 e44c:             
  971 e44c:             ;
  972 e44c:             ; outp
  973 e44c:             ;
  974 e44c:             exe_outp_stmt:
  975 e44c: 0e 2c           ldai TOKENIZER_OUTP   ; eat OUTP
  976 e44e: 04 e1 19        jsr exe_accept
  977 e451: 05              ret
  978 e452:             
  979 e452:             ;
  980 e452:             ; INPUT
  981 e452:             ;
  982 e452:             exe_input_stmt:
  983 e452: 0e 2a           ldai TOKENIZER_INPUT   ; eat INPUT
  984 e454: 04 e1 19        jsr exe_accept
  985 e457: 04 e5 e4        jsr exe_variable_num
  986 e45a: 09              Push
  987 e45b:             
  988 e45b: 1f 03 00        mviw r7,parse_input_line
  989 e45e:             
  990 e45e: 04 ef 3e        jsr get_inputline
  991 e461:             
  992 e461: 1f 03 00        mviw r7,parse_input_line
  993 e464: ef 02 02        str r7,bas_txtptr
  994 e467:             
  995 e467:             
  996 e467: 04 eb b0        jsr parse_num
  997 e46a: 0a              pop
  998 e46b: 04 e5 93        jsr  EXE_SET_VARIABLE
  999 e46e:             
 1000 e46e: 0e 04           ldai TOKENIZER_VARIABLE
 1001 e470: 04 e1 19        jsr EXE_ACCEPT
 1002 e473: 0e 24           ldai TOKENIZER_CR
 1003 e475: 04 e1 19        jsr exe_accept
 1004 e478: 05              RET
 1005 e479:             ;
 1006 e479:             ; void peek_statment()
 1007 e479:             ;
 1008 e479:             ;peek_statement(void) {
 1009 e479:             ;
 1010 e479:             exe_peek_stmt:
 1011 e479: 0e 12           ldai TOKENIZER_PEEK   ; eat PEEK
 1012 e47b: 04 e1 19        jsr exe_accept
 1013 e47e: 04 e1 e5        jsr exe_expr
 1014 e481: 47              LDAVR R7
 1015 e482: 37              MVARL R7
 1016 e483: 0e 00           LDAI 0
 1017 e485: 3f              MVARH R7
 1018 e486: 07 07           PUSHR R7
 1019 e488:             
 1020 e488: 0e 15           ldai TOKENIZER_COMMA   ; eat COMMA
 1021 e48a: 04 e1 19        jsr exe_accept
 1022 e48d: 04 e5 e4        jsr exe_variable_num
 1023 e490: 08 70           popr r7
 1024 e492:             
 1025 e492: 04 e5 93        jsr  EXE_SET_VARIABLE
 1026 e495: 0e 04           ldai TOKENIZER_VARIABLE
 1027 e497: 04 e1 19        jsr EXE_ACCEPT
 1028 e49a: 0e 24           ldai TOKENIZER_CR
 1029 e49c: 04 e1 19        jsr exe_accept
 1030 e49f: 05              RET
 1031 e4a0:             
 1032 e4a0:             ;
 1033 e4a0:             ; void poke_statement()
 1034 e4a0:             ;
 1035 e4a0:             ;poke_statement(void) {
 1036 e4a0:             ;    VARIABLE_TYPE poke_addr;
 1037 e4a0:             ;    VARIABLE_TYPE value;
 1038 e4a0:             ;
 1039 e4a0:             ;    accept(TOKENIZER_POKE);
 1040 e4a0:             ;    poke_addr = expr();
 1041 e4a0:             ;    accept(TOKENIZER_COMMA);
 1042 e4a0:             ;    value = expr();
 1043 e4a0:             ;    accept(TOKENIZER_CR);
 1044 e4a0:             
 1045 e4a0:             ;    poke_function(poke_addr, value);
 1046 e4a0:             
 1047 e4a0:             exe_poke_stmt:
 1048 e4a0: 0e 13           ldai TOKENIZER_POKE   ; eat PEEK
 1049 e4a2: 04 e1 19        jsr exe_accept
 1050 e4a5:             
 1051 e4a5: 04 e1 e5        jsr exe_expr
 1052 e4a8: 07 07           PUSHR R7
 1053 e4aa:             
 1054 e4aa: 0e 15           ldai TOKENIZER_COMMA   ; eat COMMA
 1055 e4ac: 04 e1 19        jsr exe_accept
 1056 e4af:             
 1057 e4af: 04 e1 e5        jsr exe_expr
 1058 e4b2: 27              MVRLA R7
 1059 e4b3:             
 1060 e4b3: 08 70           POPR R7
 1061 e4b5:             
 1062 e4b5: 4f              STAVR R7
 1063 e4b6:             
 1064 e4b6: 0e 24           ldai TOKENIZER_CR
 1065 e4b8: 04 e1 19        jsr exe_accept
 1066 e4bb: 05              RET
 1067 e4bc:             
 1068 e4bc:             ;
 1069 e4bc:             ; void end_statement()
 1070 e4bc:             ;
 1071 e4bc:             exe_end_stmt:
 1072 e4bc: 1e 02 00        mviw r6,bas_run_ended
 1073 e4bf: 0e 01           LDAI 1
 1074 e4c1: 4e              STAVR r6
 1075 e4c2: 05              ret
 1076 e4c3:             
 1077 e4c3:             ;
 1078 e4c3:             ; void statment()
 1079 e4c3:             ;
 1080 e4c3:             exe_stmt:
 1081 e4c3: 43              LDAVR R3
 1082 e4c4:             
 1083 e4c4: 0d 04           LDTI TOKENIZER_VARIABLE
 1084 e4c6: aa e4 cd        BRNEQ exe_stmt1
 1085 e4c9: 04 e3 8b        JSR exe_let_stmt
 1086 e4cc: 05              ret
 1087 e4cd:             
 1088 e4cd:             exe_stmt1:
 1089 e4cd: 0d 07           LDTI TOKENIZER_IF
 1090 e4cf: aa e4 d6        BRNEQ exe_stmt2
 1091 e4d2: 04 e3 5f        JSR exe_if_stmt
 1092 e4d5: 05              ret
 1093 e4d6:             
 1094 e4d6:             exe_stmt2:
 1095 e4d6: 0d 0c           LDTI TOKENIZER_NEXT
 1096 e4d8: aa e4 df        BRNEQ exe_stmt3
 1097 e4db: 04 e3 d2        JSR exe_next_stmt
 1098 e4de: 05              ret
 1099 e4df:             
 1100 e4df:             exe_stmt3:
 1101 e4df: 0d 06           LDTI TOKENIZER_PRINT
 1102 e4e1: aa e4 e8        BRNEQ exe_stmt4
 1103 e4e4: 04 e2 fd        JSR exe_print_stmt
 1104 e4e7: 05              ret
 1105 e4e8:             
 1106 e4e8:             exe_stmt4:
 1107 e4e8: 0d 0a           LDTI TOKENIZER_FOR
 1108 e4ea: aa e4 f1        BRNEQ exe_stmt5
 1109 e4ed: 04 e4 0c        JSR exe_for_stmt
 1110 e4f0: 05              ret
 1111 e4f1:             
 1112 e4f1:             exe_stmt5:
 1113 e4f1: 0d 0d           LDTI TOKENIZER_GOTO
 1114 e4f3: aa e4 fa        BRNEQ exe_stmt6
 1115 e4f6: 04 e2 f1        JSR exe_goto_stmt
 1116 e4f9: 05              ret
 1117 e4fa:             
 1118 e4fa:             exe_stmt6:
 1119 e4fa: 0d 2a           LDTI TOKENIZER_INPUT
 1120 e4fc: aa e5 03        BRNEQ exe_stmt7
 1121 e4ff: 04 e4 52        JSR exe_input_stmt
 1122 e502: 05              ret
 1123 e503:             
 1124 e503:             exe_stmt7:
 1125 e503: 0d 0e           LDTI TOKENIZER_GOSUB
 1126 e505: aa e5 0c        BRNEQ exe_stmt8
 1127 e508: 04 e3 a8        JSR exe_gosub_stmt
 1128 e50b: 05              ret
 1129 e50c:             
 1130 e50c:             exe_stmt8:
 1131 e50c: 0d 0f           LDTI TOKENIZER_RETURN
 1132 e50e: aa e5 15        BRNEQ exe_stmt9
 1133 e511: 04 e3 c4        JSR exe_return_stmt
 1134 e514: 05              ret
 1135 e515:             
 1136 e515:             exe_stmt9:
 1137 e515: 0d 12           LDTI TOKENIZER_PEEK
 1138 e517: aa e5 1e        BRNEQ exe_stmt10
 1139 e51a: 04 e4 79        JSR exe_peek_stmt
 1140 e51d: 05              ret
 1141 e51e:             
 1142 e51e:             exe_stmt10:
 1143 e51e: 0d 13           LDTI TOKENIZER_POKE
 1144 e520: aa e5 27        BRNEQ exe_stmt11
 1145 e523: 04 e4 a0        JSR exe_poke_stmt
 1146 e526: 05              ret
 1147 e527:             
 1148 e527:             exe_stmt11:
 1149 e527: 0d 14           LDTI TOKENIZER_END
 1150 e529: aa e5 30        BRNEQ exe_stmt12
 1151 e52c: 04 e4 bc        JSR exe_end_stmt
 1152 e52f: 05              ret
 1153 e530:             
 1154 e530:             exe_stmt12:
 1155 e530: 0d 05           LDTI TOKENIZER_LET
 1156 e532: aa e5 3e        BRNEQ exe_stmt13
 1157 e535: 0e 05           LDAI TOKENIZER_LET
 1158 e537: 04 e1 19        JSR exe_accept
 1159 e53a: 04 e3 8b        JSR exe_let_stmt
 1160 e53d: 05              ret
 1161 e53e:             
 1162 e53e:             exe_stmt13:
 1163 e53e: 0d 2b           LDTI TOKENIZER_INP
 1164 e540: aa e5 47        BRNEQ exe_stmt14
 1165 e543: 04 e4 46        JSR exe_inp_stmt
 1166 e546: 05              ret
 1167 e547:             
 1168 e547:             exe_stmt14:
 1169 e547: 0d 2c           LDTI TOKENIZER_OUTP
 1170 e549: aa e5 50        BRNEQ exe_stmt15
 1171 e54c: 04 e4 4c        JSR exe_outp_stmt
 1172 e54f: 05              ret
 1173 e550:             
 1174 e550:             exe_stmt15:
 1175 e550: 04 ff e0        jsr showbytea
 1176 e553: 0e 3d           ldai '='
 1177 e555: 04 ff c8        jsr uartout
 1178 e558: 1f e0 d5        MVIW R7,bas_msg3
 1179 e55b: 04 ff c0        jsr stringout
 1180 e55e: 04 ff dc        JSR SHOWREGS
 1181 e561: 04 e5 a9        jsr bas_error
 1182 e564:             
 1183 e564:             ;
 1184 e564:             ; void line_statement (void)
 1185 e564:             ;
 1186 e564:             ; IS LINENUM NEEDED? CAN we skip over here?
 1187 e564:             ;
 1188 e564:             exe_line_stmt:
 1189 e564: 0e 25           LDAI TOKENIZER_LINENUM
 1190 e566: 04 e1 19        jsr exe_accept
 1191 e569: 04 e4 c3        jsr exe_stmt
 1192 e56c: 05              ret
 1193 e56d:             
 1194 e56d:             ;
 1195 e56d:             ; void ubasic_run()
 1196 e56d:             ;
 1197 e56d:             basic_run:
 1198 e56d: 04 e1 07        JSR exe_init
 1199 e570:             
 1200 e570:             exe_run:
 1201 e570: 04 e5 7f        jsr exe_finished
 1202 e573: 0d 01           LDTI 1
 1203 e575: aa e5 79        BRNEQ exe_run_cont
 1204 e578: 05              ret
 1205 e579:             
 1206 e579:             exe_run_cont:
 1207 e579: 04 e5 64        jsr exe_line_stmt
 1208 e57c: a0 e5 70        BR exe_run
 1209 e57f:             
 1210 e57f:             ;
 1211 e57f:             ; int ubasic_finished()
 1212 e57f:             ;
 1213 e57f:             exe_finished:
 1214 e57f:             ;    MVIW R2,bas_run_ended
 1215 e57f:             ;    LDAVR R2
 1216 e57f: e4 02 00        LDA bas_run_ended
 1217 e582: 0d 01           LDTI 1
 1218 e584: a8 e5 90        BREQ exe_finished_yes
 1219 e587:             
 1220 e587: 43              ldavr r3
 1221 e588: 0d 01           ldti TOKENIZER_EOF
 1222 e58a: a8 e5 90        breq exe_finished_yes
 1223 e58d: 0e 00           ldai 0
 1224 e58f: 05              ret
 1225 e590:             
 1226 e590:             exe_finished_yes:
 1227 e590: 0e 01           LDAI 1
 1228 e592: 05              ret
 1229 e593:             
 1230 e593:             ;
 1231 e593:             ; void ubasic_set_variable(int varnum, VARIABLE_TYPE value)
 1232 e593:             ;
 1233 e593:             ; R7 value (only using low byte)
 1234 e593:             ; ACCUMULATOR Variable ref number
 1235 e593:             ;
 1236 e593:             ; Destroys R2 and accumulator, could be fixed with a push/pop
 1237 e593:             ; DANGER USING R2 - NOW FOR MEM-DIRECT ADDRESSING SWITCH TO ANOTHER R ?
 1238 e593:             ;
 1239 e593:             exe_set_variable:
 1240 e593: 1a 01 00        MVIW R2,BASIC_VARS  ; SEE COMMENT below about memory alignment
 1241 e596: b6              SHL                 ; memory location x 2 (2 byte vars)
 1242 e597: 32              MVARL R2            ; change to add16 to remove align issue
 1243 e598:             ;
 1244 e598: 27              MVRLA R7
 1245 e599: 4a              STAVR R2
 1246 e59a: 52              INCR r2
 1247 e59b: 2f              mvrha r7
 1248 e59c: 4a              stavr r2
 1249 e59d:             
 1250 e59d: 05              RET
 1251 e59e:             ;
 1252 e59e:             ; VARIABLE_TYPE ubasic_get_variable(int varnum)
 1253 e59e:             ;
 1254 e59e:             ; ACCUMULATOR HOLDS VARIABLE REF NUMBER, VALUE RETURN IN R7
 1255 e59e:             ;
 1256 e59e:             ; HACK for now BASIC_VARS needs to be 256 byte 0xAA00 aligned
 1257 e59e:             ; and only 0-25 (var names a-z) supported
 1258 e59e:             ; for now values are 1 byte, upper byte of R7 forced to 0
 1259 e59e:             ;
 1260 e59e:             ; Destroys R2 and accumulator, could be fixed with a push/pop
 1261 e59e:             ;
 1262 e59e:             exe_get_variable:
 1263 e59e: 1a 01 00        MVIW R2,BASIC_VARS
 1264 e5a1: b6              shl
 1265 e5a2: 32              MVARL R2
 1266 e5a3:             ;
 1267 e5a3: 42              LDAVR R2
 1268 e5a4: 37              MVARL R7
 1269 e5a5: 52              INCR R2
 1270 e5a6: 42              LDAVR R2
 1271 e5a7: 3f              MVARH R7
 1272 e5a8: 05              RET
 1273 e5a9:             
 1274 e5a9:             ;
 1275 e5a9:             ; hack this needs work
 1276 e5a9:             ;
 1277 e5a9:             bas_error:
 1278 e5a9: 03            HALT
 1279 e5aa: 05            RET
 1280 e5ab:             
 1281 e5ab:             ;
 1282 e5ab:             ; Tokenizer execute support code
 1283 e5ab:             ;
 1284 e5ab:             ; tokenizer_next - exe version
 1285 e5ab:             ;
 1286 e5ab:             exe_next_token:
 1287 e5ab: 43            ldavr r3
 1288 e5ac: 0d 02         ldti TOKENIZER_NUMBER
 1289 e5ae: aa e5 b5      BRNEQ exe_next_token1
 1290 e5b1: 53            incr r3
 1291 e5b2: 53            incr r3
 1292 e5b3: 53            incr r3
 1293 e5b4: 05            RET
 1294 e5b5:             
 1295 e5b5:             exe_next_token1:
 1296 e5b5: 0d 04         ldti TOKENIZER_VARIABLE
 1297 e5b7: aa e5 be      BRNEQ exe_next_token2
 1298 e5ba: 53            incr r3
 1299 e5bb: 53            incr r3
 1300 e5bc: 53            incr r3
 1301 e5bd: 05            RET
 1302 e5be:             
 1303 e5be:             exe_next_token2:
 1304 e5be: 0d 25         ldti TOKENIZER_LINENUM
 1305 e5c0: aa e5 c9      BRNEQ exe_next_token3
 1306 e5c3: 53            incr r3
 1307 e5c4: 53            incr r3
 1308 e5c5: 53            incr r3
 1309 e5c6: 53            incr r3
 1310 e5c7: 53            incr r3
 1311 e5c8: 05            RET
 1312 e5c9:             
 1313 e5c9:             exe_next_token3:
 1314 e5c9: 0d 03         ldti TOKENIZER_STRING
 1315 e5cb: aa e5 d9      BRNEQ exe_next_token4
 1316 e5ce: 53            incr r3
 1317 e5cf:             
 1318 e5cf:             exe_next_tok3_loop:
 1319 e5cf: 43            LDAVR R3
 1320 e5d0: a1 e5 d7      BRZ exe_next_tok3_done
 1321 e5d3: 53            incr r3
 1322 e5d4: a0 e5 cf      BR exe_next_tok3_loop
 1323 e5d7:             
 1324 e5d7:             exe_next_tok3_done:
 1325 e5d7: 53            incr r3
 1326 e5d8: 05            RET
 1327 e5d9:             
 1328 e5d9:             exe_next_token4:
 1329 e5d9: 53            incr r3
 1330 e5da: 05            ret
 1331 e5db:             
 1332 e5db:             ;
 1333 e5db:             ; numbers stored low byte followed by high byte in memory
 1334 e5db:             ;
 1335 e5db:             exe_num:
 1336 e5db: 53              incr r3
 1337 e5dc: 43              ldavr r3
 1338 e5dd: 37              mvarl r7
 1339 e5de: 53              incr r3
 1340 e5df: 43              ldavr r3
 1341 e5e0: 3f              mvarh r7
 1342 e5e1: 5b              decr r3
 1343 e5e2: 5b              decr r3
 1344 e5e3: 05              ret
 1345 e5e4:             
 1346 e5e4:             ;
 1347 e5e4:             ; hack only using low byte of id for now
 1348 e5e4:             ; return in accumulator
 1349 e5e4:             ;
 1350 e5e4:             exe_variable_num:
 1351 e5e4: 53              incr r3
 1352 e5e5: 43              ldavr r3
 1353 e5e6: 5b              decr r3
 1354 e5e7: 05              ret
 1355 e5e8:             
 1356 e5e8:             
 1357 e5e8:             ;
 1358 e5e8:             ; Convert number in r7 to ASCII
 1359 e5e8:             ;
 1360 e5e8:             ; for for negative numbers
 1361 e5e8:             ;
 1362 e5e8: 27 10 03 e8 
            00 64 00 0a 
            00 00       dividers: DW 02710h,03e8h,0064h,000Ah,0000h
 1363 e5f2:             
 1364 e5f2:             exe_itoa:
 1365 e5f2: 09                push
 1366 e5f3: 2f                mvrha r7
 1367 e5f4: b3 80             andi 080h
 1368 e5f6: a1 e6 05          brz exe_itoa_pos
 1369 e5f9:             
 1370 e5f9: 2f                mvrha r7
 1371 e5fa: b5                inva
 1372 e5fb: 3f                mvarh r7
 1373 e5fc: 27                mvrla r7
 1374 e5fd: b5                inva
 1375 e5fe: 37                mvarl r7
 1376 e5ff: 57                incr r7
 1377 e600: 0e 2d             ldai '-'
 1378 e602: 04 ff c4          jsr charout
 1379 e605:             
 1380 e605:             exe_itoa_pos:
 1381 e605: 07 04             pushr r4    ; dividers ptr
 1382 e607: 07 05             pushr r5    ; value holder
 1383 e609: 1d 00 00          mviw r5,0
 1384 e60c: 0e 01             ldai 1
 1385 e60e: 3d                mvarh r5
 1386 e60f: 07 06             pushr r6    ;
 1387 e611: 1c e5 e8          mviw  r4,dividers
 1388 e614:             
 1389 e614:             exe_itoa_loop:
 1390 e614: 44                ldavr r4
 1391 e615: 3e                mvarh r6
 1392 e616: 54                incr r4
 1393 e617: 44                ldavr r4
 1394 e618: 36                mvarl r6
 1395 e619: 5c                decr r4
 1396 e61a: 04 ef 01          jsr parse_compare
 1397 e61d: 0d ff             ldti 0ffh
 1398 e61f: a8 e6 2c          breq exe_itoa_next
 1399 e622: 0e 00             ldai 0
 1400 e624: 3d                mvarh r5
 1401 e625: 04 ee ac          jsr PARSE_SUB16
 1402 e628: 55                incr r5
 1403 e629: a0 e6 14          br exe_itoa_loop
 1404 e62c:             
 1405 e62c:             exe_itoa_next:
 1406 e62c: 2d                mvrha r5
 1407 e62d: a2 e6 39          brnz exe_itoa_notyet
 1408 e630: 25                mvrla r5
 1409 e631: b0 30             addi '0'
 1410 e633: 04 ff c4          JSR charout
 1411 e636: 0e 00             ldai 0
 1412 e638: 3d                mvarh r5
 1413 e639:             
 1414 e639:             exe_itoa_notyet:
 1415 e639: 0e 00             ldai 0
 1416 e63b: 35                mvarl r5
 1417 e63c: 54                incr r4
 1418 e63d: 54                incr r4
 1419 e63e: 44                ldavr r4
 1420 e63f: a2 e6 14          brnz exe_itoa_loop
 1421 e642: 54                incr r4
 1422 e643: 44                ldavr r4
 1423 e644: 5c                decr r4
 1424 e645: a2 e6 14          brnz exe_itoa_loop
 1425 e648:             
 1426 e648:             ;      mvrha r5
 1427 e648:             ;      brz exe_itoa_noones
 1428 e648: 27                mvrla r7
 1429 e649: b0 30             addi '0'
 1430 e64b: 04 ff c4          JSR charout
 1431 e64e:             exe_itoa_noones:
 1432 e64e: 08 60             popr r6
 1433 e650: 08 50             popr r5
 1434 e652: 08 40             popr r4
 1435 e654: 0a                pop
 1436 e655: 05                RET
 1437 e656:             
 1438 e656:             
 1439 e656:             
 1440 e656:             ;
 1441 e656:             ; List out token buffer in human readable form
 1442 e656:             ;
 1443 e656:             ; list out token buffer
 1444 e656:             ; buffer address in r7
 1445 e656:             ;
 1446 e656: 4c 45 54 20 
            00          tokl_let: DB "LET ",0
 1447 e65b: 50 52 49 4e 
            54 20 00    tokl_print: DB "PRINT ",0
 1448 e662: 49 46 20 00 tokl_if: DB "IF ",0
 1449 e666: 54 48 45 4e 
            20 00       tokl_then: DB "THEN ",0
 1450 e66c: 45 4c 53 45 
            20 00       tokl_else: DB "ELSE ",0
 1451 e672: 46 4f 52 20 
            00          tokl_for: DB "FOR ",0
 1452 e677: 54 4f 20 00 tokl_to: DB "TO ",0
 1453 e67b: 4e 45 58 54 
            20 00       tokl_next: DB "NEXT ",0
 1454 e681: 47 4f 54 4f 
            20 00       tokl_goto: DB "GOTO ",0
 1455 e687: 47 4f 53 55 
            42 20 00    tokl_gosub: DB "GOSUB ",0
 1456 e68e: 52 45 54 55 
            52 4e 20 00 tokl_return: DB "RETURN ",0
 1457 e696: 52 45 4d 20 
            00          tokl_rem: DB "REM ",0
 1458 e69b: 50 45 45 4b 
            20 00       tokl_peek: DB "PEEK ",0
 1459 e6a1: 50 4f 4b 45 
            20 00       tokl_poke: DB "POKE ",0
 1460 e6a7: 45 4e 44 20 
            00          tokl_end: DB "END ",0
 1461 e6ac: 43 41 4c 4c 
            20 00       tokl_call: DB "CALL ",0
 1462 e6b2: 49 4e 50 55 
            54 20 00    tokl_input: DB "INPUT ",0
 1463 e6b9: 49 4e 50 20 
            00          tokl_inp: DB "INP ",0
 1464 e6be: 4f 55 54 50 
            20 00       tokl_outp: DB "OUTP ",0
 1465 e6c4: 4c 49 53 54 
            20 45 52 52 
            4f 52 00    tokl_error: DB "LIST ERROR",0
 1466 e6cf:             
 1467 e6cf:             
 1468 e6cf:             basic_list:
 1469 e6cf: 07 03           pushr r3
 1470 e6d1: 0f 37           movrr r7,r3
 1471 e6d3:             
 1472 e6d3:             
 1473 e6d3:             baslist_loop:
 1474 e6d3: 43              ldavr r3
 1475 e6d4:             
 1476 e6d4: 0d 00           LDTI TOKENIZER_ERROR
 1477 e6d6: aa e6 e8        BRNEQ baslist1
 1478 e6d9: 1f e6 c4        MVIW R7,tokl_error
 1479 e6dc: 04 ff c0        JSR stringout
 1480 e6df: 04 ff cc        JSR showaddr
 1481 e6e2: a0 e9 ab        BR baslist_done
 1482 e6e5: a0 e6 d3        BR baslist_loop
 1483 e6e8:             
 1484 e6e8:             baslist1:
 1485 e6e8: 0d 01           LDTI TOKENIZER_EOF
 1486 e6ea: aa e6 f3        BRNEQ baslist2
 1487 e6ed: a0 e9 ab        BR baslist_done
 1488 e6f0: a0 e6 d3        BR baslist_loop
 1489 e6f3:             
 1490 e6f3:             baslist2:
 1491 e6f3: 0d 02           LDTI TOKENIZER_NUMBER
 1492 e6f5: aa e7 0a        BRNEQ baslist3
 1493 e6f8: 53              incr r3
 1494 e6f9: 43              ldavr r3
 1495 e6fa: 37              mvarl r7
 1496 e6fb: 53              incr r3
 1497 e6fc: 43              ldavr r3
 1498 e6fd: 3f              mvarh r7
 1499 e6fe: 53              INCR R3
 1500 e6ff:             ;    jsr showr7
 1501 e6ff: 04 e5 f2        jsr exe_itoa
 1502 e702: 0e 20           ldai ' '
 1503 e704: 04 ff c8        jsr uartout
 1504 e707: a0 e6 d3        BR baslist_loop
 1505 e70a:             
 1506 e70a:             baslist3:
 1507 e70a:             ;
 1508 e70a:             ; output quotes around string
 1509 e70a:             ;
 1510 e70a: 0d 03           LDTI TOKENIZER_STRING
 1511 e70c: aa e7 26        BRNEQ baslist4
 1512 e70f: 53              incr r3
 1513 e710: 0f 73           movrr r3,r7
 1514 e712: 04 ff c0        jsr stringout
 1515 e715: 0e 20           ldai ' '
 1516 e717: 04 ff c8        jsr uartout
 1517 e71a:             
 1518 e71a:             ;
 1519 e71a:             ; does r7 point to end of string here?
 1520 e71a:             ;
 1521 e71a:             baslist_string:
 1522 e71a: 43              ldavr r3
 1523 e71b: a1 e7 22        brz baslist_stringend
 1524 e71e: 53              incr r3
 1525 e71f: a0 e7 1a        br baslist_string
 1526 e722:             
 1527 e722:             baslist_stringend:
 1528 e722: 53              incr r3
 1529 e723: a0 e6 d3        BR baslist_loop
 1530 e726:             
 1531 e726:             baslist4:
 1532 e726: 0d 04           LDTI TOKENIZER_VARIABLE
 1533 e728: aa e7 3d        BRNEQ baslist5
 1534 e72b: 53              incr r3
 1535 e72c: 43              ldavr r3
 1536 e72d: 0d 41           ldti 'A'
 1537 e72f: b8              ADDT
 1538 e730: 53              incr r3
 1539 e731: 53              incr r3
 1540 e732: 04 ff c8        jsr uartout
 1541 e735:             
 1542 e735:             ;    ldavr r3
 1543 e735:             ;    mvarl r7
 1544 e735:             ;    incr r3
 1545 e735:             ;    ldavr r3
 1546 e735:             ;    mvarh r7
 1547 e735:             ;    INCR R3
 1548 e735:             ;    jsr showr7
 1549 e735:             
 1550 e735: 0e 20           ldai ' '
 1551 e737: 04 ff c8        jsr uartout
 1552 e73a: a0 e6 d3        BR baslist_loop
 1553 e73d:             
 1554 e73d:             baslist5:
 1555 e73d: 0d 05           LDTI TOKENIZER_LET
 1556 e73f: aa e7 4c        BRNEQ baslist6
 1557 e742: 1f e6 56        MVIW R7,tokl_let
 1558 e745: 04 ff c0        JSR stringout
 1559 e748: 53              INCR R3
 1560 e749: a0 e6 d3        BR baslist_loop
 1561 e74c:             
 1562 e74c:             baslist6:
 1563 e74c: 0d 06           LDTI TOKENIZER_PRINT
 1564 e74e: aa e7 5b        BRNEQ baslist7
 1565 e751: 1f e6 5b        MVIW R7,tokl_print
 1566 e754: 04 ff c0        jsr STRINGOUT
 1567 e757: 53              INCR R3
 1568 e758: a0 e6 d3        BR baslist_loop
 1569 e75b:             
 1570 e75b:             baslist7:
 1571 e75b: 0d 07           LDTI TOKENIZER_IF
 1572 e75d: aa e7 6a        BRNEQ baslist8
 1573 e760: 1f e6 62        MVIW R7,tokl_if
 1574 e763: 04 ff c0        JSR stringout
 1575 e766: 53              INCR R3
 1576 e767: a0 e6 d3        BR baslist_loop
 1577 e76a:             
 1578 e76a:             baslist8:
 1579 e76a: 0d 08           LDTI TOKENIZER_THEN
 1580 e76c: aa e7 79        BRNEQ baslist9
 1581 e76f: 1f e6 66        MVIW R7,tokl_then
 1582 e772: 04 ff c0        JSR stringout
 1583 e775: 53              INCR R3
 1584 e776: a0 e6 d3        BR baslist_loop
 1585 e779:             
 1586 e779:             baslist9:
 1587 e779: 0d 09           LDTI TOKENIZER_ELSE
 1588 e77b: aa e7 88        BRNEQ baslist10
 1589 e77e: 1f e6 6c        MVIW R7,tokl_else
 1590 e781: 04 ff c0        JSR stringout
 1591 e784: 53              INCR R3
 1592 e785: a0 e6 d3        BR baslist_loop
 1593 e788:             
 1594 e788:             baslist10:
 1595 e788: 0d 0a           LDTI TOKENIZER_FOR
 1596 e78a: aa e7 97        BRNEQ baslist11
 1597 e78d: 1f e6 72        MVIW R7,tokl_for
 1598 e790: 04 ff c0        JSR stringout
 1599 e793: 53              INCR R3
 1600 e794: a0 e6 d3        BR baslist_loop
 1601 e797:             
 1602 e797:             baslist11:
 1603 e797: 0d 0b           LDTI TOKENIZER_TO
 1604 e799: aa e7 a6        BRNEQ baslist12
 1605 e79c: 1f e6 77        MVIW R7,tokl_to
 1606 e79f: 04 ff c0        JSR stringout
 1607 e7a2: 53              INCR R3
 1608 e7a3: a0 e6 d3        BR baslist_loop
 1609 e7a6:             
 1610 e7a6:             baslist12:
 1611 e7a6: 0d 0c           LDTI TOKENIZER_NEXT
 1612 e7a8: aa e7 b5        BRNEQ baslist13
 1613 e7ab: 1f e6 7b        MVIW R7,tokl_next
 1614 e7ae: 04 ff c0        JSR stringout
 1615 e7b1: 53              INCR R3
 1616 e7b2: a0 e6 d3        BR baslist_loop
 1617 e7b5:             
 1618 e7b5:             baslist13:
 1619 e7b5: 0d 0d           LDTI TOKENIZER_GOTO
 1620 e7b7: aa e7 c4        BRNEQ baslist14
 1621 e7ba: 1f e6 81        MVIW R7,tokl_goto
 1622 e7bd: 04 ff c0        JSR stringout
 1623 e7c0: 53              INCR R3
 1624 e7c1: a0 e6 d3        BR baslist_loop
 1625 e7c4:             
 1626 e7c4:             baslist14:
 1627 e7c4: 0d 0e           LDTI TOKENIZER_GOSUB
 1628 e7c6: aa e7 d3        BRNEQ baslist15
 1629 e7c9: 1f e6 87        MVIW R7,tokl_gosub
 1630 e7cc: 04 ff c0        JSR stringout
 1631 e7cf: 53              INCR R3
 1632 e7d0: a0 e6 d3        BR baslist_loop
 1633 e7d3:             
 1634 e7d3:             baslist15:
 1635 e7d3: 0d 0f           LDTI TOKENIZER_RETURN
 1636 e7d5: aa e7 e2        BRNEQ baslist16
 1637 e7d8: 1f e6 8e        MVIW R7,tokl_return
 1638 e7db: 04 ff c0        JSR stringout
 1639 e7de: 53              INCR R3
 1640 e7df: a0 e6 d3        BR baslist_loop
 1641 e7e2:             
 1642 e7e2:             baslist16:
 1643 e7e2: 0d 10           LDTI TOKENIZER_CALL
 1644 e7e4: aa e7 f1        BRNEQ baslist17
 1645 e7e7: 1f e6 ac        MVIW R7,tokl_call
 1646 e7ea: 04 ff c0        JSR stringout
 1647 e7ed: 53              INCR R3
 1648 e7ee: a0 e6 d3        BR baslist_loop
 1649 e7f1:             
 1650 e7f1:             baslist17:
 1651 e7f1: 0d 11           LDTI TOKENIZER_REM
 1652 e7f3: aa e8 00        BRNEQ baslist18
 1653 e7f6: 1f e6 96        MVIW R7,tokl_rem
 1654 e7f9: 04 ff c0        JSR stringout
 1655 e7fc: 53              INCR R3
 1656 e7fd: a0 e6 d3        BR baslist_loop
 1657 e800:             
 1658 e800:             baslist18:
 1659 e800: 0d 12           LDTI TOKENIZER_PEEK
 1660 e802: aa e8 0f        BRNEQ baslist19
 1661 e805: 1f e6 9b        MVIW R7,tokl_peek
 1662 e808: 04 ff c0        JSR stringout
 1663 e80b: 53              INCR R3
 1664 e80c: a0 e6 d3        BR baslist_loop
 1665 e80f:             
 1666 e80f:             baslist19:
 1667 e80f: 0d 13           LDTI TOKENIZER_POKE
 1668 e811: aa e8 1e        BRNEQ baslist20
 1669 e814: 1f e6 a1        MVIW R7,tokl_poke
 1670 e817: 04 ff c0        JSR stringout
 1671 e81a: 53              INCR R3
 1672 e81b: a0 e6 d3        BR baslist_loop
 1673 e81e:             
 1674 e81e:             baslist20:
 1675 e81e: 0d 14           LDTI TOKENIZER_END
 1676 e820: aa e8 2d        BRNEQ baslist21
 1677 e823: 1f e6 a7        MVIW R7,tokl_end
 1678 e826: 04 ff c0        JSR stringout
 1679 e829: 53              INCR R3
 1680 e82a: a0 e6 d3        BR baslist_loop
 1681 e82d:             
 1682 e82d:             baslist21:
 1683 e82d: 0d 15           LDTI TOKENIZER_COMMA
 1684 e82f: aa e8 40        BRNEQ baslist22
 1685 e832: 0e 2c           ldai ','
 1686 e834: 04 ff c8        jsr uartout
 1687 e837: 0e 20           ldai ' '
 1688 e839: 04 ff c8        jsr uartout
 1689 e83c: 53              INCR R3
 1690 e83d: a0 e6 d3        BR baslist_loop
 1691 e840:             
 1692 e840:             baslist22:
 1693 e840: 0d 16           LDTI TOKENIZER_SEMICOLON
 1694 e842: aa e8 53        BRNEQ baslist23
 1695 e845: 0e 3b           ldai ';'
 1696 e847: 04 ff c8        jsr uartout
 1697 e84a: 0e 20           ldai ' '
 1698 e84c: 04 ff c8        jsr uartout
 1699 e84f: 53              INCR R3
 1700 e850: a0 e6 d3        BR baslist_loop
 1701 e853:             
 1702 e853:             baslist23:
 1703 e853: 0d 17           LDTI TOKENIZER_PLUS
 1704 e855: aa e8 66        BRNEQ baslist24
 1705 e858: 0e 2b           ldai '+'
 1706 e85a: 04 ff c8        jsr uartout
 1707 e85d: 0e 20           ldai ' '
 1708 e85f: 04 ff c8        jsr uartout
 1709 e862: 53              INCR R3
 1710 e863: a0 e6 d3        BR baslist_loop
 1711 e866:             
 1712 e866:             baslist24:
 1713 e866: 0d 18           LDTI TOKENIZER_MINUS
 1714 e868: aa e8 79        BRNEQ baslist25
 1715 e86b: 0e 2d           ldai '-'
 1716 e86d: 04 ff c8        jsr uartout
 1717 e870: 0e 20           ldai ' '
 1718 e872: 04 ff c8        jsr uartout
 1719 e875: 53              INCR R3
 1720 e876: a0 e6 d3        BR baslist_loop
 1721 e879:             
 1722 e879:             baslist25:
 1723 e879: 0d 19           LDTI TOKENIZER_AND
 1724 e87b: aa e8 8c        BRNEQ baslist26
 1725 e87e: 0e 26           ldai '&'
 1726 e880: 04 ff c8        jsr uartout
 1727 e883: 0e 20           ldai ' '
 1728 e885: 04 ff c8        jsr uartout
 1729 e888: 53              INCR R3
 1730 e889: a0 e6 d3        BR baslist_loop
 1731 e88c:             
 1732 e88c:             baslist26:
 1733 e88c: 0d 1a           LDTI TOKENIZER_OR
 1734 e88e: aa e8 9f        BRNEQ baslist27
 1735 e891: 0e 7c           ldai '|'
 1736 e893: 04 ff c8        jsr uartout
 1737 e896: 0e 20           ldai ' '
 1738 e898: 04 ff c8        jsr uartout
 1739 e89b: 53              INCR R3
 1740 e89c: a0 e6 d3        BR baslist_loop
 1741 e89f:             
 1742 e89f:             baslist27:
 1743 e89f: 0d 1b           LDTI TOKENIZER_ASTR
 1744 e8a1: aa e8 b2        BRNEQ baslist28
 1745 e8a4: 0e 2a           ldai '*'
 1746 e8a6: 04 ff c8        jsr uartout
 1747 e8a9: 0e 20           ldai ' '
 1748 e8ab: 04 ff c8        jsr uartout
 1749 e8ae: 53              INCR R3
 1750 e8af: a0 e6 d3        BR baslist_loop
 1751 e8b2:             
 1752 e8b2:             baslist28:
 1753 e8b2: 0d 1c           LDTI TOKENIZER_SLASH
 1754 e8b4: aa e8 c5        BRNEQ baslist29
 1755 e8b7: 0e 2f           ldai '/'
 1756 e8b9: 04 ff c8        jsr uartout
 1757 e8bc: 0e 20           ldai ' '
 1758 e8be: 04 ff c8        jsr uartout
 1759 e8c1: 53              INCR R3
 1760 e8c2: a0 e6 d3        BR baslist_loop
 1761 e8c5:             
 1762 e8c5:             baslist29:
 1763 e8c5: 0d 1d           LDTI TOKENIZER_MOD
 1764 e8c7: aa e8 d8        BRNEQ baslist30
 1765 e8ca: 0e 25           ldai '%'
 1766 e8cc: 04 ff c8        jsr uartout
 1767 e8cf: 0e 20           ldai ' '
 1768 e8d1: 04 ff c8        jsr uartout
 1769 e8d4: 53              INCR R3
 1770 e8d5: a0 e6 d3        BR baslist_loop
 1771 e8d8:             
 1772 e8d8:             baslist30:
 1773 e8d8: 0d 1e           LDTI TOKENIZER_HASH
 1774 e8da: aa e8 eb        BRNEQ baslist31
 1775 e8dd: 0e 23           ldai '#'
 1776 e8df: 04 ff c8        jsr uartout
 1777 e8e2: 0e 20           ldai ' '
 1778 e8e4: 04 ff c8        jsr uartout
 1779 e8e7: 53              INCR R3
 1780 e8e8: a0 e6 d3        BR baslist_loop
 1781 e8eb:             
 1782 e8eb:             baslist31:
 1783 e8eb: 0d 1f           LDTI TOKENIZER_LEFTP
 1784 e8ed: aa e8 fe        BRNEQ baslist32
 1785 e8f0: 0e 28           ldai '()'
 1786 e8f2: 04 ff c8        jsr uartout
 1787 e8f5: 0e 20           ldai ' '
 1788 e8f7: 04 ff c8        jsr uartout
 1789 e8fa: 53              INCR R3
 1790 e8fb: a0 e6 d3        BR baslist_loop
 1791 e8fe:             
 1792 e8fe:             baslist32:
 1793 e8fe: 0d 20           LDTI TOKENIZER_RIGHTP
 1794 e900: aa e9 11        BRNEQ baslist33
 1795 e903: 0e 29           ldai ')'
 1796 e905: 04 ff c8        jsr uartout
 1797 e908: 0e 20           ldai ' '
 1798 e90a: 04 ff c8        jsr uartout
 1799 e90d: 53              INCR R3
 1800 e90e: a0 e6 d3        BR baslist_loop
 1801 e911:             
 1802 e911:             baslist33:
 1803 e911: 0d 21           LDTI TOKENIZER_LT
 1804 e913: aa e9 24        BRNEQ baslist34
 1805 e916: 0e 3c           ldai '<'
 1806 e918: 04 ff c8        jsr uartout
 1807 e91b: 0e 20           ldai ' '
 1808 e91d: 04 ff c8        jsr uartout
 1809 e920: 53              INCR R3
 1810 e921: a0 e6 d3        BR baslist_loop
 1811 e924:             
 1812 e924:             baslist34:
 1813 e924: 0d 22           LDTI TOKENIZER_GT
 1814 e926: aa e9 37        BRNEQ baslist35
 1815 e929: 0e 3e           ldai '>'
 1816 e92b: 04 ff c8        jsr uartout
 1817 e92e: 0e 20           ldai ' '
 1818 e930: 04 ff c8        jsr uartout
 1819 e933: 53              INCR R3
 1820 e934: a0 e6 d3        BR baslist_loop
 1821 e937:             
 1822 e937:             baslist35:
 1823 e937: 0d 23           LDTI TOKENIZER_EQ
 1824 e939: aa e9 4a        BRNEQ baslist36
 1825 e93c: 0e 3d           ldai '='
 1826 e93e: 04 ff c8        jsr uartout
 1827 e941: 0e 20           ldai ' '
 1828 e943: 04 ff c8        jsr uartout
 1829 e946: 53              INCR R3
 1830 e947: a0 e6 d3        BR baslist_loop
 1831 e94a:             
 1832 e94a:             baslist36:
 1833 e94a: 0d 24           LDTI TOKENIZER_CR
 1834 e94c: aa e9 59        BRNEQ baslist37
 1835 e94f: 1f ef 4f        mviw R7,CRLF
 1836 e952: 04 ff c0        jsr stringout
 1837 e955: 53              INCR R3
 1838 e956: a0 e6 d3        BR baslist_loop
 1839 e959:             
 1840 e959:             baslist37:
 1841 e959: 0d 25           LDTI TOKENIZER_LINENUM
 1842 e95b: aa e9 72        BRNEQ baslist38
 1843 e95e: 53              incr r3
 1844 e95f: 43              ldavr r3
 1845 e960: 37              mvarl r7
 1846 e961: 53              incr r3
 1847 e962: 43              ldavr r3
 1848 e963: 3f              mvarh r7
 1849 e964: 53              INCR R3
 1850 e965: 53              incr r3         ;skip over line length
 1851 e966: 53              incr r3
 1852 e967: 04 e5 f2        jsr exe_itoa
 1853 e96a:                 ;jsr showr7
 1854 e96a: 0e 20           ldai ' '
 1855 e96c: 04 ff c8        jsr uartout
 1856 e96f: a0 e6 d3        BR baslist_loop
 1857 e972:             
 1858 e972:             baslist38:
 1859 e972: 0d 2a           LDTI TOKENIZER_INPUT
 1860 e974: aa e9 81        BRNEQ baslist39
 1861 e977: 1f e6 b2        MVIW R7,tokl_input
 1862 e97a: 04 ff c0        JSR stringout
 1863 e97d: 53              INCR R3
 1864 e97e: a0 e6 d3        BR baslist_loop
 1865 e981:             
 1866 e981:             baslist39:
 1867 e981: 0d 2b           LDTI TOKENIZER_INP
 1868 e983: aa e9 90        BRNEQ baslist40
 1869 e986: 1f e6 b9        MVIW R7,tokl_inp
 1870 e989: 04 ff c0        JSR stringout
 1871 e98c: 53              INCR R3
 1872 e98d: a0 e6 d3        BR baslist_loop
 1873 e990:             
 1874 e990:             baslist40:
 1875 e990: 0d 2c           LDTI TOKENIZER_OUTP
 1876 e992: aa e9 9f        BRNEQ baslist41
 1877 e995: 1f e6 be        MVIW R7,tokl_outp
 1878 e998: 04 ff c0        JSR stringout
 1879 e99b: 53              INCR R3
 1880 e99c: a0 e6 d3        BR baslist_loop
 1881 e99f:             
 1882 e99f:             baslist41:
 1883 e99f: 1f e6 c4        MVIW R7,tokl_error
 1884 e9a2: 04 ff c0        JSR stringout
 1885 e9a5: 04 ff cc        JSR showaddr
 1886 e9a8: a0 e9 ab        BR baslist_done
 1887 e9ab:             ;
 1888 e9ab:             ; any cleanup
 1889 e9ab:             ;
 1890 e9ab:             baslist_done:
 1891 e9ab: 08 30           popr r3
 1892 e9ad: 05              ret
 1893 e9ae:             
 1894 e9ae:             ;
 1895 e9ae:             ; BASIC Interpreter Parser
 1896 e9ae:             ;
 1897 e9ae:             parse_keywords:
 1898 e9ae: 4c 45 54 00 
            05                DB "let",0,TOKENIZER_LET
 1899 e9b3: 50 52 49 4e 
            54 00 06          DB "print",0,TOKENIZER_PRINT
 1900 e9ba: 49 46 00 07       DB "if",0,TOKENIZER_IF
 1901 e9be: 54 48 45 4e 
            00 08             DB "then",0,TOKENIZER_THEN
 1902 e9c4: 45 4c 53 45 
            00 09             DB "else",0,TOKENIZER_ELSE
 1903 e9ca: 46 4f 52 00 
            0a                DB "for",0,TOKENIZER_FOR
 1904 e9cf: 54 4f 00 0b       DB "to",0,TOKENIZER_TO
 1905 e9d3: 4e 45 58 54 
            00 0c             DB "next",0,TOKENIZER_NEXT
 1906 e9d9: 47 4f 54 4f 
            00 0d             DB "goto",0,TOKENIZER_GOTO
 1907 e9df: 47 4f 53 55 
            42 00 0e          DB "gosub",0,TOKENIZER_GOSUB
 1908 e9e6: 52 45 54 55 
            52 4e 00 0f       DB "return",0,TOKENIZER_RETURN
 1909 e9ee: 43 41 4c 4c 
            00 10             DB "call",0,TOKENIZER_CALL
 1910 e9f4: 52 45 4d 00 
            11                DB "rem",0,TOKENIZER_REM
 1911 e9f9: 50 45 45 4b 
            00 12             DB "peek",0,TOKENIZER_PEEK
 1912 e9ff: 50 4f 4b 45 
            00 13             DB "poke",0,TOKENIZER_POKE
 1913 ea05: 45 4e 44 00 
            14                DB "end",0,TOKENIZER_END
 1914 ea0a: 4c 49 53 54 
            00 26             DB "list",0,TOKENIZER_LIST
 1915 ea10: 52 55 4e 00 
            27                DB "run",0,TOKENIZER_RUN
 1916 ea15: 4e 45 57 00 
            28                DB "new",0,TOKENIZER_NEW
 1917 ea1a: 45 58 49 54 
            00 29             DB "exit",0,TOKENIZER_EXIT
 1918 ea20: 49 4e 50 55 
            54 00 2a          DB "input",0,TOKENIZER_INPUT
 1919 ea27: 49 4e 50 00 
            2b                DB "inp",0,TOKENIZER_INP
 1920 ea2c: 4f 55 54 50 
            00 2c             DB "outp",0,TOKENIZER_OUTP
 1921 ea32: 00 00 00          DB 0,0,TOKENIZER_ERROR
 1922 ea35:             
 1923 ea35:             ;
 1924 ea35:             ; int singlechar (void)
 1925 ea35:             ;
 1926 ea35:             ; return TOKEN result in accumulator
 1927 ea35:             ;
 1928 ea35:             ; ready for testing
 1929 ea35:             ;
 1930 ea35:             parse_singlechar:
 1931 ea35:             ;
 1932 ea35: 07 03           pushr r3
 1933 ea37: f3 02 02        LDR r3,bas_txtptr
 1934 ea3a: 43              ldavr r3
 1935 ea3b: 08 30           popr r3
 1936 ea3d:             ;
 1937 ea3d: 0d 0a           ldti 0ah
 1938 ea3f: aa ea 45        brneq parsechar1
 1939 ea42: 0e 24           ldai TOKENIZER_CR
 1940 ea44: 05              ret
 1941 ea45:             parsechar1:
 1942 ea45: 0d 2c           ldti ','
 1943 ea47: aa ea 4d        brneq parsechar2
 1944 ea4a: 0e 15           ldai TOKENIZER_COMMA
 1945 ea4c: 05              ret
 1946 ea4d:             parsechar2:
 1947 ea4d: 0d 3b           ldti ';'
 1948 ea4f: aa ea 55        brneq parsechar3
 1949 ea52: 0e 16           ldai TOKENIZER_SEMICOLON
 1950 ea54: 05              ret
 1951 ea55:             parsechar3:
 1952 ea55: 0d 2b           ldti '+'
 1953 ea57: aa ea 5d        brneq parsechar4
 1954 ea5a: 0e 17           ldai TOKENIZER_PLUS
 1955 ea5c: 05              ret
 1956 ea5d:             parsechar4:
 1957 ea5d: 0d 2d           ldti '-'
 1958 ea5f: aa ea 65        brneq parsechar5
 1959 ea62: 0e 18           ldai TOKENIZER_MINUS
 1960 ea64: 05              ret
 1961 ea65:             parsechar5:
 1962 ea65: 0d 26           ldti '&'
 1963 ea67: aa ea 6d        brneq parsechar6
 1964 ea6a: 0e 19           ldai TOKENIZER_AND
 1965 ea6c: 05              ret
 1966 ea6d:             parsechar6:
 1967 ea6d: 0d 7c           ldti '|'
 1968 ea6f: aa ea 75        brneq parsechar7
 1969 ea72: 0e 1a           ldai TOKENIZER_OR
 1970 ea74: 05              ret
 1971 ea75:             parsechar7:
 1972 ea75: 0d 2a           ldti '*'
 1973 ea77: aa ea 7d        brneq parsechar7A
 1974 ea7a: 0e 1b           ldai TOKENIZER_ASTR
 1975 ea7c: 05              ret
 1976 ea7d:             parsechar7A:
 1977 ea7d: 0d 2f           ldti '/'
 1978 ea7f: aa ea 85        brneq parsechar8
 1979 ea82: 0e 1c           ldai TOKENIZER_SLASH
 1980 ea84: 05              ret
 1981 ea85:             parsechar8:
 1982 ea85: 0d 25           ldti '%'
 1983 ea87: aa ea 8d        brneq parsechar9
 1984 ea8a: 0e 1d           ldai TOKENIZER_MOD
 1985 ea8c: 05              ret
 1986 ea8d:             parsechar9:
 1987 ea8d: 0d 28           ldti '('
 1988 ea8f: aa ea 95        brneq parsechar10
 1989 ea92: 0e 1f           ldai TOKENIZER_LEFTP
 1990 ea94: 05              ret
 1991 ea95:             parsechar10:
 1992 ea95: 0d 23           ldti '#'
 1993 ea97: aa ea 9d        brneq parsechar11
 1994 ea9a: 0e 1e           ldai TOKENIZER_HASH
 1995 ea9c: 05              ret
 1996 ea9d:             parsechar11:
 1997 ea9d: 0d 29           ldti ')'
 1998 ea9f: aa ea a5        brneq parsechar12
 1999 eaa2: 0e 20           ldai TOKENIZER_RIGHTP
 2000 eaa4: 05              ret
 2001 eaa5:             parsechar12:
 2002 eaa5: 0d 3c           ldti '<'
 2003 eaa7: aa ea ad        brneq parsechar13
 2004 eaaa: 0e 21           ldai TOKENIZER_LT
 2005 eaac: 05              ret
 2006 eaad:             parsechar13:
 2007 eaad: 0d 3e           ldti '>'
 2008 eaaf: aa ea b5        brneq parsechar14
 2009 eab2: 0e 22           ldai TOKENIZER_GT
 2010 eab4: 05              ret
 2011 eab5:             parsechar14:
 2012 eab5: 0d 3d           ldti '='
 2013 eab7: aa ea bd        brneq parsechar15
 2014 eaba: 0e 23           ldai TOKENIZER_EQ
 2015 eabc: 05              ret
 2016 eabd:             parsechar15:
 2017 eabd: 0e 00           ldai 0
 2018 eabf: 05              ret
 2019 eac0:             
 2020 eac0:             ;
 2021 eac0:             ; int get_next_token(void)
 2022 eac0:             ;
 2023 eac0:             ; under development fix ptr nextptr
 2024 eac0:             
 2025 eac0:             parse_get_next_tok:
 2026 eac0: 07 03           pushr r3
 2027 eac2: f3 02 02        LDR R3,bas_txtptr
 2028 eac5:             ;
 2029 eac5:             ; is digit
 2030 eac5:             ;
 2031 eac5:             ; chcek for number
 2032 eac5:             ;
 2033 eac5:             parse_gnt1:
 2034 eac5: 43              ldavr r3
 2035 eac6:             ;    ldti '-'
 2036 eac6:             ;    brneq parse_gnt1_chkpos
 2037 eac6:             ;    incr r3
 2038 eac6:             ;    ldavr r3
 2039 eac6:             ;    jsr parse_isdigit
 2040 eac6:             ;    brz parse_gnt1_notneg
 2041 eac6:             ;    br parse_gnt1
 2042 eac6:             
 2043 eac6:             parse_gnt1_chkpos:
 2044 eac6: 04 ee f1        jsr parse_isdigit
 2045 eac9: a1 ea dc        brz parse_gnt2
 2046 eacc:             
 2047 eacc:             parse_gnt1loop:
 2048 eacc: 53              incr R3
 2049 eacd: 43              ldavr r3
 2050 eace: 04 ee f1        jsr parse_isdigit
 2051 ead1: a2 ea cc        brnz parse_gnt1loop
 2052 ead4: eb 02 04        STR r3,bas_nxtptr
 2053 ead7: 0e 02           ldai TOKENIZER_NUMBER
 2054 ead9: 08 30           popr r3
 2055 eadb: 05              ret
 2056 eadc:             
 2057 eadc:             ;parse_gnt1_notneg:
 2058 eadc:             ;    decr r3
 2059 eadc:             
 2060 eadc:             ;
 2061 eadc:             ; singlechar
 2062 eadc:             ;
 2063 eadc:             parse_gnt2:
 2064 eadc: 43             ldavr r3
 2065 eadd: 04 ea 35       jsr parse_singlechar
 2066 eae0: a1 ea ea       BRZ parse_gnt3
 2067 eae3: 53             incr r3
 2068 eae4: eb 02 04       STR r3,bas_nxtptr
 2069 eae7: 08 30          popr r3
 2070 eae9: 05             ret
 2071 eaea:             ;
 2072 eaea:             ; quote
 2073 eaea:             ;
 2074 eaea:             parse_gnt3:
 2075 eaea: 43              ldavr R3
 2076 eaeb: 0d 22           ldti '"'
 2077 eaed: aa eb 00        brneq parse_gnt4
 2078 eaf0:             parse_gnt3loop:
 2079 eaf0: 53              incr r3
 2080 eaf1: 43              ldavr R3
 2081 eaf2: 0d 22           ldti '"'
 2082 eaf4: aa ea f0        brneq parse_gnt3loop
 2083 eaf7: 53              incr r3
 2084 eaf8: eb 02 04        STR r3,bas_nxtptr
 2085 eafb: 0e 03           ldai TOKENIZER_STRING
 2086 eafd: 08 30           popr r3
 2087 eaff: 05              ret
 2088 eb00:             ;
 2089 eb00:             parse_gnt4:
 2090 eb00:             ;
 2091 eb00:             ; keyword search
 2092 eb00:             ;
 2093 eb00: 07 04           pushr r4
 2094 eb02: 1c e9 ae        mviw r4,parse_keywords
 2095 eb05:             top:
 2096 eb05: 44              ldavr r4
 2097 eb06: f3 02 02        LDR r3,bas_txtptr
 2098 eb09: a1 eb 2d        brz nokeyowrdsfound
 2099 eb0c:             pcmploop:
 2100 eb0c: 44              ldavr r4
 2101 eb0d: a1 eb 23        brz found
 2102 eb10: 0b              MVAT
 2103 eb11: 43              ldavr r3
 2104 eb12: aa eb 1a        brneq skiptoend
 2105 eb15: 54              incr r4
 2106 eb16: 53              incr r3
 2107 eb17: a0 eb 0c        br pcmploop
 2108 eb1a:             
 2109 eb1a:             skiptoend:
 2110 eb1a:             ;  skip to end of string and skip over token
 2111 eb1a:             skiploop:
 2112 eb1a: 44              ldavr r4
 2113 eb1b: 54              incr r4
 2114 eb1c: a2 eb 1a        brnz skiploop
 2115 eb1f: 54              incr r4
 2116 eb20: a0 eb 05        br top
 2117 eb23:             
 2118 eb23:             found:
 2119 eb23: eb 02 04        str r3,bas_nxtptr
 2120 eb26: 54              incr r4
 2121 eb27: 44              ldavr r4
 2122 eb28: 08 40           popr r4
 2123 eb2a: 08 30           popr r3
 2124 eb2c: 05              ret
 2125 eb2d:             
 2126 eb2d:             nokeyowrdsfound:
 2127 eb2d: 08 40           popr r4
 2128 eb2f:             ;
 2129 eb2f:             ;  check for variables
 2130 eb2f:             ;
 2131 eb2f: 43              ldavr r3
 2132 eb30: 0d 41           ldti 'A'
 2133 eb32: a7 eb 43        BRLT parse_gnt_error
 2134 eb35: 0d 5a           ldti 'Z'
 2135 eb37: a9 eb 43        BRGT parse_gnt_error
 2136 eb3a: 53              INCR r3
 2137 eb3b: eb 02 04        str r3,bas_nxtptr
 2138 eb3e: 0e 04           LDAI tokenizer_variable
 2139 eb40: 08 30           popr r3
 2140 eb42: 05              RET
 2141 eb43:             
 2142 eb43:             parse_gnt_error:
 2143 eb43:             ;    halt
 2144 eb43: 0e 00           ldai tokenizer_error
 2145 eb45: 08 30           popr r3
 2146 eb47: 05              ret
 2147 eb48:             
 2148 eb48:             ;
 2149 eb48:             ; void TOKENIZER_GOTO (char * program)
 2150 eb48:             ;
 2151 eb48:             ; under development, may not be needed
 2152 eb48:             ;
 2153 eb48:             ;parse_goto:
 2154 eb48:             ;    str r3,bas_txtptr
 2155 eb48:             ;    jsr parse_get_next_tok
 2156 eb48:             ;    sta bas_currenttoken
 2157 eb48:             ;    ret
 2158 eb48:             
 2159 eb48:             ;
 2160 eb48:             ; void tokenizer_init(int ptr)
 2161 eb48:             ;
 2162 eb48:             ; paramater ptr : R7 Points to text input line
 2163 eb48:             ;
 2164 eb48:             ; under development
 2165 eb48:             ;
 2166 eb48:             parse_init:
 2167 eb48:             
 2168 eb48: 07 03           pushr r3
 2169 eb4a: ef 02 02        STR R7,bas_txtptr
 2170 eb4d: 1b 04 00        MVIW r3,parse_token_buffer
 2171 eb50: eb 02 06        STR  R3,bas_tokptr
 2172 eb53: 1b 00 00        mviw r3,0
 2173 eb56: eb 02 08        str r3,bas_tokcounter
 2174 eb59: 04 ea c0        jsr parse_get_next_tok
 2175 eb5c: e5 02 0a        sta bas_currenttoken
 2176 eb5f: 08 30           popr r3
 2177 eb61: 05              ret
 2178 eb62:             
 2179 eb62:             ;
 2180 eb62:             ; int tokenizer_token(void)
 2181 eb62:             :
 2182 eb62:             parse_token:
 2183 eb62: e4 02 0a        lda bas_currenttoken
 2184 eb65: 05              ret
 2185 eb66:             
 2186 eb66:             ;
 2187 eb66:             ; void tokenizer_next(void) parser version
 2188 eb66:             ;
 2189 eb66:             parse_next:
 2190 eb66: 04 ec 20        jsr parse_finished
 2191 eb69: a1 eb 6d        brz parse_next1
 2192 eb6c: 05              ret
 2193 eb6d:             
 2194 eb6d:             parse_next1:
 2195 eb6d: 07 03           pushr r3
 2196 eb6f: f3 02 04        ldr r3,bas_nxtptr
 2197 eb72: eb 02 02        str r3,bas_txtptr
 2198 eb75:             
 2199 eb75:             parse_next1loop:
 2200 eb75: 43              ldavr r3
 2201 eb76: 0d 20           ldti ' '
 2202 eb78: aa eb 7f        brneq parse_next2
 2203 eb7b: 53              incr r3
 2204 eb7c: a0 eb 75        br parse_next1loop
 2205 eb7f:             
 2206 eb7f:             
 2207 eb7f:             parse_next2:
 2208 eb7f: eb 02 02        str r3,bas_txtptr
 2209 eb82: 04 ea c0        jsr parse_get_next_tok
 2210 eb85: e5 02 0a        sta bas_currenttoken
 2211 eb88:             
 2212 eb88: 0d 11           ldti TOKENIZER_REM
 2213 eb8a: a8 eb 90        breq parse_next3
 2214 eb8d: 08 30           popr r3
 2215 eb8f: 05              ret
 2216 eb90:             
 2217 eb90:             ;
 2218 eb90:             ; this needs to be fixed
 2219 eb90:             ; if rem return to parsel line then copy into token buffer
 2220 eb90:             ;
 2221 eb90:             parse_next3:
 2222 eb90: 04 ec 20        JSR parse_finished
 2223 eb93: a2 eb a0        BRNZ parse_nextdone
 2224 eb96: 43              ldavr r3
 2225 eb97: 0d 0a           ldti  0ah
 2226 eb99: a8 eb a0        breq parse_nextdone
 2227 eb9c: 53              incr r3
 2228 eb9d: a0 eb 90        br parse_next3
 2229 eba0:             
 2230 eba0:             parse_nextdone:
 2231 eba0: 43              ldavr r3
 2232 eba1: 0d 0a           ldti  0ah
 2233 eba3: aa eb a7        brneq parse_nextdone2
 2234 eba6: 53              incr r3
 2235 eba7:             
 2236 eba7:             parse_nextdone2:
 2237 eba7: eb 02 04        str r3,bas_nxtptr
 2238 ebaa: 04 eb 66        jsr parse_next
 2239 ebad: 08 30           popr r3
 2240 ebaf: 05              ret
 2241 ebb0:             
 2242 ebb0:             ;
 2243 ebb0:             ; VARIABLE_TYPE tokenizer_num(void)
 2244 ebb0:             ;
 2245 ebb0:             ; Hack for now input characters are ascii hex format HHHH
 2246 ebb0:             ;
 2247 ebb0:             ; value returned in R7
 2248 ebb0:             ;
 2249 ebb0:             ; Should this advance the line ptr?
 2250 ebb0:             ;
 2251 ebb0:             
 2252 ebb0:             parse_num:
 2253 ebb0: 07 03           pushr r3
 2254 ebb2: 07 04           pushr r4
 2255 ebb4: 07 05           pushr r5
 2256 ebb6: 07 06           pushr r6
 2257 ebb8: 1e 00 00        mviw r6,0           ;accumlate val in r6
 2258 ebbb: f3 02 02        LDR r3,bas_txtptr
 2259 ebbe: 1c 00 00        MVIW R4,0000h
 2260 ebc1:             ;    STR R4,bas_negflag
 2261 ebc1: 43              LDAVR R3
 2262 ebc2:             ;  ldti '-'
 2263 ebc2:             ;    brneq parse_num_pos
 2264 ebc2:             ;    MVIW R4,0ffffh
 2265 ebc2:             ;    STR R4,bas_negflag
 2266 ebc2:             ;    incr r3
 2267 ebc2:             
 2268 ebc2:             parse_num_pos:
 2269 ebc2: 04 eb f0        jsr parse_num_char
 2270 ebc5:             ;   jsr SHOWBYTEA
 2271 ebc5: 36              mvarl r6
 2272 ebc6:             parse_num_loop:
 2273 ebc6: 04 eb f0        jsr parse_num_char
 2274 ebc9:             ;   jsr showbytea
 2275 ebc9: 09              push
 2276 ebca: 0d ff           ldti 0FFH
 2277 ebcc: a8 eb e4        breq parse_num_done
 2278 ebcf:             
 2279 ebcf: 0f 56           movrr r6,r5
 2280 ebd1: 1c 00 0a        mviw r4,0ah
 2281 ebd4: 04 ee 63        jsr parse_mul16
 2282 ebd7:             ;    jsr showr7
 2283 ebd7: 0a              pop
 2284 ebd8: 1e 00 00        mviw r6,0
 2285 ebdb: 36              mvarl r6
 2286 ebdc: 04 ee 9e        jsr parse_add16
 2287 ebdf: 0f 67           movrr r7,r6
 2288 ebe1:             ;    jsr showr7
 2289 ebe1: a0 eb c6        br parse_num_loop
 2290 ebe4:             
 2291 ebe4:             parse_num_done:
 2292 ebe4: 0a              pop
 2293 ebe5: 0f 76           movrr r6,r7
 2294 ebe7:             ;    ldr r4,bas_negflag
 2295 ebe7:             ;    mvrla r4
 2296 ebe7:             ;    brz parse_num_done1
 2297 ebe7:             ;    jsr parse_neg
 2298 ebe7:             parse_num_done1:
 2299 ebe7: 08 60           popr r6
 2300 ebe9: 08 50           popr r5
 2301 ebeb: 08 40           popr r4
 2302 ebed: 08 30           popr r3
 2303 ebef:             
 2304 ebef:             ;    jsr showr7
 2305 ebef: 05              ret
 2306 ebf0:             
 2307 ebf0:             parse_num_char:
 2308 ebf0: 43              LDAVR R3
 2309 ebf1: 04 ee f1        JSR parse_isdigit
 2310 ebf4: a2 eb fa        BRNZ parse_num_char1
 2311 ebf7: 0e ff           ldai 0ffh
 2312 ebf9: 05              ret
 2313 ebfa:             parse_num_char1:
 2314 ebfa: 43              ldavr r3
 2315 ebfb: b1 30           SUBI '0'
 2316 ebfd: 53              incr r3
 2317 ebfe: 05              RET
 2318 ebff:             
 2319 ebff:             ;
 2320 ebff:             ; add error checking
 2321 ebff:             ;
 2322 ebff:             ; return hex nibble in accumulator
 2323 ebff:             ;
 2324 ebff:             parse_getnibble:
 2325 ebff: 43                LDAVR R3
 2326 ec00: 53                incr r3
 2327 ec01: 0d 39             LDTI '9'
 2328 ec03: a9 ec 09          BRGT parse_af
 2329 ec06: b1 30             SUBI '0'
 2330 ec08: 05                RET
 2331 ec09:             parse_af:
 2332 ec09: 04 ff d0          JSR toupper
 2333 ec0c: b1 41             SUBI 'A'
 2334 ec0e: b0 0a             ADDI 10
 2335 ec10: 05                RET
 2336 ec11:             ;
 2337 ec11:             ; void tokenizer_string(char *dest, int len)
 2338 ec11:             ;
 2339 ec11:             ; not used, in line parse_line
 2340 ec11:             ;
 2341 ec11:             parse_string:
 2342 ec11: 04 eb 62        JSR parse_token
 2343 ec14: 0d 03           LDTI TOKENIZER_STRING
 2344 ec16: a8 ec 1a        BREQ parse_string1
 2345 ec19: 05              ret
 2346 ec1a:             
 2347 ec1a:             parse_string1:
 2348 ec1a: 07 03           pushr r3
 2349 ec1c: f3 02 02        LDR r3,bas_txtptr
 2350 ec1f: 43              LDAVR R3
 2351 ec20:             
 2352 ec20:             
 2353 ec20:             ;
 2354 ec20:             ; void tokenizer_error_print(void)
 2355 ec20:             ;
 2356 ec20:             ; fix
 2357 ec20:             ;
 2358 ec20:             ;parse_error_print:
 2359 ec20:             ;    halt
 2360 ec20:             
 2361 ec20:             ;
 2362 ec20:             ; int tokenizer_finished(void)
 2363 ec20:             ;
 2364 ec20:             parse_finished:
 2365 ec20: 07 03           pushr r3
 2366 ec22: f3 02 02        LDR r3,bas_txtptr
 2367 ec25: 43              ldavr r3
 2368 ec26: a1 ec 3b        brz parse_finished_yes
 2369 ec29:             ;    ldti 0ah
 2370 ec29:             ;    breq parse_finished_yes
 2371 ec29:             ;    ldti 0dh
 2372 ec29:             ;    breq parse_finished_yes
 2373 ec29: 0d 01           ldti TOKENIZER_EOF
 2374 ec2b: a8 ec 3b        breq parse_finished_yes
 2375 ec2e: e4 02 0a        lda bas_currenttoken
 2376 ec31: 0d 01           ldti TOKENIZER_EOF
 2377 ec33: a8 ec 3b        breq parse_finished_yes
 2378 ec36: 08 30           popr r3
 2379 ec38: 0e 00           ldai 0
 2380 ec3a: 05              ret
 2381 ec3b:             parse_finished_yes:
 2382 ec3b: 0e 01           ldai 1
 2383 ec3d: 08 30           popr r3
 2384 ec3f: 05              ret
 2385 ec40:             
 2386 ec40:             ;
 2387 ec40:             ; int tokenizer_variable_num(void)
 2388 ec40:             ;
 2389 ec40:             parse_variable_num:
 2390 ec40: 07 03             pushr r3
 2391 ec42: f3 02 02          LDR r3,bas_txtptr
 2392 ec45: 43                ldavr r3
 2393 ec46: b1 41             subi 'A'
 2394 ec48: 37                mvarl r7
 2395 ec49: 0e 00             ldai 0
 2396 ec4b: 3f                mvarh r7
 2397 ec4c: 08 30             popr r3
 2398 ec4e: 05                ret
 2399 ec4f:             
 2400 ec4f:             ;
 2401 ec4f:             ; char *const tokenizer_pos(void)
 2402 ec4f:             ;
 2403 ec4f:             ; probably not used
 2404 ec4f:             parse_pos:
 2405 ec4f:             
 2406 ec4f:             ;not used old
 2407 ec4f:             ; char *tokenize(char *program)
 2408 ec4f:             ;
 2409 ec4f:             ; parse:
 2410 ec4f:             
 2411 ec4f:             ;
 2412 ec4f:             ; char *tokenizeLine(char *line)
 2413 ec4f:             ;
 2414 ec4f:             ; assume input text string in parse_input_line
 2415 ec4f:             ;
 2416 ec4f:             
 2417 ec4f:             parse_line:
 2418 ec4f: 04 eb 48        JSR PARSE_INIT
 2419 ec52:             
 2420 ec52: 1b 00 06        MVIW R3,6              ;all lines have a 6 bytes including EOL token
 2421 ec55: eb 02 08        str r3,bas_tokcounter
 2422 ec58: 1b 04 00        MVIW R3,parse_token_buffer
 2423 ec5b:             
 2424 ec5b: 07 03           pushr r3
 2425 ec5d: f3 02 02        LDR r3,bas_txtptr
 2426 ec60: 43              ldavr r3
 2427 ec61: 04 ee f1        jsr parse_isdigit
 2428 ec64: 08 30           popr r3
 2429 ec66: 0d 01           ldti 1
 2430 ec68: a8 ec af        breq parse_code
 2431 ec6b: 04 ea c0        jsr parse_get_next_tok
 2432 ec6e:             
 2433 ec6e:             parse_line_list:
 2434 ec6e: 0d 26           ldti tokenizer_list
 2435 ec70: aa ec 7c        brneq parse_line_exit
 2436 ec73: f7 02 0c        ldr r7,bas_tokenbuffer
 2437 ec76: 04 e6 cf        JSR  basic_list
 2438 ec79: 0e 00           ldai 0
 2439 ec7b: 05              RET
 2440 ec7c:             
 2441 ec7c:             parse_line_exit:
 2442 ec7c: 0d 29           ldti TOKENIZER_EXIT
 2443 ec7e: aa ec 87        brneq parse_line_run
 2444 ec81: 04 e5 6d        jsr basic_run
 2445 ec84: 0e 01           ldai 1
 2446 ec86: 05              RET
 2447 ec87:             
 2448 ec87:             parse_line_run:
 2449 ec87: 0d 27           ldti TOKENIZER_RUN
 2450 ec89: aa ec 92        brneq parse_line_new
 2451 ec8c: 04 e5 6d        jsr basic_run
 2452 ec8f: 0e 00           ldai 0
 2453 ec91: 05              RET
 2454 ec92:             
 2455 ec92:             parse_line_new:
 2456 ec92: 0d 28           ldti TOKENIZER_NEW
 2457 ec94: aa ec a0        brneq parse_line_error
 2458 ec97: 1f 10 00        MVIW R7,bas_tok_buf_start
 2459 ec9a: 0e 01           ldai TOKENIZER_EOF          ;write EOF to start of buffer
 2460 ec9c: 4f              stavr r7
 2461 ec9d: 0e 00           ldai 0
 2462 ec9f: 05              RET
 2463 eca0:             
 2464 eca0:             parse_line_error:
 2465 eca0: 1f e0 f5        mviw r7,parse_cmd_error
 2466 eca3: 04 ff c0        jsr stringout
 2467 eca6: 1f ef 4f        mviw r7,CRLF
 2468 eca9: 04 ff c0        jsr stringout
 2469 ecac: 0e 00           ldai 0
 2470 ecae: 05              ret
 2471 ecaf:             
 2472 ecaf:             parse_code:
 2473 ecaf: 0e 25           LDAI TOKENIZER_LINENUM ;start with linenum token
 2474 ecb1: 4b              STAVR R3
 2475 ecb2: 53              INCR R3
 2476 ecb3:             
 2477 ecb3: 04 eb b0        JSR parse_num           ;store line number
 2478 ecb6: ef 02 10        str r7,bas_newlinenum
 2479 ecb9: 27              mvrla r7
 2480 ecba: 4b              stavr r3
 2481 ecbb: 53              incr r3
 2482 ecbc: 2f              mvrha r7
 2483 ecbd: 4b              stavr r3
 2484 ecbe: 53              incr r3
 2485 ecbf:             
 2486 ecbf: 53              incr r3                ; skip over line length - fill in later
 2487 ecc0: 53              incr r3
 2488 ecc1:             
 2489 ecc1:             parse_line_loop:
 2490 ecc1: 04 eb 66        JSR parse_next
 2491 ecc4: 04 ef b7        JSR parse_token_chk      ; 2026-10-07 (was JSR parse_token): see parse_token_chk at the end
 2492 ecc7: 0d 24           ldti TOKENIZER_CR
 2493 ecc9: a8 ed 38        BREQ parse_line_done
 2494 eccc:             
 2495 eccc: 4b              STAVR R3
 2496 eccd: 53              INCR R3
 2497 ecce: f5 02 08        ldr r5,bas_tokcounter
 2498 ecd1: 55              incr r5
 2499 ecd2: ed 02 08        str r5,bas_tokcounter
 2500 ecd5:             
 2501 ecd5: 0d 02           ldti TOKENIZER_NUMBER
 2502 ecd7: aa ec ee        BRNEQ parse_line1
 2503 ecda: 04 eb b0        JSR parse_num
 2504 ecdd: 27              mvrla r7
 2505 ecde: 4b              stavr r3
 2506 ecdf: 53              incr r3
 2507 ece0: 2f              mvrha r7
 2508 ece1: 4b              stavr r3
 2509 ece2: 53              incr r3
 2510 ece3: f5 02 08        ldr r5,bas_tokcounter
 2511 ece6: 55              incr r5
 2512 ece7: 55              incr r5
 2513 ece8: ed 02 08        str r5,bas_tokcounter
 2514 eceb: a0 ec c1        BR parse_line_loop
 2515 ecee:             
 2516 ecee:             parse_line1:
 2517 ecee: 0d 03           ldti TOKENIZER_STRING
 2518 ecf0: aa ed 1f        BRNEQ parse_line2
 2519 ecf3: f4 02 02        ldr r4,bas_txtptr
 2520 ecf6: 54              incr r4                   ;skip over opening "
 2521 ecf7:             
 2522 ecf7:             parse_line1loop:
 2523 ecf7: 44              ldavr r4
 2524 ecf8: 0d 22           ldti '"'
 2525 ecfa: a8 ed 0a        breq parse_line1done
 2526 ecfd: 4b              stavr r3
 2527 ecfe: 53              incr r3
 2528 ecff: 54              incr r4
 2529 ed00: f5 02 08        ldr r5,bas_tokcounter
 2530 ed03: 55              incr r5
 2531 ed04: ed 02 08        str r5,bas_tokcounter
 2532 ed07: a0 ec f7        BR parse_line1loop
 2533 ed0a:             parse_line1done:
 2534 ed0a: 54              incr r4                   ;skip over closing "
 2535 ed0b: 0e 00           ldai 0                    ;add null into token buffer
 2536 ed0d: 4b              stavr R3
 2537 ed0e: 53              incr r3
 2538 ed0f: f5 02 08        ldr r5,bas_tokcounter
 2539 ed12: 55              incr r5
 2540 ed13: ed 02 08        str r5,bas_tokcounter
 2541 ed16: eb 02 06        str r3,BAS_TOKPTR
 2542 ed19: ec 02 02        str r4,bas_txtptr
 2543 ed1c: a0 ec c1        BR parse_line_loop
 2544 ed1f:             
 2545 ed1f:             parse_line2:
 2546 ed1f: 0d 04           ldti TOKENIZER_VARIABLE
 2547 ed21: aa ec c1        BRNEQ parse_line_loop
 2548 ed24: 04 ec 40        JSR parse_variable_num
 2549 ed27: 27              mvrla r7
 2550 ed28: 4b              stavr r3
 2551 ed29: 53              incr r3
 2552 ed2a: 2f              mvrha r7
 2553 ed2b: 4b              stavr r3
 2554 ed2c: 53              incr r3
 2555 ed2d: f5 02 08        ldr r5,bas_tokcounter
 2556 ed30: 55              incr r5
 2557 ed31: 55              incr r5
 2558 ed32: ed 02 08        str r5,bas_tokcounter
 2559 ed35: a0 ec c1        BR parse_line_loop
 2560 ed38:             
 2561 ed38:             parse_line_done:
 2562 ed38: 0e 24           ldai TOKENIZER_CR           ;tack CR to end of buffer
 2563 ed3a: 4b              STAVR R3
 2564 ed3b: 53              INCR R3
 2565 ed3c:             ;    ldr r5,bas_tokcounter
 2566 ed3c:             ;    incr r5
 2567 ed3c:             ;    str r5,bas_tokcounter
 2568 ed3c:             
 2569 ed3c: 1b 04 00        mviw r3,parse_token_buffer ; write length into token buffer
 2570 ed3f: 53              incr r3
 2571 ed40: 53              incr r3
 2572 ed41: 53              incr r3
 2573 ed42: f7 02 08        ldr r7,bas_tokcounter
 2574 ed45: ef 02 12        str r7,bas_newlinelen
 2575 ed48: 27              mvrla r7
 2576 ed49: 4b              stavr r3
 2577 ed4a: 53              incr r3
 2578 ed4b: 2f              mvrha r7
 2579 ed4c: 4b              stavr r3
 2580 ed4d:             
 2581 ed4d:             ;
 2582 ed4d:             ; void addLine(char *buff)
 2583 ed4d:             ; since addline is only called from parse_tokenizeline where are these
 2584 ed4d:             ; values are know, pass them in or
 2585 ed4d:             ; maybe merge addLine to bottom of parse_tokenizeline
 2586 ed4d:             ;
 2587 ed4d:             ; r7 points to line to insert
 2588 ed4d:             ; r6 linenumber
 2589 ed4d:             ; r5 linelength
 2590 ed4d:             ;
 2591 ed4d:             parse_addline:
 2592 ed4d: f7 02 10          ldr r7,BAS_NEWLINENUM
 2593 ed50: 04 ed bf          JSR parse_removeline      ; if line number already exists delete it
 2594 ed53: f7 02 12          ldr r7,bas_newlinelen     ; if new line is 6 bytes line just delete nothing to add
 2595 ed56: 27                mvrla r7
 2596 ed57: 0d 06             ldti 6
 2597 ed59: aa ed 5f          brneq parse_addline1
 2598 ed5c: 0e 00             ldai 0
 2599 ed5e: 05                ret
 2600 ed5f:             
 2601 ed5f:             parse_addline1:                 ;find insert location
 2602 ed5f: f7 02 10          ldr r7,BAS_NEWLINENUM
 2603 ed62: f3 02 0c          ldr r3,bas_tokenBuffer
 2604 ed65:             
 2605 ed65:             parse_addlineloop:
 2606 ed65: eb 02 14          str r3,bas_insertptr
 2607 ed68: 43                ldavr r3
 2608 ed69: 0d 01             ldti TOKENIZER_EOF
 2609 ed6b: a8 ed 8e          BREQ parse_addroom
 2610 ed6e: 53                incr r3                   ;get line number of line in token buffer into r6
 2611 ed6f: 43                ldavr r3
 2612 ed70: 36                mvarl r6
 2613 ed71: 53                incr r3
 2614 ed72: 43                ldavr r3
 2615 ed73: 3e                mvarh r6
 2616 ed74: 04 ef 01          jsr parse_compare
 2617 ed77: 0d ff             ldti 0ffh
 2618 ed79: a8 ed 8e          breq parse_addroom
 2619 ed7c:             
 2620 ed7c: 53                incr r3                   ;get line length
 2621 ed7d: 43                ldavr r3
 2622 ed7e: 1e 00 00          mviw r6,0                 ;set r6 to length - assumes < 256 bytes
 2623 ed81: 36                mvarl r6
 2624 ed82: 5e                decr r6                   ;account for 3 bytes of linenum token and linenum
 2625 ed83: 5e                decr r6
 2626 ed84: 5e                decr r6
 2627 ed85:             
 2628 ed85:             addline_moveptr:              ; advance pointer to next line
 2629 ed85: 53                incr r3
 2630 ed86: 5e                decr r6
 2631 ed87: 26                mvrla r6
 2632 ed88: a2 ed 85          brnz addline_moveptr
 2633 ed8b: a0 ed 65          br parse_addlineloop
 2634 ed8e:             
 2635 ed8e:             
 2636 ed8e:             parse_addroom:               ; make room
 2637 ed8e: 1f 20 00          mviw r7,BAS_TOK_BUF_END
 2638 ed91:             ;      decr r7
 2639 ed91: f6 02 12          ldr  r6,BAS_NEWLINELEN
 2640 ed94: 04 ee ac          jsr parse_sub16
 2641 ed97: 1d 20 00          mviw r5,BAS_TOK_BUF_END
 2642 ed9a:             ;      decr r5
 2643 ed9a:             
 2644 ed9a: f6 02 14          ldr r6,bas_insertptr
 2645 ed9d:             parse_roomloop:
 2646 ed9d: 5f                decr r7
 2647 ed9e: 5d                decr r5
 2648 ed9f: 47                ldavr r7
 2649 eda0: 4d                stavr r5
 2650 eda1:             
 2651 eda1: 26                mvrla r6
 2652 eda2: 0b                mvat
 2653 eda3: 27                mvrla r7
 2654 eda4: aa ed 9d          brneq parse_roomloop
 2655 eda7:             
 2656 eda7: 2e                mvrha r6
 2657 eda8: 0b                mvat
 2658 eda9: 2f                mvrha r7
 2659 edaa: aa ed 9d          brneq parse_roomloop
 2660 edad:             
 2661 edad: f7 02 14          ldr r7,bas_insertptr
 2662 edb0: 1e 04 00          MVIW R6,parse_token_buffer
 2663 edb3:             
 2664 edb3:             parse_insertloop:
 2665 edb3: 46                ldavr r6
 2666 edb4: 4f                stavr r7
 2667 edb5: 56                incr r6
 2668 edb6: 57                incr r7
 2669 edb7: 0d 24             ldti 024h ; sub in actual eol token here
 2670 edb9: aa ed b3          brneq parse_insertloop
 2671 edbc: 0e 00             ldai 0
 2672 edbe: 05                ret
 2673 edbf:             
 2674 edbf:             ;
 2675 edbf:             ; void removeLine(int lineNum)
 2676 edbf:             ;
 2677 edbf:             parse_removeline:
 2678 edbf: 04 ed e7        JSR basu_find
 2679 edc2: 2f              mvrha R7
 2680 edc3: a2 ed cb        brnz parse_removeline1
 2681 edc6: 27              mvrla R7
 2682 edc7: a2 ed cb        brnz parse_removeline1
 2683 edca: 05              ret
 2684 edcb:             parse_removeline1:
 2685 edcb: 0f 57           movrr R7,R5     ; R5 = destination ptr
 2686 edcd: 57              incr r7
 2687 edce: 57              incr r7
 2688 edcf: 57              incr r7
 2689 edd0: 47              ldavr r7
 2690 edd1: 36              mvarl r6        ; R6 = remove length
 2691 edd2: 57              incr r7
 2692 edd3: 47              ldavr r7
 2693 edd4: 3e              mvarh r6
 2694 edd5:             
 2695 edd5: 5f              decr r7         ;backup to start of line
 2696 edd6: 5f              decr r7
 2697 edd7: 5f              decr r7
 2698 edd8: 5f              decr r7
 2699 edd9: 04 ee 9e        JSR parse_add16
 2700 eddc:             parse_removeloop:
 2701 eddc: 47              ldavr r7
 2702 eddd: 4d              stavr r5
 2703 edde: 55              incr r5
 2704 eddf: 57              incr r7
 2705 ede0: 2f              MVRHA r7
 2706 ede1:             
 2707 ede1: e6 02 0e        ldt  bas_bufferendhi
 2708 ede4:             
 2709 ede4: aa ed dc        brneq parse_removeloop
 2710 ede7:             ;
 2711 ede7:             ; no need to explicitly set TOKENIZER_ENDOFINPUT should have been copied
 2712 ede7:             ; since we are moving complete contents of buffer
 2713 ede7:             ; Make sure it is set during addline
 2714 ede7:             ;
 2715 ede7:             
 2716 ede7:             
 2717 ede7:             ; run & parse utilites
 2718 ede7:             ;
 2719 ede7:             
 2720 ede7:             ;
 2721 ede7:             ; find in the token buffer linenum in r7
 2722 ede7:             ;
 2723 ede7:             basu_find:
 2724 ede7: 07 05           pushr r5                  ; save r5
 2725 ede9: f5 02 0c        LDR  r5,bas_tokenBuffer   ; r5 ptr to token buffer
 2726 edec:             
 2727 edec:             basu_find_loop:
 2728 edec: 45              ldavr r5                  ;get token
 2729 eded: 0d 01           ldti TOKENIZER_EOF        ;EOF
 2730 edef: aa ed f9        brneq basu_find_loop1     ;no continue
 2731 edf2: 1f 00 00        mviw r7,0                 ;return 0 in r7 and 0 in accumulator (why?)
 2732 edf5: 27              mvrla r7
 2733 edf6: 08 50           popr r5
 2734 edf8: 05              ret
 2735 edf9:             
 2736 edf9:             basu_find_loop1:
 2737 edf9: 55              incr r5                   ;skip past linenum token
 2738 edfa: 27              mvrla r7                  ;test low byte of linenum
 2739 edfb: 0b              MVAT
 2740 edfc: 45              ldavr r5
 2741 edfd: aa ee 10        brneq basu_find1          ;not eqaul
 2742 ee00: 55              incr r5
 2743 ee01: 2f              mvrha r7                  ;test high byte of linenum
 2744 ee02: 0b              MVAT
 2745 ee03: 45              ldavr r5
 2746 ee04: aa ee 11        brneq basu_find2          ;not equal
 2747 ee07: 5d              decr r5                   ;if equal backup to linenum token
 2748 ee08: 5d              decr r5
 2749 ee09: 0f 75           movrr r5,r7               ;set r7 to point to start of line
 2750 ee0b: 0e 01           ldai 1                    ;return 1 in accumulator
 2751 ee0d: 08 50           popr r5
 2752 ee0f: 05              ret
 2753 ee10:             
 2754 ee10:             basu_find1:
 2755 ee10: 55              incr r5                   ;skip over linenum high byte
 2756 ee11:             basu_find2:
 2757 ee11: 55              incr r5                   ;get line length
 2758 ee12: 45              ldavr r5
 2759 ee13: 1e 00 00        mviw r6,0                 ;set r6 to length - assumes < 256 bytes
 2760 ee16: 36              mvarl r6
 2761 ee17: 5e              decr r6                   ;account for 3 bytes of linenum token and linenum
 2762 ee18: 5e              decr r6
 2763 ee19: 5e              decr r6
 2764 ee1a:             basu_find_moveptr:            ; advance pointer to next line
 2765 ee1a: 55              incr r5
 2766 ee1b: 5e              decr r6
 2767 ee1c: 26              mvrla r6
 2768 ee1d: a2 ee 1a        brnz basu_find_moveptr
 2769 ee20: a0 ed ec        br basu_find_loop
 2770 ee23:             
 2771 ee23:             ;
 2772 ee23:             ; Divide r5 by r4 return answer in r7
 2773 ee23:             ;
 2774 ee23:             ; return result in r7
 2775 ee23:             ;
 2776 ee23:             parse_div16:
 2777 ee23: 07 06             pushr r6
 2778 ee25: 0f 75             movrr r5,r7
 2779 ee27: 0f 64             movrr r4,r6
 2780 ee29: 1c 00 00          mviw r4,0
 2781 ee2c:             ;
 2782 ee2c:             ; 16 bit SUB of r6 from r7, return result in r7
 2783 ee2c:             ;
 2784 ee2c:             ; r7=r6 00
 2785 ee2c:             ; r7>r6 01
 2786 ee2c:             ; r7<r6 ff
 2787 ee2c:             ;
 2788 ee2c:             divloop:
 2789 ee2c: 04 ef 01        jsr parse_compare
 2790 ee2f: 0d ff           ldti 0FFH
 2791 ee31: a8 ee 3f        breq div_done
 2792 ee34: 07 06           pushr r6
 2793 ee36: 04 ee ac        jsr parse_sub16
 2794 ee39: 08 60           popr r6
 2795 ee3b: 54              incr r4
 2796 ee3c: a0 ee 2c        br divloop
 2797 ee3f:             div_done:
 2798 ee3f: 08 60           popr r6
 2799 ee41: 0f 74           MOVRR r4,r7
 2800 ee43: 05              ret
 2801 ee44:             
 2802 ee44:             ;
 2803 ee44:             ; mod r5 by r4 return answer in r7
 2804 ee44:             ;
 2805 ee44:             ; return result in r7
 2806 ee44:             ;
 2807 ee44:             parse_mod16:
 2808 ee44: 07 06             pushr r6
 2809 ee46: 0f 75             movrr r5,r7
 2810 ee48: 0f 64             movrr r4,r6
 2811 ee4a: 1c 00 00          mviw r4,0
 2812 ee4d:             ;
 2813 ee4d:             ; 16 bit SUB of r6 from r7, return result in r7
 2814 ee4d:             ;
 2815 ee4d:             modloop:
 2816 ee4d: 04 ef 01        jsr parse_compare
 2817 ee50: 0d ff           ldti 0FFH
 2818 ee52: a8 ee 60        breq mod_done
 2819 ee55: 07 06           pushr r6
 2820 ee57: 04 ee ac        jsr parse_sub16
 2821 ee5a: 08 60           popr r6
 2822 ee5c: 54              incr r4
 2823 ee5d: a0 ee 4d        br modloop
 2824 ee60:             mod_done:
 2825 ee60: 08 60           popr r6
 2826 ee62: 05              ret
 2827 ee63:             
 2828 ee63:             ;
 2829 ee63:             ; Multiple numbers in R4 and R5
 2830 ee63:             ;
 2831 ee63:             ; Return in R7
 2832 ee63:             ;
 2833 ee63:             ; R6 = Bit counter
 2834 ee63:             ;
 2835 ee63:             parse_mul16:
 2836 ee63: 07 06               pushr r6
 2837 ee65:             
 2838 ee65: 1f 00 00            MVIW R7,0
 2839 ee68: 1e 00 10            MVIW R6,10h
 2840 ee6b:             ;        jsr showregs
 2841 ee6b:             
 2842 ee6b:             parse_mulloop:
 2843 ee6b:             ;        jsr showregs
 2844 ee6b:             
 2845 ee6b: 25                  mvrla r5
 2846 ee6c: b3 01               andi  01h
 2847 ee6e: a1 ee 74            brz parse_mulskip
 2848 ee71: 04 ee 90            jsr parse_muladd16
 2849 ee74:             
 2850 ee74:             parse_mulskip:
 2851 ee74:             ;
 2852 ee74:             ; clear carry flag HACK
 2853 ee74:             ;
 2854 ee74: 0e 00               ldai 0      ;clear carry -  maybe add a clear carry ins
 2855 ee76: e0                  cshl
 2856 ee77: b0 00               addi 0      ; may not be needed
 2857 ee79:             ;
 2858 ee79: 24                  mvrla r4
 2859 ee7a:             ;        jsr showcarry
 2860 ee7a: e0                  cshl
 2861 ee7b:             ;        jsr showcarry
 2862 ee7b: 34                  mvarl r4
 2863 ee7c: 2c                  mvrha r4
 2864 ee7d:             ;        jsr showcarry
 2865 ee7d: e0                  cshl
 2866 ee7e:             ;        jsr showcarry
 2867 ee7e: 3c                  mvarh r4
 2868 ee7f:             
 2869 ee7f: 0e 00               ldai 0      ;clear carry
 2870 ee81: e0                  cshl
 2871 ee82:             ;        addi 0
 2872 ee82:             
 2873 ee82: 2d                  mvrha r5
 2874 ee83: e1                  cshr
 2875 ee84: 3d                  mvarh r5
 2876 ee85: 25                  mvrla r5
 2877 ee86: e1                  cshr
 2878 ee87: 35                  mvarl r5
 2879 ee88:             
 2880 ee88: 5e                  decr r6
 2881 ee89: 26                  mvrla r6
 2882 ee8a: a2 ee 6b            brnz parse_mulloop
 2883 ee8d: 08 60               popr r6
 2884 ee8f: 05                  ret
 2885 ee90:             
 2886 ee90:             parse_muladd16:
 2887 ee90: 0e 00               ldai 0      ;clear carry
 2888 ee92: e0                  cshl
 2889 ee93:             
 2890 ee93: 27                  MVRLA R7
 2891 ee94: 0b                  MVAT
 2892 ee95: 24                  mvrla r4
 2893 ee96: b8                  ADDT
 2894 ee97: 37                  mvarl r7
 2895 ee98:             
 2896 ee98: 2f                  mvrha r7
 2897 ee99: 0b                  MVAT
 2898 ee9a: 2c                  mvrha r4
 2899 ee9b: e3                  addtc
 2900 ee9c: 3f                  mvarh r7
 2901 ee9d: 05                  ret
 2902 ee9e:             
 2903 ee9e:             ;
 2904 ee9e:             ; 16 bit ADD r6 and r7, return result in r7
 2905 ee9e:             ;
 2906 ee9e:             parse_add16:
 2907 ee9e:             
 2908 ee9e: 0e 00             ldai 0      ;clear carry
 2909 eea0: e0                cshl
 2910 eea1: 26                MVRLA R6
 2911 eea2: 0b                MVAT
 2912 eea3: 27                mvrla r7
 2913 eea4: b8                ADDT
 2914 eea5: 37                mvarl r7
 2915 eea6: 2e                mvrha r6
 2916 eea7: 0b                MVAT
 2917 eea8: 2f                mvrha r7
 2918 eea9: e3                addtc
 2919 eeaa: 3f                mvarh r7
 2920 eeab: 05                ret
 2921 eeac:             
 2922 eeac:             ;
 2923 eeac:             ; 16 bit SUB of r6 from r7, return result in r7
 2924 eeac:             ;
 2925 eeac:             parse_sub16:
 2926 eeac: 2e                mvrha r6
 2927 eead: b5                inva
 2928 eeae: 3e                mvarh r6
 2929 eeaf: 26                mvrla r6
 2930 eeb0: b5                inva
 2931 eeb1: 36                mvarl r6
 2932 eeb2: 56                incr r6
 2933 eeb3: a0 ee 9e          br parse_add16
 2934 eeb6:             
 2935 eeb6:             ;
 2936 eeb6:             ; convert positive in r7 to negative
 2937 eeb6:             ;
 2938 eeb6:             parse_neg:
 2939 eeb6: 2f                mvrha r7
 2940 eeb7: b5                inva
 2941 eeb8: 3f                mvarh r7
 2942 eeb9: 27                mvrla r7
 2943 eeba: b5                inva
 2944 eebb: 37                mvarl r7
 2945 eebc: 57                incr r7
 2946 eebd: 05                ret
 2947 eebe:             
 2948 eebe:             ;
 2949 eebe:             ; 16 bit AND r6 and r7, return result in r7
 2950 eebe:             ;
 2951 eebe:             parse_and16:
 2952 eebe: 26                MVRLA R6
 2953 eebf: 0b                MVAT
 2954 eec0: 27                mvrla r7
 2955 eec1: bb                ANDT
 2956 eec2: 37                mvarl r7
 2957 eec3: 2e                mvrha r6
 2958 eec4: 0b                MVAT
 2959 eec5: 2f                mvrha r7
 2960 eec6: bb                ANDT
 2961 eec7: 3f                mvarh r7
 2962 eec8: 05                ret
 2963 eec9:             
 2964 eec9:             ;
 2965 eec9:             ; 16 bit OR r6 and r7, return result in r7
 2966 eec9:             ;
 2967 eec9:             parse_or16:
 2968 eec9: 26                MVRLA R6
 2969 eeca: 0b                MVAT
 2970 eecb: 27                mvrla r7
 2971 eecc: ba                ORT
 2972 eecd: 37                mvarl r7
 2973 eece: 2e                mvrha r6
 2974 eecf: 0b                MVAT
 2975 eed0: 2f                mvrha r7
 2976 eed1: ba                ORT
 2977 eed2: 3f                mvarh r7
 2978 eed3: 05                ret
 2979 eed4:             
 2980 eed4:             
 2981 eed4:             ;
 2982 eed4:             ; is digit in accumulator hex
 2983 eed4:             ; returns 1 if yes and 0 if no
 2984 eed4:             ;
 2985 eed4:             ; what about upper/lower case
 2986 eed4:             ;
 2987 eed4:             ; destroys tmp register
 2988 eed4:             parse_ishex:
 2989 eed4: 0d 30          ldti '0'
 2990 eed6: a7 ee ee       brlt parse_ishex_no
 2991 eed9: 0d 39          ldti '9'
 2992 eedb: a9 ee e1       brgt parse_ishex_af
 2993 eede: a0 ee eb       br parse_ishex_yes
 2994 eee1:             
 2995 eee1:             parse_ishex_af:
 2996 eee1: 0d 41           ldti 'A'
 2997 eee3: a7 ee ee        brlt parse_ishex_no
 2998 eee6: 0d 46           ldti 'F'
 2999 eee8: a9 ee ee        brgt parse_ishex_no
 3000 eeeb:             
 3001 eeeb:             parse_ishex_yes:
 3002 eeeb: 0e 01           ldai 1
 3003 eeed: 05              ret
 3004 eeee:             
 3005 eeee:             parse_ishex_no:
 3006 eeee: 0e 00           ldai 0
 3007 eef0: 05              ret
 3008 eef1:             
 3009 eef1:             ;
 3010 eef1:             ; is digit in accumulator decimal
 3011 eef1:             ; returns 1 if yes and 0 if no
 3012 eef1:             ;
 3013 eef1:             ; destroys tmp register
 3014 eef1:             ;
 3015 eef1:             parse_isdigit:
 3016 eef1: 0d 30          ldti '0'
 3017 eef3: a7 ee fe       brlt parse_isdigit_no
 3018 eef6: 0d 39          ldti '9'
 3019 eef8: a9 ee fe       brgt parse_isdigit_no
 3020 eefb:             
 3021 eefb: 0e 01           ldai 1
 3022 eefd: 05              ret
 3023 eefe:             
 3024 eefe:             parse_isdigit_no:
 3025 eefe: 0e 00           ldai 0
 3026 ef00: 05              ret
 3027 ef01:             
 3028 ef01:             ;
 3029 ef01:             ; 16 bit compare r6 and r7
 3030 ef01:             ;
 3031 ef01:             ; returns in accumulator
 3032 ef01:             ; r7=r6 00
 3033 ef01:             ; r7>r6 01
 3034 ef01:             ; r7<r6 ff
 3035 ef01:             ;
 3036 ef01:             ; destory Tmp
 3037 ef01:             ;
 3038 ef01:             parse_compare:
 3039 ef01: 2e            mvrha r6
 3040 ef02: 0b            mvat
 3041 ef03: 2f            mvrha r7
 3042 ef04: aa ef 10      brneq parse_compareh
 3043 ef07: 26            mvrla r6
 3044 ef08: 0b            mvat
 3045 ef09: 27            mvrla r7
 3046 ef0a: aa ef 19      brneq parse_comparel
 3047 ef0d: 0e 00         ldai 0
 3048 ef0f: 05            ret
 3049 ef10:             
 3050 ef10:             parse_compareh:
 3051 ef10: a7 ef 16      brlt parse_compareh1
 3052 ef13: 0e 01         ldai 1
 3053 ef15: 05            ret
 3054 ef16:             parse_compareh1:
 3055 ef16: 0e ff         ldai 0ffh
 3056 ef18: 05            ret
 3057 ef19:             
 3058 ef19:             parse_comparel:
 3059 ef19: a7 ef 1f      brlt parse_comparel1
 3060 ef1c: 0e 01         ldai 1
 3061 ef1e: 05            ret
 3062 ef1f:             parse_comparel1:
 3063 ef1f: 0e ff         ldai 0ffh
 3064 ef21: 05            ret
 3065 ef22:             
 3066 ef22: 3e 3e 00    basic_prompt: db ">>",0
 3067 ef25:             basic_interprter:
 3068 ef25:                     ;build input string
 3069 ef25:                     ;point register to BUFFER
 3070 ef25:                     ;loop fetch chars
 3071 ef25:                     ;until CR
 3072 ef25:                     ;be sure line ends with a NULL or CR
 3073 ef25:                     ;what does parse require???
 3074 ef25: 1f ef 22            MVIW R7,basic_prompt
 3075 ef28: 04 ff c0            JSR stringout
 3076 ef2b:             
 3077 ef2b: 1f 03 00            mviw r7,parse_input_line
 3078 ef2e:             
 3079 ef2e:             parse_inputloop:
 3080 ef2e: 04 ef 3e            jsr get_inputline
 3081 ef31:             
 3082 ef31: 1f 03 00            mviw r7,parse_input_line
 3083 ef34: 04 ec 4f            JSR parse_line
 3084 ef37:             
 3085 ef37: a1 ef 25            BRZ basic_interprter
 3086 ef3a: 05                  RET
 3087 ef3b:             
 3088 ef3b: 1b 03 00            mviw r3,parse_input_line
 3089 ef3e:             
 3090 ef3e:             ;
 3091 ef3e:             ; get_inputline: the 2026-10-07 version is gil_start, after CRLF below. This slot keeps the original routine's
 3092 ef3e:             ; 17 bytes, so CRLF and everything before it stay at their ROM 2026-09-23 addresses.
 3093 ef3e:             ;
 3094 ef3e:             get_inputline:
 3095 ef3e: a0 ef 52            br gil_start
 3096 ef41: 00 00 00 00 
            00 00 00 00 
            00 00 00 00 
            00 00               DB 0,0,0,0,0,0,0,0,0,0,0,0,0,0
 3097 ef4f:             
 3098 ef4f:             ;
 3099 ef4f:             ; STRINGS
 3100 ef4f:             ;
 3101 ef4f: 0a 0d 00    CRLF: DB 0ah,0dh,0
 3102 ef52:             ;
 3103 ef52:             ; get_inputline: read a line into the buffer at R7 (parse_input_line, $0300) up to and including the LF
 3104 ef52:             ; (uartin echoes each character and turns CR into LF).
 3105 ef52:             ; 2026-10-07: backspace ($08) and DEL ($7F) take back the last character (at the start of the line they
 3106 ef52:             ; do nothing) and erase it on the screen; letters outside "..." are stored in upper case, so the
 3107 ef52:             ; tokenizer (upper-case keywords and variables A-Z) takes lower case too. R6 low = 1 inside a string.
 3108 ef52:             ; The bounds are hex: the assembler upper-cases every source line, character literals included.
 3109 ef52:             ;
 3110 ef52:             gil_start:
 3111 ef52: 07 06               pushr r6
 3112 ef54: 1e 00 00            mviw r6,0
 3113 ef57:             gil_loop:
 3114 ef57: 04 ff e8            jsr uartin
 3115 ef5a: 0d 08               ldti 08h
 3116 ef5c: a8 ef 91            breq gil_bs
 3117 ef5f: 0d 7f               ldti 7fh
 3118 ef61: a8 ef 8c            breq gil_del
 3119 ef64: 4f                  stavr r7
 3120 ef65: 0d 22               ldti '"'
 3121 ef67: aa ef 71            brneq gil_nq
 3122 ef6a: 26                  mvrla r6            ; a quote: in or out of a string
 3123 ef6b: b4 01               xori 1
 3124 ef6d: 36                  mvarl r6
 3125 ef6e: a0 ef 88            br gil_next
 3126 ef71:             gil_nq:
 3127 ef71: 0d 0a               ldti 0ah  ;1 changed from 0a to 0D for new emulator code, changed back
 3128 ef73: a8 ef ad            breq gil_done
 3129 ef76: 0d 61               ldti 61h            ; 'a'
 3130 ef78: a7 ef 88            brlt gil_next
 3131 ef7b: 0d 7a               ldti 7ah            ; 'z'
 3132 ef7d: a9 ef 88            brgt gil_next
 3133 ef80: 26                  mvrla r6
 3134 ef81: a2 ef 88            brnz gil_next       ; inside a string: as typed
 3135 ef84: 47                  ldavr r7
 3136 ef85: b1 20               subi 20h
 3137 ef87: 4f                  stavr r7
 3138 ef88:             gil_next:
 3139 ef88: 57                  incr r7
 3140 ef89: a0 ef 57            br gil_loop
 3141 ef8c:             gil_del:
 3142 ef8c: 0e 08               ldai 08h            ; DEL echoed as itself: step back first
 3143 ef8e: 04 ff c8            jsr uartout
 3144 ef91:             gil_bs:
 3145 ef91: 27                  mvrla r7
 3146 ef92: a1 ef 57            brz gil_loop        ; at the start of the line: nothing to take back
 3147 ef95: 5f                  decr r7
 3148 ef96: 47                  ldavr r7
 3149 ef97: 0d 22               ldti '"'
 3150 ef99: aa ef a0            brneq gil_erase
 3151 ef9c: 26                  mvrla r6            ; took back a quote
 3152 ef9d: b4 01               xori 1
 3153 ef9f: 36                  mvarl r6
 3154 efa0:             gil_erase:
 3155 efa0: 0e 20               ldai 20h            ; blank the character, then step back onto it
 3156 efa2: 04 ff c8            jsr uartout
 3157 efa5: 0e 08               ldai 08h
 3158 efa7: 04 ff c8            jsr uartout
 3159 efaa: a0 ef 57            br gil_loop
 3160 efad:             gil_done:
 3161 efad: 57                  incr r7
 3162 efae: 08 60               popr r6
 3163 efb0: 1f ef 4f            MVIW R7,CRLF
 3164 efb3: 04 ff c0            JSR STRINGOUT
 3165 efb6: 05                  RET
 3166 efb7:             ;
 3167 efb7:             ; 2026-10-07: the new line input and the SYNTAX ERROR handler sit here, after CRLF, so every routine and string
 3168 efb7:             ; before them keeps the address it had in ROM 2026-09-23.
 3169 efb7:             ; parse_token_chk: parse_token, and on TOKENIZER_ERROR (a character no token starts with: the text pointer does
 3170 efb7:             ; not move past it, so parse_line_loop would ask for the same token forever) drop the line: discard this call's
 3171 efb7:             ; return into parse_line_loop and return from parse_line itself (its loop keeps nothing else on the stack) with
 3172 efb7:             ; SYNTAX ERROR printed and 0 in ACC, as parse_line_error does. Same size at the call as JSR parse_token.
 3173 efb7:             parse_token_chk:
 3174 efb7: 04 eb 62        JSR parse_token
 3175 efba: 0d 00           ldti TOKENIZER_ERROR
 3176 efbc: a8 ef c0        BREQ parse_line_syntax
 3177 efbf: 05              ret
 3178 efc0:             parse_line_syntax:
 3179 efc0: 08 70           popr r7                   ; the return into parse_line_loop
 3180 efc2: 1f ef d1        mviw r7,parse_syntax_error
 3181 efc5: 04 ff c0        jsr stringout
 3182 efc8: 1f ef 4f        mviw r7,CRLF
 3183 efcb: 04 ff c0        jsr stringout
 3184 efce: 0e 00           ldai 0
 3185 efd0: 05              ret
 3186 efd1: 53 59 4e 54 
            41 58 20 45 
            52 52 4f 52 
            00          parse_syntax_error: db "SYNTAX ERROR",0   ; 2026-10-07
 3187 efde:             ;
 3188 efde:             
 3189 efde:                   ORG 0EF00h
 3190 ef00:             
 3191 ef00:             basic_test:
 3192 ef00:             
 3193 ef00:             ;    DB  25h,0ah,00h,0dh,00h,04h,00h,00h,23h,02h,01h,00h,24h,25h,14h,00h
 3194 ef00:             ;    DB  0ah,00h,06h,04h,00h,00h,24h,25h,1eh,00h,11h,00h,04h,00h,00h,23h
 3195 ef00:             ;    DB  04h,00h,00h,17h,02h,01h,00h,24h,25h,28h,00h,13h,00h,07h,04h,00h
 3196 ef00:             ;    DB  00h,21h,02h,0ah,00h,08h,0dh,02h,14h,00h,24h,01h,00h,00h,00h,00h
 3197 ef00:             
 3198 ef00:             ;    DB  25h,0ah,00h,14h,00h,06h,1fh,02h,01h,00h,17h,02h,02h,00h,20h,17h
 3199 ef00:             ;    DB  02h,03h,00h,24h,25h,14h,00h,0dh,00h,04h,00h,00h,23h,02h,01h,00h
 3200 ef00:             ;    DB  24h,25h,1eh,00h,0dh,00h,04h,01h,00h,23h,02h,02h,00h,24h,25h,28h
 3201 ef00:             ;    DB  00h,0eh,00h,06h,04h,00h,00h,17h,04h,01h,00h,24h,25h,32h,00h,15h
 3202 ef00:             ;    DB  00h,04h,02h,00h,23h,04h,00h,00h,17h,04h,01h,00h,17h,02h,05h,00h
 3203 ef00:             ;    DB  24h,25h,3ch,00h,0ah,00h,06h,04h,02h,00h,24h,01h,00h,00h,00h,00h
 3204 ef00:             
 3205 ef00:             ;    DB  25h,0ah,00h,0eh,00h,06h,03h,68h,65h,6ch,6ch,6fh,00h,24h,25h,14h
 3206 ef00:             ;    DB  00h,0dh,00h,04h,02h,00h,23h,02h,09h,00h,24h,25h,1eh,00h,0ah,00h
 3207 ef00:             ;    DB  06h,04h,02h,00h,24h,25h,28h,00h,0dh,00h,04h,04h,00h,23h,02h,32h
 3208 ef00:             ;    DB  00h,24h,25h,32h,00h,17h,00h,06h,03h,68h,32h,00h,15h,04h,02h,00h
 3209 ef00:             ;    DB  15h,04h,04h,00h,15h,02h,16h,00h,24h,25h,3ch,00h,12h,00h,0ah,04h
 3210 ef00:             ;    DB  03h,00h,23h,02h,01h,00h,0bh,02h,05h,00h,24h,25h,46h,00h,0ah,00h
 3211 ef00:             ;    DB  06h,04h,03h,00h,24h,25h,50h,00h,0ah,00h,0ch,04h,03h,00h,24h,25h
 3212 ef00:             ;    DB  51h,00h,12h,00h,06h,03h,6eh,65h,78h,74h,20h,64h,6fh,6eh,65h,00h
 3213 ef00:             ;    DB  24h,25h,52h,00h,0ah,00h,0eh,02h,6eh,00h,24h,25h,55h,00h,0ah,00h
 3214 ef00:             ;    DB  0dh,02h,7dh,00h,24h,25h,5ah,0h,12h,00h,06h,03h,6eh,65h,78h,74h
 3215 ef00:             ;    DB  20h,64h,6fh,6eh,65h,00h,24h,25h,6eh,00h,11h,00h,06h,03h,69h,6eh
 3216 ef00:             ;    DB  20h,67h,6fh,73h,75h,62h,00h,24h,25h,70h,00h,11h,00h,06h,03h,69h
 3217 ef00:             ;    DB  6eh,20h,73h,75h,62h,20h,32h,00h,24h,25h,72h,00h,07h,00h,0fh,24h
 3218 ef00:             ;    DB  25h,7dh,00h,0ch,00h,06h,03h,65h,6eh,64h,00h,24h,25h,7eh,00h,07h
 3219 ef00:             ;    DB  00h,14h,24h,01h,00h,00h,00h,00h,00h,00h,00h,00h,00h,00h,00h,00h
 3220 ef00:             
 3221 ef00:             ;
 3222 ef00:             ; The End
 3223 ef00:             ;
 3224 ef00:               ORG 0EFFFh
 3225 efff:             ZZZZ:
 3226 efff: 00            DB   0

ed85h: ADDLINE_MOVEPTR  - <  2628>   2632 
ef25h: BASIC_INTERPRTER - <  3067>    191   3085 
e6cfh: BASIC_LIST       - <  1468>    153   2437 
ef22h: BASIC_PROMPT     - <  3066>   3074 
e56dh: BASIC_RUN        - <  1197>    161   2444   2451 
ef00h: BASIC_TEST       - <  3191>    207 
0100h: BASIC_VARS       - <    73>   1240   1263 
e6e8h: BASLIST1         - <  1484>   1477 
e788h: BASLIST10        - <  1594>   1588 
e797h: BASLIST11        - <  1602>   1596 
e7a6h: BASLIST12        - <  1610>   1604 
e7b5h: BASLIST13        - <  1618>   1612 
e7c4h: BASLIST14        - <  1626>   1620 
e7d3h: BASLIST15        - <  1634>   1628 
e7e2h: BASLIST16        - <  1642>   1636 
e7f1h: BASLIST17        - <  1650>   1644 
e800h: BASLIST18        - <  1658>   1652 
e80fh: BASLIST19        - <  1666>   1660 
e6f3h: BASLIST2         - <  1490>   1486 
e81eh: BASLIST20        - <  1674>   1668 
e82dh: BASLIST21        - <  1682>   1676 
e840h: BASLIST22        - <  1692>   1684 
e853h: BASLIST23        - <  1702>   1694 
e866h: BASLIST24        - <  1712>   1704 
e879h: BASLIST25        - <  1722>   1714 
e88ch: BASLIST26        - <  1732>   1724 
e89fh: BASLIST27        - <  1742>   1734 
e8b2h: BASLIST28        - <  1752>   1744 
e8c5h: BASLIST29        - <  1762>   1754 
e70ah: BASLIST3         - <  1506>   1492 
e8d8h: BASLIST30        - <  1772>   1764 
e8ebh: BASLIST31        - <  1782>   1774 
e8feh: BASLIST32        - <  1792>   1784 
e911h: BASLIST33        - <  1802>   1794 
e924h: BASLIST34        - <  1812>   1804 
e937h: BASLIST35        - <  1822>   1814 
e94ah: BASLIST36        - <  1832>   1824 
e959h: BASLIST37        - <  1840>   1834 
e972h: BASLIST38        - <  1858>   1842 
e981h: BASLIST39        - <  1866>   1860 
e726h: BASLIST4         - <  1531>   1511 
e990h: BASLIST40        - <  1874>   1868 
e99fh: BASLIST41        - <  1882>   1876 
e73dh: BASLIST5         - <  1554>   1533 
e74ch: BASLIST6         - <  1562>   1556 
e75bh: BASLIST7         - <  1570>   1564 
e76ah: BASLIST8         - <  1578>   1572 
e779h: BASLIST9         - <  1586>   1580 
e9abh: BASLIST_DONE     - <  1890>   1481   1487   1886 
e6d3h: BASLIST_LOOP     - <  1473>   1482   1488   1504   1529   1552   1560 
         1568   1576   1584   1592   1600   1608   1616   1624   1632   1640 
         1648   1656   1664   1672   1680   1690   1700   1710   1720   1730 
         1740   1750   1760   1770   1780   1790   1800   1810   1820   1830 
         1838   1856   1864   1872   1880 
e71ah: BASLIST_STRING   - <  1521>   1525 
e722h: BASLIST_STRINGEND - <  1527>   1523 
ede7h: BASU_FIND        - <  2723>    623   2678 
ee10h: BASU_FIND1       - <  2754>   2741 
ee11h: BASU_FIND2       - <  2756>   2746 
edech: BASU_FIND_LOOP   - <  2727>   2769 
edf9h: BASU_FIND_LOOP1  - <  2736>   2730 
ee1ah: BASU_FIND_MOVEPTR - <  2764>   2768 
020eh: BAS_BUFFERENDHI  - <    85>    176   2707 
e069h: BAS_COPYLOOP     - <   210>    217    219 
020ah: BAS_CURRENTTOKEN - <    83>   2175   2183   2210   2375 
e5a9h: BAS_ERROR        - <  1277>    307   1181 
0282h: BAS_FORSTACK     - <   106>    275 
0280h: BAS_FORSTACKPTR  - <   105> 
02c0h: BAS_GOSUBPTR     - <   115> 
02c2h: BAS_GOSUBSTACK   - <   116>    274 
0214h: BAS_INSERTPTR    - <    92>   2606   2644   2661 
e0a8h: BAS_MSG1         - <   248>    306 
e0c4h: BAS_MSG2         - <   249> 
e0d5h: BAS_MSG3         - <   250>   1178 
0216h: BAS_NEGFLAG      - <    93> 
0212h: BAS_NEWLINELEN   - <    91>   2574   2594   2639 
0210h: BAS_NEWLINENUM   - <    90>   2478   2592   2602 
0204h: BAS_NXTPTR       - <    80>   2052   2068   2084   2119   2137   2196 
         2237 
0200h: BAS_RUN_ENDED    - <    78>    276    642   1072   1216 
0208h: BAS_TOKCOUNTER   - <    82>   2173   2421   2497   2499   2510   2513 
         2529   2531   2538   2540   2555   2558   2573 
020ch: BAS_TOKENBUFFER  - <    84>    152    174    279   2436   2603   2725 
0206h: BAS_TOKPTR       - <    81>   2171   2541 
2000h: BAS_TOK_BUF_END  - <   133>    175   2637   2641 
1000h: BAS_TOK_BUF_START - <   129>    171    206   2458 
0202h: BAS_TXTPTR       - <    79>    993   1933   2027   2097   2169   2197 
         2208   2258   2349   2366   2391   2425   2519   2542 
e077h: BIGTEST          - <   222>    184 
ffc4h: CHAROUT          - <     7>    686   1378   1410   1430 
ef4fh: CRLF             - <  3101>    227    234    239    720   1835   2467 
         3163   3182 
e5e8h: DIVIDERS         - <  1362>   1387 
ee2ch: DIVLOOP          - <  2788>   2796 
ee3fh: DIV_DONE         - <  2797>   2791 
e119h: EXE_ACCEPT       - <   289>    330    344    353    365    371    374 
          641    656    666    730    736    765    767    772    780    783 
          785    806    836    846    891    902    920    922    933    948 
          968    976    984   1001   1003   1012   1021   1027   1029   1049 
         1055   1065   1158   1190 
e12eh: EXE_ACCEPT_DONE  - <   309>    299 
e4bch: EXE_END_STMT     - <  1071>   1151 
e1e5h: EXE_EXPR         - <   459>    372    545    561    578    595    657 
          707    768    923    934   1013   1051   1057 
e22ah: EXE_EXPR_AND     - <   503>    473 
e251h: EXE_EXPR_DONE    - <   528>    477 
e1eeh: EXE_EXPR_LOOP    - <   466>    489    501    513    525    526 
e218h: EXE_EXPR_MINUS   - <   491>    471 
e23ch: EXE_EXPR_OR      - <   515>    475 
e206h: EXE_EXPR_PLUS    - <   479>    469 
e13eh: EXE_FACTOR       - <   339>    345    354    391    406    420    434 
e16bh: EXE_FACTOR1      - <   368>    362 
e14ch: EXE_FACTOR1A     - <   349>    343 
e15dh: EXE_FACTOR1B     - <   359>    352 
e17ch: EXE_FACTOR2      - <   377>    370 
e57fh: EXE_FINISHED     - <  1213>   1201 
e590h: EXE_FINISHED_YES - <  1226>   1218   1222 
e40ch: EXE_FOR_STMT     - <   897>   1109 
e59eh: EXE_GET_VARIABLE - <  1262>    328    851 
e3a8h: EXE_GOSUB_STMT   - <   778>   1127 
e2f1h: EXE_GOTO_STMT    - <   654>   1115 
e35fh: EXE_IF_STMT      - <   728>   1091 
e378h: EXE_IF_STMT1     - <   744>    740    750 
e387h: EXE_IF_STMT2     - <   753>    748 
e2d3h: EXE_INDEX_FIND   - <   622>    632 
e107h: EXE_INIT         - <   272>   1198 
e452h: EXE_INPUT_STMT   - <   982>   1121 
e446h: EXE_INP_STMT     - <   966>   1165 
e5f2h: EXE_ITOA         - <  1364>    238    709   1501   1852 
e614h: EXE_ITOA_LOOP    - <  1389>   1403   1420   1424 
e62ch: EXE_ITOA_NEXT    - <  1405>   1398 
e64eh: EXE_ITOA_NOONES  - <  1431> 
e639h: EXE_ITOA_NOTYET  - <  1414>   1407 
e605h: EXE_ITOA_POS     - <  1380>   1368 
e2d7h: EXE_JUMP_LINE    - <   631>    658    798 
e2eeh: EXE_JUMP_LINE1   - <   646>    634    636 
e38bh: EXE_LET_STMT     - <   760>   1085   1159 
e564h: EXE_LINE_STMT    - <  1188>   1207 
e402h: EXE_NEXT_DONE    - <   885>    871 
e3d2h: EXE_NEXT_STMT    - <   825>   1097 
e5d7h: EXE_NEXT_TOK3_DONE - <  1324>   1320 
e5cfh: EXE_NEXT_TOK3_LOOP - <  1318>   1322 
e5abh: EXE_NEXT_TOKEN   - <  1286>    310    405    419    433    480    492 
          504    516    560    577    594    679    687    693    722    745 
          754 
e5b5h: EXE_NEXT_TOKEN1  - <  1295>   1289 
e5beh: EXE_NEXT_TOKEN2  - <  1303>   1297 
e5c9h: EXE_NEXT_TOKEN3  - <  1313>   1305 
e5d9h: EXE_NEXT_TOKEN4  - <  1328>   1315 
e5dbh: EXE_NUM          - <  1335>    363    781 
e44ch: EXE_OUTP_STMT    - <   974>   1171 
e479h: EXE_PEEK_STMT    - <  1010>   1139 
e4a0h: EXE_POKE_STMT    - <  1047>   1145 
e2fdh: EXE_PRINT_STMT   - <   664>   1103 
e314h: EXE_PRINT_STMT1  - <   682>    671 
e324h: EXE_PRINT_STMT2  - <   690>    684 
e32fh: EXE_PRINT_STMT3  - <   696>    692 
e341h: EXE_PRINT_STMT4  - <   706>    698    700    702 
e355h: EXE_PRINT_STMT_DONE - <   719>    704    714    716 
e302h: EXE_PRINT_STMT_LOOP - <   668>    717 
e347h: EXE_PRINT_STMT_TEST - <   711>    680    688    694 
e258h: EXE_RELATION     - <   541>    732 
e2cch: EXE_RELATION_DONE - <   609>    557 
e2b0h: EXE_RELATION_EQ  - <   593>    555 
e292h: EXE_RELATION_GT  - <   576>    553 
e261h: EXE_RELATION_LOOP - <   548>    571    574    588    591    604    607 
e274h: EXE_RELATION_LT  - <   559>    551 
e2c6h: EXE_REL_NE       - <   605>    602 
e2aah: EXE_REL_NGT      - <   589>    586 
e28ch: EXE_REL_NLT      - <   572>    569 
e3c4h: EXE_RETURN_STMT  - <   804>   1133 
e570h: EXE_RUN          - <  1200>   1208 
e579h: EXE_RUN_CONT     - <  1206>   1203 
e593h: EXE_SET_VARIABLE - <  1239>    770    854    928    998   1025 
e4c3h: EXE_STMT         - <  1080>    741   1191 
e4cdh: EXE_STMT1        - <  1088>   1084 
e51eh: EXE_STMT10       - <  1142>   1138 
e527h: EXE_STMT11       - <  1148>   1144 
e530h: EXE_STMT12       - <  1154>   1150 
e53eh: EXE_STMT13       - <  1162>   1156 
e547h: EXE_STMT14       - <  1168>   1164 
e550h: EXE_STMT15       - <  1174>   1170 
e4d6h: EXE_STMT2        - <  1094>   1090 
e4dfh: EXE_STMT3        - <  1100>   1096 
e4e8h: EXE_STMT4        - <  1106>   1102 
e4f1h: EXE_STMT5        - <  1112>   1108 
e4fah: EXE_STMT6        - <  1118>   1114 
e503h: EXE_STMT7        - <  1124>   1120 
e50ch: EXE_STMT8        - <  1130>   1126 
e515h: EXE_STMT9        - <  1136>   1132 
e0ebh: EXE_STMT_MSG     - <   251> 
e180h: EXE_TERM         - <   387>    463    481    493    505    517 
e19ch: EXE_TERM_ASTR    - <   404>    397 
e1deh: EXE_TERM_DONE    - <   446>    402 
e189h: EXE_TERM_LOOP    - <   394>    416    430    444 
e1c8h: EXE_TERM_MOD     - <   432>    401 
e1b2h: EXE_TERM_SLASH   - <   418>    399 
e132h: EXE_VARFACTOR    - <   322>    378 
e5e4h: EXE_VARIABLE_NUM - <  1350>    323    761    840    906    985   1022 
eb23h: FOUND            - <  2118>   2101 
ef3eh: GET_INPUTLINE    - <  3094>    990   3080 
ef91h: GIL_BS           - <  3144>   3116 
ef8ch: GIL_DEL          - <  3141>   3118 
efadh: GIL_DONE         - <  3160>   3128 
efa0h: GIL_ERASE        - <  3154>   3150 
ef57h: GIL_LOOP         - <  3113>   3140   3146   3159 
ef88h: GIL_NEXT         - <  3138>   3125   3130   3132   3134 
ef71h: GIL_NQ           - <  3126>   3121 
ef52h: GIL_START        - <  3110>   3095 
ee4dh: MODLOOP          - <  2815>   2823 
ee60h: MOD_DONE         - <  2824>   2818 
eb2dh: NOKEYOWRDSFOUND  - <  2126>   2098 
ea45h: PARSECHAR1       - <  1941>   1938 
ea95h: PARSECHAR10      - <  1991>   1988 
ea9dh: PARSECHAR11      - <  1996>   1993 
eaa5h: PARSECHAR12      - <  2001>   1998 
eaadh: PARSECHAR13      - <  2006>   2003 
eab5h: PARSECHAR14      - <  2011>   2008 
eabdh: PARSECHAR15      - <  2016>   2013 
ea4dh: PARSECHAR2       - <  1946>   1943 
ea55h: PARSECHAR3       - <  1951>   1948 
ea5dh: PARSECHAR4       - <  1956>   1953 
ea65h: PARSECHAR5       - <  1961>   1958 
ea6dh: PARSECHAR6       - <  1966>   1963 
ea75h: PARSECHAR7       - <  1971>   1968 
ea7dh: PARSECHAR7A      - <  1976>   1973 
ea85h: PARSECHAR8       - <  1981>   1978 
ea8dh: PARSECHAR9       - <  1986>   1983 
ee9eh: PARSE_ADD16      - <  2906>    487   2286   2699   2933 
ed4dh: PARSE_ADDLINE    - <  2591> 
ed5fh: PARSE_ADDLINE1   - <  2601>   2597 
ed65h: PARSE_ADDLINELOOP - <  2605>   2633 
ed8eh: PARSE_ADDROOM    - <  2636>   2609   2618 
ec09h: PARSE_AF         - <  2331>   2328 
eebeh: PARSE_AND16      - <  2951>    511 
e0f5h: PARSE_CMD_ERROR  - <   252>   2465 
ecafh: PARSE_CODE       - <  2472>   2430 
ef01h: PARSE_COMPARE    - <  3038>    567    584    601    869   1396   2616 
         2789   2816 
ef10h: PARSE_COMPAREH   - <  3050>   3042 
ef16h: PARSE_COMPAREH1  - <  3054>   3051 
ef19h: PARSE_COMPAREL   - <  3058>   3046 
ef1fh: PARSE_COMPAREL1  - <  3062>   3059 
ee23h: PARSE_DIV16      - <  2776>    225    427 
ec20h: PARSE_FINISHED   - <  2364>   2190   2222 
ec3bh: PARSE_FINISHED_YES - <  2381>   2368   2374   2377 
ebffh: PARSE_GETNIBBLE  - <  2324> 
eac0h: PARSE_GET_NEXT_TOK - <  2025>   2174   2209   2431 
eac5h: PARSE_GNT1       - <  2033> 
eacch: PARSE_GNT1LOOP   - <  2047>   2051 
eac6h: PARSE_GNT1_CHKPOS - <  2043> 
eadch: PARSE_GNT2       - <  2063>   2045 
eaeah: PARSE_GNT3       - <  2074>   2066 
eaf0h: PARSE_GNT3LOOP   - <  2078>   2082 
eb00h: PARSE_GNT4       - <  2089>   2077 
eb43h: PARSE_GNT_ERROR  - <  2142>   2133   2135 
eb48h: PARSE_INIT       - <  2166>   2418 
ef2eh: PARSE_INPUTLOOP  - <  3079> 
0300h: PARSE_INPUT_LINE - <   121>    988    992   3077   3082   3088 
edb3h: PARSE_INSERTLOOP - <  2664>   2670 
eef1h: PARSE_ISDIGIT    - <  3015>   2044   2050   2309   2427 
eefeh: PARSE_ISDIGIT_NO - <  3024>   3017   3019 
eed4h: PARSE_ISHEX      - <  2988> 
eee1h: PARSE_ISHEX_AF   - <  2995>   2992 
eeeeh: PARSE_ISHEX_NO   - <  3005>   2990   2997   2999 
eeebh: PARSE_ISHEX_YES  - <  3001>   2993 
e9aeh: PARSE_KEYWORDS   - <  1897>   2094 
ec4fh: PARSE_LINE       - <  2417>    198   3083 
eceeh: PARSE_LINE1      - <  2516>   2502 
ed0ah: PARSE_LINE1DONE  - <  2533>   2525 
ecf7h: PARSE_LINE1LOOP  - <  2522>   2532 
ed1fh: PARSE_LINE2      - <  2545>   2518 
ed38h: PARSE_LINE_DONE  - <  2561>   2493 
eca0h: PARSE_LINE_ERROR - <  2464>   2457 
ec7ch: PARSE_LINE_EXIT  - <  2441>   2435 
ec6eh: PARSE_LINE_LIST  - <  2433> 
ecc1h: PARSE_LINE_LOOP  - <  2489>   2514   2543   2547   2559 
ec92h: PARSE_LINE_NEW   - <  2455>   2450 
ec87h: PARSE_LINE_RUN   - <  2448>   2443 
efc0h: PARSE_LINE_SYNTAX - <  3178>   3176 
ee44h: PARSE_MOD16      - <  2807>    232    441 
ee63h: PARSE_MUL16      - <  2835>    413   2281 
ee90h: PARSE_MULADD16   - <  2886>   2848 
ee6bh: PARSE_MULLOOP    - <  2842>   2882 
ee74h: PARSE_MULSKIP    - <  2850>   2847 
eeb6h: PARSE_NEG        - <  2938>    355 
eb66h: PARSE_NEXT       - <  2189>   2238   2490 
eb6dh: PARSE_NEXT1      - <  2194>   2191 
eb75h: PARSE_NEXT1LOOP  - <  2199>   2204 
eb7fh: PARSE_NEXT2      - <  2207>   2202 
eb90h: PARSE_NEXT3      - <  2221>   2213   2228 
eba0h: PARSE_NEXTDONE   - <  2230>   2223   2226 
eba7h: PARSE_NEXTDONE2  - <  2236>   2233 
ebb0h: PARSE_NUM        - <  2252>    996   2477   2503 
ebf0h: PARSE_NUM_CHAR   - <  2307>   2269   2273 
ebfah: PARSE_NUM_CHAR1  - <  2313>   2310 
ebe4h: PARSE_NUM_DONE   - <  2291>   2277 
ebe7h: PARSE_NUM_DONE1  - <  2298> 
ebc6h: PARSE_NUM_LOOP   - <  2272>   2289 
ebc2h: PARSE_NUM_POS    - <  2268> 
eec9h: PARSE_OR16       - <  2967>    523 
ec4fh: PARSE_POS        - <  2404> 
edbfh: PARSE_REMOVELINE - <  2677>   2593 
edcbh: PARSE_REMOVELINE1 - <  2684>   2680   2682 
eddch: PARSE_REMOVELOOP - <  2700>   2709 
ed9dh: PARSE_ROOMLOOP   - <  2645>   2654   2659 
ea35h: PARSE_SINGLECHAR - <  1930>   2065 
ec11h: PARSE_STRING     - <  2341> 
ec1ah: PARSE_STRING1    - <  2347>   2344 
eeach: PARSE_SUB16      - <  2925>    499   1401   2640   2793   2820 
efd1h: PARSE_SYNTAX_ERROR - <  3186>   3180 
eb62h: PARSE_TOKEN      - <  2182>   2342   3174 
0400h: PARSE_TOKEN_BUFFER - <   125>   2170   2422   2569   2662 
efb7h: PARSE_TOKEN_CHK  - <  3173>   2491 
ec40h: PARSE_VARIABLE_NUM - <  2389>   2548 
eb0ch: PCMPLOOP         - <  2099>   2107 
ffcch: SHOWADDR         - <     9>   1480   1885 
ffd8h: SHOWBYTE         - <    12> 
ffe0h: SHOWBYTEA        - <    14>    303   1175 
ffe4h: SHOWCARRY        - <    15> 
ffd4h: SHOWR7           - <    11> 
ffdch: SHOWREGS         - <    13>    226    233   1180 
eb1ah: SKIPLOOP         - <  2111>   2114 
eb1ah: SKIPTOEND        - <  2109>   2104 
ffc0h: STRINGOUT        - <     6>    228    235    240    678    721   1179 
         1479   1514   1558   1566   1574   1582   1590   1598   1606   1614 
         1622   1630   1638   1646   1654   1662   1670   1678   1836   1862 
         1870   1878   1884   2466   2468   3075   3164   3181   3183   3183 
0019h: TOKENIZER_AND    - <    46>    472   1723   1964 
001bh: TOKENIZER_ASTR   - <    48>    396   1743   1974 
0010h: TOKENIZER_CALL   - <    37>   1643   1909 
0015h: TOKENIZER_COMMA  - <    42>    683   1020   1054   1683   1944 
0024h: TOKENIZER_CR     - <    57>    640    713    747    771    784    890 
          947   1002   1028   1064   1833   1939   2492   2562 
0009h: TOKENIZER_ELSE   - <    30>   1587   1902 
0014h: TOKENIZER_END    - <    41>   1149   1675   1913 
0001h: TOKENIZER_EOF    - <    22>    172    715    749   1221   1485   2373 
         2376   2459   2608   2729 
0023h: TOKENIZER_EQ     - <    56>    554    766    921   1823   2014 
0000h: TOKENIZER_ERROR  - <    21>   1476   1921   2144   3175 
0029h: TOKENIZER_EXIT   - <    62>   1917   2442 
000ah: TOKENIZER_FOR    - <    31>    901   1107   1595   1903 
000eh: TOKENIZER_GOSUB  - <    35>    779   1125   1627   1907 
000dh: TOKENIZER_GOTO   - <    34>    655   1113   1619   1906 
0022h: TOKENIZER_GT     - <    55>    552   1813   2009 
001eh: TOKENIZER_HASH   - <    51>   1773   1994 
0007h: TOKENIZER_IF     - <    28>    729   1089   1571   1900 
002bh: TOKENIZER_INP    - <    64>    967   1163   1867   1919 
002ah: TOKENIZER_INPUT  - <    63>    983   1119   1859   1918 
001fh: TOKENIZER_LEFTP  - <    52>    369    701   1783   1989 
0005h: TOKENIZER_LET    - <    26>   1155   1157   1555   1898 
0025h: TOKENIZER_LINENUM - <    58>   1189   1304   1841   2473 
0026h: TOKENIZER_LIST   - <    59>   1914   2434 
0021h: TOKENIZER_LT     - <    54>    550   1803   2004 
0018h: TOKENIZER_MINUS  - <    45>    351    470   1713   1959 
001dh: TOKENIZER_MOD    - <    50>    400   1763   1984 
0028h: TOKENIZER_NEW    - <    61>   1916   2456 
000ch: TOKENIZER_NEXT   - <    33>    835   1095   1611   1905 
0002h: TOKENIZER_NUMBER - <    23>    361    699    782   1288   1491   2053 
         2501 
001ah: TOKENIZER_OR     - <    47>    474   1733   1969 
002ch: TOKENIZER_OUTP   - <    65>    975   1169   1875   1920 
0012h: TOKENIZER_PEEK   - <    39>   1011   1137   1659   1911 
0017h: TOKENIZER_PLUS   - <    44>    342    468   1703   1954 
0013h: TOKENIZER_POKE   - <    40>   1048   1143   1667   1912 
0006h: TOKENIZER_PRINT  - <    27>    665   1101   1563   1899 
0011h: TOKENIZER_REM    - <    38>   1651   1910   2212 
000fh: TOKENIZER_RETURN - <    36>    805   1131   1635   1908 
0020h: TOKENIZER_RIGHTP - <    53>    373   1793   1999 
0027h: TOKENIZER_RUN    - <    60>   1915   2449 
0016h: TOKENIZER_SEMICOLON - <    43>    691   1693   1949 
001ch: TOKENIZER_SLASH  - <    49>    398   1753   1979 
0003h: TOKENIZER_STRING - <    24>    670   1314   1510   2085   2343   2517 
0008h: TOKENIZER_THEN   - <    29>    735   1579   1901 
000bh: TOKENIZER_TO     - <    32>    932   1603   1904 
0004h: TOKENIZER_VARIABLE - <    25>    329    697    764    845    919   1000 
         1026   1083   1296   1532   2138   2546 
e6ach: TOKL_CALL        - <  1461>   1645 
e66ch: TOKL_ELSE        - <  1450>   1589 
e6a7h: TOKL_END         - <  1460>   1677 
e6c4h: TOKL_ERROR       - <  1465>   1478   1883 
e672h: TOKL_FOR         - <  1451>   1597 
e687h: TOKL_GOSUB       - <  1455>   1629 
e681h: TOKL_GOTO        - <  1454>   1621 
e662h: TOKL_IF          - <  1448>   1573 
e6b9h: TOKL_INP         - <  1463>   1869 
e6b2h: TOKL_INPUT       - <  1462>   1861 
e656h: TOKL_LET         - <  1446>   1557 
e67bh: TOKL_NEXT        - <  1453>   1613 
e6beh: TOKL_OUTP        - <  1464>   1877 
e69bh: TOKL_PEEK        - <  1458>   1661 
e6a1h: TOKL_POKE        - <  1459>   1669 
e65bh: TOKL_PRINT       - <  1447>   1565 
e696h: TOKL_REM         - <  1457>   1653 
e68eh: TOKL_RETURN      - <  1456>   1637 
e666h: TOKL_THEN        - <  1449>   1581 
e677h: TOKL_TO          - <  1452>   1605 
eb05h: TOP              - <  2095>   2116 
ffd0h: TOUPPER          - <    10>   2332 
ffe8h: UARTIN           - <    16>   3114 
ffc8h: UARTOUT          - <     8>    305   1177   1503   1516   1540   1551 
         1686   1688   1696   1698   1706   1708   1716   1718   1726   1728 
         1736   1738   1746   1748   1756   1758   1766   1768   1776   1778 
         1786   1788   1796   1798   1806   1808   1816   1818   1826   1828 
         1855   3143   3156   3158 
efffh: ZZZZ             - <  3225> 

3226 Lines assembled
0 Errors
379 Labels
Object Code:4006 bytes

